base,category,entry_id,ext,filename,group,key,module_id,relative_dir,relative_path,remote_status,resource_type,source_name,url
202604p,官方月历壁纸,684,.png,202604p.png,2026,calendar|684||4月|https://act-upload.mihoyo.com/nap-obc-indep/2026/04/01/73751405/69bf29c2f7e1a34d69e63a8db1c335d5_3786935375926396364.png,,官方月历壁纸\2026,官方月历壁纸\2026\202604p.png,unchanged,calendar,4月,https://act-upload.mihoyo.com/nap-obc-indep/2026/04/01/73751405/69bf29c2f7e1a34d69e63a8db1c335d5_3786935375926396364.png
202603p,官方月历壁纸,684,.jpg,202603p.jpg,2026,calendar|684||3月|https://act-upload.mihoyo.com/nap-obc-indep/2026/03/01/73751405/f10bb2b9ffaa1e68ded8ca9b1b9c362e_5825330420662422667.jpg,,官方月历壁纸\2026,官方月历壁纸\2026\202603p.jpg,unchanged,calendar,3月,https://act-upload.mihoyo.com/nap-obc-indep/2026/03/01/73751405/f10bb2b9ffaa1e68ded8ca9b1b9c362e_5825330420662422667.jpg
202602p,官方月历壁纸,684,.png,202602p.png,2026,calendar|684||2月|https://act-upload.mihoyo.com/nap-obc-indep/2026/02/01/73751405/77c4184a439588ffbbbb11824cb20e50_5175148530752690874.png,,官方月历壁纸\2026,官方月历壁纸\2026\202602p.png,unchanged,calendar,2月,https://act-upload.mihoyo.com/nap-obc-indep/2026/02/01/73751405/77c4184a439588ffbbbb11824cb20e50_5175148530752690874.png
202601p,官方月历壁纸,684,.png,202601p.png,2026,calendar|684||1月|https://act-upload.mihoyo.com/nap-obc-indep/2026/01/01/73751405/e42dc31b0ac8475622288c7c0126850a_1646309056544715237.png,,官方月历壁纸\2026,官方月历壁纸\2026\202601p.png,unchanged,calendar,1月,https://act-upload.mihoyo.com/nap-obc-indep/2026/01/01/73751405/e42dc31b0ac8475622288c7c0126850a_1646309056544715237.png
202604m,官方月历壁纸,684,.png,202604m.png,2026,calendar|684||4月|https://act-upload.mihoyo.com/nap-obc-indep/2026/04/01/73751405/1ec306b47ce206415a0a05f06d87020b_5650455531823936272.png,,官方月历壁纸\2026,官方月历壁纸\2026\202604m.png,unchanged,calendar,4月,https://act-upload.mihoyo.com/nap-obc-indep/2026/04/01/73751405/1ec306b47ce206415a0a05f06d87020b_5650455531823936272.png
202603m,官方月历壁纸,684,.jpg,202603m.jpg,2026,calendar|684||3月|https://act-upload.mihoyo.com/nap-obc-indep/2026/03/01/73751405/b2d96dec949e8e2220fdb3f2fa250ac9_4527888947764128642.jpg,,官方月历壁纸\2026,官方月历壁纸\2026\202603m.jpg,unchanged,calendar,3月,https://act-upload.mihoyo.com/nap-obc-indep/2026/03/01/73751405/b2d96dec949e8e2220fdb3f2fa250ac9_4527888947764128642.jpg
202602m,官方月历壁纸,684,.png,202602m.png,2026,calendar|684||2月|https://act-upload.mihoyo.com/nap-obc-indep/2026/02/01/73751405/b8c73edd954303275c9eaafb70ed6175_5180481080833487410.png,,官方月历壁纸\2026,官方月历壁纸\2026\202602m.png,unchanged,calendar,2月,https://act-upload.mihoyo.com/nap-obc-indep/2026/02/01/73751405/b8c73edd954303275c9eaafb70ed6175_5180481080833487410.png
202601m,官方月历壁纸,684,.png,202601m.png,2026,calendar|684||1月|https://act-upload.mihoyo.com/nap-obc-indep/2026/01/01/73751405/aa68e89cb7a3fc7efd37d27cd9b6c242_2691048499305745475.png,,官方月历壁纸\2026,官方月历壁纸\2026\202601m.png,unchanged,calendar,1月,https://act-upload.mihoyo.com/nap-obc-indep/2026/01/01/73751405/aa68e89cb7a3fc7efd37d27cd9b6c242_2691048499305745475.png
202512p,官方月历壁纸,684,.jpg,202512p.jpg,2025,calendar|684||12月|https://act-upload.mihoyo.com/nap-obc-indep/2025/12/01/73751405/1a556c84769ae60649af2b27ed728bab_4410663657696349435.jpg,,官方月历壁纸\2025,官方月历壁纸\2025\202512p.jpg,unchanged,calendar,12月,https://act-upload.mihoyo.com/nap-obc-indep/2025/12/01/73751405/1a556c84769ae60649af2b27ed728bab_4410663657696349435.jpg
202511p,官方月历壁纸,684,.png,202511p.png,2025,calendar|684||11月|https://act-upload.mihoyo.com/nap-obc-indep/2025/11/01/79697369/3d7f54251e1419ab247f747bfa97d952_4664855485806398810.png,,官方月历壁纸\2025,官方月历壁纸\2025\202511p.png,unchanged,calendar,11月,https://act-upload.mihoyo.com/nap-obc-indep/2025/11/01/79697369/3d7f54251e1419ab247f747bfa97d952_4664855485806398810.png
202510p,官方月历壁纸,684,.jpg,202510p.jpg,2025,calendar|684||10月|https://act-upload.mihoyo.com/nap-obc-indep/2025/10/01/73751405/1a823a0a52f090a7eaeea687f41e172b_6504333843446310734.jpg,,官方月历壁纸\2025,官方月历壁纸\2025\202510p.jpg,unchanged,calendar,10月,https://act-upload.mihoyo.com/nap-obc-indep/2025/10/01/73751405/1a823a0a52f090a7eaeea687f41e172b_6504333843446310734.jpg
202509p,官方月历壁纸,684,.jpg,202509p.jpg,2025,calendar|684||9月|https://act-upload.mihoyo.com/nap-obc-indep/2025/09/01/73751405/2d43adccb61164fdcc9d3261197ce8ce_5562274476505066635.jpg,,官方月历壁纸\2025,官方月历壁纸\2025\202509p.jpg,unchanged,calendar,9月,https://act-upload.mihoyo.com/nap-obc-indep/2025/09/01/73751405/2d43adccb61164fdcc9d3261197ce8ce_5562274476505066635.jpg
202508p,官方月历壁纸,684,.jpg,202508p.jpg,2025,calendar|684||8月|https://act-upload.mihoyo.com/nap-obc-indep/2025/08/01/73751405/52951c80345282a30a6bf798244362b1_4657156669335821514.jpg,,官方月历壁纸\2025,官方月历壁纸\2025\202508p.jpg,unchanged,calendar,8月,https://act-upload.mihoyo.com/nap-obc-indep/2025/08/01/73751405/52951c80345282a30a6bf798244362b1_4657156669335821514.jpg
202507p,官方月历壁纸,684,.png,202507p.png,2025,calendar|684||7月|https://act-upload.mihoyo.com/nap-obc-indep/2025/07/01/79697369/f738ae8d5b95d7391868f5806e78ef71_2832851355148733592.png,,官方月历壁纸\2025,官方月历壁纸\2025\202507p.png,unchanged,calendar,7月,https://act-upload.mihoyo.com/nap-obc-indep/2025/07/01/79697369/f738ae8d5b95d7391868f5806e78ef71_2832851355148733592.png
202506p,官方月历壁纸,684,.png,202506p.png,2025,calendar|684||6月|https://act-upload.mihoyo.com/nap-obc-indep/2025/06/01/79697369/54e65592ff4d82771477ff699be9acc1_4135119720228071832.png,,官方月历壁纸\2025,官方月历壁纸\2025\202506p.png,unchanged,calendar,6月,https://act-upload.mihoyo.com/nap-obc-indep/2025/06/01/79697369/54e65592ff4d82771477ff699be9acc1_4135119720228071832.png
202505p,官方月历壁纸,684,.jpg,202505p.jpg,2025,calendar|684||5月|https://act-upload.mihoyo.com/nap-obc-indep/2025/05/01/73751405/1ed0bbbd068acee20d16f5011ab3f34a_4635563505786473898.jpg,,官方月历壁纸\2025,官方月历壁纸\2025\202505p.jpg,unchanged,calendar,5月,https://act-upload.mihoyo.com/nap-obc-indep/2025/05/01/73751405/1ed0bbbd068acee20d16f5011ab3f34a_4635563505786473898.jpg
202504p,官方月历壁纸,684,.png,202504p.png,2025,calendar|684||4月|https://act-upload.mihoyo.com/nap-obc-indep/2025/04/01/73751405/8d4232d29b8113400cdba10e9726cb9b_8568404723520237550.png,,官方月历壁纸\2025,官方月历壁纸\2025\202504p.png,unchanged,calendar,4月,https://act-upload.mihoyo.com/nap-obc-indep/2025/04/01/73751405/8d4232d29b8113400cdba10e9726cb9b_8568404723520237550.png
202503p,官方月历壁纸,684,.jpg,202503p.jpg,2025,calendar|684||3月|https://act-upload.mihoyo.com/nap-obc-indep/2025/03/01/73751405/a7a70e2753d6c3656b1dcf93785fbf3c_1545808228045686698.jpg,,官方月历壁纸\2025,官方月历壁纸\2025\202503p.jpg,unchanged,calendar,3月,https://act-upload.mihoyo.com/nap-obc-indep/2025/03/01/73751405/a7a70e2753d6c3656b1dcf93785fbf3c_1545808228045686698.jpg
202502p,官方月历壁纸,684,.png,202502p.png,2025,calendar|684||2月|https://act-upload.mihoyo.com/nap-obc-indep/2025/02/01/73751405/8865dc4699cceace5f1df02631f56904_6822802290146021232.png,,官方月历壁纸\2025,官方月历壁纸\2025\202502p.png,unchanged,calendar,2月,https://act-upload.mihoyo.com/nap-obc-indep/2025/02/01/73751405/8865dc4699cceace5f1df02631f56904_6822802290146021232.png
202501p,官方月历壁纸,684,.jpg,202501p.jpg,2025,calendar|684||1月|https://act-upload.mihoyo.com/nap-obc-indep/2025/02/01/73751405/e8ca8231dcae36f2c794a4701ca73d79_4414397102889164684.jpg,,官方月历壁纸\2025,官方月历壁纸\2025\202501p.jpg,unchanged,calendar,1月,https://act-upload.mihoyo.com/nap-obc-indep/2025/02/01/73751405/e8ca8231dcae36f2c794a4701ca73d79_4414397102889164684.jpg
202512m,官方月历壁纸,684,.jpg,202512m.jpg,2025,calendar|684||12月|https://act-upload.mihoyo.com/nap-obc-indep/2025/12/01/73751405/5bf396a348fbea37a415bada100a8f67_1798810543805138309.jpg,,官方月历壁纸\2025,官方月历壁纸\2025\202512m.jpg,unchanged,calendar,12月,https://act-upload.mihoyo.com/nap-obc-indep/2025/12/01/73751405/5bf396a348fbea37a415bada100a8f67_1798810543805138309.jpg
202511m,官方月历壁纸,684,.png,202511m.png,2025,calendar|684||11月|https://act-upload.mihoyo.com/nap-obc-indep/2025/11/01/79697369/d4ea2cb41730bf83bbdd53956f98e792_3515303335390191187.png,,官方月历壁纸\2025,官方月历壁纸\2025\202511m.png,unchanged,calendar,11月,https://act-upload.mihoyo.com/nap-obc-indep/2025/11/01/79697369/d4ea2cb41730bf83bbdd53956f98e792_3515303335390191187.png
202510m,官方月历壁纸,684,.jpg,202510m.jpg,2025,calendar|684||10月|https://act-upload.mihoyo.com/nap-obc-indep/2025/10/01/73751405/864f8e4d5003c27bfa8a7c43d2bf77dd_4319125513804238796.jpg,,官方月历壁纸\2025,官方月历壁纸\2025\202510m.jpg,unchanged,calendar,10月,https://act-upload.mihoyo.com/nap-obc-indep/2025/10/01/73751405/864f8e4d5003c27bfa8a7c43d2bf77dd_4319125513804238796.jpg
202509m,官方月历壁纸,684,.jpg,202509m.jpg,2025,calendar|684||9月|https://act-upload.mihoyo.com/nap-obc-indep/2025/09/01/73751405/282032cc00c2947b8cc7122bff5c5cee_762710801782762408.jpg,,官方月历壁纸\2025,官方月历壁纸\2025\202509m.jpg,unchanged,calendar,9月,https://act-upload.mihoyo.com/nap-obc-indep/2025/09/01/73751405/282032cc00c2947b8cc7122bff5c5cee_762710801782762408.jpg
202508m,官方月历壁纸,684,.jpg,202508m.jpg,2025,calendar|684||8月|https://act-upload.mihoyo.com/nap-obc-indep/2025/08/01/73751405/6b5e61a5e01f2988c64011d36e207cc4_894460243200905264.jpg,,官方月历壁纸\2025,官方月历壁纸\2025\202508m.jpg,unchanged,calendar,8月,https://act-upload.mihoyo.com/nap-obc-indep/2025/08/01/73751405/6b5e61a5e01f2988c64011d36e207cc4_894460243200905264.jpg
202507m,官方月历壁纸,684,.png,202507m.png,2025,calendar|684||7月|https://act-upload.mihoyo.com/nap-obc-indep/2025/07/01/79697369/62f77a29a0f7bda14d7e1ebc15a0860d_8457709274213106849.png,,官方月历壁纸\2025,官方月历壁纸\2025\202507m.png,unchanged,calendar,7月,https://act-upload.mihoyo.com/nap-obc-indep/2025/07/01/79697369/62f77a29a0f7bda14d7e1ebc15a0860d_8457709274213106849.png
202506m,官方月历壁纸,684,.png,202506m.png,2025,calendar|684||6月|https://act-upload.mihoyo.com/nap-obc-indep/2025/06/01/79697369/047058a8f6b5ed8cf25e3d85173f38f6_1483694073516861946.png,,官方月历壁纸\2025,官方月历壁纸\2025\202506m.png,unchanged,calendar,6月,https://act-upload.mihoyo.com/nap-obc-indep/2025/06/01/79697369/047058a8f6b5ed8cf25e3d85173f38f6_1483694073516861946.png
202505m,官方月历壁纸,684,.jpg,202505m.jpg,2025,calendar|684||5月|https://act-upload.mihoyo.com/nap-obc-indep/2025/05/01/73751405/d1e4f1974b1201c6f1f5e735760fc85f_1420114179115547619.jpg,,官方月历壁纸\2025,官方月历壁纸\2025\202505m.jpg,unchanged,calendar,5月,https://act-upload.mihoyo.com/nap-obc-indep/2025/05/01/73751405/d1e4f1974b1201c6f1f5e735760fc85f_1420114179115547619.jpg
202504m,官方月历壁纸,684,.png,202504m.png,2025,calendar|684||4月|https://act-upload.mihoyo.com/nap-obc-indep/2025/04/01/73751405/fd5dc672f517852491020169a6b5e883_1029706282781383819.png,,官方月历壁纸\2025,官方月历壁纸\2025\202504m.png,unchanged,calendar,4月,https://act-upload.mihoyo.com/nap-obc-indep/2025/04/01/73751405/fd5dc672f517852491020169a6b5e883_1029706282781383819.png
202503m,官方月历壁纸,684,.jpg,202503m.jpg,2025,calendar|684||3月|https://act-upload.mihoyo.com/nap-obc-indep/2025/03/01/73751405/66754e4d8ca2391c750c9a401720affb_2972469280768605019.jpg,,官方月历壁纸\2025,官方月历壁纸\2025\202503m.jpg,unchanged,calendar,3月,https://act-upload.mihoyo.com/nap-obc-indep/2025/03/01/73751405/66754e4d8ca2391c750c9a401720affb_2972469280768605019.jpg
202502m,官方月历壁纸,684,.png,202502m.png,2025,calendar|684||2月|https://act-upload.mihoyo.com/nap-obc-indep/2025/02/01/73751405/9d9e6a8d7c1a2d19b68cb6831f715a84_6919285124283665225.png,,官方月历壁纸\2025,官方月历壁纸\2025\202502m.png,unchanged,calendar,2月,https://act-upload.mihoyo.com/nap-obc-indep/2025/02/01/73751405/9d9e6a8d7c1a2d19b68cb6831f715a84_6919285124283665225.png
202501m,官方月历壁纸,684,.jpg,202501m.jpg,2025,calendar|684||1月|https://act-upload.mihoyo.com/nap-obc-indep/2025/01/01/73751405/14a28d1a863dcc4e17a80ea81d5e557f_486891852512033226.jpg,,官方月历壁纸\2025,官方月历壁纸\2025\202501m.jpg,unchanged,calendar,1月,https://act-upload.mihoyo.com/nap-obc-indep/2025/01/01/73751405/14a28d1a863dcc4e17a80ea81d5e557f_486891852512033226.jpg
202412p,官方月历壁纸,684,.jpg,202412p.jpg,2024,calendar|684||12月|https://act-upload.mihoyo.com/nap-obc-indep/2025/01/01/73751405/04486e6df0421bc836c0437875a6ef47_5119774491873408828.jpg,,官方月历壁纸\2024,官方月历壁纸\2024\202412p.jpg,unchanged,calendar,12月,https://act-upload.mihoyo.com/nap-obc-indep/2025/01/01/73751405/04486e6df0421bc836c0437875a6ef47_5119774491873408828.jpg
202411p,官方月历壁纸,684,.png,202411p.png,2024,calendar|684||11月|https://act-upload.mihoyo.com/nap-obc-indep/2025/01/01/73751405/b92360d4aaea6aa7c47e434ae6f30eb1_3054090202865033868.png,,官方月历壁纸\2024,官方月历壁纸\2024\202411p.png,unchanged,calendar,11月,https://act-upload.mihoyo.com/nap-obc-indep/2025/01/01/73751405/b92360d4aaea6aa7c47e434ae6f30eb1_3054090202865033868.png
202410p,官方月历壁纸,684,.jpg,202410p.jpg,2024,calendar|684||10月|https://act-upload.mihoyo.com/nap-obc-indep/2025/01/01/73751405/091d61f3275c5dcaa2985e3b5b824790_8699762866384802565.jpg,,官方月历壁纸\2024,官方月历壁纸\2024\202410p.jpg,unchanged,calendar,10月,https://act-upload.mihoyo.com/nap-obc-indep/2025/01/01/73751405/091d61f3275c5dcaa2985e3b5b824790_8699762866384802565.jpg
202409p,官方月历壁纸,684,.jpg,202409p.jpg,2024,calendar|684||9月|https://act-upload.mihoyo.com/nap-obc-indep/2025/01/01/73751405/cce4b9be6426d58dce358bc4bb31cccb_5435758490261818769.jpg,,官方月历壁纸\2024,官方月历壁纸\2024\202409p.jpg,unchanged,calendar,9月,https://act-upload.mihoyo.com/nap-obc-indep/2025/01/01/73751405/cce4b9be6426d58dce358bc4bb31cccb_5435758490261818769.jpg
202408p,官方月历壁纸,684,.jpeg,202408p.jpeg,2024,calendar|684||8月|https://act-upload.mihoyo.com/nap-obc-indep/2025/01/01/73751405/6c4b082b79453b9ba78e74ae4f26e269_7974582740153130392.jpeg,,官方月历壁纸\2024,官方月历壁纸\2024\202408p.jpeg,unchanged,calendar,8月,https://act-upload.mihoyo.com/nap-obc-indep/2025/01/01/73751405/6c4b082b79453b9ba78e74ae4f26e269_7974582740153130392.jpeg
202407p,官方月历壁纸,684,.jpeg,202407p.jpeg,2024,calendar|684||7月|https://act-upload.mihoyo.com/nap-obc-indep/2025/01/01/73751405/7afb7fbe62d3ede1be307b9202d67a9a_7091611202576216566.jpeg,,官方月历壁纸\2024,官方月历壁纸\2024\202407p.jpeg,unchanged,calendar,7月,https://act-upload.mihoyo.com/nap-obc-indep/2025/01/01/73751405/7afb7fbe62d3ede1be307b9202d67a9a_7091611202576216566.jpeg
202406p,官方月历壁纸,684,.jpeg,202406p.jpeg,2024,calendar|684||6月|https://act-upload.mihoyo.com/nap-obc-indep/2025/01/01/73751405/d3bebee324b3cca60b19203e6677e9f6_5102823598718405393.jpeg,,官方月历壁纸\2024,官方月历壁纸\2024\202406p.jpeg,unchanged,calendar,6月,https://act-upload.mihoyo.com/nap-obc-indep/2025/01/01/73751405/d3bebee324b3cca60b19203e6677e9f6_5102823598718405393.jpeg
202405p,官方月历壁纸,684,.jpeg,202405p.jpeg,2024,calendar|684||5月|https://act-upload.mihoyo.com/nap-obc-indep/2025/01/01/73751405/f87665a6e033547284460458fe32edae_2847612943588544489.jpeg,,官方月历壁纸\2024,官方月历壁纸\2024\202405p.jpeg,unchanged,calendar,5月,https://act-upload.mihoyo.com/nap-obc-indep/2025/01/01/73751405/f87665a6e033547284460458fe32edae_2847612943588544489.jpeg
202404p,官方月历壁纸,684,.png,202404p.png,2024,calendar|684||4月|https://act-upload.mihoyo.com/nap-obc-indep/2025/01/01/73751405/1b01b1950d3be0a8f6185d73bb8e3fa8_459144762519292818.png,,官方月历壁纸\2024,官方月历壁纸\2024\202404p.png,unchanged,calendar,4月,https://act-upload.mihoyo.com/nap-obc-indep/2025/01/01/73751405/1b01b1950d3be0a8f6185d73bb8e3fa8_459144762519292818.png
202403p,官方月历壁纸,684,.jpeg,202403p.jpeg,2024,calendar|684||3月|https://act-upload.mihoyo.com/nap-obc-indep/2025/01/01/73751405/7a42b1285c0efb087f684b939f310571_4011437385758642376.jpeg,,官方月历壁纸\2024,官方月历壁纸\2024\202403p.jpeg,unchanged,calendar,3月,https://act-upload.mihoyo.com/nap-obc-indep/2025/01/01/73751405/7a42b1285c0efb087f684b939f310571_4011437385758642376.jpeg
202402p,官方月历壁纸,684,.jpeg,202402p.jpeg,2024,calendar|684||2月|https://act-upload.mihoyo.com/nap-obc-indep/2025/01/01/73751405/71d97aadba807fa79bb7e068e2da9c42_3899174752807317858.jpeg,,官方月历壁纸\2024,官方月历壁纸\2024\202402p.jpeg,unchanged,calendar,2月,https://act-upload.mihoyo.com/nap-obc-indep/2025/01/01/73751405/71d97aadba807fa79bb7e068e2da9c42_3899174752807317858.jpeg
202401p,官方月历壁纸,684,.jpeg,202401p.jpeg,2024,calendar|684||1月|https://act-upload.mihoyo.com/nap-obc-indep/2025/01/01/73751405/29c6f13d7329f504a210c750f3cab6dd_4999156686671945844.jpeg,,官方月历壁纸\2024,官方月历壁纸\2024\202401p.jpeg,unchanged,calendar,1月,https://act-upload.mihoyo.com/nap-obc-indep/2025/01/01/73751405/29c6f13d7329f504a210c750f3cab6dd_4999156686671945844.jpeg
202412m,官方月历壁纸,684,.jpg,202412m.jpg,2024,calendar|684||12月|https://act-upload.mihoyo.com/nap-obc-indep/2024/12/01/73751405/db96470e3c9e4f09a3f982d0fb6a6fcc_429048311292423364.jpg,,官方月历壁纸\2024,官方月历壁纸\2024\202412m.jpg,unchanged,calendar,12月,https://act-upload.mihoyo.com/nap-obc-indep/2024/12/01/73751405/db96470e3c9e4f09a3f982d0fb6a6fcc_429048311292423364.jpg
202411m,官方月历壁纸,684,.png,202411m.png,2024,calendar|684||11月|https://act-upload.mihoyo.com/nap-obc-indep/2024/11/01/158441880/112c40b32aa00463fd14b88a83733d2a_2966466427937687430.png,,官方月历壁纸\2024,官方月历壁纸\2024\202411m.png,unchanged,calendar,11月,https://act-upload.mihoyo.com/nap-obc-indep/2024/11/01/158441880/112c40b32aa00463fd14b88a83733d2a_2966466427937687430.png
202410m,官方月历壁纸,684,.jpg,202410m.jpg,2024,calendar|684||10月|https://act-upload.mihoyo.com/nap-obc-indep/2024/10/02/73751405/3713ba8466916a72b5400c2aad1ebefc_3964148295162248887.jpg,,官方月历壁纸\2024,官方月历壁纸\2024\202410m.jpg,unchanged,calendar,10月,https://act-upload.mihoyo.com/nap-obc-indep/2024/10/02/73751405/3713ba8466916a72b5400c2aad1ebefc_3964148295162248887.jpg
202409m,官方月历壁纸,684,.jpg,202409m.jpg,2024,calendar|684||9月|https://act-upload.mihoyo.com/nap-obc-indep/2024/09/01/15559334/940fd2ba0e2decdd35c2bfd9a5bae714_5992602473585486433.jpg,,官方月历壁纸\2024,官方月历壁纸\2024\202409m.jpg,unchanged,calendar,9月,https://act-upload.mihoyo.com/nap-obc-indep/2024/09/01/15559334/940fd2ba0e2decdd35c2bfd9a5bae714_5992602473585486433.jpg
202408m,官方月历壁纸,684,.jpeg,202408m.jpeg,2024,calendar|684||8月|https://act-upload.mihoyo.com/nap-obc-indep/2024/08/05/15559334/424b612d240c0a6c749f53278c091ed8_8980369117774227731.jpeg,,官方月历壁纸\2024,官方月历壁纸\2024\202408m.jpeg,unchanged,calendar,8月,https://act-upload.mihoyo.com/nap-obc-indep/2024/08/05/15559334/424b612d240c0a6c749f53278c091ed8_8980369117774227731.jpeg
202407m,官方月历壁纸,684,.jpeg,202407m.jpeg,2024,calendar|684||7月|https://act-upload.mihoyo.com/nap-obc-indep/2024/08/05/15559334/ef8139b85326d930d39f713589b67392_4903846769342597465.jpeg,,官方月历壁纸\2024,官方月历壁纸\2024\202407m.jpeg,unchanged,calendar,7月,https://act-upload.mihoyo.com/nap-obc-indep/2024/08/05/15559334/ef8139b85326d930d39f713589b67392_4903846769342597465.jpeg
202406m,官方月历壁纸,684,.jpeg,202406m.jpeg,2024,calendar|684||6月|https://act-upload.mihoyo.com/nap-obc-indep/2024/08/05/15559334/d2f9815e847504b4bb3e3a8846c64d15_3866915577450402128.jpeg,,官方月历壁纸\2024,官方月历壁纸\2024\202406m.jpeg,unchanged,calendar,6月,https://act-upload.mihoyo.com/nap-obc-indep/2024/08/05/15559334/d2f9815e847504b4bb3e3a8846c64d15_3866915577450402128.jpeg
202405m,官方月历壁纸,684,.jpeg,202405m.jpeg,2024,calendar|684||5月|https://act-upload.mihoyo.com/nap-obc-indep/2024/08/05/15559334/fb2de18774831c247888e4e971717f35_9009887003222713217.jpeg,,官方月历壁纸\2024,官方月历壁纸\2024\202405m.jpeg,unchanged,calendar,5月,https://act-upload.mihoyo.com/nap-obc-indep/2024/08/05/15559334/fb2de18774831c247888e4e971717f35_9009887003222713217.jpeg
202404m,官方月历壁纸,684,.png,202404m.png,2024,calendar|684||4月|https://act-upload.mihoyo.com/nap-obc-indep/2024/08/06/76099754/16248e78bf4bacee1968cb6783207c87_1855249038194999118.png,,官方月历壁纸\2024,官方月历壁纸\2024\202404m.png,unchanged,calendar,4月,https://act-upload.mihoyo.com/nap-obc-indep/2024/08/06/76099754/16248e78bf4bacee1968cb6783207c87_1855249038194999118.png
202403m,官方月历壁纸,684,.jpeg,202403m.jpeg,2024,calendar|684||3月|https://act-upload.mihoyo.com/nap-obc-indep/2024/08/05/15559334/842e304f5a401e61f9283a482caa32e3_1483464255977970413.jpeg,,官方月历壁纸\2024,官方月历壁纸\2024\202403m.jpeg,unchanged,calendar,3月,https://act-upload.mihoyo.com/nap-obc-indep/2024/08/05/15559334/842e304f5a401e61f9283a482caa32e3_1483464255977970413.jpeg
202402m,官方月历壁纸,684,.jpeg,202402m.jpeg,2024,calendar|684||2月|https://act-upload.mihoyo.com/nap-obc-indep/2024/08/05/15559334/c58a75fdde4f6612b7a67253a9158c04_6283240674361959675.jpeg,,官方月历壁纸\2024,官方月历壁纸\2024\202402m.jpeg,unchanged,calendar,2月,https://act-upload.mihoyo.com/nap-obc-indep/2024/08/05/15559334/c58a75fdde4f6612b7a67253a9158c04_6283240674361959675.jpeg
202401m,官方月历壁纸,684,.jpeg,202401m.jpeg,2024,calendar|684||1月|https://act-upload.mihoyo.com/nap-obc-indep/2024/08/05/15559334/682f2d027c3470a81ee609f6d7baeca5_7692400085020539020.jpeg,,官方月历壁纸\2024,官方月历壁纸\2024\202401m.jpeg,unchanged,calendar,1月,https://act-upload.mihoyo.com/nap-obc-indep/2024/08/05/15559334/682f2d027c3470a81ee609f6d7baeca5_7692400085020539020.jpeg
1864-1633-001-1,EP短片壁纸合集,1864,.png,1864-1633-001-1.png,千夏主题壁纸(3840x2160),wallpapers|1864|1633|1|https://act-upload.mihoyo.com/nap-obc-indep/2026/02/14/73751405/26090510d47af73f0040c935ab307b16_7747806671177870892.png,1633,官方壁纸合集\EP短片壁纸合集\千夏主题壁纸(3840x2160),官方壁纸合集\EP短片壁纸合集\千夏主题壁纸(3840x2160)\1864-1633-001-1.png,unchanged,wallpapers,1,https://act-upload.mihoyo.com/nap-obc-indep/2026/02/14/73751405/26090510d47af73f0040c935ab307b16_7747806671177870892.png
1864-1633-002-2,EP短片壁纸合集,1864,.png,1864-1633-002-2.png,千夏主题壁纸(3840x2160),wallpapers|1864|1633|2|https://act-upload.mihoyo.com/nap-obc-indep/2026/02/14/73751405/c78de9836a674f9d3dea6a1f4f169d18_6623376527106626275.png,1633,官方壁纸合集\EP短片壁纸合集\千夏主题壁纸(3840x2160),官方壁纸合集\EP短片壁纸合集\千夏主题壁纸(3840x2160)\1864-1633-002-2.png,unchanged,wallpapers,2,https://act-upload.mihoyo.com/nap-obc-indep/2026/02/14/73751405/c78de9836a674f9d3dea6a1f4f169d18_6623376527106626275.png
1864-1633-003-3,EP短片壁纸合集,1864,.png,1864-1633-003-3.png,千夏主题壁纸(3840x2160),wallpapers|1864|1633|3|https://act-upload.mihoyo.com/nap-obc-indep/2026/02/14/73751405/dad595df39a2ae059c7a62be2669081f_3291478001150765103.png,1633,官方壁纸合集\EP短片壁纸合集\千夏主题壁纸(3840x2160),官方壁纸合集\EP短片壁纸合集\千夏主题壁纸(3840x2160)\1864-1633-003-3.png,unchanged,wallpapers,3,https://act-upload.mihoyo.com/nap-obc-indep/2026/02/14/73751405/dad595df39a2ae059c7a62be2669081f_3291478001150765103.png
1864-1633-004-4,EP短片壁纸合集,1864,.png,1864-1633-004-4.png,千夏主题壁纸(3840x2160),wallpapers|1864|1633|4|https://act-upload.mihoyo.com/nap-obc-indep/2026/02/14/73751405/2a5db42f4bcf728d098dac8df42e73f4_3843782265866716131.png,1633,官方壁纸合集\EP短片壁纸合集\千夏主题壁纸(3840x2160),官方壁纸合集\EP短片壁纸合集\千夏主题壁纸(3840x2160)\1864-1633-004-4.png,unchanged,wallpapers,4,https://act-upload.mihoyo.com/nap-obc-indep/2026/02/14/73751405/2a5db42f4bcf728d098dac8df42e73f4_3843782265866716131.png
1864-1633-005-5,EP短片壁纸合集,1864,.png,1864-1633-005-5.png,千夏主题壁纸(3840x2160),wallpapers|1864|1633|5|https://act-upload.mihoyo.com/nap-obc-indep/2026/02/14/73751405/8dce3894b13db4e30be8b6f0ca2d63b3_140961227679544702.png,1633,官方壁纸合集\EP短片壁纸合集\千夏主题壁纸(3840x2160),官方壁纸合集\EP短片壁纸合集\千夏主题壁纸(3840x2160)\1864-1633-005-5.png,unchanged,wallpapers,5,https://act-upload.mihoyo.com/nap-obc-indep/2026/02/14/73751405/8dce3894b13db4e30be8b6f0ca2d63b3_140961227679544702.png
1864-1633-006-6,EP短片壁纸合集,1864,.png,1864-1633-006-6.png,千夏主题壁纸(3840x2160),wallpapers|1864|1633|6|https://act-upload.mihoyo.com/nap-obc-indep/2026/02/14/73751405/0a94e7cadeea4f7ca53232d57f7c86f0_5899844304313977638.png,1633,官方壁纸合集\EP短片壁纸合集\千夏主题壁纸(3840x2160),官方壁纸合集\EP短片壁纸合集\千夏主题壁纸(3840x2160)\1864-1633-006-6.png,unchanged,wallpapers,6,https://act-upload.mihoyo.com/nap-obc-indep/2026/02/14/73751405/0a94e7cadeea4f7ca53232d57f7c86f0_5899844304313977638.png
1864-1633-007-7,EP短片壁纸合集,1864,.png,1864-1633-007-7.png,千夏主题壁纸(3840x2160),wallpapers|1864|1633|7|https://act-upload.mihoyo.com/nap-obc-indep/2026/02/14/73751405/5bf98438ea61090ac385e65253ca0096_4271081777778720685.png,1633,官方壁纸合集\EP短片壁纸合集\千夏主题壁纸(3840x2160),官方壁纸合集\EP短片壁纸合集\千夏主题壁纸(3840x2160)\1864-1633-007-7.png,unchanged,wallpapers,7,https://act-upload.mihoyo.com/nap-obc-indep/2026/02/14/73751405/5bf98438ea61090ac385e65253ca0096_4271081777778720685.png
1864-1633-008-8,EP短片壁纸合集,1864,.png,1864-1633-008-8.png,千夏主题壁纸(3840x2160),wallpapers|1864|1633|8|https://act-upload.mihoyo.com/nap-obc-indep/2026/02/14/73751405/0d85abfe0e503dec1b152a84d87ee125_8474332513885570173.png,1633,官方壁纸合集\EP短片壁纸合集\千夏主题壁纸(3840x2160),官方壁纸合集\EP短片壁纸合集\千夏主题壁纸(3840x2160)\1864-1633-008-8.png,unchanged,wallpapers,8,https://act-upload.mihoyo.com/nap-obc-indep/2026/02/14/73751405/0d85abfe0e503dec1b152a84d87ee125_8474332513885570173.png
1864-1633-009-9,EP短片壁纸合集,1864,.png,1864-1633-009-9.png,千夏主题壁纸(3840x2160),wallpapers|1864|1633|9|https://act-upload.mihoyo.com/nap-obc-indep/2026/02/14/73751405/cc1c6ccb91fa9c13a51e9b869057d1df_892213765952577027.png,1633,官方壁纸合集\EP短片壁纸合集\千夏主题壁纸(3840x2160),官方壁纸合集\EP短片壁纸合集\千夏主题壁纸(3840x2160)\1864-1633-009-9.png,unchanged,wallpapers,9,https://act-upload.mihoyo.com/nap-obc-indep/2026/02/14/73751405/cc1c6ccb91fa9c13a51e9b869057d1df_892213765952577027.png
1864-1633-010-10,EP短片壁纸合集,1864,.png,1864-1633-010-10.png,千夏主题壁纸(3840x2160),wallpapers|1864|1633|10|https://act-upload.mihoyo.com/nap-obc-indep/2026/02/14/73751405/74c60cadada36b0a847e760bb8868ea8_7147328743500092494.png,1633,官方壁纸合集\EP短片壁纸合集\千夏主题壁纸(3840x2160),官方壁纸合集\EP短片壁纸合集\千夏主题壁纸(3840x2160)\1864-1633-010-10.png,unchanged,wallpapers,10,https://act-upload.mihoyo.com/nap-obc-indep/2026/02/14/73751405/74c60cadada36b0a847e760bb8868ea8_7147328743500092494.png
1864-1633-011-11,EP短片壁纸合集,1864,.png,1864-1633-011-11.png,千夏主题壁纸(3840x2160),wallpapers|1864|1633|11|https://act-upload.mihoyo.com/nap-obc-indep/2026/02/14/73751405/872e8ffdb2bf075da393b80e93818ce8_1904895097889910908.png,1633,官方壁纸合集\EP短片壁纸合集\千夏主题壁纸(3840x2160),官方壁纸合集\EP短片壁纸合集\千夏主题壁纸(3840x2160)\1864-1633-011-11.png,unchanged,wallpapers,11,https://act-upload.mihoyo.com/nap-obc-indep/2026/02/14/73751405/872e8ffdb2bf075da393b80e93818ce8_1904895097889910908.png
1864-1633-012-12,EP短片壁纸合集,1864,.png,1864-1633-012-12.png,千夏主题壁纸(3840x2160),wallpapers|1864|1633|12|https://act-upload.mihoyo.com/nap-obc-indep/2026/02/14/73751405/29e3437dfe3b9b342c1139c34723f716_3486371500669052083.png,1633,官方壁纸合集\EP短片壁纸合集\千夏主题壁纸(3840x2160),官方壁纸合集\EP短片壁纸合集\千夏主题壁纸(3840x2160)\1864-1633-012-12.png,unchanged,wallpapers,12,https://act-upload.mihoyo.com/nap-obc-indep/2026/02/14/73751405/29e3437dfe3b9b342c1139c34723f716_3486371500669052083.png
1864-1633-013-13,EP短片壁纸合集,1864,.jpg,1864-1633-013-13.jpg,千夏主题壁纸(3840x2160),wallpapers|1864|1633|13|https://act-upload.mihoyo.com/nap-obc-indep/2026/02/14/73751405/e9a02562436fb2b956c15b2136a94ce9_8999002103151882196.jpg,1633,官方壁纸合集\EP短片壁纸合集\千夏主题壁纸(3840x2160),官方壁纸合集\EP短片壁纸合集\千夏主题壁纸(3840x2160)\1864-1633-013-13.jpg,unchanged,wallpapers,13,https://act-upload.mihoyo.com/nap-obc-indep/2026/02/14/73751405/e9a02562436fb2b956c15b2136a94ce9_8999002103151882196.jpg
1864-1633-014-14,EP短片壁纸合集,1864,.jpg,1864-1633-014-14.jpg,千夏主题壁纸(3840x2160),wallpapers|1864|1633|14|https://act-upload.mihoyo.com/nap-obc-indep/2026/02/14/73751405/0ae0bf16ce105f77bb8cf5516f17c118_714976578507062956.jpg,1633,官方壁纸合集\EP短片壁纸合集\千夏主题壁纸(3840x2160),官方壁纸合集\EP短片壁纸合集\千夏主题壁纸(3840x2160)\1864-1633-014-14.jpg,unchanged,wallpapers,14,https://act-upload.mihoyo.com/nap-obc-indep/2026/02/14/73751405/0ae0bf16ce105f77bb8cf5516f17c118_714976578507062956.jpg
1864-1633-015-15,EP短片壁纸合集,1864,.jpg,1864-1633-015-15.jpg,千夏主题壁纸(3840x2160),wallpapers|1864|1633|15|https://act-upload.mihoyo.com/nap-obc-indep/2026/02/14/73751405/12ab9b090cc423ac1d4ed6287ddb4aa8_3778048403679179676.jpg,1633,官方壁纸合集\EP短片壁纸合集\千夏主题壁纸(3840x2160),官方壁纸合集\EP短片壁纸合集\千夏主题壁纸(3840x2160)\1864-1633-015-15.jpg,unchanged,wallpapers,15,https://act-upload.mihoyo.com/nap-obc-indep/2026/02/14/73751405/12ab9b090cc423ac1d4ed6287ddb4aa8_3778048403679179676.jpg
1864-1633-016-16,EP短片壁纸合集,1864,.jpg,1864-1633-016-16.jpg,千夏主题壁纸(3840x2160),wallpapers|1864|1633|16|https://act-upload.mihoyo.com/nap-obc-indep/2026/02/14/73751405/7906a5e7943f94960051fb3c5544edcb_8515574188990712106.jpg,1633,官方壁纸合集\EP短片壁纸合集\千夏主题壁纸(3840x2160),官方壁纸合集\EP短片壁纸合集\千夏主题壁纸(3840x2160)\1864-1633-016-16.jpg,unchanged,wallpapers,16,https://act-upload.mihoyo.com/nap-obc-indep/2026/02/14/73751405/7906a5e7943f94960051fb3c5544edcb_8515574188990712106.jpg
1864-1633-017-17,EP短片壁纸合集,1864,.jpg,1864-1633-017-17.jpg,千夏主题壁纸(3840x2160),wallpapers|1864|1633|17|https://act-upload.mihoyo.com/nap-obc-indep/2026/02/14/73751405/ee06f49f5ed18b6252b0189215e010d7_1158470486025657367.jpg,1633,官方壁纸合集\EP短片壁纸合集\千夏主题壁纸(3840x2160),官方壁纸合集\EP短片壁纸合集\千夏主题壁纸(3840x2160)\1864-1633-017-17.jpg,unchanged,wallpapers,17,https://act-upload.mihoyo.com/nap-obc-indep/2026/02/14/73751405/ee06f49f5ed18b6252b0189215e010d7_1158470486025657367.jpg
1864-1633-018-18,EP短片壁纸合集,1864,.jpg,1864-1633-018-18.jpg,千夏主题壁纸(3840x2160),wallpapers|1864|1633|18|https://act-upload.mihoyo.com/nap-obc-indep/2026/02/14/73751405/17ae5f0d52ac2b737becd4b9d80bfbe9_4535823948382935570.jpg,1633,官方壁纸合集\EP短片壁纸合集\千夏主题壁纸(3840x2160),官方壁纸合集\EP短片壁纸合集\千夏主题壁纸(3840x2160)\1864-1633-018-18.jpg,unchanged,wallpapers,18,https://act-upload.mihoyo.com/nap-obc-indep/2026/02/14/73751405/17ae5f0d52ac2b737becd4b9d80bfbe9_4535823948382935570.jpg
1864-1633-019-19,EP短片壁纸合集,1864,.jpg,1864-1633-019-19.jpg,千夏主题壁纸(3840x2160),wallpapers|1864|1633|19|https://act-upload.mihoyo.com/nap-obc-indep/2026/02/14/73751405/2b90316a020271cd80953859789b3200_543007734016225767.jpg,1633,官方壁纸合集\EP短片壁纸合集\千夏主题壁纸(3840x2160),官方壁纸合集\EP短片壁纸合集\千夏主题壁纸(3840x2160)\1864-1633-019-19.jpg,unchanged,wallpapers,19,https://act-upload.mihoyo.com/nap-obc-indep/2026/02/14/73751405/2b90316a020271cd80953859789b3200_543007734016225767.jpg
1864-1633-020-20,EP短片壁纸合集,1864,.jpg,1864-1633-020-20.jpg,千夏主题壁纸(3840x2160),wallpapers|1864|1633|20|https://act-upload.mihoyo.com/nap-obc-indep/2026/02/14/73751405/7413ccafd7e3c7d7be2e36b2a1fe31d2_3608589288011831956.jpg,1633,官方壁纸合集\EP短片壁纸合集\千夏主题壁纸(3840x2160),官方壁纸合集\EP短片壁纸合集\千夏主题壁纸(3840x2160)\1864-1633-020-20.jpg,unchanged,wallpapers,20,https://act-upload.mihoyo.com/nap-obc-indep/2026/02/14/73751405/7413ccafd7e3c7d7be2e36b2a1fe31d2_3608589288011831956.jpg
1864-1633-021-21,EP短片壁纸合集,1864,.jpg,1864-1633-021-21.jpg,千夏主题壁纸(3840x2160),wallpapers|1864|1633|21|https://act-upload.mihoyo.com/nap-obc-indep/2026/02/14/73751405/e493a065eb5f6d6e94edd5607cb3a3f9_8920314962230611888.jpg,1633,官方壁纸合集\EP短片壁纸合集\千夏主题壁纸(3840x2160),官方壁纸合集\EP短片壁纸合集\千夏主题壁纸(3840x2160)\1864-1633-021-21.jpg,unchanged,wallpapers,21,https://act-upload.mihoyo.com/nap-obc-indep/2026/02/14/73751405/e493a065eb5f6d6e94edd5607cb3a3f9_8920314962230611888.jpg
1864-1633-022-22,EP短片壁纸合集,1864,.jpg,1864-1633-022-22.jpg,千夏主题壁纸(3840x2160),wallpapers|1864|1633|22|https://act-upload.mihoyo.com/nap-obc-indep/2026/02/14/73751405/225881510e7fe4981c02d721c84a0017_9117553440289680032.jpg,1633,官方壁纸合集\EP短片壁纸合集\千夏主题壁纸(3840x2160),官方壁纸合集\EP短片壁纸合集\千夏主题壁纸(3840x2160)\1864-1633-022-22.jpg,unchanged,wallpapers,22,https://act-upload.mihoyo.com/nap-obc-indep/2026/02/14/73751405/225881510e7fe4981c02d721c84a0017_9117553440289680032.jpg
1864-1633-023-23,EP短片壁纸合集,1864,.jpg,1864-1633-023-23.jpg,千夏主题壁纸(3840x2160),wallpapers|1864|1633|23|https://act-upload.mihoyo.com/nap-obc-indep/2026/02/14/73751405/34cb06eca0d6cdab066837d0d7b941b2_8181541174026471380.jpg,1633,官方壁纸合集\EP短片壁纸合集\千夏主题壁纸(3840x2160),官方壁纸合集\EP短片壁纸合集\千夏主题壁纸(3840x2160)\1864-1633-023-23.jpg,unchanged,wallpapers,23,https://act-upload.mihoyo.com/nap-obc-indep/2026/02/14/73751405/34cb06eca0d6cdab066837d0d7b941b2_8181541174026471380.jpg
1864-1633-024-24,EP短片壁纸合集,1864,.jpg,1864-1633-024-24.jpg,千夏主题壁纸(3840x2160),wallpapers|1864|1633|24|https://act-upload.mihoyo.com/nap-obc-indep/2026/02/14/73751405/21ae8c280993b1e22feab15b6c04b9a0_7457987319826302990.jpg,1633,官方壁纸合集\EP短片壁纸合集\千夏主题壁纸(3840x2160),官方壁纸合集\EP短片壁纸合集\千夏主题壁纸(3840x2160)\1864-1633-024-24.jpg,unchanged,wallpapers,24,https://act-upload.mihoyo.com/nap-obc-indep/2026/02/14/73751405/21ae8c280993b1e22feab15b6c04b9a0_7457987319826302990.jpg
1864-1633-025-25,EP短片壁纸合集,1864,.jpg,1864-1633-025-25.jpg,千夏主题壁纸(3840x2160),wallpapers|1864|1633|25|https://act-upload.mihoyo.com/nap-obc-indep/2026/02/14/73751405/8dd06e3843d4b5ba0f0fe85fad6064a9_3849971031571658520.jpg,1633,官方壁纸合集\EP短片壁纸合集\千夏主题壁纸(3840x2160),官方壁纸合集\EP短片壁纸合集\千夏主题壁纸(3840x2160)\1864-1633-025-25.jpg,unchanged,wallpapers,25,https://act-upload.mihoyo.com/nap-obc-indep/2026/02/14/73751405/8dd06e3843d4b5ba0f0fe85fad6064a9_3849971031571658520.jpg
1864-1633-026-26,EP短片壁纸合集,1864,.jpg,1864-1633-026-26.jpg,千夏主题壁纸(3840x2160),wallpapers|1864|1633|26|https://act-upload.mihoyo.com/nap-obc-indep/2026/02/14/73751405/d75c35ba63c4d0149d19c44b4548aaef_2230279763783446524.jpg,1633,官方壁纸合集\EP短片壁纸合集\千夏主题壁纸(3840x2160),官方壁纸合集\EP短片壁纸合集\千夏主题壁纸(3840x2160)\1864-1633-026-26.jpg,unchanged,wallpapers,26,https://act-upload.mihoyo.com/nap-obc-indep/2026/02/14/73751405/d75c35ba63c4d0149d19c44b4548aaef_2230279763783446524.jpg
1864-1633-027-27,EP短片壁纸合集,1864,.jpg,1864-1633-027-27.jpg,千夏主题壁纸(3840x2160),wallpapers|1864|1633|27|https://act-upload.mihoyo.com/nap-obc-indep/2026/02/14/73751405/32b3e3242f4187db11abef11e72a2691_396024661253166421.jpg,1633,官方壁纸合集\EP短片壁纸合集\千夏主题壁纸(3840x2160),官方壁纸合集\EP短片壁纸合集\千夏主题壁纸(3840x2160)\1864-1633-027-27.jpg,unchanged,wallpapers,27,https://act-upload.mihoyo.com/nap-obc-indep/2026/02/14/73751405/32b3e3242f4187db11abef11e72a2691_396024661253166421.jpg
1864-1633-028-28,EP短片壁纸合集,1864,.jpg,1864-1633-028-28.jpg,千夏主题壁纸(3840x2160),wallpapers|1864|1633|28|https://act-upload.mihoyo.com/nap-obc-indep/2026/02/14/73751405/1be5bfbb24f52ca1d6d9143c918d1225_6548718772442479101.jpg,1633,官方壁纸合集\EP短片壁纸合集\千夏主题壁纸(3840x2160),官方壁纸合集\EP短片壁纸合集\千夏主题壁纸(3840x2160)\1864-1633-028-28.jpg,unchanged,wallpapers,28,https://act-upload.mihoyo.com/nap-obc-indep/2026/02/14/73751405/1be5bfbb24f52ca1d6d9143c918d1225_6548718772442479101.jpg
1864-1633-029-29,EP短片壁纸合集,1864,.jpg,1864-1633-029-29.jpg,千夏主题壁纸(3840x2160),wallpapers|1864|1633|29|https://act-upload.mihoyo.com/nap-obc-indep/2026/02/14/73751405/b2794cb7b1246a7c0cb02d5245a18af3_6091974173155781219.jpg,1633,官方壁纸合集\EP短片壁纸合集\千夏主题壁纸(3840x2160),官方壁纸合集\EP短片壁纸合集\千夏主题壁纸(3840x2160)\1864-1633-029-29.jpg,unchanged,wallpapers,29,https://act-upload.mihoyo.com/nap-obc-indep/2026/02/14/73751405/b2794cb7b1246a7c0cb02d5245a18af3_6091974173155781219.jpg
1864-1633-030-30,EP短片壁纸合集,1864,.jpg,1864-1633-030-30.jpg,千夏主题壁纸(3840x2160),wallpapers|1864|1633|30|https://act-upload.mihoyo.com/nap-obc-indep/2026/02/14/73751405/86dacd8c6e73578cbd043938dd838cbc_149172396953031104.jpg,1633,官方壁纸合集\EP短片壁纸合集\千夏主题壁纸(3840x2160),官方壁纸合集\EP短片壁纸合集\千夏主题壁纸(3840x2160)\1864-1633-030-30.jpg,unchanged,wallpapers,30,https://act-upload.mihoyo.com/nap-obc-indep/2026/02/14/73751405/86dacd8c6e73578cbd043938dd838cbc_149172396953031104.jpg
1864-1633-031-31,EP短片壁纸合集,1864,.jpg,1864-1633-031-31.jpg,千夏主题壁纸(3840x2160),wallpapers|1864|1633|31|https://act-upload.mihoyo.com/nap-obc-indep/2026/02/14/73751405/725ea6ae28c1a5d2dee7276949181726_7201746087545882879.jpg,1633,官方壁纸合集\EP短片壁纸合集\千夏主题壁纸(3840x2160),官方壁纸合集\EP短片壁纸合集\千夏主题壁纸(3840x2160)\1864-1633-031-31.jpg,unchanged,wallpapers,31,https://act-upload.mihoyo.com/nap-obc-indep/2026/02/14/73751405/725ea6ae28c1a5d2dee7276949181726_7201746087545882879.jpg
1864-1633-032-32,EP短片壁纸合集,1864,.jpg,1864-1633-032-32.jpg,千夏主题壁纸(3840x2160),wallpapers|1864|1633|32|https://act-upload.mihoyo.com/nap-obc-indep/2026/02/14/73751405/a08cfdc9088419dfb5901789dc2153a3_8046901724867876402.jpg,1633,官方壁纸合集\EP短片壁纸合集\千夏主题壁纸(3840x2160),官方壁纸合集\EP短片壁纸合集\千夏主题壁纸(3840x2160)\1864-1633-032-32.jpg,unchanged,wallpapers,32,https://act-upload.mihoyo.com/nap-obc-indep/2026/02/14/73751405/a08cfdc9088419dfb5901789dc2153a3_8046901724867876402.jpg
1864-1633-033-33,EP短片壁纸合集,1864,.jpg,1864-1633-033-33.jpg,千夏主题壁纸(3840x2160),wallpapers|1864|1633|33|https://act-upload.mihoyo.com/nap-obc-indep/2026/02/14/73751405/416546a4b9df8c735c5a9ca8268f1fcb_4630057210852353079.jpg,1633,官方壁纸合集\EP短片壁纸合集\千夏主题壁纸(3840x2160),官方壁纸合集\EP短片壁纸合集\千夏主题壁纸(3840x2160)\1864-1633-033-33.jpg,unchanged,wallpapers,33,https://act-upload.mihoyo.com/nap-obc-indep/2026/02/14/73751405/416546a4b9df8c735c5a9ca8268f1fcb_4630057210852353079.jpg
1864-1633-034-34,EP短片壁纸合集,1864,.jpg,1864-1633-034-34.jpg,千夏主题壁纸(3840x2160),wallpapers|1864|1633|34|https://act-upload.mihoyo.com/nap-obc-indep/2026/02/14/73751405/3ac70f0878c381d5329988c8ae1646d3_9060198944640456822.jpg,1633,官方壁纸合集\EP短片壁纸合集\千夏主题壁纸(3840x2160),官方壁纸合集\EP短片壁纸合集\千夏主题壁纸(3840x2160)\1864-1633-034-34.jpg,unchanged,wallpapers,34,https://act-upload.mihoyo.com/nap-obc-indep/2026/02/14/73751405/3ac70f0878c381d5329988c8ae1646d3_9060198944640456822.jpg
1864-1633-035-35,EP短片壁纸合集,1864,.jpg,1864-1633-035-35.jpg,千夏主题壁纸(3840x2160),wallpapers|1864|1633|35|https://act-upload.mihoyo.com/nap-obc-indep/2026/02/14/73751405/4962347a5e4fc55ea55f21b74b89b12b_1667312837482624371.jpg,1633,官方壁纸合集\EP短片壁纸合集\千夏主题壁纸(3840x2160),官方壁纸合集\EP短片壁纸合集\千夏主题壁纸(3840x2160)\1864-1633-035-35.jpg,unchanged,wallpapers,35,https://act-upload.mihoyo.com/nap-obc-indep/2026/02/14/73751405/4962347a5e4fc55ea55f21b74b89b12b_1667312837482624371.jpg
1864-1633-036-36,EP短片壁纸合集,1864,.jpg,1864-1633-036-36.jpg,千夏主题壁纸(3840x2160),wallpapers|1864|1633|36|https://act-upload.mihoyo.com/nap-obc-indep/2026/02/14/73751405/c232e6b03df439ce91ecb4ce2b2e935c_2136969555217892965.jpg,1633,官方壁纸合集\EP短片壁纸合集\千夏主题壁纸(3840x2160),官方壁纸合集\EP短片壁纸合集\千夏主题壁纸(3840x2160)\1864-1633-036-36.jpg,unchanged,wallpapers,36,https://act-upload.mihoyo.com/nap-obc-indep/2026/02/14/73751405/c232e6b03df439ce91ecb4ce2b2e935c_2136969555217892965.jpg
1864-1633-037-37,EP短片壁纸合集,1864,.jpg,1864-1633-037-37.jpg,千夏主题壁纸(3840x2160),wallpapers|1864|1633|37|https://act-upload.mihoyo.com/nap-obc-indep/2026/02/14/73751405/71fae7936877705b85e8c543a2ca23f4_370407209245473929.jpg,1633,官方壁纸合集\EP短片壁纸合集\千夏主题壁纸(3840x2160),官方壁纸合集\EP短片壁纸合集\千夏主题壁纸(3840x2160)\1864-1633-037-37.jpg,unchanged,wallpapers,37,https://act-upload.mihoyo.com/nap-obc-indep/2026/02/14/73751405/71fae7936877705b85e8c543a2ca23f4_370407209245473929.jpg
1864-1633-038-38,EP短片壁纸合集,1864,.jpg,1864-1633-038-38.jpg,千夏主题壁纸(3840x2160),wallpapers|1864|1633|38|https://act-upload.mihoyo.com/nap-obc-indep/2026/02/14/73751405/46a9b8661e81d970a4defcbdc6c605c0_2906454277126726841.jpg,1633,官方壁纸合集\EP短片壁纸合集\千夏主题壁纸(3840x2160),官方壁纸合集\EP短片壁纸合集\千夏主题壁纸(3840x2160)\1864-1633-038-38.jpg,unchanged,wallpapers,38,https://act-upload.mihoyo.com/nap-obc-indep/2026/02/14/73751405/46a9b8661e81d970a4defcbdc6c605c0_2906454277126726841.jpg
1864-1633-039-39,EP短片壁纸合集,1864,.jpg,1864-1633-039-39.jpg,千夏主题壁纸(3840x2160),wallpapers|1864|1633|39|https://act-upload.mihoyo.com/nap-obc-indep/2026/02/14/73751405/1c1fc10ab8afa94d84c40490376e5272_3012884928178503708.jpg,1633,官方壁纸合集\EP短片壁纸合集\千夏主题壁纸(3840x2160),官方壁纸合集\EP短片壁纸合集\千夏主题壁纸(3840x2160)\1864-1633-039-39.jpg,unchanged,wallpapers,39,https://act-upload.mihoyo.com/nap-obc-indep/2026/02/14/73751405/1c1fc10ab8afa94d84c40490376e5272_3012884928178503708.jpg
1864-1632-001-1,EP短片壁纸合集,1864,.png,1864-1632-001-1.png,千夏主题壁纸(2560x1080),wallpapers|1864|1632|1|https://act-upload.mihoyo.com/nap-obc-indep/2026/02/14/73751405/758448f6e9f9848b3c40a13eee630720_1998231876026194406.png,1632,官方壁纸合集\EP短片壁纸合集\千夏主题壁纸(2560x1080),官方壁纸合集\EP短片壁纸合集\千夏主题壁纸(2560x1080)\1864-1632-001-1.png,unchanged,wallpapers,1,https://act-upload.mihoyo.com/nap-obc-indep/2026/02/14/73751405/758448f6e9f9848b3c40a13eee630720_1998231876026194406.png
1864-1632-002-2,EP短片壁纸合集,1864,.png,1864-1632-002-2.png,千夏主题壁纸(2560x1080),wallpapers|1864|1632|2|https://act-upload.mihoyo.com/nap-obc-indep/2026/02/14/73751405/09d6c8a727a873118c88056f2c3f89a5_6524003667848331345.png,1632,官方壁纸合集\EP短片壁纸合集\千夏主题壁纸(2560x1080),官方壁纸合集\EP短片壁纸合集\千夏主题壁纸(2560x1080)\1864-1632-002-2.png,unchanged,wallpapers,2,https://act-upload.mihoyo.com/nap-obc-indep/2026/02/14/73751405/09d6c8a727a873118c88056f2c3f89a5_6524003667848331345.png
1864-1632-003-3,EP短片壁纸合集,1864,.png,1864-1632-003-3.png,千夏主题壁纸(2560x1080),wallpapers|1864|1632|3|https://act-upload.mihoyo.com/nap-obc-indep/2026/02/14/73751405/eab2b382d00a967fe386b3b80b1ddcb8_6611653811972757743.png,1632,官方壁纸合集\EP短片壁纸合集\千夏主题壁纸(2560x1080),官方壁纸合集\EP短片壁纸合集\千夏主题壁纸(2560x1080)\1864-1632-003-3.png,unchanged,wallpapers,3,https://act-upload.mihoyo.com/nap-obc-indep/2026/02/14/73751405/eab2b382d00a967fe386b3b80b1ddcb8_6611653811972757743.png
1864-1632-004-4,EP短片壁纸合集,1864,.png,1864-1632-004-4.png,千夏主题壁纸(2560x1080),wallpapers|1864|1632|4|https://act-upload.mihoyo.com/nap-obc-indep/2026/02/14/73751405/3e431023c3da70a999802846485c0fdf_3840644033252479734.png,1632,官方壁纸合集\EP短片壁纸合集\千夏主题壁纸(2560x1080),官方壁纸合集\EP短片壁纸合集\千夏主题壁纸(2560x1080)\1864-1632-004-4.png,unchanged,wallpapers,4,https://act-upload.mihoyo.com/nap-obc-indep/2026/02/14/73751405/3e431023c3da70a999802846485c0fdf_3840644033252479734.png
1864-1632-005-5,EP短片壁纸合集,1864,.png,1864-1632-005-5.png,千夏主题壁纸(2560x1080),wallpapers|1864|1632|5|https://act-upload.mihoyo.com/nap-obc-indep/2026/02/14/73751405/0f46c0f172990d39333752d4c5f5216d_2539914933552728260.png,1632,官方壁纸合集\EP短片壁纸合集\千夏主题壁纸(2560x1080),官方壁纸合集\EP短片壁纸合集\千夏主题壁纸(2560x1080)\1864-1632-005-5.png,unchanged,wallpapers,5,https://act-upload.mihoyo.com/nap-obc-indep/2026/02/14/73751405/0f46c0f172990d39333752d4c5f5216d_2539914933552728260.png
1864-1632-006-6,EP短片壁纸合集,1864,.png,1864-1632-006-6.png,千夏主题壁纸(2560x1080),wallpapers|1864|1632|6|https://act-upload.mihoyo.com/nap-obc-indep/2026/02/14/73751405/ac55923a0c310b6be4f8413fe51b6656_8620025909596441410.png,1632,官方壁纸合集\EP短片壁纸合集\千夏主题壁纸(2560x1080),官方壁纸合集\EP短片壁纸合集\千夏主题壁纸(2560x1080)\1864-1632-006-6.png,unchanged,wallpapers,6,https://act-upload.mihoyo.com/nap-obc-indep/2026/02/14/73751405/ac55923a0c310b6be4f8413fe51b6656_8620025909596441410.png
1864-1632-007-7,EP短片壁纸合集,1864,.png,1864-1632-007-7.png,千夏主题壁纸(2560x1080),wallpapers|1864|1632|7|https://act-upload.mihoyo.com/nap-obc-indep/2026/02/14/73751405/af0e0daee5a9100f53dbf1ea8d0a3195_3099751154303152005.png,1632,官方壁纸合集\EP短片壁纸合集\千夏主题壁纸(2560x1080),官方壁纸合集\EP短片壁纸合集\千夏主题壁纸(2560x1080)\1864-1632-007-7.png,unchanged,wallpapers,7,https://act-upload.mihoyo.com/nap-obc-indep/2026/02/14/73751405/af0e0daee5a9100f53dbf1ea8d0a3195_3099751154303152005.png
1864-1632-008-8,EP短片壁纸合集,1864,.png,1864-1632-008-8.png,千夏主题壁纸(2560x1080),wallpapers|1864|1632|8|https://act-upload.mihoyo.com/nap-obc-indep/2026/02/14/73751405/3d19a0bc9f5c3b866b3d9a645931e5c2_1140467680073701599.png,1632,官方壁纸合集\EP短片壁纸合集\千夏主题壁纸(2560x1080),官方壁纸合集\EP短片壁纸合集\千夏主题壁纸(2560x1080)\1864-1632-008-8.png,unchanged,wallpapers,8,https://act-upload.mihoyo.com/nap-obc-indep/2026/02/14/73751405/3d19a0bc9f5c3b866b3d9a645931e5c2_1140467680073701599.png
1864-1632-009-9,EP短片壁纸合集,1864,.png,1864-1632-009-9.png,千夏主题壁纸(2560x1080),wallpapers|1864|1632|9|https://act-upload.mihoyo.com/nap-obc-indep/2026/02/14/73751405/9f571dda44d33ad9e35105e233cea75e_1058098983357697007.png,1632,官方壁纸合集\EP短片壁纸合集\千夏主题壁纸(2560x1080),官方壁纸合集\EP短片壁纸合集\千夏主题壁纸(2560x1080)\1864-1632-009-9.png,unchanged,wallpapers,9,https://act-upload.mihoyo.com/nap-obc-indep/2026/02/14/73751405/9f571dda44d33ad9e35105e233cea75e_1058098983357697007.png
1864-1632-010-10,EP短片壁纸合集,1864,.png,1864-1632-010-10.png,千夏主题壁纸(2560x1080),wallpapers|1864|1632|10|https://act-upload.mihoyo.com/nap-obc-indep/2026/02/14/73751405/4e00dcf8c8ec4d14e49848c1bbaa9424_522011026006946990.png,1632,官方壁纸合集\EP短片壁纸合集\千夏主题壁纸(2560x1080),官方壁纸合集\EP短片壁纸合集\千夏主题壁纸(2560x1080)\1864-1632-010-10.png,unchanged,wallpapers,10,https://act-upload.mihoyo.com/nap-obc-indep/2026/02/14/73751405/4e00dcf8c8ec4d14e49848c1bbaa9424_522011026006946990.png
1864-1632-011-11,EP短片壁纸合集,1864,.png,1864-1632-011-11.png,千夏主题壁纸(2560x1080),wallpapers|1864|1632|11|https://act-upload.mihoyo.com/nap-obc-indep/2026/02/14/73751405/a74ecb8ddfa89af8f12af737b3083b16_6558391064427119848.png,1632,官方壁纸合集\EP短片壁纸合集\千夏主题壁纸(2560x1080),官方壁纸合集\EP短片壁纸合集\千夏主题壁纸(2560x1080)\1864-1632-011-11.png,unchanged,wallpapers,11,https://act-upload.mihoyo.com/nap-obc-indep/2026/02/14/73751405/a74ecb8ddfa89af8f12af737b3083b16_6558391064427119848.png
1864-1632-012-12,EP短片壁纸合集,1864,.png,1864-1632-012-12.png,千夏主题壁纸(2560x1080),wallpapers|1864|1632|12|https://act-upload.mihoyo.com/nap-obc-indep/2026/02/14/73751405/1bf25f513fa9a38d7f11c13e011b3b1a_8152294613640833070.png,1632,官方壁纸合集\EP短片壁纸合集\千夏主题壁纸(2560x1080),官方壁纸合集\EP短片壁纸合集\千夏主题壁纸(2560x1080)\1864-1632-012-12.png,unchanged,wallpapers,12,https://act-upload.mihoyo.com/nap-obc-indep/2026/02/14/73751405/1bf25f513fa9a38d7f11c13e011b3b1a_8152294613640833070.png
1864-1632-013-13,EP短片壁纸合集,1864,.jpg,1864-1632-013-13.jpg,千夏主题壁纸(2560x1080),wallpapers|1864|1632|13|https://act-upload.mihoyo.com/nap-obc-indep/2026/02/14/73751405/cb7b4095186573f39800c9ef55a7dd1a_3521396727087076019.jpg,1632,官方壁纸合集\EP短片壁纸合集\千夏主题壁纸(2560x1080),官方壁纸合集\EP短片壁纸合集\千夏主题壁纸(2560x1080)\1864-1632-013-13.jpg,unchanged,wallpapers,13,https://act-upload.mihoyo.com/nap-obc-indep/2026/02/14/73751405/cb7b4095186573f39800c9ef55a7dd1a_3521396727087076019.jpg
1864-1632-014-14,EP短片壁纸合集,1864,.jpg,1864-1632-014-14.jpg,千夏主题壁纸(2560x1080),wallpapers|1864|1632|14|https://act-upload.mihoyo.com/nap-obc-indep/2026/02/14/73751405/817d34a3aad10f9aa53b1ea76ab5c866_3181997762256135939.jpg,1632,官方壁纸合集\EP短片壁纸合集\千夏主题壁纸(2560x1080),官方壁纸合集\EP短片壁纸合集\千夏主题壁纸(2560x1080)\1864-1632-014-14.jpg,unchanged,wallpapers,14,https://act-upload.mihoyo.com/nap-obc-indep/2026/02/14/73751405/817d34a3aad10f9aa53b1ea76ab5c866_3181997762256135939.jpg
1864-1632-015-15,EP短片壁纸合集,1864,.jpg,1864-1632-015-15.jpg,千夏主题壁纸(2560x1080),wallpapers|1864|1632|15|https://act-upload.mihoyo.com/nap-obc-indep/2026/02/14/73751405/49cb36fcccb03bc4c8c51fc2b5ff2b02_416088000605795958.jpg,1632,官方壁纸合集\EP短片壁纸合集\千夏主题壁纸(2560x1080),官方壁纸合集\EP短片壁纸合集\千夏主题壁纸(2560x1080)\1864-1632-015-15.jpg,unchanged,wallpapers,15,https://act-upload.mihoyo.com/nap-obc-indep/2026/02/14/73751405/49cb36fcccb03bc4c8c51fc2b5ff2b02_416088000605795958.jpg
1864-1632-016-16,EP短片壁纸合集,1864,.jpg,1864-1632-016-16.jpg,千夏主题壁纸(2560x1080),wallpapers|1864|1632|16|https://act-upload.mihoyo.com/nap-obc-indep/2026/02/14/73751405/ec3d5fd16a7aef527f47dce3ced23865_9165945333086456828.jpg,1632,官方壁纸合集\EP短片壁纸合集\千夏主题壁纸(2560x1080),官方壁纸合集\EP短片壁纸合集\千夏主题壁纸(2560x1080)\1864-1632-016-16.jpg,unchanged,wallpapers,16,https://act-upload.mihoyo.com/nap-obc-indep/2026/02/14/73751405/ec3d5fd16a7aef527f47dce3ced23865_9165945333086456828.jpg
1864-1632-017-17,EP短片壁纸合集,1864,.jpg,1864-1632-017-17.jpg,千夏主题壁纸(2560x1080),wallpapers|1864|1632|17|https://act-upload.mihoyo.com/nap-obc-indep/2026/02/14/73751405/a3c75073ee8bb8fba5452f1dbd5408e5_688988537610950828.jpg,1632,官方壁纸合集\EP短片壁纸合集\千夏主题壁纸(2560x1080),官方壁纸合集\EP短片壁纸合集\千夏主题壁纸(2560x1080)\1864-1632-017-17.jpg,unchanged,wallpapers,17,https://act-upload.mihoyo.com/nap-obc-indep/2026/02/14/73751405/a3c75073ee8bb8fba5452f1dbd5408e5_688988537610950828.jpg
1864-1632-018-18,EP短片壁纸合集,1864,.jpg,1864-1632-018-18.jpg,千夏主题壁纸(2560x1080),wallpapers|1864|1632|18|https://act-upload.mihoyo.com/nap-obc-indep/2026/02/14/73751405/a42977ddeff5c7d6a786e171850b0ec4_9209773891310305814.jpg,1632,官方壁纸合集\EP短片壁纸合集\千夏主题壁纸(2560x1080),官方壁纸合集\EP短片壁纸合集\千夏主题壁纸(2560x1080)\1864-1632-018-18.jpg,unchanged,wallpapers,18,https://act-upload.mihoyo.com/nap-obc-indep/2026/02/14/73751405/a42977ddeff5c7d6a786e171850b0ec4_9209773891310305814.jpg
1864-1632-019-19,EP短片壁纸合集,1864,.jpg,1864-1632-019-19.jpg,千夏主题壁纸(2560x1080),wallpapers|1864|1632|19|https://act-upload.mihoyo.com/nap-obc-indep/2026/02/14/73751405/e19a83834a9eafa485b988408791a24a_4421579111220548454.jpg,1632,官方壁纸合集\EP短片壁纸合集\千夏主题壁纸(2560x1080),官方壁纸合集\EP短片壁纸合集\千夏主题壁纸(2560x1080)\1864-1632-019-19.jpg,unchanged,wallpapers,19,https://act-upload.mihoyo.com/nap-obc-indep/2026/02/14/73751405/e19a83834a9eafa485b988408791a24a_4421579111220548454.jpg
1864-1632-020-20,EP短片壁纸合集,1864,.jpg,1864-1632-020-20.jpg,千夏主题壁纸(2560x1080),wallpapers|1864|1632|20|https://act-upload.mihoyo.com/nap-obc-indep/2026/02/14/73751405/b637d08538ec0557b89aa5c5d0b43bf2_4253160693779811863.jpg,1632,官方壁纸合集\EP短片壁纸合集\千夏主题壁纸(2560x1080),官方壁纸合集\EP短片壁纸合集\千夏主题壁纸(2560x1080)\1864-1632-020-20.jpg,unchanged,wallpapers,20,https://act-upload.mihoyo.com/nap-obc-indep/2026/02/14/73751405/b637d08538ec0557b89aa5c5d0b43bf2_4253160693779811863.jpg
1864-1632-021-21,EP短片壁纸合集,1864,.jpg,1864-1632-021-21.jpg,千夏主题壁纸(2560x1080),wallpapers|1864|1632|21|https://act-upload.mihoyo.com/nap-obc-indep/2026/02/14/73751405/5ff5ead0f057b472fc11790b4b4bcc00_7166744824501924681.jpg,1632,官方壁纸合集\EP短片壁纸合集\千夏主题壁纸(2560x1080),官方壁纸合集\EP短片壁纸合集\千夏主题壁纸(2560x1080)\1864-1632-021-21.jpg,unchanged,wallpapers,21,https://act-upload.mihoyo.com/nap-obc-indep/2026/02/14/73751405/5ff5ead0f057b472fc11790b4b4bcc00_7166744824501924681.jpg
1864-1632-022-22,EP短片壁纸合集,1864,.jpg,1864-1632-022-22.jpg,千夏主题壁纸(2560x1080),wallpapers|1864|1632|22|https://act-upload.mihoyo.com/nap-obc-indep/2026/02/14/73751405/89e4a8927c593392c3e703e902acb346_6173076676260023490.jpg,1632,官方壁纸合集\EP短片壁纸合集\千夏主题壁纸(2560x1080),官方壁纸合集\EP短片壁纸合集\千夏主题壁纸(2560x1080)\1864-1632-022-22.jpg,unchanged,wallpapers,22,https://act-upload.mihoyo.com/nap-obc-indep/2026/02/14/73751405/89e4a8927c593392c3e703e902acb346_6173076676260023490.jpg
1864-1632-023-23,EP短片壁纸合集,1864,.jpg,1864-1632-023-23.jpg,千夏主题壁纸(2560x1080),wallpapers|1864|1632|23|https://act-upload.mihoyo.com/nap-obc-indep/2026/02/14/73751405/bbd9db579bd23149fbbdc1e4f05e568e_6657629142735340202.jpg,1632,官方壁纸合集\EP短片壁纸合集\千夏主题壁纸(2560x1080),官方壁纸合集\EP短片壁纸合集\千夏主题壁纸(2560x1080)\1864-1632-023-23.jpg,unchanged,wallpapers,23,https://act-upload.mihoyo.com/nap-obc-indep/2026/02/14/73751405/bbd9db579bd23149fbbdc1e4f05e568e_6657629142735340202.jpg
1864-1632-024-24,EP短片壁纸合集,1864,.jpg,1864-1632-024-24.jpg,千夏主题壁纸(2560x1080),wallpapers|1864|1632|24|https://act-upload.mihoyo.com/nap-obc-indep/2026/02/14/73751405/b86c894981851ac098c9fa6f94783299_5984204468683989365.jpg,1632,官方壁纸合集\EP短片壁纸合集\千夏主题壁纸(2560x1080),官方壁纸合集\EP短片壁纸合集\千夏主题壁纸(2560x1080)\1864-1632-024-24.jpg,unchanged,wallpapers,24,https://act-upload.mihoyo.com/nap-obc-indep/2026/02/14/73751405/b86c894981851ac098c9fa6f94783299_5984204468683989365.jpg
1864-1632-025-25,EP短片壁纸合集,1864,.jpg,1864-1632-025-25.jpg,千夏主题壁纸(2560x1080),wallpapers|1864|1632|25|https://act-upload.mihoyo.com/nap-obc-indep/2026/02/14/73751405/db96709e0c0fc4614b0dddaae4beab4d_8666405848633056073.jpg,1632,官方壁纸合集\EP短片壁纸合集\千夏主题壁纸(2560x1080),官方壁纸合集\EP短片壁纸合集\千夏主题壁纸(2560x1080)\1864-1632-025-25.jpg,unchanged,wallpapers,25,https://act-upload.mihoyo.com/nap-obc-indep/2026/02/14/73751405/db96709e0c0fc4614b0dddaae4beab4d_8666405848633056073.jpg
1864-1632-026-26,EP短片壁纸合集,1864,.jpg,1864-1632-026-26.jpg,千夏主题壁纸(2560x1080),wallpapers|1864|1632|26|https://act-upload.mihoyo.com/nap-obc-indep/2026/02/14/73751405/3eebc16db4cef0567b2b9a30e6b7ebff_1984798056614524963.jpg,1632,官方壁纸合集\EP短片壁纸合集\千夏主题壁纸(2560x1080),官方壁纸合集\EP短片壁纸合集\千夏主题壁纸(2560x1080)\1864-1632-026-26.jpg,unchanged,wallpapers,26,https://act-upload.mihoyo.com/nap-obc-indep/2026/02/14/73751405/3eebc16db4cef0567b2b9a30e6b7ebff_1984798056614524963.jpg
1864-1632-027-27,EP短片壁纸合集,1864,.jpg,1864-1632-027-27.jpg,千夏主题壁纸(2560x1080),wallpapers|1864|1632|27|https://act-upload.mihoyo.com/nap-obc-indep/2026/02/14/73751405/62c90137588548b95758c5b60243c8f1_3313666598399790568.jpg,1632,官方壁纸合集\EP短片壁纸合集\千夏主题壁纸(2560x1080),官方壁纸合集\EP短片壁纸合集\千夏主题壁纸(2560x1080)\1864-1632-027-27.jpg,unchanged,wallpapers,27,https://act-upload.mihoyo.com/nap-obc-indep/2026/02/14/73751405/62c90137588548b95758c5b60243c8f1_3313666598399790568.jpg
1864-1632-028-28,EP短片壁纸合集,1864,.jpg,1864-1632-028-28.jpg,千夏主题壁纸(2560x1080),wallpapers|1864|1632|28|https://act-upload.mihoyo.com/nap-obc-indep/2026/02/14/73751405/d6af19dfa0c1b3fc281f192e20e6b9bb_8517480708613370874.jpg,1632,官方壁纸合集\EP短片壁纸合集\千夏主题壁纸(2560x1080),官方壁纸合集\EP短片壁纸合集\千夏主题壁纸(2560x1080)\1864-1632-028-28.jpg,unchanged,wallpapers,28,https://act-upload.mihoyo.com/nap-obc-indep/2026/02/14/73751405/d6af19dfa0c1b3fc281f192e20e6b9bb_8517480708613370874.jpg
1864-1632-029-29,EP短片壁纸合集,1864,.jpg,1864-1632-029-29.jpg,千夏主题壁纸(2560x1080),wallpapers|1864|1632|29|https://act-upload.mihoyo.com/nap-obc-indep/2026/02/14/73751405/d450d4f71b8940c5c2b6cd2aa940490a_3768569026433458091.jpg,1632,官方壁纸合集\EP短片壁纸合集\千夏主题壁纸(2560x1080),官方壁纸合集\EP短片壁纸合集\千夏主题壁纸(2560x1080)\1864-1632-029-29.jpg,unchanged,wallpapers,29,https://act-upload.mihoyo.com/nap-obc-indep/2026/02/14/73751405/d450d4f71b8940c5c2b6cd2aa940490a_3768569026433458091.jpg
1864-1632-030-30,EP短片壁纸合集,1864,.jpg,1864-1632-030-30.jpg,千夏主题壁纸(2560x1080),wallpapers|1864|1632|30|https://act-upload.mihoyo.com/nap-obc-indep/2026/02/14/73751405/ad60b95778e2b7a33c086108962d3f29_3494086449033947801.jpg,1632,官方壁纸合集\EP短片壁纸合集\千夏主题壁纸(2560x1080),官方壁纸合集\EP短片壁纸合集\千夏主题壁纸(2560x1080)\1864-1632-030-30.jpg,unchanged,wallpapers,30,https://act-upload.mihoyo.com/nap-obc-indep/2026/02/14/73751405/ad60b95778e2b7a33c086108962d3f29_3494086449033947801.jpg
1864-1632-031-31,EP短片壁纸合集,1864,.jpg,1864-1632-031-31.jpg,千夏主题壁纸(2560x1080),wallpapers|1864|1632|31|https://act-upload.mihoyo.com/nap-obc-indep/2026/02/14/73751405/2cf28fd6c32f032248e115358381ef04_3052923259380849282.jpg,1632,官方壁纸合集\EP短片壁纸合集\千夏主题壁纸(2560x1080),官方壁纸合集\EP短片壁纸合集\千夏主题壁纸(2560x1080)\1864-1632-031-31.jpg,unchanged,wallpapers,31,https://act-upload.mihoyo.com/nap-obc-indep/2026/02/14/73751405/2cf28fd6c32f032248e115358381ef04_3052923259380849282.jpg
1864-1632-032-32,EP短片壁纸合集,1864,.jpg,1864-1632-032-32.jpg,千夏主题壁纸(2560x1080),wallpapers|1864|1632|32|https://act-upload.mihoyo.com/nap-obc-indep/2026/02/14/73751405/3db2a52281f7f3e134ad39201e832cd7_5096734287550257393.jpg,1632,官方壁纸合集\EP短片壁纸合集\千夏主题壁纸(2560x1080),官方壁纸合集\EP短片壁纸合集\千夏主题壁纸(2560x1080)\1864-1632-032-32.jpg,unchanged,wallpapers,32,https://act-upload.mihoyo.com/nap-obc-indep/2026/02/14/73751405/3db2a52281f7f3e134ad39201e832cd7_5096734287550257393.jpg
1864-1632-033-33,EP短片壁纸合集,1864,.jpg,1864-1632-033-33.jpg,千夏主题壁纸(2560x1080),wallpapers|1864|1632|33|https://act-upload.mihoyo.com/nap-obc-indep/2026/02/14/73751405/325f2d588b39a34e856e253070ef4267_6110765739231094623.jpg,1632,官方壁纸合集\EP短片壁纸合集\千夏主题壁纸(2560x1080),官方壁纸合集\EP短片壁纸合集\千夏主题壁纸(2560x1080)\1864-1632-033-33.jpg,unchanged,wallpapers,33,https://act-upload.mihoyo.com/nap-obc-indep/2026/02/14/73751405/325f2d588b39a34e856e253070ef4267_6110765739231094623.jpg
1864-1632-034-34,EP短片壁纸合集,1864,.jpg,1864-1632-034-34.jpg,千夏主题壁纸(2560x1080),wallpapers|1864|1632|34|https://act-upload.mihoyo.com/nap-obc-indep/2026/02/14/73751405/1d940574107904e77af6f5509d2a65a7_4716082379481099632.jpg,1632,官方壁纸合集\EP短片壁纸合集\千夏主题壁纸(2560x1080),官方壁纸合集\EP短片壁纸合集\千夏主题壁纸(2560x1080)\1864-1632-034-34.jpg,unchanged,wallpapers,34,https://act-upload.mihoyo.com/nap-obc-indep/2026/02/14/73751405/1d940574107904e77af6f5509d2a65a7_4716082379481099632.jpg
1864-1632-035-35,EP短片壁纸合集,1864,.jpg,1864-1632-035-35.jpg,千夏主题壁纸(2560x1080),wallpapers|1864|1632|35|https://act-upload.mihoyo.com/nap-obc-indep/2026/02/14/73751405/4d718771c6d87cedb8a844f336e72a27_1105809410284625138.jpg,1632,官方壁纸合集\EP短片壁纸合集\千夏主题壁纸(2560x1080),官方壁纸合集\EP短片壁纸合集\千夏主题壁纸(2560x1080)\1864-1632-035-35.jpg,unchanged,wallpapers,35,https://act-upload.mihoyo.com/nap-obc-indep/2026/02/14/73751405/4d718771c6d87cedb8a844f336e72a27_1105809410284625138.jpg
1864-1632-036-36,EP短片壁纸合集,1864,.jpg,1864-1632-036-36.jpg,千夏主题壁纸(2560x1080),wallpapers|1864|1632|36|https://act-upload.mihoyo.com/nap-obc-indep/2026/02/14/73751405/74d582c0283e25fd4a6677a452b130c2_3168739237781012474.jpg,1632,官方壁纸合集\EP短片壁纸合集\千夏主题壁纸(2560x1080),官方壁纸合集\EP短片壁纸合集\千夏主题壁纸(2560x1080)\1864-1632-036-36.jpg,unchanged,wallpapers,36,https://act-upload.mihoyo.com/nap-obc-indep/2026/02/14/73751405/74d582c0283e25fd4a6677a452b130c2_3168739237781012474.jpg
1864-1632-037-37,EP短片壁纸合集,1864,.jpg,1864-1632-037-37.jpg,千夏主题壁纸(2560x1080),wallpapers|1864|1632|37|https://act-upload.mihoyo.com/nap-obc-indep/2026/02/14/73751405/8bfc127f5ce863c78530223ab47c6f5b_6943287536885968712.jpg,1632,官方壁纸合集\EP短片壁纸合集\千夏主题壁纸(2560x1080),官方壁纸合集\EP短片壁纸合集\千夏主题壁纸(2560x1080)\1864-1632-037-37.jpg,unchanged,wallpapers,37,https://act-upload.mihoyo.com/nap-obc-indep/2026/02/14/73751405/8bfc127f5ce863c78530223ab47c6f5b_6943287536885968712.jpg
1864-1632-038-38,EP短片壁纸合集,1864,.jpg,1864-1632-038-38.jpg,千夏主题壁纸(2560x1080),wallpapers|1864|1632|38|https://act-upload.mihoyo.com/nap-obc-indep/2026/02/14/73751405/67e7e8b166deef2fdbdf67e05e3ef236_2902256111216718542.jpg,1632,官方壁纸合集\EP短片壁纸合集\千夏主题壁纸(2560x1080),官方壁纸合集\EP短片壁纸合集\千夏主题壁纸(2560x1080)\1864-1632-038-38.jpg,unchanged,wallpapers,38,https://act-upload.mihoyo.com/nap-obc-indep/2026/02/14/73751405/67e7e8b166deef2fdbdf67e05e3ef236_2902256111216718542.jpg
1864-1632-039-39,EP短片壁纸合集,1864,.jpg,1864-1632-039-39.jpg,千夏主题壁纸(2560x1080),wallpapers|1864|1632|39|https://act-upload.mihoyo.com/nap-obc-indep/2026/02/14/73751405/7709395b02e2d5b0cbd82a2b4cbda815_1141683765171370960.jpg,1632,官方壁纸合集\EP短片壁纸合集\千夏主题壁纸(2560x1080),官方壁纸合集\EP短片壁纸合集\千夏主题壁纸(2560x1080)\1864-1632-039-39.jpg,unchanged,wallpapers,39,https://act-upload.mihoyo.com/nap-obc-indep/2026/02/14/73751405/7709395b02e2d5b0cbd82a2b4cbda815_1141683765171370960.jpg
1864-1690-001-1,EP短片壁纸合集,1864,.jpg,1864-1690-001-1.jpg,希希芙主题壁纸(3840x2160),wallpapers|1864|1690|1|https://act-upload.mihoyo.com/nap-obc-indep/2026/04/20/73751405/0beebde7d5d82bf8721e10d251e5d41d_3585772946265304286.jpg,1690,官方壁纸合集\EP短片壁纸合集\希希芙主题壁纸(3840x2160),官方壁纸合集\EP短片壁纸合集\希希芙主题壁纸(3840x2160)\1864-1690-001-1.jpg,unchanged,wallpapers,1,https://act-upload.mihoyo.com/nap-obc-indep/2026/04/20/73751405/0beebde7d5d82bf8721e10d251e5d41d_3585772946265304286.jpg
1864-1690-002-2,EP短片壁纸合集,1864,.jpg,1864-1690-002-2.jpg,希希芙主题壁纸(3840x2160),wallpapers|1864|1690|2|https://act-upload.mihoyo.com/nap-obc-indep/2026/04/20/73751405/57f64a1909657fbbf4577cdf8e627521_2930163171658700411.jpg,1690,官方壁纸合集\EP短片壁纸合集\希希芙主题壁纸(3840x2160),官方壁纸合集\EP短片壁纸合集\希希芙主题壁纸(3840x2160)\1864-1690-002-2.jpg,unchanged,wallpapers,2,https://act-upload.mihoyo.com/nap-obc-indep/2026/04/20/73751405/57f64a1909657fbbf4577cdf8e627521_2930163171658700411.jpg
1864-1690-003-3,EP短片壁纸合集,1864,.jpg,1864-1690-003-3.jpg,希希芙主题壁纸(3840x2160),wallpapers|1864|1690|3|https://act-upload.mihoyo.com/nap-obc-indep/2026/04/20/73751405/e8e00a513d07266ce7bf89cf9c212f00_5058009235556713438.jpg,1690,官方壁纸合集\EP短片壁纸合集\希希芙主题壁纸(3840x2160),官方壁纸合集\EP短片壁纸合集\希希芙主题壁纸(3840x2160)\1864-1690-003-3.jpg,unchanged,wallpapers,3,https://act-upload.mihoyo.com/nap-obc-indep/2026/04/20/73751405/e8e00a513d07266ce7bf89cf9c212f00_5058009235556713438.jpg
1864-1690-004-4,EP短片壁纸合集,1864,.jpg,1864-1690-004-4.jpg,希希芙主题壁纸(3840x2160),wallpapers|1864|1690|4|https://act-upload.mihoyo.com/nap-obc-indep/2026/04/20/73751405/05bfa38c986d94ecb07a965660f6b3cb_5974220102414816328.jpg,1690,官方壁纸合集\EP短片壁纸合集\希希芙主题壁纸(3840x2160),官方壁纸合集\EP短片壁纸合集\希希芙主题壁纸(3840x2160)\1864-1690-004-4.jpg,unchanged,wallpapers,4,https://act-upload.mihoyo.com/nap-obc-indep/2026/04/20/73751405/05bfa38c986d94ecb07a965660f6b3cb_5974220102414816328.jpg
1864-1690-005-5,EP短片壁纸合集,1864,.jpg,1864-1690-005-5.jpg,希希芙主题壁纸(3840x2160),wallpapers|1864|1690|5|https://act-upload.mihoyo.com/nap-obc-indep/2026/04/20/73751405/1403a85867048a35f0efad395c327b2c_7945962959945458849.jpg,1690,官方壁纸合集\EP短片壁纸合集\希希芙主题壁纸(3840x2160),官方壁纸合集\EP短片壁纸合集\希希芙主题壁纸(3840x2160)\1864-1690-005-5.jpg,unchanged,wallpapers,5,https://act-upload.mihoyo.com/nap-obc-indep/2026/04/20/73751405/1403a85867048a35f0efad395c327b2c_7945962959945458849.jpg
1864-1690-006-6,EP短片壁纸合集,1864,.jpg,1864-1690-006-6.jpg,希希芙主题壁纸(3840x2160),wallpapers|1864|1690|6|https://act-upload.mihoyo.com/nap-obc-indep/2026/04/20/73751405/53bac04a8c263da255c853024c786972_3161691209717971607.jpg,1690,官方壁纸合集\EP短片壁纸合集\希希芙主题壁纸(3840x2160),官方壁纸合集\EP短片壁纸合集\希希芙主题壁纸(3840x2160)\1864-1690-006-6.jpg,unchanged,wallpapers,6,https://act-upload.mihoyo.com/nap-obc-indep/2026/04/20/73751405/53bac04a8c263da255c853024c786972_3161691209717971607.jpg
1864-1690-007-7,EP短片壁纸合集,1864,.jpg,1864-1690-007-7.jpg,希希芙主题壁纸(3840x2160),wallpapers|1864|1690|7|https://act-upload.mihoyo.com/nap-obc-indep/2026/04/20/73751405/fca2215363706aa00a906d8b92a0a75d_4004535360518860359.jpg,1690,官方壁纸合集\EP短片壁纸合集\希希芙主题壁纸(3840x2160),官方壁纸合集\EP短片壁纸合集\希希芙主题壁纸(3840x2160)\1864-1690-007-7.jpg,unchanged,wallpapers,7,https://act-upload.mihoyo.com/nap-obc-indep/2026/04/20/73751405/fca2215363706aa00a906d8b92a0a75d_4004535360518860359.jpg
1864-1690-008-8,EP短片壁纸合集,1864,.jpg,1864-1690-008-8.jpg,希希芙主题壁纸(3840x2160),wallpapers|1864|1690|8|https://act-upload.mihoyo.com/nap-obc-indep/2026/04/20/73751405/750124cb3d629c5bbd4680286e985784_5137400703169459297.jpg,1690,官方壁纸合集\EP短片壁纸合集\希希芙主题壁纸(3840x2160),官方壁纸合集\EP短片壁纸合集\希希芙主题壁纸(3840x2160)\1864-1690-008-8.jpg,unchanged,wallpapers,8,https://act-upload.mihoyo.com/nap-obc-indep/2026/04/20/73751405/750124cb3d629c5bbd4680286e985784_5137400703169459297.jpg
1864-1690-009-9,EP短片壁纸合集,1864,.jpg,1864-1690-009-9.jpg,希希芙主题壁纸(3840x2160),wallpapers|1864|1690|9|https://act-upload.mihoyo.com/nap-obc-indep/2026/04/20/73751405/f5205b023f53bfce2bd532e693876e21_1790333717172657100.jpg,1690,官方壁纸合集\EP短片壁纸合集\希希芙主题壁纸(3840x2160),官方壁纸合集\EP短片壁纸合集\希希芙主题壁纸(3840x2160)\1864-1690-009-9.jpg,unchanged,wallpapers,9,https://act-upload.mihoyo.com/nap-obc-indep/2026/04/20/73751405/f5205b023f53bfce2bd532e693876e21_1790333717172657100.jpg
1864-1690-010-10,EP短片壁纸合集,1864,.jpg,1864-1690-010-10.jpg,希希芙主题壁纸(3840x2160),wallpapers|1864|1690|10|https://act-upload.mihoyo.com/nap-obc-indep/2026/04/20/73751405/50859d5441e98f6353997c311a185a96_5971751337997437363.jpg,1690,官方壁纸合集\EP短片壁纸合集\希希芙主题壁纸(3840x2160),官方壁纸合集\EP短片壁纸合集\希希芙主题壁纸(3840x2160)\1864-1690-010-10.jpg,unchanged,wallpapers,10,https://act-upload.mihoyo.com/nap-obc-indep/2026/04/20/73751405/50859d5441e98f6353997c311a185a96_5971751337997437363.jpg
1864-1690-011-11,EP短片壁纸合集,1864,.jpg,1864-1690-011-11.jpg,希希芙主题壁纸(3840x2160),wallpapers|1864|1690|11|https://act-upload.mihoyo.com/nap-obc-indep/2026/04/20/73751405/f32af65e713628a6d5bd5d48f3270603_4022813256333345390.jpg,1690,官方壁纸合集\EP短片壁纸合集\希希芙主题壁纸(3840x2160),官方壁纸合集\EP短片壁纸合集\希希芙主题壁纸(3840x2160)\1864-1690-011-11.jpg,unchanged,wallpapers,11,https://act-upload.mihoyo.com/nap-obc-indep/2026/04/20/73751405/f32af65e713628a6d5bd5d48f3270603_4022813256333345390.jpg
1864-1690-012-12,EP短片壁纸合集,1864,.jpg,1864-1690-012-12.jpg,希希芙主题壁纸(3840x2160),wallpapers|1864|1690|12|https://act-upload.mihoyo.com/nap-obc-indep/2026/04/20/73751405/0c753a54b5931a7c4f3bc4992e6bd2fa_7924834405320723686.jpg,1690,官方壁纸合集\EP短片壁纸合集\希希芙主题壁纸(3840x2160),官方壁纸合集\EP短片壁纸合集\希希芙主题壁纸(3840x2160)\1864-1690-012-12.jpg,unchanged,wallpapers,12,https://act-upload.mihoyo.com/nap-obc-indep/2026/04/20/73751405/0c753a54b5931a7c4f3bc4992e6bd2fa_7924834405320723686.jpg
1864-1690-013-13,EP短片壁纸合集,1864,.jpg,1864-1690-013-13.jpg,希希芙主题壁纸(3840x2160),wallpapers|1864|1690|13|https://act-upload.mihoyo.com/nap-obc-indep/2026/04/20/73751405/9385a5707aad2d5b89485ec907f8898e_2041344743253734826.jpg,1690,官方壁纸合集\EP短片壁纸合集\希希芙主题壁纸(3840x2160),官方壁纸合集\EP短片壁纸合集\希希芙主题壁纸(3840x2160)\1864-1690-013-13.jpg,unchanged,wallpapers,13,https://act-upload.mihoyo.com/nap-obc-indep/2026/04/20/73751405/9385a5707aad2d5b89485ec907f8898e_2041344743253734826.jpg
1864-1690-014-14,EP短片壁纸合集,1864,.jpg,1864-1690-014-14.jpg,希希芙主题壁纸(3840x2160),wallpapers|1864|1690|14|https://act-upload.mihoyo.com/nap-obc-indep/2026/04/20/73751405/6be41c665c8134308ea5b931aaed4350_8038867400971942736.jpg,1690,官方壁纸合集\EP短片壁纸合集\希希芙主题壁纸(3840x2160),官方壁纸合集\EP短片壁纸合集\希希芙主题壁纸(3840x2160)\1864-1690-014-14.jpg,unchanged,wallpapers,14,https://act-upload.mihoyo.com/nap-obc-indep/2026/04/20/73751405/6be41c665c8134308ea5b931aaed4350_8038867400971942736.jpg
1864-1690-015-15,EP短片壁纸合集,1864,.jpg,1864-1690-015-15.jpg,希希芙主题壁纸(3840x2160),wallpapers|1864|1690|15|https://act-upload.mihoyo.com/nap-obc-indep/2026/04/20/73751405/ffd8e454d8ad07f7486899ca30fe0eed_4381173151524968991.jpg,1690,官方壁纸合集\EP短片壁纸合集\希希芙主题壁纸(3840x2160),官方壁纸合集\EP短片壁纸合集\希希芙主题壁纸(3840x2160)\1864-1690-015-15.jpg,unchanged,wallpapers,15,https://act-upload.mihoyo.com/nap-obc-indep/2026/04/20/73751405/ffd8e454d8ad07f7486899ca30fe0eed_4381173151524968991.jpg
1864-1690-016-16,EP短片壁纸合集,1864,.jpg,1864-1690-016-16.jpg,希希芙主题壁纸(3840x2160),wallpapers|1864|1690|16|https://act-upload.mihoyo.com/nap-obc-indep/2026/04/20/73751405/9a28b17d5b1e32c54e65d65fa878f6bd_6830440867682059787.jpg,1690,官方壁纸合集\EP短片壁纸合集\希希芙主题壁纸(3840x2160),官方壁纸合集\EP短片壁纸合集\希希芙主题壁纸(3840x2160)\1864-1690-016-16.jpg,unchanged,wallpapers,16,https://act-upload.mihoyo.com/nap-obc-indep/2026/04/20/73751405/9a28b17d5b1e32c54e65d65fa878f6bd_6830440867682059787.jpg
1864-1690-017-17,EP短片壁纸合集,1864,.jpg,1864-1690-017-17.jpg,希希芙主题壁纸(3840x2160),wallpapers|1864|1690|17|https://act-upload.mihoyo.com/nap-obc-indep/2026/04/20/73751405/10fcd591bb9eec0367f8880395e15ee7_5753960913489095630.jpg,1690,官方壁纸合集\EP短片壁纸合集\希希芙主题壁纸(3840x2160),官方壁纸合集\EP短片壁纸合集\希希芙主题壁纸(3840x2160)\1864-1690-017-17.jpg,unchanged,wallpapers,17,https://act-upload.mihoyo.com/nap-obc-indep/2026/04/20/73751405/10fcd591bb9eec0367f8880395e15ee7_5753960913489095630.jpg
1864-1690-018-18,EP短片壁纸合集,1864,.jpg,1864-1690-018-18.jpg,希希芙主题壁纸(3840x2160),wallpapers|1864|1690|18|https://act-upload.mihoyo.com/nap-obc-indep/2026/04/20/73751405/71aa35799b00e8e77121a47e39676ad5_7341086044741443501.jpg,1690,官方壁纸合集\EP短片壁纸合集\希希芙主题壁纸(3840x2160),官方壁纸合集\EP短片壁纸合集\希希芙主题壁纸(3840x2160)\1864-1690-018-18.jpg,unchanged,wallpapers,18,https://act-upload.mihoyo.com/nap-obc-indep/2026/04/20/73751405/71aa35799b00e8e77121a47e39676ad5_7341086044741443501.jpg
1864-1690-019-19,EP短片壁纸合集,1864,.jpg,1864-1690-019-19.jpg,希希芙主题壁纸(3840x2160),wallpapers|1864|1690|19|https://act-upload.mihoyo.com/nap-obc-indep/2026/04/20/73751405/c1374ca40ffe5dcb963d32d483331198_3132809382852365661.jpg,1690,官方壁纸合集\EP短片壁纸合集\希希芙主题壁纸(3840x2160),官方壁纸合集\EP短片壁纸合集\希希芙主题壁纸(3840x2160)\1864-1690-019-19.jpg,unchanged,wallpapers,19,https://act-upload.mihoyo.com/nap-obc-indep/2026/04/20/73751405/c1374ca40ffe5dcb963d32d483331198_3132809382852365661.jpg
1864-1690-020-20,EP短片壁纸合集,1864,.jpg,1864-1690-020-20.jpg,希希芙主题壁纸(3840x2160),wallpapers|1864|1690|20|https://act-upload.mihoyo.com/nap-obc-indep/2026/04/20/73751405/620c6926de41d22ea24020c9549cd8ca_8824264082512587229.jpg,1690,官方壁纸合集\EP短片壁纸合集\希希芙主题壁纸(3840x2160),官方壁纸合集\EP短片壁纸合集\希希芙主题壁纸(3840x2160)\1864-1690-020-20.jpg,unchanged,wallpapers,20,https://act-upload.mihoyo.com/nap-obc-indep/2026/04/20/73751405/620c6926de41d22ea24020c9549cd8ca_8824264082512587229.jpg
1864-1690-021-21,EP短片壁纸合集,1864,.jpg,1864-1690-021-21.jpg,希希芙主题壁纸(3840x2160),wallpapers|1864|1690|21|https://act-upload.mihoyo.com/nap-obc-indep/2026/04/20/73751405/8bdb39b9478465fc1b9ecb3c4f701f47_7921301075135374322.jpg,1690,官方壁纸合集\EP短片壁纸合集\希希芙主题壁纸(3840x2160),官方壁纸合集\EP短片壁纸合集\希希芙主题壁纸(3840x2160)\1864-1690-021-21.jpg,unchanged,wallpapers,21,https://act-upload.mihoyo.com/nap-obc-indep/2026/04/20/73751405/8bdb39b9478465fc1b9ecb3c4f701f47_7921301075135374322.jpg
1864-1690-022-22,EP短片壁纸合集,1864,.jpg,1864-1690-022-22.jpg,希希芙主题壁纸(3840x2160),wallpapers|1864|1690|22|https://act-upload.mihoyo.com/nap-obc-indep/2026/04/20/73751405/104346abe748568e71f6fb666ce06b5e_3123115692247771927.jpg,1690,官方壁纸合集\EP短片壁纸合集\希希芙主题壁纸(3840x2160),官方壁纸合集\EP短片壁纸合集\希希芙主题壁纸(3840x2160)\1864-1690-022-22.jpg,unchanged,wallpapers,22,https://act-upload.mihoyo.com/nap-obc-indep/2026/04/20/73751405/104346abe748568e71f6fb666ce06b5e_3123115692247771927.jpg
1864-1690-023-23,EP短片壁纸合集,1864,.jpg,1864-1690-023-23.jpg,希希芙主题壁纸(3840x2160),wallpapers|1864|1690|23|https://act-upload.mihoyo.com/nap-obc-indep/2026/04/20/73751405/adb3b356b9b965bcb5a94918b23f6b95_5099508197590375902.jpg,1690,官方壁纸合集\EP短片壁纸合集\希希芙主题壁纸(3840x2160),官方壁纸合集\EP短片壁纸合集\希希芙主题壁纸(3840x2160)\1864-1690-023-23.jpg,unchanged,wallpapers,23,https://act-upload.mihoyo.com/nap-obc-indep/2026/04/20/73751405/adb3b356b9b965bcb5a94918b23f6b95_5099508197590375902.jpg
1864-1690-024-24,EP短片壁纸合集,1864,.jpg,1864-1690-024-24.jpg,希希芙主题壁纸(3840x2160),wallpapers|1864|1690|24|https://act-upload.mihoyo.com/nap-obc-indep/2026/04/20/73751405/7fad4f4aa9a7ad83dc262dc541822900_4139402039255806911.jpg,1690,官方壁纸合集\EP短片壁纸合集\希希芙主题壁纸(3840x2160),官方壁纸合集\EP短片壁纸合集\希希芙主题壁纸(3840x2160)\1864-1690-024-24.jpg,unchanged,wallpapers,24,https://act-upload.mihoyo.com/nap-obc-indep/2026/04/20/73751405/7fad4f4aa9a7ad83dc262dc541822900_4139402039255806911.jpg
1864-1690-025-25,EP短片壁纸合集,1864,.jpg,1864-1690-025-25.jpg,希希芙主题壁纸(3840x2160),wallpapers|1864|1690|25|https://act-upload.mihoyo.com/nap-obc-indep/2026/04/20/73751405/dffed8562c0dc729bfd605c65c3b0ede_7615695466034592649.jpg,1690,官方壁纸合集\EP短片壁纸合集\希希芙主题壁纸(3840x2160),官方壁纸合集\EP短片壁纸合集\希希芙主题壁纸(3840x2160)\1864-1690-025-25.jpg,unchanged,wallpapers,25,https://act-upload.mihoyo.com/nap-obc-indep/2026/04/20/73751405/dffed8562c0dc729bfd605c65c3b0ede_7615695466034592649.jpg
1864-1690-026-26,EP短片壁纸合集,1864,.jpg,1864-1690-026-26.jpg,希希芙主题壁纸(3840x2160),wallpapers|1864|1690|26|https://act-upload.mihoyo.com/nap-obc-indep/2026/04/20/73751405/a95d349a08c15e2e135e01b846b9ab17_3376498596727604621.jpg,1690,官方壁纸合集\EP短片壁纸合集\希希芙主题壁纸(3840x2160),官方壁纸合集\EP短片壁纸合集\希希芙主题壁纸(3840x2160)\1864-1690-026-26.jpg,unchanged,wallpapers,26,https://act-upload.mihoyo.com/nap-obc-indep/2026/04/20/73751405/a95d349a08c15e2e135e01b846b9ab17_3376498596727604621.jpg
1864-1690-027-27,EP短片壁纸合集,1864,.jpg,1864-1690-027-27.jpg,希希芙主题壁纸(3840x2160),wallpapers|1864|1690|27|https://act-upload.mihoyo.com/nap-obc-indep/2026/04/20/73751405/5c2dbcc6ef78ee0ca5f5f08d7e53c2c4_6275074285634357148.jpg,1690,官方壁纸合集\EP短片壁纸合集\希希芙主题壁纸(3840x2160),官方壁纸合集\EP短片壁纸合集\希希芙主题壁纸(3840x2160)\1864-1690-027-27.jpg,unchanged,wallpapers,27,https://act-upload.mihoyo.com/nap-obc-indep/2026/04/20/73751405/5c2dbcc6ef78ee0ca5f5f08d7e53c2c4_6275074285634357148.jpg
1864-1690-028-28,EP短片壁纸合集,1864,.jpg,1864-1690-028-28.jpg,希希芙主题壁纸(3840x2160),wallpapers|1864|1690|28|https://act-upload.mihoyo.com/nap-obc-indep/2026/04/20/73751405/76fbc6cc691ba105944cd9bd55dea879_4569728101447550449.jpg,1690,官方壁纸合集\EP短片壁纸合集\希希芙主题壁纸(3840x2160),官方壁纸合集\EP短片壁纸合集\希希芙主题壁纸(3840x2160)\1864-1690-028-28.jpg,unchanged,wallpapers,28,https://act-upload.mihoyo.com/nap-obc-indep/2026/04/20/73751405/76fbc6cc691ba105944cd9bd55dea879_4569728101447550449.jpg
1864-1690-029-29,EP短片壁纸合集,1864,.jpg,1864-1690-029-29.jpg,希希芙主题壁纸(3840x2160),wallpapers|1864|1690|29|https://act-upload.mihoyo.com/nap-obc-indep/2026/04/20/73751405/df5fa53176810138208bb6161c8b1cbd_7940264967468717943.jpg,1690,官方壁纸合集\EP短片壁纸合集\希希芙主题壁纸(3840x2160),官方壁纸合集\EP短片壁纸合集\希希芙主题壁纸(3840x2160)\1864-1690-029-29.jpg,unchanged,wallpapers,29,https://act-upload.mihoyo.com/nap-obc-indep/2026/04/20/73751405/df5fa53176810138208bb6161c8b1cbd_7940264967468717943.jpg
1864-1690-030-30,EP短片壁纸合集,1864,.jpg,1864-1690-030-30.jpg,希希芙主题壁纸(3840x2160),wallpapers|1864|1690|30|https://act-upload.mihoyo.com/nap-obc-indep/2026/04/20/73751405/3b1334538b56eb5e0b2df2734f923e5f_7908969930692725434.jpg,1690,官方壁纸合集\EP短片壁纸合集\希希芙主题壁纸(3840x2160),官方壁纸合集\EP短片壁纸合集\希希芙主题壁纸(3840x2160)\1864-1690-030-30.jpg,unchanged,wallpapers,30,https://act-upload.mihoyo.com/nap-obc-indep/2026/04/20/73751405/3b1334538b56eb5e0b2df2734f923e5f_7908969930692725434.jpg
1864-1690-031-31,EP短片壁纸合集,1864,.jpg,1864-1690-031-31.jpg,希希芙主题壁纸(3840x2160),wallpapers|1864|1690|31|https://act-upload.mihoyo.com/nap-obc-indep/2026/04/20/73751405/103b85a94227ca9c51896e442edb3dc4_3469706001629375975.jpg,1690,官方壁纸合集\EP短片壁纸合集\希希芙主题壁纸(3840x2160),官方壁纸合集\EP短片壁纸合集\希希芙主题壁纸(3840x2160)\1864-1690-031-31.jpg,unchanged,wallpapers,31,https://act-upload.mihoyo.com/nap-obc-indep/2026/04/20/73751405/103b85a94227ca9c51896e442edb3dc4_3469706001629375975.jpg
1864-1690-032-32,EP短片壁纸合集,1864,.jpg,1864-1690-032-32.jpg,希希芙主题壁纸(3840x2160),wallpapers|1864|1690|32|https://act-upload.mihoyo.com/nap-obc-indep/2026/04/20/73751405/4f40db0476340ded09f015767ae2c353_8604414890831390763.jpg,1690,官方壁纸合集\EP短片壁纸合集\希希芙主题壁纸(3840x2160),官方壁纸合集\EP短片壁纸合集\希希芙主题壁纸(3840x2160)\1864-1690-032-32.jpg,unchanged,wallpapers,32,https://act-upload.mihoyo.com/nap-obc-indep/2026/04/20/73751405/4f40db0476340ded09f015767ae2c353_8604414890831390763.jpg
1864-1689-001-1,EP短片壁纸合集,1864,.jpg,1864-1689-001-1.jpg,希希芙主题壁纸(2560x1080),wallpapers|1864|1689|1|https://act-upload.mihoyo.com/nap-obc-indep/2026/04/20/73751405/4b7f5ed4ef7fcc212c8c551ab1d271fd_4081535681376108430.jpg,1689,官方壁纸合集\EP短片壁纸合集\希希芙主题壁纸(2560x1080),官方壁纸合集\EP短片壁纸合集\希希芙主题壁纸(2560x1080)\1864-1689-001-1.jpg,unchanged,wallpapers,1,https://act-upload.mihoyo.com/nap-obc-indep/2026/04/20/73751405/4b7f5ed4ef7fcc212c8c551ab1d271fd_4081535681376108430.jpg
1864-1689-002-2,EP短片壁纸合集,1864,.jpg,1864-1689-002-2.jpg,希希芙主题壁纸(2560x1080),wallpapers|1864|1689|2|https://act-upload.mihoyo.com/nap-obc-indep/2026/04/20/73751405/1e57294fb969b7c182bdd0dc9b81e02b_8571640091183601299.jpg,1689,官方壁纸合集\EP短片壁纸合集\希希芙主题壁纸(2560x1080),官方壁纸合集\EP短片壁纸合集\希希芙主题壁纸(2560x1080)\1864-1689-002-2.jpg,unchanged,wallpapers,2,https://act-upload.mihoyo.com/nap-obc-indep/2026/04/20/73751405/1e57294fb969b7c182bdd0dc9b81e02b_8571640091183601299.jpg
1864-1689-003-3,EP短片壁纸合集,1864,.jpg,1864-1689-003-3.jpg,希希芙主题壁纸(2560x1080),wallpapers|1864|1689|3|https://act-upload.mihoyo.com/nap-obc-indep/2026/04/20/73751405/aa5b9d1b5c15a6fd320e5b66b67c99a9_3853386643014202956.jpg,1689,官方壁纸合集\EP短片壁纸合集\希希芙主题壁纸(2560x1080),官方壁纸合集\EP短片壁纸合集\希希芙主题壁纸(2560x1080)\1864-1689-003-3.jpg,unchanged,wallpapers,3,https://act-upload.mihoyo.com/nap-obc-indep/2026/04/20/73751405/aa5b9d1b5c15a6fd320e5b66b67c99a9_3853386643014202956.jpg
1864-1689-004-4,EP短片壁纸合集,1864,.jpg,1864-1689-004-4.jpg,希希芙主题壁纸(2560x1080),wallpapers|1864|1689|4|https://act-upload.mihoyo.com/nap-obc-indep/2026/04/20/73751405/a530b42e65bfd90907a0d6b2699404ae_5589887455271638850.jpg,1689,官方壁纸合集\EP短片壁纸合集\希希芙主题壁纸(2560x1080),官方壁纸合集\EP短片壁纸合集\希希芙主题壁纸(2560x1080)\1864-1689-004-4.jpg,unchanged,wallpapers,4,https://act-upload.mihoyo.com/nap-obc-indep/2026/04/20/73751405/a530b42e65bfd90907a0d6b2699404ae_5589887455271638850.jpg
1864-1689-005-5,EP短片壁纸合集,1864,.jpg,1864-1689-005-5.jpg,希希芙主题壁纸(2560x1080),wallpapers|1864|1689|5|https://act-upload.mihoyo.com/nap-obc-indep/2026/04/20/73751405/892d8158d17f2144fb049a859c5bef52_3845911354029482241.jpg,1689,官方壁纸合集\EP短片壁纸合集\希希芙主题壁纸(2560x1080),官方壁纸合集\EP短片壁纸合集\希希芙主题壁纸(2560x1080)\1864-1689-005-5.jpg,unchanged,wallpapers,5,https://act-upload.mihoyo.com/nap-obc-indep/2026/04/20/73751405/892d8158d17f2144fb049a859c5bef52_3845911354029482241.jpg
1864-1689-006-6,EP短片壁纸合集,1864,.jpg,1864-1689-006-6.jpg,希希芙主题壁纸(2560x1080),wallpapers|1864|1689|6|https://act-upload.mihoyo.com/nap-obc-indep/2026/04/20/73751405/8d3e6df17cd6beb200eced6e03f5b833_8405467718409085817.jpg,1689,官方壁纸合集\EP短片壁纸合集\希希芙主题壁纸(2560x1080),官方壁纸合集\EP短片壁纸合集\希希芙主题壁纸(2560x1080)\1864-1689-006-6.jpg,unchanged,wallpapers,6,https://act-upload.mihoyo.com/nap-obc-indep/2026/04/20/73751405/8d3e6df17cd6beb200eced6e03f5b833_8405467718409085817.jpg
1864-1689-007-7,EP短片壁纸合集,1864,.jpg,1864-1689-007-7.jpg,希希芙主题壁纸(2560x1080),wallpapers|1864|1689|7|https://act-upload.mihoyo.com/nap-obc-indep/2026/04/20/73751405/5f094c368d5cb3f2e7941e28ca248f0e_341064662586911485.jpg,1689,官方壁纸合集\EP短片壁纸合集\希希芙主题壁纸(2560x1080),官方壁纸合集\EP短片壁纸合集\希希芙主题壁纸(2560x1080)\1864-1689-007-7.jpg,unchanged,wallpapers,7,https://act-upload.mihoyo.com/nap-obc-indep/2026/04/20/73751405/5f094c368d5cb3f2e7941e28ca248f0e_341064662586911485.jpg
1864-1689-008-8,EP短片壁纸合集,1864,.jpg,1864-1689-008-8.jpg,希希芙主题壁纸(2560x1080),wallpapers|1864|1689|8|https://act-upload.mihoyo.com/nap-obc-indep/2026/04/20/73751405/00ad789c3a26c5c211fc3c93d3d34098_961715773459258636.jpg,1689,官方壁纸合集\EP短片壁纸合集\希希芙主题壁纸(2560x1080),官方壁纸合集\EP短片壁纸合集\希希芙主题壁纸(2560x1080)\1864-1689-008-8.jpg,unchanged,wallpapers,8,https://act-upload.mihoyo.com/nap-obc-indep/2026/04/20/73751405/00ad789c3a26c5c211fc3c93d3d34098_961715773459258636.jpg
1864-1689-009-9,EP短片壁纸合集,1864,.jpg,1864-1689-009-9.jpg,希希芙主题壁纸(2560x1080),wallpapers|1864|1689|9|https://act-upload.mihoyo.com/nap-obc-indep/2026/04/20/73751405/da589830d4783595470776026a7e14fb_8621862884028015334.jpg,1689,官方壁纸合集\EP短片壁纸合集\希希芙主题壁纸(2560x1080),官方壁纸合集\EP短片壁纸合集\希希芙主题壁纸(2560x1080)\1864-1689-009-9.jpg,unchanged,wallpapers,9,https://act-upload.mihoyo.com/nap-obc-indep/2026/04/20/73751405/da589830d4783595470776026a7e14fb_8621862884028015334.jpg
1864-1689-010-10,EP短片壁纸合集,1864,.jpg,1864-1689-010-10.jpg,希希芙主题壁纸(2560x1080),wallpapers|1864|1689|10|https://act-upload.mihoyo.com/nap-obc-indep/2026/04/20/73751405/234c780b77e7cc762e0ae02e1c9bfebc_3225775545777111507.jpg,1689,官方壁纸合集\EP短片壁纸合集\希希芙主题壁纸(2560x1080),官方壁纸合集\EP短片壁纸合集\希希芙主题壁纸(2560x1080)\1864-1689-010-10.jpg,unchanged,wallpapers,10,https://act-upload.mihoyo.com/nap-obc-indep/2026/04/20/73751405/234c780b77e7cc762e0ae02e1c9bfebc_3225775545777111507.jpg
1864-1689-011-11,EP短片壁纸合集,1864,.jpg,1864-1689-011-11.jpg,希希芙主题壁纸(2560x1080),wallpapers|1864|1689|11|https://act-upload.mihoyo.com/nap-obc-indep/2026/04/20/73751405/c9852fd63b49cdaee16d0b24ebacfbeb_8685398286340482735.jpg,1689,官方壁纸合集\EP短片壁纸合集\希希芙主题壁纸(2560x1080),官方壁纸合集\EP短片壁纸合集\希希芙主题壁纸(2560x1080)\1864-1689-011-11.jpg,unchanged,wallpapers,11,https://act-upload.mihoyo.com/nap-obc-indep/2026/04/20/73751405/c9852fd63b49cdaee16d0b24ebacfbeb_8685398286340482735.jpg
1864-1689-012-12,EP短片壁纸合集,1864,.jpg,1864-1689-012-12.jpg,希希芙主题壁纸(2560x1080),wallpapers|1864|1689|12|https://act-upload.mihoyo.com/nap-obc-indep/2026/04/20/73751405/b0264ce0752460157e3e86340b6ff0d0_5607790090113217599.jpg,1689,官方壁纸合集\EP短片壁纸合集\希希芙主题壁纸(2560x1080),官方壁纸合集\EP短片壁纸合集\希希芙主题壁纸(2560x1080)\1864-1689-012-12.jpg,unchanged,wallpapers,12,https://act-upload.mihoyo.com/nap-obc-indep/2026/04/20/73751405/b0264ce0752460157e3e86340b6ff0d0_5607790090113217599.jpg
1864-1689-013-13,EP短片壁纸合集,1864,.jpg,1864-1689-013-13.jpg,希希芙主题壁纸(2560x1080),wallpapers|1864|1689|13|https://act-upload.mihoyo.com/nap-obc-indep/2026/04/20/73751405/819b831506b5b1b5526d992abfc4e6fd_6811276937475057643.jpg,1689,官方壁纸合集\EP短片壁纸合集\希希芙主题壁纸(2560x1080),官方壁纸合集\EP短片壁纸合集\希希芙主题壁纸(2560x1080)\1864-1689-013-13.jpg,unchanged,wallpapers,13,https://act-upload.mihoyo.com/nap-obc-indep/2026/04/20/73751405/819b831506b5b1b5526d992abfc4e6fd_6811276937475057643.jpg
1864-1689-014-14,EP短片壁纸合集,1864,.jpg,1864-1689-014-14.jpg,希希芙主题壁纸(2560x1080),wallpapers|1864|1689|14|https://act-upload.mihoyo.com/nap-obc-indep/2026/04/20/73751405/e0558fb58aabe67f0db3c92c280d049d_6941556327587829692.jpg,1689,官方壁纸合集\EP短片壁纸合集\希希芙主题壁纸(2560x1080),官方壁纸合集\EP短片壁纸合集\希希芙主题壁纸(2560x1080)\1864-1689-014-14.jpg,unchanged,wallpapers,14,https://act-upload.mihoyo.com/nap-obc-indep/2026/04/20/73751405/e0558fb58aabe67f0db3c92c280d049d_6941556327587829692.jpg
1864-1689-015-15,EP短片壁纸合集,1864,.jpg,1864-1689-015-15.jpg,希希芙主题壁纸(2560x1080),wallpapers|1864|1689|15|https://act-upload.mihoyo.com/nap-obc-indep/2026/04/20/73751405/927bf03d5fe348fa7d202ad3b1c7ff75_4749030215891808833.jpg,1689,官方壁纸合集\EP短片壁纸合集\希希芙主题壁纸(2560x1080),官方壁纸合集\EP短片壁纸合集\希希芙主题壁纸(2560x1080)\1864-1689-015-15.jpg,unchanged,wallpapers,15,https://act-upload.mihoyo.com/nap-obc-indep/2026/04/20/73751405/927bf03d5fe348fa7d202ad3b1c7ff75_4749030215891808833.jpg
1864-1689-016-16,EP短片壁纸合集,1864,.jpg,1864-1689-016-16.jpg,希希芙主题壁纸(2560x1080),wallpapers|1864|1689|16|https://act-upload.mihoyo.com/nap-obc-indep/2026/04/20/73751405/3a046dff2003f154fab2bad43036ee3c_1536307658140234073.jpg,1689,官方壁纸合集\EP短片壁纸合集\希希芙主题壁纸(2560x1080),官方壁纸合集\EP短片壁纸合集\希希芙主题壁纸(2560x1080)\1864-1689-016-16.jpg,unchanged,wallpapers,16,https://act-upload.mihoyo.com/nap-obc-indep/2026/04/20/73751405/3a046dff2003f154fab2bad43036ee3c_1536307658140234073.jpg
1864-1689-017-17,EP短片壁纸合集,1864,.jpg,1864-1689-017-17.jpg,希希芙主题壁纸(2560x1080),wallpapers|1864|1689|17|https://act-upload.mihoyo.com/nap-obc-indep/2026/04/20/73751405/60db5b0738726ae53f64229df552bee2_2979431648234083432.jpg,1689,官方壁纸合集\EP短片壁纸合集\希希芙主题壁纸(2560x1080),官方壁纸合集\EP短片壁纸合集\希希芙主题壁纸(2560x1080)\1864-1689-017-17.jpg,unchanged,wallpapers,17,https://act-upload.mihoyo.com/nap-obc-indep/2026/04/20/73751405/60db5b0738726ae53f64229df552bee2_2979431648234083432.jpg
1864-1689-018-18,EP短片壁纸合集,1864,.jpg,1864-1689-018-18.jpg,希希芙主题壁纸(2560x1080),wallpapers|1864|1689|18|https://act-upload.mihoyo.com/nap-obc-indep/2026/04/20/73751405/46c6525d5d756ec51e81c6fb96a15a90_2891581899992472242.jpg,1689,官方壁纸合集\EP短片壁纸合集\希希芙主题壁纸(2560x1080),官方壁纸合集\EP短片壁纸合集\希希芙主题壁纸(2560x1080)\1864-1689-018-18.jpg,unchanged,wallpapers,18,https://act-upload.mihoyo.com/nap-obc-indep/2026/04/20/73751405/46c6525d5d756ec51e81c6fb96a15a90_2891581899992472242.jpg
1864-1689-019-19,EP短片壁纸合集,1864,.jpg,1864-1689-019-19.jpg,希希芙主题壁纸(2560x1080),wallpapers|1864|1689|19|https://act-upload.mihoyo.com/nap-obc-indep/2026/04/20/73751405/24d27c98b14f8755bf06dcb456d0edeb_8731667871512145561.jpg,1689,官方壁纸合集\EP短片壁纸合集\希希芙主题壁纸(2560x1080),官方壁纸合集\EP短片壁纸合集\希希芙主题壁纸(2560x1080)\1864-1689-019-19.jpg,unchanged,wallpapers,19,https://act-upload.mihoyo.com/nap-obc-indep/2026/04/20/73751405/24d27c98b14f8755bf06dcb456d0edeb_8731667871512145561.jpg
1864-1689-020-20,EP短片壁纸合集,1864,.jpg,1864-1689-020-20.jpg,希希芙主题壁纸(2560x1080),wallpapers|1864|1689|20|https://act-upload.mihoyo.com/nap-obc-indep/2026/04/20/73751405/da046e955224b91ec444fedc8cbaa3cb_5488009656286484427.jpg,1689,官方壁纸合集\EP短片壁纸合集\希希芙主题壁纸(2560x1080),官方壁纸合集\EP短片壁纸合集\希希芙主题壁纸(2560x1080)\1864-1689-020-20.jpg,unchanged,wallpapers,20,https://act-upload.mihoyo.com/nap-obc-indep/2026/04/20/73751405/da046e955224b91ec444fedc8cbaa3cb_5488009656286484427.jpg
1864-1689-021-21,EP短片壁纸合集,1864,.jpg,1864-1689-021-21.jpg,希希芙主题壁纸(2560x1080),wallpapers|1864|1689|21|https://act-upload.mihoyo.com/nap-obc-indep/2026/04/20/73751405/dbdc512fea576b7d5e520ed680a1b4bd_6304666971321593140.jpg,1689,官方壁纸合集\EP短片壁纸合集\希希芙主题壁纸(2560x1080),官方壁纸合集\EP短片壁纸合集\希希芙主题壁纸(2560x1080)\1864-1689-021-21.jpg,unchanged,wallpapers,21,https://act-upload.mihoyo.com/nap-obc-indep/2026/04/20/73751405/dbdc512fea576b7d5e520ed680a1b4bd_6304666971321593140.jpg
1864-1689-022-22,EP短片壁纸合集,1864,.jpg,1864-1689-022-22.jpg,希希芙主题壁纸(2560x1080),wallpapers|1864|1689|22|https://act-upload.mihoyo.com/nap-obc-indep/2026/04/20/73751405/972cc8d3e74dc382d2e34aeba9478872_5255873217000906771.jpg,1689,官方壁纸合集\EP短片壁纸合集\希希芙主题壁纸(2560x1080),官方壁纸合集\EP短片壁纸合集\希希芙主题壁纸(2560x1080)\1864-1689-022-22.jpg,unchanged,wallpapers,22,https://act-upload.mihoyo.com/nap-obc-indep/2026/04/20/73751405/972cc8d3e74dc382d2e34aeba9478872_5255873217000906771.jpg
1864-1689-023-23,EP短片壁纸合集,1864,.jpg,1864-1689-023-23.jpg,希希芙主题壁纸(2560x1080),wallpapers|1864|1689|23|https://act-upload.mihoyo.com/nap-obc-indep/2026/04/20/73751405/29ee1b4c02363456d2ccd7dc3b5133ec_4604824765388095443.jpg,1689,官方壁纸合集\EP短片壁纸合集\希希芙主题壁纸(2560x1080),官方壁纸合集\EP短片壁纸合集\希希芙主题壁纸(2560x1080)\1864-1689-023-23.jpg,unchanged,wallpapers,23,https://act-upload.mihoyo.com/nap-obc-indep/2026/04/20/73751405/29ee1b4c02363456d2ccd7dc3b5133ec_4604824765388095443.jpg
1864-1689-024-24,EP短片壁纸合集,1864,.jpg,1864-1689-024-24.jpg,希希芙主题壁纸(2560x1080),wallpapers|1864|1689|24|https://act-upload.mihoyo.com/nap-obc-indep/2026/04/20/73751405/7a460a992530a8624ccaed6424a782d5_4792958215639154531.jpg,1689,官方壁纸合集\EP短片壁纸合集\希希芙主题壁纸(2560x1080),官方壁纸合集\EP短片壁纸合集\希希芙主题壁纸(2560x1080)\1864-1689-024-24.jpg,unchanged,wallpapers,24,https://act-upload.mihoyo.com/nap-obc-indep/2026/04/20/73751405/7a460a992530a8624ccaed6424a782d5_4792958215639154531.jpg
1864-1689-025-25,EP短片壁纸合集,1864,.jpg,1864-1689-025-25.jpg,希希芙主题壁纸(2560x1080),wallpapers|1864|1689|25|https://act-upload.mihoyo.com/nap-obc-indep/2026/04/20/73751405/628bedb9816be681923f5c6a8c333860_3848653212958870185.jpg,1689,官方壁纸合集\EP短片壁纸合集\希希芙主题壁纸(2560x1080),官方壁纸合集\EP短片壁纸合集\希希芙主题壁纸(2560x1080)\1864-1689-025-25.jpg,unchanged,wallpapers,25,https://act-upload.mihoyo.com/nap-obc-indep/2026/04/20/73751405/628bedb9816be681923f5c6a8c333860_3848653212958870185.jpg
1864-1689-026-26,EP短片壁纸合集,1864,.jpg,1864-1689-026-26.jpg,希希芙主题壁纸(2560x1080),wallpapers|1864|1689|26|https://act-upload.mihoyo.com/nap-obc-indep/2026/04/20/73751405/9b1354caac2b45e430f4dd263c1a90b0_4845155435889888167.jpg,1689,官方壁纸合集\EP短片壁纸合集\希希芙主题壁纸(2560x1080),官方壁纸合集\EP短片壁纸合集\希希芙主题壁纸(2560x1080)\1864-1689-026-26.jpg,unchanged,wallpapers,26,https://act-upload.mihoyo.com/nap-obc-indep/2026/04/20/73751405/9b1354caac2b45e430f4dd263c1a90b0_4845155435889888167.jpg
1864-1689-027-27,EP短片壁纸合集,1864,.jpg,1864-1689-027-27.jpg,希希芙主题壁纸(2560x1080),wallpapers|1864|1689|27|https://act-upload.mihoyo.com/nap-obc-indep/2026/04/20/73751405/b01fac138f10d4c0edacd1ed5d9a0444_993823152348100813.jpg,1689,官方壁纸合集\EP短片壁纸合集\希希芙主题壁纸(2560x1080),官方壁纸合集\EP短片壁纸合集\希希芙主题壁纸(2560x1080)\1864-1689-027-27.jpg,unchanged,wallpapers,27,https://act-upload.mihoyo.com/nap-obc-indep/2026/04/20/73751405/b01fac138f10d4c0edacd1ed5d9a0444_993823152348100813.jpg
1864-1689-028-28,EP短片壁纸合集,1864,.jpg,1864-1689-028-28.jpg,希希芙主题壁纸(2560x1080),wallpapers|1864|1689|28|https://act-upload.mihoyo.com/nap-obc-indep/2026/04/20/73751405/4b65bff1adc4fa1fba97023ee8da85a5_230292780516606368.jpg,1689,官方壁纸合集\EP短片壁纸合集\希希芙主题壁纸(2560x1080),官方壁纸合集\EP短片壁纸合集\希希芙主题壁纸(2560x1080)\1864-1689-028-28.jpg,unchanged,wallpapers,28,https://act-upload.mihoyo.com/nap-obc-indep/2026/04/20/73751405/4b65bff1adc4fa1fba97023ee8da85a5_230292780516606368.jpg
1864-1689-029-29,EP短片壁纸合集,1864,.jpg,1864-1689-029-29.jpg,希希芙主题壁纸(2560x1080),wallpapers|1864|1689|29|https://act-upload.mihoyo.com/nap-obc-indep/2026/04/20/73751405/cac689e9ebfa8df8f08ed79029c2af29_5852687189673730618.jpg,1689,官方壁纸合集\EP短片壁纸合集\希希芙主题壁纸(2560x1080),官方壁纸合集\EP短片壁纸合集\希希芙主题壁纸(2560x1080)\1864-1689-029-29.jpg,unchanged,wallpapers,29,https://act-upload.mihoyo.com/nap-obc-indep/2026/04/20/73751405/cac689e9ebfa8df8f08ed79029c2af29_5852687189673730618.jpg
1864-1689-030-30,EP短片壁纸合集,1864,.jpg,1864-1689-030-30.jpg,希希芙主题壁纸(2560x1080),wallpapers|1864|1689|30|https://act-upload.mihoyo.com/nap-obc-indep/2026/04/20/73751405/dbaca6604c9cf98be8985e19d50e46d7_4304612674265479570.jpg,1689,官方壁纸合集\EP短片壁纸合集\希希芙主题壁纸(2560x1080),官方壁纸合集\EP短片壁纸合集\希希芙主题壁纸(2560x1080)\1864-1689-030-30.jpg,unchanged,wallpapers,30,https://act-upload.mihoyo.com/nap-obc-indep/2026/04/20/73751405/dbaca6604c9cf98be8985e19d50e46d7_4304612674265479570.jpg
1864-1689-031-31,EP短片壁纸合集,1864,.jpg,1864-1689-031-31.jpg,希希芙主题壁纸(2560x1080),wallpapers|1864|1689|31|https://act-upload.mihoyo.com/nap-obc-indep/2026/04/20/73751405/de6bf9ae9ccd7b2f22eefffbe87cbbca_9062325248898704519.jpg,1689,官方壁纸合集\EP短片壁纸合集\希希芙主题壁纸(2560x1080),官方壁纸合集\EP短片壁纸合集\希希芙主题壁纸(2560x1080)\1864-1689-031-31.jpg,unchanged,wallpapers,31,https://act-upload.mihoyo.com/nap-obc-indep/2026/04/20/73751405/de6bf9ae9ccd7b2f22eefffbe87cbbca_9062325248898704519.jpg
1864-1689-032-32,EP短片壁纸合集,1864,.jpg,1864-1689-032-32.jpg,希希芙主题壁纸(2560x1080),wallpapers|1864|1689|32|https://act-upload.mihoyo.com/nap-obc-indep/2026/04/20/73751405/3fbd5826bf47a4c0babf40392495772d_6222097428689338003.jpg,1689,官方壁纸合集\EP短片壁纸合集\希希芙主题壁纸(2560x1080),官方壁纸合集\EP短片壁纸合集\希希芙主题壁纸(2560x1080)\1864-1689-032-32.jpg,unchanged,wallpapers,32,https://act-upload.mihoyo.com/nap-obc-indep/2026/04/20/73751405/3fbd5826bf47a4c0babf40392495772d_6222097428689338003.jpg
1864-1678-001-1,EP短片壁纸合集,1864,.jpg,1864-1678-001-1.jpg,南宫羽主题壁纸(3840x2160),wallpapers|1864|1678|1|https://act-upload.mihoyo.com/nap-obc-indep/2026/03/31/73751405/d35f9105957fd17314764e75f2933cba_2555911062435431268.jpg,1678,官方壁纸合集\EP短片壁纸合集\南宫羽主题壁纸(3840x2160),官方壁纸合集\EP短片壁纸合集\南宫羽主题壁纸(3840x2160)\1864-1678-001-1.jpg,unchanged,wallpapers,1,https://act-upload.mihoyo.com/nap-obc-indep/2026/03/31/73751405/d35f9105957fd17314764e75f2933cba_2555911062435431268.jpg
1864-1678-002-2,EP短片壁纸合集,1864,.jpg,1864-1678-002-2.jpg,南宫羽主题壁纸(3840x2160),wallpapers|1864|1678|2|https://act-upload.mihoyo.com/nap-obc-indep/2026/03/31/73751405/22ed6c4fc69a27fa3f9f397f83863a97_7438944239789462905.jpg,1678,官方壁纸合集\EP短片壁纸合集\南宫羽主题壁纸(3840x2160),官方壁纸合集\EP短片壁纸合集\南宫羽主题壁纸(3840x2160)\1864-1678-002-2.jpg,unchanged,wallpapers,2,https://act-upload.mihoyo.com/nap-obc-indep/2026/03/31/73751405/22ed6c4fc69a27fa3f9f397f83863a97_7438944239789462905.jpg
1864-1678-003-3,EP短片壁纸合集,1864,.jpg,1864-1678-003-3.jpg,南宫羽主题壁纸(3840x2160),wallpapers|1864|1678|3|https://act-upload.mihoyo.com/nap-obc-indep/2026/03/31/73751405/1b5bfc76bbedf7aae1330d7d41b8bf31_1641806365116459365.jpg,1678,官方壁纸合集\EP短片壁纸合集\南宫羽主题壁纸(3840x2160),官方壁纸合集\EP短片壁纸合集\南宫羽主题壁纸(3840x2160)\1864-1678-003-3.jpg,unchanged,wallpapers,3,https://act-upload.mihoyo.com/nap-obc-indep/2026/03/31/73751405/1b5bfc76bbedf7aae1330d7d41b8bf31_1641806365116459365.jpg
1864-1678-004-4,EP短片壁纸合集,1864,.jpg,1864-1678-004-4.jpg,南宫羽主题壁纸(3840x2160),wallpapers|1864|1678|4|https://act-upload.mihoyo.com/nap-obc-indep/2026/03/31/73751405/14d90f4c3b5123e46eb6d625af6158ee_7355382255020676275.jpg,1678,官方壁纸合集\EP短片壁纸合集\南宫羽主题壁纸(3840x2160),官方壁纸合集\EP短片壁纸合集\南宫羽主题壁纸(3840x2160)\1864-1678-004-4.jpg,unchanged,wallpapers,4,https://act-upload.mihoyo.com/nap-obc-indep/2026/03/31/73751405/14d90f4c3b5123e46eb6d625af6158ee_7355382255020676275.jpg
1864-1678-005-5,EP短片壁纸合集,1864,.jpg,1864-1678-005-5.jpg,南宫羽主题壁纸(3840x2160),wallpapers|1864|1678|5|https://act-upload.mihoyo.com/nap-obc-indep/2026/03/31/73751405/b0a6e3611f5f5160e21c4b059bb98b39_6539410291192063268.jpg,1678,官方壁纸合集\EP短片壁纸合集\南宫羽主题壁纸(3840x2160),官方壁纸合集\EP短片壁纸合集\南宫羽主题壁纸(3840x2160)\1864-1678-005-5.jpg,unchanged,wallpapers,5,https://act-upload.mihoyo.com/nap-obc-indep/2026/03/31/73751405/b0a6e3611f5f5160e21c4b059bb98b39_6539410291192063268.jpg
1864-1678-006-6,EP短片壁纸合集,1864,.jpg,1864-1678-006-6.jpg,南宫羽主题壁纸(3840x2160),wallpapers|1864|1678|6|https://act-upload.mihoyo.com/nap-obc-indep/2026/03/31/73751405/e2126534fbe09468eb1ffb80086b8110_5695095021307197307.jpg,1678,官方壁纸合集\EP短片壁纸合集\南宫羽主题壁纸(3840x2160),官方壁纸合集\EP短片壁纸合集\南宫羽主题壁纸(3840x2160)\1864-1678-006-6.jpg,unchanged,wallpapers,6,https://act-upload.mihoyo.com/nap-obc-indep/2026/03/31/73751405/e2126534fbe09468eb1ffb80086b8110_5695095021307197307.jpg
1864-1678-007-7,EP短片壁纸合集,1864,.jpg,1864-1678-007-7.jpg,南宫羽主题壁纸(3840x2160),wallpapers|1864|1678|7|https://act-upload.mihoyo.com/nap-obc-indep/2026/03/31/73751405/0481b684a682aaa0a9ad75b5221b9f24_1488776061210615183.jpg,1678,官方壁纸合集\EP短片壁纸合集\南宫羽主题壁纸(3840x2160),官方壁纸合集\EP短片壁纸合集\南宫羽主题壁纸(3840x2160)\1864-1678-007-7.jpg,unchanged,wallpapers,7,https://act-upload.mihoyo.com/nap-obc-indep/2026/03/31/73751405/0481b684a682aaa0a9ad75b5221b9f24_1488776061210615183.jpg
1864-1678-008-8,EP短片壁纸合集,1864,.jpg,1864-1678-008-8.jpg,南宫羽主题壁纸(3840x2160),wallpapers|1864|1678|8|https://act-upload.mihoyo.com/nap-obc-indep/2026/03/31/73751405/b5480964409aeef0529013120deb909c_5379942488435925270.jpg,1678,官方壁纸合集\EP短片壁纸合集\南宫羽主题壁纸(3840x2160),官方壁纸合集\EP短片壁纸合集\南宫羽主题壁纸(3840x2160)\1864-1678-008-8.jpg,unchanged,wallpapers,8,https://act-upload.mihoyo.com/nap-obc-indep/2026/03/31/73751405/b5480964409aeef0529013120deb909c_5379942488435925270.jpg
1864-1678-009-9,EP短片壁纸合集,1864,.jpg,1864-1678-009-9.jpg,南宫羽主题壁纸(3840x2160),wallpapers|1864|1678|9|https://act-upload.mihoyo.com/nap-obc-indep/2026/03/31/73751405/96301445d9831e5de69e0389ad9c2019_8711519644752697201.jpg,1678,官方壁纸合集\EP短片壁纸合集\南宫羽主题壁纸(3840x2160),官方壁纸合集\EP短片壁纸合集\南宫羽主题壁纸(3840x2160)\1864-1678-009-9.jpg,unchanged,wallpapers,9,https://act-upload.mihoyo.com/nap-obc-indep/2026/03/31/73751405/96301445d9831e5de69e0389ad9c2019_8711519644752697201.jpg
1864-1678-010-10,EP短片壁纸合集,1864,.jpg,1864-1678-010-10.jpg,南宫羽主题壁纸(3840x2160),wallpapers|1864|1678|10|https://act-upload.mihoyo.com/nap-obc-indep/2026/03/31/73751405/2befe29becc339b07fdf66ba4a85db45_7581804755559533965.jpg,1678,官方壁纸合集\EP短片壁纸合集\南宫羽主题壁纸(3840x2160),官方壁纸合集\EP短片壁纸合集\南宫羽主题壁纸(3840x2160)\1864-1678-010-10.jpg,unchanged,wallpapers,10,https://act-upload.mihoyo.com/nap-obc-indep/2026/03/31/73751405/2befe29becc339b07fdf66ba4a85db45_7581804755559533965.jpg
1864-1678-011-11,EP短片壁纸合集,1864,.jpg,1864-1678-011-11.jpg,南宫羽主题壁纸(3840x2160),wallpapers|1864|1678|11|https://act-upload.mihoyo.com/nap-obc-indep/2026/03/31/73751405/b5159875bd864aec5ed25652a84d57df_8475787665811712285.jpg,1678,官方壁纸合集\EP短片壁纸合集\南宫羽主题壁纸(3840x2160),官方壁纸合集\EP短片壁纸合集\南宫羽主题壁纸(3840x2160)\1864-1678-011-11.jpg,unchanged,wallpapers,11,https://act-upload.mihoyo.com/nap-obc-indep/2026/03/31/73751405/b5159875bd864aec5ed25652a84d57df_8475787665811712285.jpg
1864-1678-012-12,EP短片壁纸合集,1864,.jpg,1864-1678-012-12.jpg,南宫羽主题壁纸(3840x2160),wallpapers|1864|1678|12|https://act-upload.mihoyo.com/nap-obc-indep/2026/03/31/73751405/6c16d8e45440bc99d656e3d43bfb2d07_8390951327823286246.jpg,1678,官方壁纸合集\EP短片壁纸合集\南宫羽主题壁纸(3840x2160),官方壁纸合集\EP短片壁纸合集\南宫羽主题壁纸(3840x2160)\1864-1678-012-12.jpg,unchanged,wallpapers,12,https://act-upload.mihoyo.com/nap-obc-indep/2026/03/31/73751405/6c16d8e45440bc99d656e3d43bfb2d07_8390951327823286246.jpg
1864-1678-013-13,EP短片壁纸合集,1864,.jpg,1864-1678-013-13.jpg,南宫羽主题壁纸(3840x2160),wallpapers|1864|1678|13|https://act-upload.mihoyo.com/nap-obc-indep/2026/03/31/73751405/38c9018376e2af3dd024e8564b95fe6e_6370605318734822017.jpg,1678,官方壁纸合集\EP短片壁纸合集\南宫羽主题壁纸(3840x2160),官方壁纸合集\EP短片壁纸合集\南宫羽主题壁纸(3840x2160)\1864-1678-013-13.jpg,unchanged,wallpapers,13,https://act-upload.mihoyo.com/nap-obc-indep/2026/03/31/73751405/38c9018376e2af3dd024e8564b95fe6e_6370605318734822017.jpg
1864-1678-014-14,EP短片壁纸合集,1864,.jpg,1864-1678-014-14.jpg,南宫羽主题壁纸(3840x2160),wallpapers|1864|1678|14|https://act-upload.mihoyo.com/nap-obc-indep/2026/03/31/73751405/a7d9bee6397e3aab8bd1c35028ffd306_7080054809109415637.jpg,1678,官方壁纸合集\EP短片壁纸合集\南宫羽主题壁纸(3840x2160),官方壁纸合集\EP短片壁纸合集\南宫羽主题壁纸(3840x2160)\1864-1678-014-14.jpg,unchanged,wallpapers,14,https://act-upload.mihoyo.com/nap-obc-indep/2026/03/31/73751405/a7d9bee6397e3aab8bd1c35028ffd306_7080054809109415637.jpg
1864-1678-015-15,EP短片壁纸合集,1864,.jpg,1864-1678-015-15.jpg,南宫羽主题壁纸(3840x2160),wallpapers|1864|1678|15|https://act-upload.mihoyo.com/nap-obc-indep/2026/03/31/73751405/ae693641d5d9704e48ea70e34649a1e1_5523380890797604283.jpg,1678,官方壁纸合集\EP短片壁纸合集\南宫羽主题壁纸(3840x2160),官方壁纸合集\EP短片壁纸合集\南宫羽主题壁纸(3840x2160)\1864-1678-015-15.jpg,unchanged,wallpapers,15,https://act-upload.mihoyo.com/nap-obc-indep/2026/03/31/73751405/ae693641d5d9704e48ea70e34649a1e1_5523380890797604283.jpg
1864-1678-016-16,EP短片壁纸合集,1864,.jpg,1864-1678-016-16.jpg,南宫羽主题壁纸(3840x2160),wallpapers|1864|1678|16|https://act-upload.mihoyo.com/nap-obc-indep/2026/03/31/73751405/089b5f4c3f7fa8eb71fcf557347c6058_5303001247846667076.jpg,1678,官方壁纸合集\EP短片壁纸合集\南宫羽主题壁纸(3840x2160),官方壁纸合集\EP短片壁纸合集\南宫羽主题壁纸(3840x2160)\1864-1678-016-16.jpg,unchanged,wallpapers,16,https://act-upload.mihoyo.com/nap-obc-indep/2026/03/31/73751405/089b5f4c3f7fa8eb71fcf557347c6058_5303001247846667076.jpg
1864-1678-017-17,EP短片壁纸合集,1864,.jpg,1864-1678-017-17.jpg,南宫羽主题壁纸(3840x2160),wallpapers|1864|1678|17|https://act-upload.mihoyo.com/nap-obc-indep/2026/03/31/73751405/329aea800761019a3e7602ec19d313fe_5906425660006276131.jpg,1678,官方壁纸合集\EP短片壁纸合集\南宫羽主题壁纸(3840x2160),官方壁纸合集\EP短片壁纸合集\南宫羽主题壁纸(3840x2160)\1864-1678-017-17.jpg,unchanged,wallpapers,17,https://act-upload.mihoyo.com/nap-obc-indep/2026/03/31/73751405/329aea800761019a3e7602ec19d313fe_5906425660006276131.jpg
1864-1678-018-18,EP短片壁纸合集,1864,.jpg,1864-1678-018-18.jpg,南宫羽主题壁纸(3840x2160),wallpapers|1864|1678|18|https://act-upload.mihoyo.com/nap-obc-indep/2026/03/31/73751405/9720529c3c1ecb930686eb7eed723b1c_2836379473070904943.jpg,1678,官方壁纸合集\EP短片壁纸合集\南宫羽主题壁纸(3840x2160),官方壁纸合集\EP短片壁纸合集\南宫羽主题壁纸(3840x2160)\1864-1678-018-18.jpg,unchanged,wallpapers,18,https://act-upload.mihoyo.com/nap-obc-indep/2026/03/31/73751405/9720529c3c1ecb930686eb7eed723b1c_2836379473070904943.jpg
1864-1678-019-19,EP短片壁纸合集,1864,.jpg,1864-1678-019-19.jpg,南宫羽主题壁纸(3840x2160),wallpapers|1864|1678|19|https://act-upload.mihoyo.com/nap-obc-indep/2026/03/31/73751405/bd8f2952f23bdfeb648385b2f226b509_3122785800126196682.jpg,1678,官方壁纸合集\EP短片壁纸合集\南宫羽主题壁纸(3840x2160),官方壁纸合集\EP短片壁纸合集\南宫羽主题壁纸(3840x2160)\1864-1678-019-19.jpg,unchanged,wallpapers,19,https://act-upload.mihoyo.com/nap-obc-indep/2026/03/31/73751405/bd8f2952f23bdfeb648385b2f226b509_3122785800126196682.jpg
1864-1678-020-20,EP短片壁纸合集,1864,.jpg,1864-1678-020-20.jpg,南宫羽主题壁纸(3840x2160),wallpapers|1864|1678|20|https://act-upload.mihoyo.com/nap-obc-indep/2026/03/31/73751405/b22604ca3efe94efdfa505dc97410cbe_401813787627991691.jpg,1678,官方壁纸合集\EP短片壁纸合集\南宫羽主题壁纸(3840x2160),官方壁纸合集\EP短片壁纸合集\南宫羽主题壁纸(3840x2160)\1864-1678-020-20.jpg,unchanged,wallpapers,20,https://act-upload.mihoyo.com/nap-obc-indep/2026/03/31/73751405/b22604ca3efe94efdfa505dc97410cbe_401813787627991691.jpg
1864-1678-021-21,EP短片壁纸合集,1864,.jpg,1864-1678-021-21.jpg,南宫羽主题壁纸(3840x2160),wallpapers|1864|1678|21|https://act-upload.mihoyo.com/nap-obc-indep/2026/03/31/73751405/dbb3d29bdf783b8bfe593f93a779396f_2515822143140674893.jpg,1678,官方壁纸合集\EP短片壁纸合集\南宫羽主题壁纸(3840x2160),官方壁纸合集\EP短片壁纸合集\南宫羽主题壁纸(3840x2160)\1864-1678-021-21.jpg,unchanged,wallpapers,21,https://act-upload.mihoyo.com/nap-obc-indep/2026/03/31/73751405/dbb3d29bdf783b8bfe593f93a779396f_2515822143140674893.jpg
1864-1678-022-22,EP短片壁纸合集,1864,.jpg,1864-1678-022-22.jpg,南宫羽主题壁纸(3840x2160),wallpapers|1864|1678|22|https://act-upload.mihoyo.com/nap-obc-indep/2026/03/31/73751405/b95ba807e74095b00d954ef78b5304dc_3054761397878266435.jpg,1678,官方壁纸合集\EP短片壁纸合集\南宫羽主题壁纸(3840x2160),官方壁纸合集\EP短片壁纸合集\南宫羽主题壁纸(3840x2160)\1864-1678-022-22.jpg,unchanged,wallpapers,22,https://act-upload.mihoyo.com/nap-obc-indep/2026/03/31/73751405/b95ba807e74095b00d954ef78b5304dc_3054761397878266435.jpg
1864-1678-023-23,EP短片壁纸合集,1864,.jpg,1864-1678-023-23.jpg,南宫羽主题壁纸(3840x2160),wallpapers|1864|1678|23|https://act-upload.mihoyo.com/nap-obc-indep/2026/03/31/73751405/3ea961c72e61121760892477737b2504_1096928325909921862.jpg,1678,官方壁纸合集\EP短片壁纸合集\南宫羽主题壁纸(3840x2160),官方壁纸合集\EP短片壁纸合集\南宫羽主题壁纸(3840x2160)\1864-1678-023-23.jpg,unchanged,wallpapers,23,https://act-upload.mihoyo.com/nap-obc-indep/2026/03/31/73751405/3ea961c72e61121760892477737b2504_1096928325909921862.jpg
1864-1678-024-24,EP短片壁纸合集,1864,.jpg,1864-1678-024-24.jpg,南宫羽主题壁纸(3840x2160),wallpapers|1864|1678|24|https://act-upload.mihoyo.com/nap-obc-indep/2026/03/31/73751405/50d4e72aea1ae69ec2ed977fd934bf14_7817890781467241181.jpg,1678,官方壁纸合集\EP短片壁纸合集\南宫羽主题壁纸(3840x2160),官方壁纸合集\EP短片壁纸合集\南宫羽主题壁纸(3840x2160)\1864-1678-024-24.jpg,unchanged,wallpapers,24,https://act-upload.mihoyo.com/nap-obc-indep/2026/03/31/73751405/50d4e72aea1ae69ec2ed977fd934bf14_7817890781467241181.jpg
1864-1678-025-25,EP短片壁纸合集,1864,.jpg,1864-1678-025-25.jpg,南宫羽主题壁纸(3840x2160),wallpapers|1864|1678|25|https://act-upload.mihoyo.com/nap-obc-indep/2026/03/31/73751405/dedbd2c4b97d4065895bd50d15e96945_6545796456743255752.jpg,1678,官方壁纸合集\EP短片壁纸合集\南宫羽主题壁纸(3840x2160),官方壁纸合集\EP短片壁纸合集\南宫羽主题壁纸(3840x2160)\1864-1678-025-25.jpg,unchanged,wallpapers,25,https://act-upload.mihoyo.com/nap-obc-indep/2026/03/31/73751405/dedbd2c4b97d4065895bd50d15e96945_6545796456743255752.jpg
1864-1678-026-26,EP短片壁纸合集,1864,.jpg,1864-1678-026-26.jpg,南宫羽主题壁纸(3840x2160),wallpapers|1864|1678|26|https://act-upload.mihoyo.com/nap-obc-indep/2026/03/31/73751405/a9a66a84fd7b90d15b6fa15c15dffc1f_264017643146843263.jpg,1678,官方壁纸合集\EP短片壁纸合集\南宫羽主题壁纸(3840x2160),官方壁纸合集\EP短片壁纸合集\南宫羽主题壁纸(3840x2160)\1864-1678-026-26.jpg,unchanged,wallpapers,26,https://act-upload.mihoyo.com/nap-obc-indep/2026/03/31/73751405/a9a66a84fd7b90d15b6fa15c15dffc1f_264017643146843263.jpg
1864-1678-027-27,EP短片壁纸合集,1864,.jpg,1864-1678-027-27.jpg,南宫羽主题壁纸(3840x2160),wallpapers|1864|1678|27|https://act-upload.mihoyo.com/nap-obc-indep/2026/03/31/73751405/ba892de4be82b47b237517c882ce8366_4609960510432810300.jpg,1678,官方壁纸合集\EP短片壁纸合集\南宫羽主题壁纸(3840x2160),官方壁纸合集\EP短片壁纸合集\南宫羽主题壁纸(3840x2160)\1864-1678-027-27.jpg,unchanged,wallpapers,27,https://act-upload.mihoyo.com/nap-obc-indep/2026/03/31/73751405/ba892de4be82b47b237517c882ce8366_4609960510432810300.jpg
1864-1678-028-28,EP短片壁纸合集,1864,.jpg,1864-1678-028-28.jpg,南宫羽主题壁纸(3840x2160),wallpapers|1864|1678|28|https://act-upload.mihoyo.com/nap-obc-indep/2026/03/31/73751405/a7f91ffc27da0ba3e31f1ae19cae1988_886373168942584399.jpg,1678,官方壁纸合集\EP短片壁纸合集\南宫羽主题壁纸(3840x2160),官方壁纸合集\EP短片壁纸合集\南宫羽主题壁纸(3840x2160)\1864-1678-028-28.jpg,unchanged,wallpapers,28,https://act-upload.mihoyo.com/nap-obc-indep/2026/03/31/73751405/a7f91ffc27da0ba3e31f1ae19cae1988_886373168942584399.jpg
1864-1678-029-29,EP短片壁纸合集,1864,.jpg,1864-1678-029-29.jpg,南宫羽主题壁纸(3840x2160),wallpapers|1864|1678|29|https://act-upload.mihoyo.com/nap-obc-indep/2026/03/31/73751405/2dcf285f15c5668de90e329655afc64a_1911233286888621656.jpg,1678,官方壁纸合集\EP短片壁纸合集\南宫羽主题壁纸(3840x2160),官方壁纸合集\EP短片壁纸合集\南宫羽主题壁纸(3840x2160)\1864-1678-029-29.jpg,unchanged,wallpapers,29,https://act-upload.mihoyo.com/nap-obc-indep/2026/03/31/73751405/2dcf285f15c5668de90e329655afc64a_1911233286888621656.jpg
1864-1678-030-30,EP短片壁纸合集,1864,.jpg,1864-1678-030-30.jpg,南宫羽主题壁纸(3840x2160),wallpapers|1864|1678|30|https://act-upload.mihoyo.com/nap-obc-indep/2026/03/31/73751405/f00b8f2f37ee455d2e8dfdb3927f54f3_1025326637939982551.jpg,1678,官方壁纸合集\EP短片壁纸合集\南宫羽主题壁纸(3840x2160),官方壁纸合集\EP短片壁纸合集\南宫羽主题壁纸(3840x2160)\1864-1678-030-30.jpg,unchanged,wallpapers,30,https://act-upload.mihoyo.com/nap-obc-indep/2026/03/31/73751405/f00b8f2f37ee455d2e8dfdb3927f54f3_1025326637939982551.jpg
1864-1678-031-31,EP短片壁纸合集,1864,.jpg,1864-1678-031-31.jpg,南宫羽主题壁纸(3840x2160),wallpapers|1864|1678|31|https://act-upload.mihoyo.com/nap-obc-indep/2026/03/31/73751405/bac7ae1355a70c3d17922cce4c1d7431_4660423041044399761.jpg,1678,官方壁纸合集\EP短片壁纸合集\南宫羽主题壁纸(3840x2160),官方壁纸合集\EP短片壁纸合集\南宫羽主题壁纸(3840x2160)\1864-1678-031-31.jpg,unchanged,wallpapers,31,https://act-upload.mihoyo.com/nap-obc-indep/2026/03/31/73751405/bac7ae1355a70c3d17922cce4c1d7431_4660423041044399761.jpg
1864-1677-001-1,EP短片壁纸合集,1864,.jpg,1864-1677-001-1.jpg,南宫羽主题壁纸(2560x1080),wallpapers|1864|1677|1|https://act-upload.mihoyo.com/nap-obc-indep/2026/03/31/73751405/af524976c653c79bcb41a8528193bfc6_6987053244410453395.jpg,1677,官方壁纸合集\EP短片壁纸合集\南宫羽主题壁纸(2560x1080),官方壁纸合集\EP短片壁纸合集\南宫羽主题壁纸(2560x1080)\1864-1677-001-1.jpg,unchanged,wallpapers,1,https://act-upload.mihoyo.com/nap-obc-indep/2026/03/31/73751405/af524976c653c79bcb41a8528193bfc6_6987053244410453395.jpg
1864-1677-002-2,EP短片壁纸合集,1864,.jpg,1864-1677-002-2.jpg,南宫羽主题壁纸(2560x1080),wallpapers|1864|1677|2|https://act-upload.mihoyo.com/nap-obc-indep/2026/03/31/73751405/2e7583bec7eac5f018e83eb6763a6df9_2824280597088247984.jpg,1677,官方壁纸合集\EP短片壁纸合集\南宫羽主题壁纸(2560x1080),官方壁纸合集\EP短片壁纸合集\南宫羽主题壁纸(2560x1080)\1864-1677-002-2.jpg,unchanged,wallpapers,2,https://act-upload.mihoyo.com/nap-obc-indep/2026/03/31/73751405/2e7583bec7eac5f018e83eb6763a6df9_2824280597088247984.jpg
1864-1677-003-3,EP短片壁纸合集,1864,.jpg,1864-1677-003-3.jpg,南宫羽主题壁纸(2560x1080),wallpapers|1864|1677|3|https://act-upload.mihoyo.com/nap-obc-indep/2026/03/31/73751405/3d290cee2cd863c245a15705867aaf8a_6125535206025258248.jpg,1677,官方壁纸合集\EP短片壁纸合集\南宫羽主题壁纸(2560x1080),官方壁纸合集\EP短片壁纸合集\南宫羽主题壁纸(2560x1080)\1864-1677-003-3.jpg,unchanged,wallpapers,3,https://act-upload.mihoyo.com/nap-obc-indep/2026/03/31/73751405/3d290cee2cd863c245a15705867aaf8a_6125535206025258248.jpg
1864-1677-004-4,EP短片壁纸合集,1864,.jpg,1864-1677-004-4.jpg,南宫羽主题壁纸(2560x1080),wallpapers|1864|1677|4|https://act-upload.mihoyo.com/nap-obc-indep/2026/03/31/73751405/d45ec9fa122f3adfca06231e7adeb9b1_1808728164140305633.jpg,1677,官方壁纸合集\EP短片壁纸合集\南宫羽主题壁纸(2560x1080),官方壁纸合集\EP短片壁纸合集\南宫羽主题壁纸(2560x1080)\1864-1677-004-4.jpg,unchanged,wallpapers,4,https://act-upload.mihoyo.com/nap-obc-indep/2026/03/31/73751405/d45ec9fa122f3adfca06231e7adeb9b1_1808728164140305633.jpg
1864-1677-005-5,EP短片壁纸合集,1864,.jpg,1864-1677-005-5.jpg,南宫羽主题壁纸(2560x1080),wallpapers|1864|1677|5|https://act-upload.mihoyo.com/nap-obc-indep/2026/03/31/73751405/26d9630fb711c1b4d86a0146b365dc17_3725104760800564431.jpg,1677,官方壁纸合集\EP短片壁纸合集\南宫羽主题壁纸(2560x1080),官方壁纸合集\EP短片壁纸合集\南宫羽主题壁纸(2560x1080)\1864-1677-005-5.jpg,unchanged,wallpapers,5,https://act-upload.mihoyo.com/nap-obc-indep/2026/03/31/73751405/26d9630fb711c1b4d86a0146b365dc17_3725104760800564431.jpg
1864-1677-006-6,EP短片壁纸合集,1864,.jpg,1864-1677-006-6.jpg,南宫羽主题壁纸(2560x1080),wallpapers|1864|1677|6|https://act-upload.mihoyo.com/nap-obc-indep/2026/03/31/73751405/d817de0fd1c5f24621a96cd831aaf8a1_2873176170312774476.jpg,1677,官方壁纸合集\EP短片壁纸合集\南宫羽主题壁纸(2560x1080),官方壁纸合集\EP短片壁纸合集\南宫羽主题壁纸(2560x1080)\1864-1677-006-6.jpg,unchanged,wallpapers,6,https://act-upload.mihoyo.com/nap-obc-indep/2026/03/31/73751405/d817de0fd1c5f24621a96cd831aaf8a1_2873176170312774476.jpg
1864-1677-007-7,EP短片壁纸合集,1864,.jpg,1864-1677-007-7.jpg,南宫羽主题壁纸(2560x1080),wallpapers|1864|1677|7|https://act-upload.mihoyo.com/nap-obc-indep/2026/03/31/73751405/34b62129622467dd01e4084ed03b1925_7849568372425102647.jpg,1677,官方壁纸合集\EP短片壁纸合集\南宫羽主题壁纸(2560x1080),官方壁纸合集\EP短片壁纸合集\南宫羽主题壁纸(2560x1080)\1864-1677-007-7.jpg,unchanged,wallpapers,7,https://act-upload.mihoyo.com/nap-obc-indep/2026/03/31/73751405/34b62129622467dd01e4084ed03b1925_7849568372425102647.jpg
1864-1677-008-8,EP短片壁纸合集,1864,.jpg,1864-1677-008-8.jpg,南宫羽主题壁纸(2560x1080),wallpapers|1864|1677|8|https://act-upload.mihoyo.com/nap-obc-indep/2026/03/31/73751405/3323c69dfa9cf3819853f73668da0716_6980068107365138551.jpg,1677,官方壁纸合集\EP短片壁纸合集\南宫羽主题壁纸(2560x1080),官方壁纸合集\EP短片壁纸合集\南宫羽主题壁纸(2560x1080)\1864-1677-008-8.jpg,unchanged,wallpapers,8,https://act-upload.mihoyo.com/nap-obc-indep/2026/03/31/73751405/3323c69dfa9cf3819853f73668da0716_6980068107365138551.jpg
1864-1677-009-9,EP短片壁纸合集,1864,.jpg,1864-1677-009-9.jpg,南宫羽主题壁纸(2560x1080),wallpapers|1864|1677|9|https://act-upload.mihoyo.com/nap-obc-indep/2026/03/31/73751405/0c3e705e790b4cd7684f93db5d7f1513_5322208405295192008.jpg,1677,官方壁纸合集\EP短片壁纸合集\南宫羽主题壁纸(2560x1080),官方壁纸合集\EP短片壁纸合集\南宫羽主题壁纸(2560x1080)\1864-1677-009-9.jpg,unchanged,wallpapers,9,https://act-upload.mihoyo.com/nap-obc-indep/2026/03/31/73751405/0c3e705e790b4cd7684f93db5d7f1513_5322208405295192008.jpg
1864-1677-010-10,EP短片壁纸合集,1864,.jpg,1864-1677-010-10.jpg,南宫羽主题壁纸(2560x1080),wallpapers|1864|1677|10|https://act-upload.mihoyo.com/nap-obc-indep/2026/03/31/73751405/4bd3281daad403198680deeee0b6283f_13182540269676754.jpg,1677,官方壁纸合集\EP短片壁纸合集\南宫羽主题壁纸(2560x1080),官方壁纸合集\EP短片壁纸合集\南宫羽主题壁纸(2560x1080)\1864-1677-010-10.jpg,unchanged,wallpapers,10,https://act-upload.mihoyo.com/nap-obc-indep/2026/03/31/73751405/4bd3281daad403198680deeee0b6283f_13182540269676754.jpg
1864-1677-011-11,EP短片壁纸合集,1864,.jpg,1864-1677-011-11.jpg,南宫羽主题壁纸(2560x1080),wallpapers|1864|1677|11|https://act-upload.mihoyo.com/nap-obc-indep/2026/03/31/73751405/e89eadb0829cf89d80c4fb7743d6775c_2513844196202271301.jpg,1677,官方壁纸合集\EP短片壁纸合集\南宫羽主题壁纸(2560x1080),官方壁纸合集\EP短片壁纸合集\南宫羽主题壁纸(2560x1080)\1864-1677-011-11.jpg,unchanged,wallpapers,11,https://act-upload.mihoyo.com/nap-obc-indep/2026/03/31/73751405/e89eadb0829cf89d80c4fb7743d6775c_2513844196202271301.jpg
1864-1677-012-12,EP短片壁纸合集,1864,.jpg,1864-1677-012-12.jpg,南宫羽主题壁纸(2560x1080),wallpapers|1864|1677|12|https://act-upload.mihoyo.com/nap-obc-indep/2026/03/31/73751405/a87de95115c828998c18ed724613bb6a_4019784204730627729.jpg,1677,官方壁纸合集\EP短片壁纸合集\南宫羽主题壁纸(2560x1080),官方壁纸合集\EP短片壁纸合集\南宫羽主题壁纸(2560x1080)\1864-1677-012-12.jpg,unchanged,wallpapers,12,https://act-upload.mihoyo.com/nap-obc-indep/2026/03/31/73751405/a87de95115c828998c18ed724613bb6a_4019784204730627729.jpg
1864-1677-013-13,EP短片壁纸合集,1864,.jpg,1864-1677-013-13.jpg,南宫羽主题壁纸(2560x1080),wallpapers|1864|1677|13|https://act-upload.mihoyo.com/nap-obc-indep/2026/03/31/73751405/eb3f0b2ec943e13af36155fd4f30e456_1295831399901663641.jpg,1677,官方壁纸合集\EP短片壁纸合集\南宫羽主题壁纸(2560x1080),官方壁纸合集\EP短片壁纸合集\南宫羽主题壁纸(2560x1080)\1864-1677-013-13.jpg,unchanged,wallpapers,13,https://act-upload.mihoyo.com/nap-obc-indep/2026/03/31/73751405/eb3f0b2ec943e13af36155fd4f30e456_1295831399901663641.jpg
1864-1677-014-14,EP短片壁纸合集,1864,.jpg,1864-1677-014-14.jpg,南宫羽主题壁纸(2560x1080),wallpapers|1864|1677|14|https://act-upload.mihoyo.com/nap-obc-indep/2026/03/31/73751405/fe58706f9796951a3d29bb838f775fe8_1517136103202809111.jpg,1677,官方壁纸合集\EP短片壁纸合集\南宫羽主题壁纸(2560x1080),官方壁纸合集\EP短片壁纸合集\南宫羽主题壁纸(2560x1080)\1864-1677-014-14.jpg,unchanged,wallpapers,14,https://act-upload.mihoyo.com/nap-obc-indep/2026/03/31/73751405/fe58706f9796951a3d29bb838f775fe8_1517136103202809111.jpg
1864-1677-015-15,EP短片壁纸合集,1864,.jpg,1864-1677-015-15.jpg,南宫羽主题壁纸(2560x1080),wallpapers|1864|1677|15|https://act-upload.mihoyo.com/nap-obc-indep/2026/03/31/73751405/d662259eab00ff78a700bccd5c7ce384_3482557897995819395.jpg,1677,官方壁纸合集\EP短片壁纸合集\南宫羽主题壁纸(2560x1080),官方壁纸合集\EP短片壁纸合集\南宫羽主题壁纸(2560x1080)\1864-1677-015-15.jpg,unchanged,wallpapers,15,https://act-upload.mihoyo.com/nap-obc-indep/2026/03/31/73751405/d662259eab00ff78a700bccd5c7ce384_3482557897995819395.jpg
1864-1677-016-16,EP短片壁纸合集,1864,.jpg,1864-1677-016-16.jpg,南宫羽主题壁纸(2560x1080),wallpapers|1864|1677|16|https://act-upload.mihoyo.com/nap-obc-indep/2026/03/31/73751405/a4f369bee17aee874f4efe0cbce2ad0f_8666753562820688698.jpg,1677,官方壁纸合集\EP短片壁纸合集\南宫羽主题壁纸(2560x1080),官方壁纸合集\EP短片壁纸合集\南宫羽主题壁纸(2560x1080)\1864-1677-016-16.jpg,unchanged,wallpapers,16,https://act-upload.mihoyo.com/nap-obc-indep/2026/03/31/73751405/a4f369bee17aee874f4efe0cbce2ad0f_8666753562820688698.jpg
1864-1677-017-17,EP短片壁纸合集,1864,.jpg,1864-1677-017-17.jpg,南宫羽主题壁纸(2560x1080),wallpapers|1864|1677|17|https://act-upload.mihoyo.com/nap-obc-indep/2026/03/31/73751405/92ac4533616a379578fbec7eaf182ca0_2620676248303536513.jpg,1677,官方壁纸合集\EP短片壁纸合集\南宫羽主题壁纸(2560x1080),官方壁纸合集\EP短片壁纸合集\南宫羽主题壁纸(2560x1080)\1864-1677-017-17.jpg,unchanged,wallpapers,17,https://act-upload.mihoyo.com/nap-obc-indep/2026/03/31/73751405/92ac4533616a379578fbec7eaf182ca0_2620676248303536513.jpg
1864-1677-018-18,EP短片壁纸合集,1864,.jpg,1864-1677-018-18.jpg,南宫羽主题壁纸(2560x1080),wallpapers|1864|1677|18|https://act-upload.mihoyo.com/nap-obc-indep/2026/03/31/73751405/201123a17ff2f45a08eeda81fa27665e_7842840404263666409.jpg,1677,官方壁纸合集\EP短片壁纸合集\南宫羽主题壁纸(2560x1080),官方壁纸合集\EP短片壁纸合集\南宫羽主题壁纸(2560x1080)\1864-1677-018-18.jpg,unchanged,wallpapers,18,https://act-upload.mihoyo.com/nap-obc-indep/2026/03/31/73751405/201123a17ff2f45a08eeda81fa27665e_7842840404263666409.jpg
1864-1677-019-19,EP短片壁纸合集,1864,.jpg,1864-1677-019-19.jpg,南宫羽主题壁纸(2560x1080),wallpapers|1864|1677|19|https://act-upload.mihoyo.com/nap-obc-indep/2026/03/31/73751405/e72e7dac0baecf277719ab02a00ce654_5091950730014151622.jpg,1677,官方壁纸合集\EP短片壁纸合集\南宫羽主题壁纸(2560x1080),官方壁纸合集\EP短片壁纸合集\南宫羽主题壁纸(2560x1080)\1864-1677-019-19.jpg,unchanged,wallpapers,19,https://act-upload.mihoyo.com/nap-obc-indep/2026/03/31/73751405/e72e7dac0baecf277719ab02a00ce654_5091950730014151622.jpg
1864-1677-020-20,EP短片壁纸合集,1864,.jpg,1864-1677-020-20.jpg,南宫羽主题壁纸(2560x1080),wallpapers|1864|1677|20|https://act-upload.mihoyo.com/nap-obc-indep/2026/03/31/73751405/ece5f31aa4101fdd996f438e9c77311e_5477780834575316432.jpg,1677,官方壁纸合集\EP短片壁纸合集\南宫羽主题壁纸(2560x1080),官方壁纸合集\EP短片壁纸合集\南宫羽主题壁纸(2560x1080)\1864-1677-020-20.jpg,unchanged,wallpapers,20,https://act-upload.mihoyo.com/nap-obc-indep/2026/03/31/73751405/ece5f31aa4101fdd996f438e9c77311e_5477780834575316432.jpg
1864-1677-021-21,EP短片壁纸合集,1864,.jpg,1864-1677-021-21.jpg,南宫羽主题壁纸(2560x1080),wallpapers|1864|1677|21|https://act-upload.mihoyo.com/nap-obc-indep/2026/03/31/73751405/f3163c700d6a8790957096e81128a310_5339993229361613127.jpg,1677,官方壁纸合集\EP短片壁纸合集\南宫羽主题壁纸(2560x1080),官方壁纸合集\EP短片壁纸合集\南宫羽主题壁纸(2560x1080)\1864-1677-021-21.jpg,unchanged,wallpapers,21,https://act-upload.mihoyo.com/nap-obc-indep/2026/03/31/73751405/f3163c700d6a8790957096e81128a310_5339993229361613127.jpg
1864-1677-022-22,EP短片壁纸合集,1864,.jpg,1864-1677-022-22.jpg,南宫羽主题壁纸(2560x1080),wallpapers|1864|1677|22|https://act-upload.mihoyo.com/nap-obc-indep/2026/03/31/73751405/59b3548ee55301c5ff7f947a49c0e441_6523151143380901959.jpg,1677,官方壁纸合集\EP短片壁纸合集\南宫羽主题壁纸(2560x1080),官方壁纸合集\EP短片壁纸合集\南宫羽主题壁纸(2560x1080)\1864-1677-022-22.jpg,unchanged,wallpapers,22,https://act-upload.mihoyo.com/nap-obc-indep/2026/03/31/73751405/59b3548ee55301c5ff7f947a49c0e441_6523151143380901959.jpg
1864-1677-023-23,EP短片壁纸合集,1864,.jpg,1864-1677-023-23.jpg,南宫羽主题壁纸(2560x1080),wallpapers|1864|1677|23|https://act-upload.mihoyo.com/nap-obc-indep/2026/03/31/73751405/82227263c1c39d9a4a7fc73056f87724_8686051995747046096.jpg,1677,官方壁纸合集\EP短片壁纸合集\南宫羽主题壁纸(2560x1080),官方壁纸合集\EP短片壁纸合集\南宫羽主题壁纸(2560x1080)\1864-1677-023-23.jpg,unchanged,wallpapers,23,https://act-upload.mihoyo.com/nap-obc-indep/2026/03/31/73751405/82227263c1c39d9a4a7fc73056f87724_8686051995747046096.jpg
1864-1677-024-24,EP短片壁纸合集,1864,.jpg,1864-1677-024-24.jpg,南宫羽主题壁纸(2560x1080),wallpapers|1864|1677|24|https://act-upload.mihoyo.com/nap-obc-indep/2026/03/31/73751405/57581c80dc28ae52137b55917aef6612_4834639833884931452.jpg,1677,官方壁纸合集\EP短片壁纸合集\南宫羽主题壁纸(2560x1080),官方壁纸合集\EP短片壁纸合集\南宫羽主题壁纸(2560x1080)\1864-1677-024-24.jpg,unchanged,wallpapers,24,https://act-upload.mihoyo.com/nap-obc-indep/2026/03/31/73751405/57581c80dc28ae52137b55917aef6612_4834639833884931452.jpg
1864-1677-025-25,EP短片壁纸合集,1864,.jpg,1864-1677-025-25.jpg,南宫羽主题壁纸(2560x1080),wallpapers|1864|1677|25|https://act-upload.mihoyo.com/nap-obc-indep/2026/03/31/73751405/ed99383675113399fb8db0c2131f1a6b_6425870573464525148.jpg,1677,官方壁纸合集\EP短片壁纸合集\南宫羽主题壁纸(2560x1080),官方壁纸合集\EP短片壁纸合集\南宫羽主题壁纸(2560x1080)\1864-1677-025-25.jpg,unchanged,wallpapers,25,https://act-upload.mihoyo.com/nap-obc-indep/2026/03/31/73751405/ed99383675113399fb8db0c2131f1a6b_6425870573464525148.jpg
1864-1677-026-26,EP短片壁纸合集,1864,.jpg,1864-1677-026-26.jpg,南宫羽主题壁纸(2560x1080),wallpapers|1864|1677|26|https://act-upload.mihoyo.com/nap-obc-indep/2026/03/31/73751405/5c5bf754e402e392e9b1531565ece690_2502753850807590609.jpg,1677,官方壁纸合集\EP短片壁纸合集\南宫羽主题壁纸(2560x1080),官方壁纸合集\EP短片壁纸合集\南宫羽主题壁纸(2560x1080)\1864-1677-026-26.jpg,unchanged,wallpapers,26,https://act-upload.mihoyo.com/nap-obc-indep/2026/03/31/73751405/5c5bf754e402e392e9b1531565ece690_2502753850807590609.jpg
1864-1677-027-27,EP短片壁纸合集,1864,.jpg,1864-1677-027-27.jpg,南宫羽主题壁纸(2560x1080),wallpapers|1864|1677|27|https://act-upload.mihoyo.com/nap-obc-indep/2026/03/31/73751405/e003890146120f8e47e62ad7598c3c01_4763785273525936086.jpg,1677,官方壁纸合集\EP短片壁纸合集\南宫羽主题壁纸(2560x1080),官方壁纸合集\EP短片壁纸合集\南宫羽主题壁纸(2560x1080)\1864-1677-027-27.jpg,unchanged,wallpapers,27,https://act-upload.mihoyo.com/nap-obc-indep/2026/03/31/73751405/e003890146120f8e47e62ad7598c3c01_4763785273525936086.jpg
1864-1677-028-28,EP短片壁纸合集,1864,.jpg,1864-1677-028-28.jpg,南宫羽主题壁纸(2560x1080),wallpapers|1864|1677|28|https://act-upload.mihoyo.com/nap-obc-indep/2026/03/31/73751405/624dbfe8bfb095d4cee57da01191af57_1819620339926090731.jpg,1677,官方壁纸合集\EP短片壁纸合集\南宫羽主题壁纸(2560x1080),官方壁纸合集\EP短片壁纸合集\南宫羽主题壁纸(2560x1080)\1864-1677-028-28.jpg,unchanged,wallpapers,28,https://act-upload.mihoyo.com/nap-obc-indep/2026/03/31/73751405/624dbfe8bfb095d4cee57da01191af57_1819620339926090731.jpg
1864-1677-029-29,EP短片壁纸合集,1864,.jpg,1864-1677-029-29.jpg,南宫羽主题壁纸(2560x1080),wallpapers|1864|1677|29|https://act-upload.mihoyo.com/nap-obc-indep/2026/03/31/73751405/90f03a357cd5c9daff791e257b5d961b_3861994917579339700.jpg,1677,官方壁纸合集\EP短片壁纸合集\南宫羽主题壁纸(2560x1080),官方壁纸合集\EP短片壁纸合集\南宫羽主题壁纸(2560x1080)\1864-1677-029-29.jpg,unchanged,wallpapers,29,https://act-upload.mihoyo.com/nap-obc-indep/2026/03/31/73751405/90f03a357cd5c9daff791e257b5d961b_3861994917579339700.jpg
1864-1677-030-30,EP短片壁纸合集,1864,.jpg,1864-1677-030-30.jpg,南宫羽主题壁纸(2560x1080),wallpapers|1864|1677|30|https://act-upload.mihoyo.com/nap-obc-indep/2026/03/31/73751405/87ca2d8fe0c81372128bc80bbb791094_793638080034038974.jpg,1677,官方壁纸合集\EP短片壁纸合集\南宫羽主题壁纸(2560x1080),官方壁纸合集\EP短片壁纸合集\南宫羽主题壁纸(2560x1080)\1864-1677-030-30.jpg,unchanged,wallpapers,30,https://act-upload.mihoyo.com/nap-obc-indep/2026/03/31/73751405/87ca2d8fe0c81372128bc80bbb791094_793638080034038974.jpg
1864-1677-031-31,EP短片壁纸合集,1864,.jpg,1864-1677-031-31.jpg,南宫羽主题壁纸(2560x1080),wallpapers|1864|1677|31|https://act-upload.mihoyo.com/nap-obc-indep/2026/03/31/73751405/42b7f3b6f39205d1f9741a3176958b58_7365022160434408042.jpg,1677,官方壁纸合集\EP短片壁纸合集\南宫羽主题壁纸(2560x1080),官方壁纸合集\EP短片壁纸合集\南宫羽主题壁纸(2560x1080)\1864-1677-031-31.jpg,unchanged,wallpapers,31,https://act-upload.mihoyo.com/nap-obc-indep/2026/03/31/73751405/42b7f3b6f39205d1f9741a3176958b58_7365022160434408042.jpg
1864-1677-032-32,EP短片壁纸合集,1864,.jpg,1864-1677-032-32.jpg,南宫羽主题壁纸(2560x1080),wallpapers|1864|1677|32|https://act-upload.mihoyo.com/nap-obc-indep/2026/03/31/73751405/abe01c76f5c464615685f7e67ce70f81_5129662006873595786.jpg,1677,官方壁纸合集\EP短片壁纸合集\南宫羽主题壁纸(2560x1080),官方壁纸合集\EP短片壁纸合集\南宫羽主题壁纸(2560x1080)\1864-1677-032-32.jpg,unchanged,wallpapers,32,https://act-upload.mihoyo.com/nap-obc-indep/2026/03/31/73751405/abe01c76f5c464615685f7e67ce70f81_5129662006873595786.jpg
1864-1677-033-33,EP短片壁纸合集,1864,.jpg,1864-1677-033-33.jpg,南宫羽主题壁纸(2560x1080),wallpapers|1864|1677|33|https://act-upload.mihoyo.com/nap-obc-indep/2026/03/31/73751405/a5641ba2a91eb728d9a64748523bbbbf_9203748682643516341.jpg,1677,官方壁纸合集\EP短片壁纸合集\南宫羽主题壁纸(2560x1080),官方壁纸合集\EP短片壁纸合集\南宫羽主题壁纸(2560x1080)\1864-1677-033-33.jpg,unchanged,wallpapers,33,https://act-upload.mihoyo.com/nap-obc-indep/2026/03/31/73751405/a5641ba2a91eb728d9a64748523bbbbf_9203748682643516341.jpg
1864-1677-034-34,EP短片壁纸合集,1864,.jpg,1864-1677-034-34.jpg,南宫羽主题壁纸(2560x1080),wallpapers|1864|1677|34|https://act-upload.mihoyo.com/nap-obc-indep/2026/03/31/73751405/82a558747471d8f18722eaab95f6c484_3675567072638441939.jpg,1677,官方壁纸合集\EP短片壁纸合集\南宫羽主题壁纸(2560x1080),官方壁纸合集\EP短片壁纸合集\南宫羽主题壁纸(2560x1080)\1864-1677-034-34.jpg,unchanged,wallpapers,34,https://act-upload.mihoyo.com/nap-obc-indep/2026/03/31/73751405/82a558747471d8f18722eaab95f6c484_3675567072638441939.jpg
1864-1677-035-35,EP短片壁纸合集,1864,.jpg,1864-1677-035-35.jpg,南宫羽主题壁纸(2560x1080),wallpapers|1864|1677|35|https://act-upload.mihoyo.com/nap-obc-indep/2026/03/31/73751405/bf2430ee7ccadd67622fca05396a2046_3684435789713518566.jpg,1677,官方壁纸合集\EP短片壁纸合集\南宫羽主题壁纸(2560x1080),官方壁纸合集\EP短片壁纸合集\南宫羽主题壁纸(2560x1080)\1864-1677-035-35.jpg,unchanged,wallpapers,35,https://act-upload.mihoyo.com/nap-obc-indep/2026/03/31/73751405/bf2430ee7ccadd67622fca05396a2046_3684435789713518566.jpg
1864-1677-036-36,EP短片壁纸合集,1864,.jpg,1864-1677-036-36.jpg,南宫羽主题壁纸(2560x1080),wallpapers|1864|1677|36|https://act-upload.mihoyo.com/nap-obc-indep/2026/03/31/73751405/84c3816beca997a90365d960c8ad8acf_3926447316425213613.jpg,1677,官方壁纸合集\EP短片壁纸合集\南宫羽主题壁纸(2560x1080),官方壁纸合集\EP短片壁纸合集\南宫羽主题壁纸(2560x1080)\1864-1677-036-36.jpg,unchanged,wallpapers,36,https://act-upload.mihoyo.com/nap-obc-indep/2026/03/31/73751405/84c3816beca997a90365d960c8ad8acf_3926447316425213613.jpg
1864-1677-037-37,EP短片壁纸合集,1864,.jpg,1864-1677-037-37.jpg,南宫羽主题壁纸(2560x1080),wallpapers|1864|1677|37|https://act-upload.mihoyo.com/nap-obc-indep/2026/03/31/73751405/1ecc17f7e95e7648fe68b55f2b22f7f1_5303314770855040969.jpg,1677,官方壁纸合集\EP短片壁纸合集\南宫羽主题壁纸(2560x1080),官方壁纸合集\EP短片壁纸合集\南宫羽主题壁纸(2560x1080)\1864-1677-037-37.jpg,unchanged,wallpapers,37,https://act-upload.mihoyo.com/nap-obc-indep/2026/03/31/73751405/1ecc17f7e95e7648fe68b55f2b22f7f1_5303314770855040969.jpg
1864-1677-038-38,EP短片壁纸合集,1864,.jpg,1864-1677-038-38.jpg,南宫羽主题壁纸(2560x1080),wallpapers|1864|1677|38|https://act-upload.mihoyo.com/nap-obc-indep/2026/03/31/73751405/9fcf8c682ed5a95c88729480a86b104c_7302488283620293949.jpg,1677,官方壁纸合集\EP短片壁纸合集\南宫羽主题壁纸(2560x1080),官方壁纸合集\EP短片壁纸合集\南宫羽主题壁纸(2560x1080)\1864-1677-038-38.jpg,unchanged,wallpapers,38,https://act-upload.mihoyo.com/nap-obc-indep/2026/03/31/73751405/9fcf8c682ed5a95c88729480a86b104c_7302488283620293949.jpg
1864-1677-039-39,EP短片壁纸合集,1864,.jpg,1864-1677-039-39.jpg,南宫羽主题壁纸(2560x1080),wallpapers|1864|1677|39|https://act-upload.mihoyo.com/nap-obc-indep/2026/03/31/73751405/4383066c85d60f32782dce1319f5dd20_4671389758280365346.jpg,1677,官方壁纸合集\EP短片壁纸合集\南宫羽主题壁纸(2560x1080),官方壁纸合集\EP短片壁纸合集\南宫羽主题壁纸(2560x1080)\1864-1677-039-39.jpg,unchanged,wallpapers,39,https://act-upload.mihoyo.com/nap-obc-indep/2026/03/31/73751405/4383066c85d60f32782dce1319f5dd20_4671389758280365346.jpg
1864-1677-040-40,EP短片壁纸合集,1864,.jpg,1864-1677-040-40.jpg,南宫羽主题壁纸(2560x1080),wallpapers|1864|1677|40|https://act-upload.mihoyo.com/nap-obc-indep/2026/03/31/73751405/79aac2ec767e9e97df24dc33c4145bc4_2300362072641528197.jpg,1677,官方壁纸合集\EP短片壁纸合集\南宫羽主题壁纸(2560x1080),官方壁纸合集\EP短片壁纸合集\南宫羽主题壁纸(2560x1080)\1864-1677-040-40.jpg,unchanged,wallpapers,40,https://act-upload.mihoyo.com/nap-obc-indep/2026/03/31/73751405/79aac2ec767e9e97df24dc33c4145bc4_2300362072641528197.jpg
1864-1662-001-1,EP短片壁纸合集,1864,.jpg,1864-1662-001-1.jpg,爱芮主题壁纸(3840x2160),wallpapers|1864|1662|1|https://act-upload.mihoyo.com/nap-obc-indep/2026/03/13/73751405/cdea8698993f425a35f0fd8dabd3d4ea_5076124685100113077.jpg,1662,官方壁纸合集\EP短片壁纸合集\爱芮主题壁纸(3840x2160),官方壁纸合集\EP短片壁纸合集\爱芮主题壁纸(3840x2160)\1864-1662-001-1.jpg,unchanged,wallpapers,1,https://act-upload.mihoyo.com/nap-obc-indep/2026/03/13/73751405/cdea8698993f425a35f0fd8dabd3d4ea_5076124685100113077.jpg
1864-1662-002-2,EP短片壁纸合集,1864,.jpg,1864-1662-002-2.jpg,爱芮主题壁纸(3840x2160),wallpapers|1864|1662|2|https://act-upload.mihoyo.com/nap-obc-indep/2026/03/13/73751405/5ccef84e3bd4fc0008ce95654e655cce_1971025183385425037.jpg,1662,官方壁纸合集\EP短片壁纸合集\爱芮主题壁纸(3840x2160),官方壁纸合集\EP短片壁纸合集\爱芮主题壁纸(3840x2160)\1864-1662-002-2.jpg,unchanged,wallpapers,2,https://act-upload.mihoyo.com/nap-obc-indep/2026/03/13/73751405/5ccef84e3bd4fc0008ce95654e655cce_1971025183385425037.jpg
1864-1662-003-3,EP短片壁纸合集,1864,.jpg,1864-1662-003-3.jpg,爱芮主题壁纸(3840x2160),wallpapers|1864|1662|3|https://act-upload.mihoyo.com/nap-obc-indep/2026/03/13/73751405/e36657237751662dc843eae20abf045a_3820799934194699678.jpg,1662,官方壁纸合集\EP短片壁纸合集\爱芮主题壁纸(3840x2160),官方壁纸合集\EP短片壁纸合集\爱芮主题壁纸(3840x2160)\1864-1662-003-3.jpg,unchanged,wallpapers,3,https://act-upload.mihoyo.com/nap-obc-indep/2026/03/13/73751405/e36657237751662dc843eae20abf045a_3820799934194699678.jpg
1864-1662-004-4,EP短片壁纸合集,1864,.jpg,1864-1662-004-4.jpg,爱芮主题壁纸(3840x2160),wallpapers|1864|1662|4|https://act-upload.mihoyo.com/nap-obc-indep/2026/03/13/73751405/ef9477c222ce66667b73c73520a8f409_6613244059055356607.jpg,1662,官方壁纸合集\EP短片壁纸合集\爱芮主题壁纸(3840x2160),官方壁纸合集\EP短片壁纸合集\爱芮主题壁纸(3840x2160)\1864-1662-004-4.jpg,unchanged,wallpapers,4,https://act-upload.mihoyo.com/nap-obc-indep/2026/03/13/73751405/ef9477c222ce66667b73c73520a8f409_6613244059055356607.jpg
1864-1662-005-5,EP短片壁纸合集,1864,.jpg,1864-1662-005-5.jpg,爱芮主题壁纸(3840x2160),wallpapers|1864|1662|5|https://act-upload.mihoyo.com/nap-obc-indep/2026/03/13/73751405/3bc9aa5adbf19df139aeda2f84e361bf_6465808472153625711.jpg,1662,官方壁纸合集\EP短片壁纸合集\爱芮主题壁纸(3840x2160),官方壁纸合集\EP短片壁纸合集\爱芮主题壁纸(3840x2160)\1864-1662-005-5.jpg,unchanged,wallpapers,5,https://act-upload.mihoyo.com/nap-obc-indep/2026/03/13/73751405/3bc9aa5adbf19df139aeda2f84e361bf_6465808472153625711.jpg
1864-1662-006-6,EP短片壁纸合集,1864,.jpg,1864-1662-006-6.jpg,爱芮主题壁纸(3840x2160),wallpapers|1864|1662|6|https://act-upload.mihoyo.com/nap-obc-indep/2026/03/13/73751405/b1347431bb0cbe96ecb24e832f1cb197_2287763947566932571.jpg,1662,官方壁纸合集\EP短片壁纸合集\爱芮主题壁纸(3840x2160),官方壁纸合集\EP短片壁纸合集\爱芮主题壁纸(3840x2160)\1864-1662-006-6.jpg,unchanged,wallpapers,6,https://act-upload.mihoyo.com/nap-obc-indep/2026/03/13/73751405/b1347431bb0cbe96ecb24e832f1cb197_2287763947566932571.jpg
1864-1662-007-7,EP短片壁纸合集,1864,.jpg,1864-1662-007-7.jpg,爱芮主题壁纸(3840x2160),wallpapers|1864|1662|7|https://act-upload.mihoyo.com/nap-obc-indep/2026/03/13/73751405/acb44ae5c14dd4be191af9807ce5521e_2039843097643485636.jpg,1662,官方壁纸合集\EP短片壁纸合集\爱芮主题壁纸(3840x2160),官方壁纸合集\EP短片壁纸合集\爱芮主题壁纸(3840x2160)\1864-1662-007-7.jpg,unchanged,wallpapers,7,https://act-upload.mihoyo.com/nap-obc-indep/2026/03/13/73751405/acb44ae5c14dd4be191af9807ce5521e_2039843097643485636.jpg
1864-1662-008-8,EP短片壁纸合集,1864,.jpg,1864-1662-008-8.jpg,爱芮主题壁纸(3840x2160),wallpapers|1864|1662|8|https://act-upload.mihoyo.com/nap-obc-indep/2026/03/13/73751405/c7202c8f6cbed5ad396b66f0d5bebd3f_2540366332628325174.jpg,1662,官方壁纸合集\EP短片壁纸合集\爱芮主题壁纸(3840x2160),官方壁纸合集\EP短片壁纸合集\爱芮主题壁纸(3840x2160)\1864-1662-008-8.jpg,unchanged,wallpapers,8,https://act-upload.mihoyo.com/nap-obc-indep/2026/03/13/73751405/c7202c8f6cbed5ad396b66f0d5bebd3f_2540366332628325174.jpg
1864-1662-009-9,EP短片壁纸合集,1864,.jpg,1864-1662-009-9.jpg,爱芮主题壁纸(3840x2160),wallpapers|1864|1662|9|https://act-upload.mihoyo.com/nap-obc-indep/2026/03/13/73751405/4606c1cf6e710538304b4875af80e9a1_7109921089677901415.jpg,1662,官方壁纸合集\EP短片壁纸合集\爱芮主题壁纸(3840x2160),官方壁纸合集\EP短片壁纸合集\爱芮主题壁纸(3840x2160)\1864-1662-009-9.jpg,unchanged,wallpapers,9,https://act-upload.mihoyo.com/nap-obc-indep/2026/03/13/73751405/4606c1cf6e710538304b4875af80e9a1_7109921089677901415.jpg
1864-1662-010-10,EP短片壁纸合集,1864,.jpg,1864-1662-010-10.jpg,爱芮主题壁纸(3840x2160),wallpapers|1864|1662|10|https://act-upload.mihoyo.com/nap-obc-indep/2026/03/13/73751405/89189819bac4e6b045da4e880fc1bb48_758259347161117597.jpg,1662,官方壁纸合集\EP短片壁纸合集\爱芮主题壁纸(3840x2160),官方壁纸合集\EP短片壁纸合集\爱芮主题壁纸(3840x2160)\1864-1662-010-10.jpg,unchanged,wallpapers,10,https://act-upload.mihoyo.com/nap-obc-indep/2026/03/13/73751405/89189819bac4e6b045da4e880fc1bb48_758259347161117597.jpg
1864-1662-011-11,EP短片壁纸合集,1864,.jpg,1864-1662-011-11.jpg,爱芮主题壁纸(3840x2160),wallpapers|1864|1662|11|https://act-upload.mihoyo.com/nap-obc-indep/2026/03/13/73751405/dd85c02731a1f52adbde2ce522ff6a0a_5221410279081421264.jpg,1662,官方壁纸合集\EP短片壁纸合集\爱芮主题壁纸(3840x2160),官方壁纸合集\EP短片壁纸合集\爱芮主题壁纸(3840x2160)\1864-1662-011-11.jpg,unchanged,wallpapers,11,https://act-upload.mihoyo.com/nap-obc-indep/2026/03/13/73751405/dd85c02731a1f52adbde2ce522ff6a0a_5221410279081421264.jpg
1864-1662-012-12,EP短片壁纸合集,1864,.jpg,1864-1662-012-12.jpg,爱芮主题壁纸(3840x2160),wallpapers|1864|1662|12|https://act-upload.mihoyo.com/nap-obc-indep/2026/03/13/73751405/e79864d83664ed35a64983608a705c80_7484481014590856738.jpg,1662,官方壁纸合集\EP短片壁纸合集\爱芮主题壁纸(3840x2160),官方壁纸合集\EP短片壁纸合集\爱芮主题壁纸(3840x2160)\1864-1662-012-12.jpg,unchanged,wallpapers,12,https://act-upload.mihoyo.com/nap-obc-indep/2026/03/13/73751405/e79864d83664ed35a64983608a705c80_7484481014590856738.jpg
1864-1662-013-13,EP短片壁纸合集,1864,.jpg,1864-1662-013-13.jpg,爱芮主题壁纸(3840x2160),wallpapers|1864|1662|13|https://act-upload.mihoyo.com/nap-obc-indep/2026/03/13/73751405/79b37a732bba74548505b926a7a33af5_4100296954397476435.jpg,1662,官方壁纸合集\EP短片壁纸合集\爱芮主题壁纸(3840x2160),官方壁纸合集\EP短片壁纸合集\爱芮主题壁纸(3840x2160)\1864-1662-013-13.jpg,unchanged,wallpapers,13,https://act-upload.mihoyo.com/nap-obc-indep/2026/03/13/73751405/79b37a732bba74548505b926a7a33af5_4100296954397476435.jpg
1864-1662-014-14,EP短片壁纸合集,1864,.jpg,1864-1662-014-14.jpg,爱芮主题壁纸(3840x2160),wallpapers|1864|1662|14|https://act-upload.mihoyo.com/nap-obc-indep/2026/03/13/73751405/19bef61c3191af87b0eb5e5c2af10c07_6208122828636627737.jpg,1662,官方壁纸合集\EP短片壁纸合集\爱芮主题壁纸(3840x2160),官方壁纸合集\EP短片壁纸合集\爱芮主题壁纸(3840x2160)\1864-1662-014-14.jpg,unchanged,wallpapers,14,https://act-upload.mihoyo.com/nap-obc-indep/2026/03/13/73751405/19bef61c3191af87b0eb5e5c2af10c07_6208122828636627737.jpg
1864-1662-015-15,EP短片壁纸合集,1864,.jpg,1864-1662-015-15.jpg,爱芮主题壁纸(3840x2160),wallpapers|1864|1662|15|https://act-upload.mihoyo.com/nap-obc-indep/2026/03/13/73751405/f89fd397af623f0f7e5e50e77b743a67_6194123508665361576.jpg,1662,官方壁纸合集\EP短片壁纸合集\爱芮主题壁纸(3840x2160),官方壁纸合集\EP短片壁纸合集\爱芮主题壁纸(3840x2160)\1864-1662-015-15.jpg,unchanged,wallpapers,15,https://act-upload.mihoyo.com/nap-obc-indep/2026/03/13/73751405/f89fd397af623f0f7e5e50e77b743a67_6194123508665361576.jpg
1864-1662-016-16,EP短片壁纸合集,1864,.jpg,1864-1662-016-16.jpg,爱芮主题壁纸(3840x2160),wallpapers|1864|1662|16|https://act-upload.mihoyo.com/nap-obc-indep/2026/03/13/73751405/5e597b6b1e9edf1cf7fc43d3c3b9bab0_5225564232275040987.jpg,1662,官方壁纸合集\EP短片壁纸合集\爱芮主题壁纸(3840x2160),官方壁纸合集\EP短片壁纸合集\爱芮主题壁纸(3840x2160)\1864-1662-016-16.jpg,unchanged,wallpapers,16,https://act-upload.mihoyo.com/nap-obc-indep/2026/03/13/73751405/5e597b6b1e9edf1cf7fc43d3c3b9bab0_5225564232275040987.jpg
1864-1662-017-17,EP短片壁纸合集,1864,.jpg,1864-1662-017-17.jpg,爱芮主题壁纸(3840x2160),wallpapers|1864|1662|17|https://act-upload.mihoyo.com/nap-obc-indep/2026/03/13/73751405/83bdce21448666f54d39f2b6b4f8156a_5688162957473520768.jpg,1662,官方壁纸合集\EP短片壁纸合集\爱芮主题壁纸(3840x2160),官方壁纸合集\EP短片壁纸合集\爱芮主题壁纸(3840x2160)\1864-1662-017-17.jpg,unchanged,wallpapers,17,https://act-upload.mihoyo.com/nap-obc-indep/2026/03/13/73751405/83bdce21448666f54d39f2b6b4f8156a_5688162957473520768.jpg
1864-1662-018-18,EP短片壁纸合集,1864,.jpg,1864-1662-018-18.jpg,爱芮主题壁纸(3840x2160),wallpapers|1864|1662|18|https://act-upload.mihoyo.com/nap-obc-indep/2026/03/13/73751405/16f3693e0122176db27ee97326948efe_7721964461775522754.jpg,1662,官方壁纸合集\EP短片壁纸合集\爱芮主题壁纸(3840x2160),官方壁纸合集\EP短片壁纸合集\爱芮主题壁纸(3840x2160)\1864-1662-018-18.jpg,unchanged,wallpapers,18,https://act-upload.mihoyo.com/nap-obc-indep/2026/03/13/73751405/16f3693e0122176db27ee97326948efe_7721964461775522754.jpg
1864-1662-019-19,EP短片壁纸合集,1864,.jpg,1864-1662-019-19.jpg,爱芮主题壁纸(3840x2160),wallpapers|1864|1662|19|https://act-upload.mihoyo.com/nap-obc-indep/2026/03/13/73751405/68edd1ce8bde21ce04ef83e0c72b3d59_1301039856178490219.jpg,1662,官方壁纸合集\EP短片壁纸合集\爱芮主题壁纸(3840x2160),官方壁纸合集\EP短片壁纸合集\爱芮主题壁纸(3840x2160)\1864-1662-019-19.jpg,unchanged,wallpapers,19,https://act-upload.mihoyo.com/nap-obc-indep/2026/03/13/73751405/68edd1ce8bde21ce04ef83e0c72b3d59_1301039856178490219.jpg
1864-1662-020-20,EP短片壁纸合集,1864,.jpg,1864-1662-020-20.jpg,爱芮主题壁纸(3840x2160),wallpapers|1864|1662|20|https://act-upload.mihoyo.com/nap-obc-indep/2026/03/13/73751405/039ff70f784f517a7b383eb013897f60_3971431858230615760.jpg,1662,官方壁纸合集\EP短片壁纸合集\爱芮主题壁纸(3840x2160),官方壁纸合集\EP短片壁纸合集\爱芮主题壁纸(3840x2160)\1864-1662-020-20.jpg,unchanged,wallpapers,20,https://act-upload.mihoyo.com/nap-obc-indep/2026/03/13/73751405/039ff70f784f517a7b383eb013897f60_3971431858230615760.jpg
1864-1662-021-21,EP短片壁纸合集,1864,.jpg,1864-1662-021-21.jpg,爱芮主题壁纸(3840x2160),wallpapers|1864|1662|21|https://act-upload.mihoyo.com/nap-obc-indep/2026/03/13/73751405/303ae2904ffbe3220d663157ded1ddd1_3303931649122284956.jpg,1662,官方壁纸合集\EP短片壁纸合集\爱芮主题壁纸(3840x2160),官方壁纸合集\EP短片壁纸合集\爱芮主题壁纸(3840x2160)\1864-1662-021-21.jpg,unchanged,wallpapers,21,https://act-upload.mihoyo.com/nap-obc-indep/2026/03/13/73751405/303ae2904ffbe3220d663157ded1ddd1_3303931649122284956.jpg
1864-1662-022-22,EP短片壁纸合集,1864,.jpg,1864-1662-022-22.jpg,爱芮主题壁纸(3840x2160),wallpapers|1864|1662|22|https://act-upload.mihoyo.com/nap-obc-indep/2026/03/13/73751405/2632494bd4c981aab48d005b3a8cb8f8_6350013819620284747.jpg,1662,官方壁纸合集\EP短片壁纸合集\爱芮主题壁纸(3840x2160),官方壁纸合集\EP短片壁纸合集\爱芮主题壁纸(3840x2160)\1864-1662-022-22.jpg,unchanged,wallpapers,22,https://act-upload.mihoyo.com/nap-obc-indep/2026/03/13/73751405/2632494bd4c981aab48d005b3a8cb8f8_6350013819620284747.jpg
1864-1662-023-23,EP短片壁纸合集,1864,.jpg,1864-1662-023-23.jpg,爱芮主题壁纸(3840x2160),wallpapers|1864|1662|23|https://act-upload.mihoyo.com/nap-obc-indep/2026/03/13/73751405/1223f261e449be075c87b8822ed1c332_8667935895617911141.jpg,1662,官方壁纸合集\EP短片壁纸合集\爱芮主题壁纸(3840x2160),官方壁纸合集\EP短片壁纸合集\爱芮主题壁纸(3840x2160)\1864-1662-023-23.jpg,unchanged,wallpapers,23,https://act-upload.mihoyo.com/nap-obc-indep/2026/03/13/73751405/1223f261e449be075c87b8822ed1c332_8667935895617911141.jpg
1864-1662-024-24,EP短片壁纸合集,1864,.jpg,1864-1662-024-24.jpg,爱芮主题壁纸(3840x2160),wallpapers|1864|1662|24|https://act-upload.mihoyo.com/nap-obc-indep/2026/03/13/73751405/13937d5afef92961db02c2e6bc041f0a_905871833761986810.jpg,1662,官方壁纸合集\EP短片壁纸合集\爱芮主题壁纸(3840x2160),官方壁纸合集\EP短片壁纸合集\爱芮主题壁纸(3840x2160)\1864-1662-024-24.jpg,unchanged,wallpapers,24,https://act-upload.mihoyo.com/nap-obc-indep/2026/03/13/73751405/13937d5afef92961db02c2e6bc041f0a_905871833761986810.jpg
1864-1662-025-25,EP短片壁纸合集,1864,.jpg,1864-1662-025-25.jpg,爱芮主题壁纸(3840x2160),wallpapers|1864|1662|25|https://act-upload.mihoyo.com/nap-obc-indep/2026/03/13/73751405/d5aadb79f4396d3a8ab6b85bd3d6a2cd_1683488358101478948.jpg,1662,官方壁纸合集\EP短片壁纸合集\爱芮主题壁纸(3840x2160),官方壁纸合集\EP短片壁纸合集\爱芮主题壁纸(3840x2160)\1864-1662-025-25.jpg,unchanged,wallpapers,25,https://act-upload.mihoyo.com/nap-obc-indep/2026/03/13/73751405/d5aadb79f4396d3a8ab6b85bd3d6a2cd_1683488358101478948.jpg
1864-1662-026-26,EP短片壁纸合集,1864,.jpg,1864-1662-026-26.jpg,爱芮主题壁纸(3840x2160),wallpapers|1864|1662|26|https://act-upload.mihoyo.com/nap-obc-indep/2026/03/13/73751405/73717a61fbc3f00d1499d03b721d25b8_4766437394919887035.jpg,1662,官方壁纸合集\EP短片壁纸合集\爱芮主题壁纸(3840x2160),官方壁纸合集\EP短片壁纸合集\爱芮主题壁纸(3840x2160)\1864-1662-026-26.jpg,unchanged,wallpapers,26,https://act-upload.mihoyo.com/nap-obc-indep/2026/03/13/73751405/73717a61fbc3f00d1499d03b721d25b8_4766437394919887035.jpg
1864-1662-027-27,EP短片壁纸合集,1864,.jpg,1864-1662-027-27.jpg,爱芮主题壁纸(3840x2160),wallpapers|1864|1662|27|https://act-upload.mihoyo.com/nap-obc-indep/2026/03/13/73751405/365541dfed26f08efd679d3f0e6e072c_8602951367155128555.jpg,1662,官方壁纸合集\EP短片壁纸合集\爱芮主题壁纸(3840x2160),官方壁纸合集\EP短片壁纸合集\爱芮主题壁纸(3840x2160)\1864-1662-027-27.jpg,unchanged,wallpapers,27,https://act-upload.mihoyo.com/nap-obc-indep/2026/03/13/73751405/365541dfed26f08efd679d3f0e6e072c_8602951367155128555.jpg
1864-1662-028-28,EP短片壁纸合集,1864,.jpg,1864-1662-028-28.jpg,爱芮主题壁纸(3840x2160),wallpapers|1864|1662|28|https://act-upload.mihoyo.com/nap-obc-indep/2026/03/13/73751405/bce2f84a05ce8bd86360dc9d8f3f8a2f_7772750798984624874.jpg,1662,官方壁纸合集\EP短片壁纸合集\爱芮主题壁纸(3840x2160),官方壁纸合集\EP短片壁纸合集\爱芮主题壁纸(3840x2160)\1864-1662-028-28.jpg,unchanged,wallpapers,28,https://act-upload.mihoyo.com/nap-obc-indep/2026/03/13/73751405/bce2f84a05ce8bd86360dc9d8f3f8a2f_7772750798984624874.jpg
1864-1662-029-29,EP短片壁纸合集,1864,.jpg,1864-1662-029-29.jpg,爱芮主题壁纸(3840x2160),wallpapers|1864|1662|29|https://act-upload.mihoyo.com/nap-obc-indep/2026/03/13/73751405/6c00d087b49eccfd965b8787db39aa16_6825601927088302933.jpg,1662,官方壁纸合集\EP短片壁纸合集\爱芮主题壁纸(3840x2160),官方壁纸合集\EP短片壁纸合集\爱芮主题壁纸(3840x2160)\1864-1662-029-29.jpg,unchanged,wallpapers,29,https://act-upload.mihoyo.com/nap-obc-indep/2026/03/13/73751405/6c00d087b49eccfd965b8787db39aa16_6825601927088302933.jpg
1864-1662-030-30,EP短片壁纸合集,1864,.jpg,1864-1662-030-30.jpg,爱芮主题壁纸(3840x2160),wallpapers|1864|1662|30|https://act-upload.mihoyo.com/nap-obc-indep/2026/03/13/73751405/789ebcdad0b69b2744a49aab7b8ca1fe_4558232816664776470.jpg,1662,官方壁纸合集\EP短片壁纸合集\爱芮主题壁纸(3840x2160),官方壁纸合集\EP短片壁纸合集\爱芮主题壁纸(3840x2160)\1864-1662-030-30.jpg,unchanged,wallpapers,30,https://act-upload.mihoyo.com/nap-obc-indep/2026/03/13/73751405/789ebcdad0b69b2744a49aab7b8ca1fe_4558232816664776470.jpg
1864-1662-031-31,EP短片壁纸合集,1864,.jpg,1864-1662-031-31.jpg,爱芮主题壁纸(3840x2160),wallpapers|1864|1662|31|https://act-upload.mihoyo.com/nap-obc-indep/2026/03/13/73751405/65b93b34898bc12de0a085c289e111d1_6752185420903961508.jpg,1662,官方壁纸合集\EP短片壁纸合集\爱芮主题壁纸(3840x2160),官方壁纸合集\EP短片壁纸合集\爱芮主题壁纸(3840x2160)\1864-1662-031-31.jpg,unchanged,wallpapers,31,https://act-upload.mihoyo.com/nap-obc-indep/2026/03/13/73751405/65b93b34898bc12de0a085c289e111d1_6752185420903961508.jpg
1864-1662-032-32,EP短片壁纸合集,1864,.jpg,1864-1662-032-32.jpg,爱芮主题壁纸(3840x2160),wallpapers|1864|1662|32|https://act-upload.mihoyo.com/nap-obc-indep/2026/03/13/73751405/4f7dd5372340e7f8f6aa3917a7583ebd_3876145654333399552.jpg,1662,官方壁纸合集\EP短片壁纸合集\爱芮主题壁纸(3840x2160),官方壁纸合集\EP短片壁纸合集\爱芮主题壁纸(3840x2160)\1864-1662-032-32.jpg,unchanged,wallpapers,32,https://act-upload.mihoyo.com/nap-obc-indep/2026/03/13/73751405/4f7dd5372340e7f8f6aa3917a7583ebd_3876145654333399552.jpg
1864-1662-033-33,EP短片壁纸合集,1864,.jpg,1864-1662-033-33.jpg,爱芮主题壁纸(3840x2160),wallpapers|1864|1662|33|https://act-upload.mihoyo.com/nap-obc-indep/2026/03/13/73751405/812fe25e3358334e63247f165d2603a8_1184511658118847462.jpg,1662,官方壁纸合集\EP短片壁纸合集\爱芮主题壁纸(3840x2160),官方壁纸合集\EP短片壁纸合集\爱芮主题壁纸(3840x2160)\1864-1662-033-33.jpg,unchanged,wallpapers,33,https://act-upload.mihoyo.com/nap-obc-indep/2026/03/13/73751405/812fe25e3358334e63247f165d2603a8_1184511658118847462.jpg
1864-1662-034-34,EP短片壁纸合集,1864,.jpg,1864-1662-034-34.jpg,爱芮主题壁纸(3840x2160),wallpapers|1864|1662|34|https://act-upload.mihoyo.com/nap-obc-indep/2026/03/13/73751405/7ff39f52f7f9562274643d18aae23aa1_2526827762900740146.jpg,1662,官方壁纸合集\EP短片壁纸合集\爱芮主题壁纸(3840x2160),官方壁纸合集\EP短片壁纸合集\爱芮主题壁纸(3840x2160)\1864-1662-034-34.jpg,unchanged,wallpapers,34,https://act-upload.mihoyo.com/nap-obc-indep/2026/03/13/73751405/7ff39f52f7f9562274643d18aae23aa1_2526827762900740146.jpg
1864-1662-035-35,EP短片壁纸合集,1864,.jpg,1864-1662-035-35.jpg,爱芮主题壁纸(3840x2160),wallpapers|1864|1662|35|https://act-upload.mihoyo.com/nap-obc-indep/2026/03/13/73751405/b328217cbac270e852f9a59d6636fa39_7632130970734260026.jpg,1662,官方壁纸合集\EP短片壁纸合集\爱芮主题壁纸(3840x2160),官方壁纸合集\EP短片壁纸合集\爱芮主题壁纸(3840x2160)\1864-1662-035-35.jpg,unchanged,wallpapers,35,https://act-upload.mihoyo.com/nap-obc-indep/2026/03/13/73751405/b328217cbac270e852f9a59d6636fa39_7632130970734260026.jpg
1864-1662-036-36,EP短片壁纸合集,1864,.jpg,1864-1662-036-36.jpg,爱芮主题壁纸(3840x2160),wallpapers|1864|1662|36|https://act-upload.mihoyo.com/nap-obc-indep/2026/03/13/73751405/7907d73541567ca46ad635368ff8c6c2_7607636610976733828.jpg,1662,官方壁纸合集\EP短片壁纸合集\爱芮主题壁纸(3840x2160),官方壁纸合集\EP短片壁纸合集\爱芮主题壁纸(3840x2160)\1864-1662-036-36.jpg,unchanged,wallpapers,36,https://act-upload.mihoyo.com/nap-obc-indep/2026/03/13/73751405/7907d73541567ca46ad635368ff8c6c2_7607636610976733828.jpg
1864-1661-001-1,EP短片壁纸合集,1864,.jpg,1864-1661-001-1.jpg,爱芮主题壁纸(2560x1080),wallpapers|1864|1661|1|https://act-upload.mihoyo.com/nap-obc-indep/2026/03/13/73751405/c2e5ad1c6bac856e50d06c050a680f34_7898648866564295286.jpg,1661,官方壁纸合集\EP短片壁纸合集\爱芮主题壁纸(2560x1080),官方壁纸合集\EP短片壁纸合集\爱芮主题壁纸(2560x1080)\1864-1661-001-1.jpg,unchanged,wallpapers,1,https://act-upload.mihoyo.com/nap-obc-indep/2026/03/13/73751405/c2e5ad1c6bac856e50d06c050a680f34_7898648866564295286.jpg
1864-1661-002-2,EP短片壁纸合集,1864,.jpg,1864-1661-002-2.jpg,爱芮主题壁纸(2560x1080),wallpapers|1864|1661|2|https://act-upload.mihoyo.com/nap-obc-indep/2026/03/13/73751405/e6453724290a2a42081db87bf917ee0b_5463432971379293465.jpg,1661,官方壁纸合集\EP短片壁纸合集\爱芮主题壁纸(2560x1080),官方壁纸合集\EP短片壁纸合集\爱芮主题壁纸(2560x1080)\1864-1661-002-2.jpg,unchanged,wallpapers,2,https://act-upload.mihoyo.com/nap-obc-indep/2026/03/13/73751405/e6453724290a2a42081db87bf917ee0b_5463432971379293465.jpg
1864-1661-003-3,EP短片壁纸合集,1864,.jpg,1864-1661-003-3.jpg,爱芮主题壁纸(2560x1080),wallpapers|1864|1661|3|https://act-upload.mihoyo.com/nap-obc-indep/2026/03/13/73751405/1ec057cd595f191537e03f3a9f00b2f0_4580662819568624412.jpg,1661,官方壁纸合集\EP短片壁纸合集\爱芮主题壁纸(2560x1080),官方壁纸合集\EP短片壁纸合集\爱芮主题壁纸(2560x1080)\1864-1661-003-3.jpg,unchanged,wallpapers,3,https://act-upload.mihoyo.com/nap-obc-indep/2026/03/13/73751405/1ec057cd595f191537e03f3a9f00b2f0_4580662819568624412.jpg
1864-1661-004-4,EP短片壁纸合集,1864,.jpg,1864-1661-004-4.jpg,爱芮主题壁纸(2560x1080),wallpapers|1864|1661|4|https://act-upload.mihoyo.com/nap-obc-indep/2026/03/13/73751405/3217b19023a689588a48e5fcfca1baa8_6609100589990463103.jpg,1661,官方壁纸合集\EP短片壁纸合集\爱芮主题壁纸(2560x1080),官方壁纸合集\EP短片壁纸合集\爱芮主题壁纸(2560x1080)\1864-1661-004-4.jpg,unchanged,wallpapers,4,https://act-upload.mihoyo.com/nap-obc-indep/2026/03/13/73751405/3217b19023a689588a48e5fcfca1baa8_6609100589990463103.jpg
1864-1661-005-5,EP短片壁纸合集,1864,.jpg,1864-1661-005-5.jpg,爱芮主题壁纸(2560x1080),wallpapers|1864|1661|5|https://act-upload.mihoyo.com/nap-obc-indep/2026/03/13/73751405/a928362d09d0ccb6e92cb5019298d31b_3537726056127491063.jpg,1661,官方壁纸合集\EP短片壁纸合集\爱芮主题壁纸(2560x1080),官方壁纸合集\EP短片壁纸合集\爱芮主题壁纸(2560x1080)\1864-1661-005-5.jpg,unchanged,wallpapers,5,https://act-upload.mihoyo.com/nap-obc-indep/2026/03/13/73751405/a928362d09d0ccb6e92cb5019298d31b_3537726056127491063.jpg
1864-1661-006-6,EP短片壁纸合集,1864,.jpg,1864-1661-006-6.jpg,爱芮主题壁纸(2560x1080),wallpapers|1864|1661|6|https://act-upload.mihoyo.com/nap-obc-indep/2026/03/13/73751405/c641b2344f7f7f645f4828462e770156_1938743731097421088.jpg,1661,官方壁纸合集\EP短片壁纸合集\爱芮主题壁纸(2560x1080),官方壁纸合集\EP短片壁纸合集\爱芮主题壁纸(2560x1080)\1864-1661-006-6.jpg,unchanged,wallpapers,6,https://act-upload.mihoyo.com/nap-obc-indep/2026/03/13/73751405/c641b2344f7f7f645f4828462e770156_1938743731097421088.jpg
1864-1661-007-7,EP短片壁纸合集,1864,.jpg,1864-1661-007-7.jpg,爱芮主题壁纸(2560x1080),wallpapers|1864|1661|7|https://act-upload.mihoyo.com/nap-obc-indep/2026/03/13/73751405/ea4d598e5a20cf5ceb77579a58acc906_3723842050549323063.jpg,1661,官方壁纸合集\EP短片壁纸合集\爱芮主题壁纸(2560x1080),官方壁纸合集\EP短片壁纸合集\爱芮主题壁纸(2560x1080)\1864-1661-007-7.jpg,unchanged,wallpapers,7,https://act-upload.mihoyo.com/nap-obc-indep/2026/03/13/73751405/ea4d598e5a20cf5ceb77579a58acc906_3723842050549323063.jpg
1864-1661-008-8,EP短片壁纸合集,1864,.jpg,1864-1661-008-8.jpg,爱芮主题壁纸(2560x1080),wallpapers|1864|1661|8|https://act-upload.mihoyo.com/nap-obc-indep/2026/03/13/73751405/2211252b5f905c328dacccf8c015e7a7_6300138176325298652.jpg,1661,官方壁纸合集\EP短片壁纸合集\爱芮主题壁纸(2560x1080),官方壁纸合集\EP短片壁纸合集\爱芮主题壁纸(2560x1080)\1864-1661-008-8.jpg,unchanged,wallpapers,8,https://act-upload.mihoyo.com/nap-obc-indep/2026/03/13/73751405/2211252b5f905c328dacccf8c015e7a7_6300138176325298652.jpg
1864-1661-009-9,EP短片壁纸合集,1864,.jpg,1864-1661-009-9.jpg,爱芮主题壁纸(2560x1080),wallpapers|1864|1661|9|https://act-upload.mihoyo.com/nap-obc-indep/2026/03/13/73751405/33b9643ff46c77e513f416deeab5f0ea_8461581693986172412.jpg,1661,官方壁纸合集\EP短片壁纸合集\爱芮主题壁纸(2560x1080),官方壁纸合集\EP短片壁纸合集\爱芮主题壁纸(2560x1080)\1864-1661-009-9.jpg,unchanged,wallpapers,9,https://act-upload.mihoyo.com/nap-obc-indep/2026/03/13/73751405/33b9643ff46c77e513f416deeab5f0ea_8461581693986172412.jpg
1864-1661-010-10,EP短片壁纸合集,1864,.jpg,1864-1661-010-10.jpg,爱芮主题壁纸(2560x1080),wallpapers|1864|1661|10|https://act-upload.mihoyo.com/nap-obc-indep/2026/03/13/73751405/295807f14e0f7a6ce9a20d3331c5c0fe_5673075403860143483.jpg,1661,官方壁纸合集\EP短片壁纸合集\爱芮主题壁纸(2560x1080),官方壁纸合集\EP短片壁纸合集\爱芮主题壁纸(2560x1080)\1864-1661-010-10.jpg,unchanged,wallpapers,10,https://act-upload.mihoyo.com/nap-obc-indep/2026/03/13/73751405/295807f14e0f7a6ce9a20d3331c5c0fe_5673075403860143483.jpg
1864-1661-011-11,EP短片壁纸合集,1864,.jpg,1864-1661-011-11.jpg,爱芮主题壁纸(2560x1080),wallpapers|1864|1661|11|https://act-upload.mihoyo.com/nap-obc-indep/2026/03/13/73751405/4b37cf0ee71bb478d87e856ddcd16860_2027034946076940753.jpg,1661,官方壁纸合集\EP短片壁纸合集\爱芮主题壁纸(2560x1080),官方壁纸合集\EP短片壁纸合集\爱芮主题壁纸(2560x1080)\1864-1661-011-11.jpg,unchanged,wallpapers,11,https://act-upload.mihoyo.com/nap-obc-indep/2026/03/13/73751405/4b37cf0ee71bb478d87e856ddcd16860_2027034946076940753.jpg
1864-1661-012-12,EP短片壁纸合集,1864,.jpg,1864-1661-012-12.jpg,爱芮主题壁纸(2560x1080),wallpapers|1864|1661|12|https://act-upload.mihoyo.com/nap-obc-indep/2026/03/13/73751405/548611ffb2e02da4a2553d7aa363fe00_8200709361107217483.jpg,1661,官方壁纸合集\EP短片壁纸合集\爱芮主题壁纸(2560x1080),官方壁纸合集\EP短片壁纸合集\爱芮主题壁纸(2560x1080)\1864-1661-012-12.jpg,unchanged,wallpapers,12,https://act-upload.mihoyo.com/nap-obc-indep/2026/03/13/73751405/548611ffb2e02da4a2553d7aa363fe00_8200709361107217483.jpg
1864-1661-013-13,EP短片壁纸合集,1864,.jpg,1864-1661-013-13.jpg,爱芮主题壁纸(2560x1080),wallpapers|1864|1661|13|https://act-upload.mihoyo.com/nap-obc-indep/2026/03/13/73751405/05e8bd5fd73669dc336aa61703180525_5277773819102954927.jpg,1661,官方壁纸合集\EP短片壁纸合集\爱芮主题壁纸(2560x1080),官方壁纸合集\EP短片壁纸合集\爱芮主题壁纸(2560x1080)\1864-1661-013-13.jpg,unchanged,wallpapers,13,https://act-upload.mihoyo.com/nap-obc-indep/2026/03/13/73751405/05e8bd5fd73669dc336aa61703180525_5277773819102954927.jpg
1864-1661-014-14,EP短片壁纸合集,1864,.jpg,1864-1661-014-14.jpg,爱芮主题壁纸(2560x1080),wallpapers|1864|1661|14|https://act-upload.mihoyo.com/nap-obc-indep/2026/03/13/73751405/a04857cb93559868dbbfb2a7071b6da9_410946705818090464.jpg,1661,官方壁纸合集\EP短片壁纸合集\爱芮主题壁纸(2560x1080),官方壁纸合集\EP短片壁纸合集\爱芮主题壁纸(2560x1080)\1864-1661-014-14.jpg,unchanged,wallpapers,14,https://act-upload.mihoyo.com/nap-obc-indep/2026/03/13/73751405/a04857cb93559868dbbfb2a7071b6da9_410946705818090464.jpg
1864-1661-015-15,EP短片壁纸合集,1864,.jpg,1864-1661-015-15.jpg,爱芮主题壁纸(2560x1080),wallpapers|1864|1661|15|https://act-upload.mihoyo.com/nap-obc-indep/2026/03/13/73751405/e39b306d14307c6ce3e083d7b263db60_7812305362159002805.jpg,1661,官方壁纸合集\EP短片壁纸合集\爱芮主题壁纸(2560x1080),官方壁纸合集\EP短片壁纸合集\爱芮主题壁纸(2560x1080)\1864-1661-015-15.jpg,unchanged,wallpapers,15,https://act-upload.mihoyo.com/nap-obc-indep/2026/03/13/73751405/e39b306d14307c6ce3e083d7b263db60_7812305362159002805.jpg
1864-1661-016-16,EP短片壁纸合集,1864,.jpg,1864-1661-016-16.jpg,爱芮主题壁纸(2560x1080),wallpapers|1864|1661|16|https://act-upload.mihoyo.com/nap-obc-indep/2026/03/13/73751405/d4ae4771b53d7c90ad3b19cfcdb75ee3_3489302739289046001.jpg,1661,官方壁纸合集\EP短片壁纸合集\爱芮主题壁纸(2560x1080),官方壁纸合集\EP短片壁纸合集\爱芮主题壁纸(2560x1080)\1864-1661-016-16.jpg,unchanged,wallpapers,16,https://act-upload.mihoyo.com/nap-obc-indep/2026/03/13/73751405/d4ae4771b53d7c90ad3b19cfcdb75ee3_3489302739289046001.jpg
1864-1661-017-17,EP短片壁纸合集,1864,.jpg,1864-1661-017-17.jpg,爱芮主题壁纸(2560x1080),wallpapers|1864|1661|17|https://act-upload.mihoyo.com/nap-obc-indep/2026/03/13/73751405/184eb16635447882f7e6ec9da1e890b0_5703825396146184372.jpg,1661,官方壁纸合集\EP短片壁纸合集\爱芮主题壁纸(2560x1080),官方壁纸合集\EP短片壁纸合集\爱芮主题壁纸(2560x1080)\1864-1661-017-17.jpg,unchanged,wallpapers,17,https://act-upload.mihoyo.com/nap-obc-indep/2026/03/13/73751405/184eb16635447882f7e6ec9da1e890b0_5703825396146184372.jpg
1864-1661-018-18,EP短片壁纸合集,1864,.jpg,1864-1661-018-18.jpg,爱芮主题壁纸(2560x1080),wallpapers|1864|1661|18|https://act-upload.mihoyo.com/nap-obc-indep/2026/03/13/73751405/4e802f08fc25b2160a823e58c0848185_8082925407006285178.jpg,1661,官方壁纸合集\EP短片壁纸合集\爱芮主题壁纸(2560x1080),官方壁纸合集\EP短片壁纸合集\爱芮主题壁纸(2560x1080)\1864-1661-018-18.jpg,unchanged,wallpapers,18,https://act-upload.mihoyo.com/nap-obc-indep/2026/03/13/73751405/4e802f08fc25b2160a823e58c0848185_8082925407006285178.jpg
1864-1661-019-19,EP短片壁纸合集,1864,.jpg,1864-1661-019-19.jpg,爱芮主题壁纸(2560x1080),wallpapers|1864|1661|19|https://act-upload.mihoyo.com/nap-obc-indep/2026/03/13/73751405/61e294568459ed0e9bdc4dad676018d6_3905427776724345728.jpg,1661,官方壁纸合集\EP短片壁纸合集\爱芮主题壁纸(2560x1080),官方壁纸合集\EP短片壁纸合集\爱芮主题壁纸(2560x1080)\1864-1661-019-19.jpg,unchanged,wallpapers,19,https://act-upload.mihoyo.com/nap-obc-indep/2026/03/13/73751405/61e294568459ed0e9bdc4dad676018d6_3905427776724345728.jpg
1864-1661-020-20,EP短片壁纸合集,1864,.jpg,1864-1661-020-20.jpg,爱芮主题壁纸(2560x1080),wallpapers|1864|1661|20|https://act-upload.mihoyo.com/nap-obc-indep/2026/03/13/73751405/cb8d0221e24ffdda491aeee9982ecee0_1321025123316850653.jpg,1661,官方壁纸合集\EP短片壁纸合集\爱芮主题壁纸(2560x1080),官方壁纸合集\EP短片壁纸合集\爱芮主题壁纸(2560x1080)\1864-1661-020-20.jpg,unchanged,wallpapers,20,https://act-upload.mihoyo.com/nap-obc-indep/2026/03/13/73751405/cb8d0221e24ffdda491aeee9982ecee0_1321025123316850653.jpg
1864-1661-021-21,EP短片壁纸合集,1864,.jpg,1864-1661-021-21.jpg,爱芮主题壁纸(2560x1080),wallpapers|1864|1661|21|https://act-upload.mihoyo.com/nap-obc-indep/2026/03/13/73751405/c78dfc97dff254aac35d8963fcfa64f1_9208362846560384844.jpg,1661,官方壁纸合集\EP短片壁纸合集\爱芮主题壁纸(2560x1080),官方壁纸合集\EP短片壁纸合集\爱芮主题壁纸(2560x1080)\1864-1661-021-21.jpg,unchanged,wallpapers,21,https://act-upload.mihoyo.com/nap-obc-indep/2026/03/13/73751405/c78dfc97dff254aac35d8963fcfa64f1_9208362846560384844.jpg
1864-1661-022-22,EP短片壁纸合集,1864,.jpg,1864-1661-022-22.jpg,爱芮主题壁纸(2560x1080),wallpapers|1864|1661|22|https://act-upload.mihoyo.com/nap-obc-indep/2026/03/13/73751405/1ce4946bad458151277304833b0a5996_3094222682238806623.jpg,1661,官方壁纸合集\EP短片壁纸合集\爱芮主题壁纸(2560x1080),官方壁纸合集\EP短片壁纸合集\爱芮主题壁纸(2560x1080)\1864-1661-022-22.jpg,unchanged,wallpapers,22,https://act-upload.mihoyo.com/nap-obc-indep/2026/03/13/73751405/1ce4946bad458151277304833b0a5996_3094222682238806623.jpg
1864-1661-023-23,EP短片壁纸合集,1864,.jpg,1864-1661-023-23.jpg,爱芮主题壁纸(2560x1080),wallpapers|1864|1661|23|https://act-upload.mihoyo.com/nap-obc-indep/2026/03/13/73751405/f89ec6d2f505a91c23d7fc6252261b1e_6629356711775339382.jpg,1661,官方壁纸合集\EP短片壁纸合集\爱芮主题壁纸(2560x1080),官方壁纸合集\EP短片壁纸合集\爱芮主题壁纸(2560x1080)\1864-1661-023-23.jpg,unchanged,wallpapers,23,https://act-upload.mihoyo.com/nap-obc-indep/2026/03/13/73751405/f89ec6d2f505a91c23d7fc6252261b1e_6629356711775339382.jpg
1864-1661-024-24,EP短片壁纸合集,1864,.jpg,1864-1661-024-24.jpg,爱芮主题壁纸(2560x1080),wallpapers|1864|1661|24|https://act-upload.mihoyo.com/nap-obc-indep/2026/03/13/73751405/0ac68bf8fc2b7b5f740f819375d6b9ce_4278121764930443399.jpg,1661,官方壁纸合集\EP短片壁纸合集\爱芮主题壁纸(2560x1080),官方壁纸合集\EP短片壁纸合集\爱芮主题壁纸(2560x1080)\1864-1661-024-24.jpg,unchanged,wallpapers,24,https://act-upload.mihoyo.com/nap-obc-indep/2026/03/13/73751405/0ac68bf8fc2b7b5f740f819375d6b9ce_4278121764930443399.jpg
1864-1661-025-25,EP短片壁纸合集,1864,.jpg,1864-1661-025-25.jpg,爱芮主题壁纸(2560x1080),wallpapers|1864|1661|25|https://act-upload.mihoyo.com/nap-obc-indep/2026/03/13/73751405/0c186c10fae7bf8749832809d9cbf53d_4828394440088877019.jpg,1661,官方壁纸合集\EP短片壁纸合集\爱芮主题壁纸(2560x1080),官方壁纸合集\EP短片壁纸合集\爱芮主题壁纸(2560x1080)\1864-1661-025-25.jpg,unchanged,wallpapers,25,https://act-upload.mihoyo.com/nap-obc-indep/2026/03/13/73751405/0c186c10fae7bf8749832809d9cbf53d_4828394440088877019.jpg
1864-1661-026-26,EP短片壁纸合集,1864,.jpg,1864-1661-026-26.jpg,爱芮主题壁纸(2560x1080),wallpapers|1864|1661|26|https://act-upload.mihoyo.com/nap-obc-indep/2026/03/13/73751405/e1a0fb500f84c01f4b9589fd26b4fa0c_2242060808306493648.jpg,1661,官方壁纸合集\EP短片壁纸合集\爱芮主题壁纸(2560x1080),官方壁纸合集\EP短片壁纸合集\爱芮主题壁纸(2560x1080)\1864-1661-026-26.jpg,unchanged,wallpapers,26,https://act-upload.mihoyo.com/nap-obc-indep/2026/03/13/73751405/e1a0fb500f84c01f4b9589fd26b4fa0c_2242060808306493648.jpg
1864-1661-027-27,EP短片壁纸合集,1864,.jpg,1864-1661-027-27.jpg,爱芮主题壁纸(2560x1080),wallpapers|1864|1661|27|https://act-upload.mihoyo.com/nap-obc-indep/2026/03/13/73751405/cbf56ea0ded60fb242d81971cf67656e_3330706650284944240.jpg,1661,官方壁纸合集\EP短片壁纸合集\爱芮主题壁纸(2560x1080),官方壁纸合集\EP短片壁纸合集\爱芮主题壁纸(2560x1080)\1864-1661-027-27.jpg,unchanged,wallpapers,27,https://act-upload.mihoyo.com/nap-obc-indep/2026/03/13/73751405/cbf56ea0ded60fb242d81971cf67656e_3330706650284944240.jpg
1864-1661-028-28,EP短片壁纸合集,1864,.jpg,1864-1661-028-28.jpg,爱芮主题壁纸(2560x1080),wallpapers|1864|1661|28|https://act-upload.mihoyo.com/nap-obc-indep/2026/03/13/73751405/73d4ad82a87134ffcfdc1b9ded14318d_3279044154999688038.jpg,1661,官方壁纸合集\EP短片壁纸合集\爱芮主题壁纸(2560x1080),官方壁纸合集\EP短片壁纸合集\爱芮主题壁纸(2560x1080)\1864-1661-028-28.jpg,unchanged,wallpapers,28,https://act-upload.mihoyo.com/nap-obc-indep/2026/03/13/73751405/73d4ad82a87134ffcfdc1b9ded14318d_3279044154999688038.jpg
1864-1661-029-29,EP短片壁纸合集,1864,.jpg,1864-1661-029-29.jpg,爱芮主题壁纸(2560x1080),wallpapers|1864|1661|29|https://act-upload.mihoyo.com/nap-obc-indep/2026/03/13/73751405/48b76d3cee1d19a8a2288a31b0b5cd60_2693742801586259602.jpg,1661,官方壁纸合集\EP短片壁纸合集\爱芮主题壁纸(2560x1080),官方壁纸合集\EP短片壁纸合集\爱芮主题壁纸(2560x1080)\1864-1661-029-29.jpg,unchanged,wallpapers,29,https://act-upload.mihoyo.com/nap-obc-indep/2026/03/13/73751405/48b76d3cee1d19a8a2288a31b0b5cd60_2693742801586259602.jpg
1864-1661-030-30,EP短片壁纸合集,1864,.jpg,1864-1661-030-30.jpg,爱芮主题壁纸(2560x1080),wallpapers|1864|1661|30|https://act-upload.mihoyo.com/nap-obc-indep/2026/03/13/73751405/19e076d10e377acd963dd9d089402953_3398074538925343023.jpg,1661,官方壁纸合集\EP短片壁纸合集\爱芮主题壁纸(2560x1080),官方壁纸合集\EP短片壁纸合集\爱芮主题壁纸(2560x1080)\1864-1661-030-30.jpg,unchanged,wallpapers,30,https://act-upload.mihoyo.com/nap-obc-indep/2026/03/13/73751405/19e076d10e377acd963dd9d089402953_3398074538925343023.jpg
1864-1661-031-31,EP短片壁纸合集,1864,.jpg,1864-1661-031-31.jpg,爱芮主题壁纸(2560x1080),wallpapers|1864|1661|31|https://act-upload.mihoyo.com/nap-obc-indep/2026/03/13/73751405/6a0681f27b7edb9be36bff87d6ed0449_3130346161545514476.jpg,1661,官方壁纸合集\EP短片壁纸合集\爱芮主题壁纸(2560x1080),官方壁纸合集\EP短片壁纸合集\爱芮主题壁纸(2560x1080)\1864-1661-031-31.jpg,unchanged,wallpapers,31,https://act-upload.mihoyo.com/nap-obc-indep/2026/03/13/73751405/6a0681f27b7edb9be36bff87d6ed0449_3130346161545514476.jpg
1864-1661-032-32,EP短片壁纸合集,1864,.jpg,1864-1661-032-32.jpg,爱芮主题壁纸(2560x1080),wallpapers|1864|1661|32|https://act-upload.mihoyo.com/nap-obc-indep/2026/03/13/73751405/ebd85385742822146ac23281c2bf8e96_7870387111962666954.jpg,1661,官方壁纸合集\EP短片壁纸合集\爱芮主题壁纸(2560x1080),官方壁纸合集\EP短片壁纸合集\爱芮主题壁纸(2560x1080)\1864-1661-032-32.jpg,unchanged,wallpapers,32,https://act-upload.mihoyo.com/nap-obc-indep/2026/03/13/73751405/ebd85385742822146ac23281c2bf8e96_7870387111962666954.jpg
1864-1661-033-33,EP短片壁纸合集,1864,.jpg,1864-1661-033-33.jpg,爱芮主题壁纸(2560x1080),wallpapers|1864|1661|33|https://act-upload.mihoyo.com/nap-obc-indep/2026/03/13/73751405/f332616e29a85de2d00864a333fb1476_4777434890866244811.jpg,1661,官方壁纸合集\EP短片壁纸合集\爱芮主题壁纸(2560x1080),官方壁纸合集\EP短片壁纸合集\爱芮主题壁纸(2560x1080)\1864-1661-033-33.jpg,unchanged,wallpapers,33,https://act-upload.mihoyo.com/nap-obc-indep/2026/03/13/73751405/f332616e29a85de2d00864a333fb1476_4777434890866244811.jpg
1864-1661-034-34,EP短片壁纸合集,1864,.jpg,1864-1661-034-34.jpg,爱芮主题壁纸(2560x1080),wallpapers|1864|1661|34|https://act-upload.mihoyo.com/nap-obc-indep/2026/03/13/73751405/82c6b4804f07523c86ee1c84dd0bc722_590660091934932939.jpg,1661,官方壁纸合集\EP短片壁纸合集\爱芮主题壁纸(2560x1080),官方壁纸合集\EP短片壁纸合集\爱芮主题壁纸(2560x1080)\1864-1661-034-34.jpg,unchanged,wallpapers,34,https://act-upload.mihoyo.com/nap-obc-indep/2026/03/13/73751405/82c6b4804f07523c86ee1c84dd0bc722_590660091934932939.jpg
1864-1661-035-35,EP短片壁纸合集,1864,.jpg,1864-1661-035-35.jpg,爱芮主题壁纸(2560x1080),wallpapers|1864|1661|35|https://act-upload.mihoyo.com/nap-obc-indep/2026/03/13/73751405/7af4461078320af31a0f114c26f44b21_103385934640541930.jpg,1661,官方壁纸合集\EP短片壁纸合集\爱芮主题壁纸(2560x1080),官方壁纸合集\EP短片壁纸合集\爱芮主题壁纸(2560x1080)\1864-1661-035-35.jpg,unchanged,wallpapers,35,https://act-upload.mihoyo.com/nap-obc-indep/2026/03/13/73751405/7af4461078320af31a0f114c26f44b21_103385934640541930.jpg
1864-1661-036-36,EP短片壁纸合集,1864,.jpg,1864-1661-036-36.jpg,爱芮主题壁纸(2560x1080),wallpapers|1864|1661|36|https://act-upload.mihoyo.com/nap-obc-indep/2026/03/13/73751405/d6c0005e3eaae2c8f0fad0a9dd1ffbef_7427712434576237720.jpg,1661,官方壁纸合集\EP短片壁纸合集\爱芮主题壁纸(2560x1080),官方壁纸合集\EP短片壁纸合集\爱芮主题壁纸(2560x1080)\1864-1661-036-36.jpg,unchanged,wallpapers,36,https://act-upload.mihoyo.com/nap-obc-indep/2026/03/13/73751405/d6c0005e3eaae2c8f0fad0a9dd1ffbef_7427712434576237720.jpg
1599-1577-001-1,EP短片壁纸合集,1599,.jpg,1599-1577-001-1.jpg,叶瞬光主题壁纸（3840x2160）,wallpapers|1599|1577|1|https://act-upload.mihoyo.com/nap-obc-indep/2026/01/08/73751405/cf57fbb688c0b15553d913a268f9b83b_7112916644359024545.jpg,1577,官方壁纸合集\EP短片壁纸合集\叶瞬光主题壁纸（3840x2160）,官方壁纸合集\EP短片壁纸合集\叶瞬光主题壁纸（3840x2160）\1599-1577-001-1.jpg,unchanged,wallpapers,1,https://act-upload.mihoyo.com/nap-obc-indep/2026/01/08/73751405/cf57fbb688c0b15553d913a268f9b83b_7112916644359024545.jpg
1599-1577-002-2,EP短片壁纸合集,1599,.jpg,1599-1577-002-2.jpg,叶瞬光主题壁纸（3840x2160）,wallpapers|1599|1577|2|https://act-upload.mihoyo.com/nap-obc-indep/2026/01/08/73751405/893098ca67720ccd623955c842942f02_9142795561270217032.jpg,1577,官方壁纸合集\EP短片壁纸合集\叶瞬光主题壁纸（3840x2160）,官方壁纸合集\EP短片壁纸合集\叶瞬光主题壁纸（3840x2160）\1599-1577-002-2.jpg,unchanged,wallpapers,2,https://act-upload.mihoyo.com/nap-obc-indep/2026/01/08/73751405/893098ca67720ccd623955c842942f02_9142795561270217032.jpg
1599-1577-003-3,EP短片壁纸合集,1599,.jpg,1599-1577-003-3.jpg,叶瞬光主题壁纸（3840x2160）,wallpapers|1599|1577|3|https://act-upload.mihoyo.com/nap-obc-indep/2026/01/08/73751405/8afd788fc45ce2f13fa191f0c2363244_6725641960526348234.jpg,1577,官方壁纸合集\EP短片壁纸合集\叶瞬光主题壁纸（3840x2160）,官方壁纸合集\EP短片壁纸合集\叶瞬光主题壁纸（3840x2160）\1599-1577-003-3.jpg,unchanged,wallpapers,3,https://act-upload.mihoyo.com/nap-obc-indep/2026/01/08/73751405/8afd788fc45ce2f13fa191f0c2363244_6725641960526348234.jpg
1599-1577-004-4,EP短片壁纸合集,1599,.jpg,1599-1577-004-4.jpg,叶瞬光主题壁纸（3840x2160）,wallpapers|1599|1577|4|https://act-upload.mihoyo.com/nap-obc-indep/2026/01/08/73751405/2081e2bb805ee1d5626e26f0550fdca2_8671513984580181985.jpg,1577,官方壁纸合集\EP短片壁纸合集\叶瞬光主题壁纸（3840x2160）,官方壁纸合集\EP短片壁纸合集\叶瞬光主题壁纸（3840x2160）\1599-1577-004-4.jpg,unchanged,wallpapers,4,https://act-upload.mihoyo.com/nap-obc-indep/2026/01/08/73751405/2081e2bb805ee1d5626e26f0550fdca2_8671513984580181985.jpg
1599-1577-005-5,EP短片壁纸合集,1599,.jpg,1599-1577-005-5.jpg,叶瞬光主题壁纸（3840x2160）,wallpapers|1599|1577|5|https://act-upload.mihoyo.com/nap-obc-indep/2026/01/08/73751405/1ebb735480d5439b5736670fbcf8a405_3644719051546780790.jpg,1577,官方壁纸合集\EP短片壁纸合集\叶瞬光主题壁纸（3840x2160）,官方壁纸合集\EP短片壁纸合集\叶瞬光主题壁纸（3840x2160）\1599-1577-005-5.jpg,unchanged,wallpapers,5,https://act-upload.mihoyo.com/nap-obc-indep/2026/01/08/73751405/1ebb735480d5439b5736670fbcf8a405_3644719051546780790.jpg
1599-1577-006-6,EP短片壁纸合集,1599,.jpg,1599-1577-006-6.jpg,叶瞬光主题壁纸（3840x2160）,wallpapers|1599|1577|6|https://act-upload.mihoyo.com/nap-obc-indep/2026/01/08/73751405/5d363e06b97e9a7fff3b4c9d199a9a8f_7436219643596408829.jpg,1577,官方壁纸合集\EP短片壁纸合集\叶瞬光主题壁纸（3840x2160）,官方壁纸合集\EP短片壁纸合集\叶瞬光主题壁纸（3840x2160）\1599-1577-006-6.jpg,unchanged,wallpapers,6,https://act-upload.mihoyo.com/nap-obc-indep/2026/01/08/73751405/5d363e06b97e9a7fff3b4c9d199a9a8f_7436219643596408829.jpg
1599-1577-007-7,EP短片壁纸合集,1599,.jpg,1599-1577-007-7.jpg,叶瞬光主题壁纸（3840x2160）,wallpapers|1599|1577|7|https://act-upload.mihoyo.com/nap-obc-indep/2026/01/08/73751405/5fd0a5ae5f8a09cf1a7f70f85ae0233e_403163559756099970.jpg,1577,官方壁纸合集\EP短片壁纸合集\叶瞬光主题壁纸（3840x2160）,官方壁纸合集\EP短片壁纸合集\叶瞬光主题壁纸（3840x2160）\1599-1577-007-7.jpg,unchanged,wallpapers,7,https://act-upload.mihoyo.com/nap-obc-indep/2026/01/08/73751405/5fd0a5ae5f8a09cf1a7f70f85ae0233e_403163559756099970.jpg
1599-1577-008-8,EP短片壁纸合集,1599,.jpg,1599-1577-008-8.jpg,叶瞬光主题壁纸（3840x2160）,wallpapers|1599|1577|8|https://act-upload.mihoyo.com/nap-obc-indep/2026/01/08/73751405/4ced229ca443d8b3c138236b9e3d9dfb_7539149378666354647.jpg,1577,官方壁纸合集\EP短片壁纸合集\叶瞬光主题壁纸（3840x2160）,官方壁纸合集\EP短片壁纸合集\叶瞬光主题壁纸（3840x2160）\1599-1577-008-8.jpg,unchanged,wallpapers,8,https://act-upload.mihoyo.com/nap-obc-indep/2026/01/08/73751405/4ced229ca443d8b3c138236b9e3d9dfb_7539149378666354647.jpg
1599-1577-009-9,EP短片壁纸合集,1599,.jpg,1599-1577-009-9.jpg,叶瞬光主题壁纸（3840x2160）,wallpapers|1599|1577|9|https://act-upload.mihoyo.com/nap-obc-indep/2026/01/08/73751405/2296a61d4f83802077cddf9b2ba013b1_6359417692772716781.jpg,1577,官方壁纸合集\EP短片壁纸合集\叶瞬光主题壁纸（3840x2160）,官方壁纸合集\EP短片壁纸合集\叶瞬光主题壁纸（3840x2160）\1599-1577-009-9.jpg,unchanged,wallpapers,9,https://act-upload.mihoyo.com/nap-obc-indep/2026/01/08/73751405/2296a61d4f83802077cddf9b2ba013b1_6359417692772716781.jpg
1599-1577-010-10,EP短片壁纸合集,1599,.jpg,1599-1577-010-10.jpg,叶瞬光主题壁纸（3840x2160）,wallpapers|1599|1577|10|https://act-upload.mihoyo.com/nap-obc-indep/2026/01/08/73751405/9e79c7cb6c812e165204cb9c5fa9974c_140705595225046966.jpg,1577,官方壁纸合集\EP短片壁纸合集\叶瞬光主题壁纸（3840x2160）,官方壁纸合集\EP短片壁纸合集\叶瞬光主题壁纸（3840x2160）\1599-1577-010-10.jpg,unchanged,wallpapers,10,https://act-upload.mihoyo.com/nap-obc-indep/2026/01/08/73751405/9e79c7cb6c812e165204cb9c5fa9974c_140705595225046966.jpg
1599-1577-011-11,EP短片壁纸合集,1599,.jpg,1599-1577-011-11.jpg,叶瞬光主题壁纸（3840x2160）,wallpapers|1599|1577|11|https://act-upload.mihoyo.com/nap-obc-indep/2026/01/08/73751405/5599a79eab3f69016980ca9a04590a26_4615379702630068236.jpg,1577,官方壁纸合集\EP短片壁纸合集\叶瞬光主题壁纸（3840x2160）,官方壁纸合集\EP短片壁纸合集\叶瞬光主题壁纸（3840x2160）\1599-1577-011-11.jpg,unchanged,wallpapers,11,https://act-upload.mihoyo.com/nap-obc-indep/2026/01/08/73751405/5599a79eab3f69016980ca9a04590a26_4615379702630068236.jpg
1599-1577-012-12,EP短片壁纸合集,1599,.jpg,1599-1577-012-12.jpg,叶瞬光主题壁纸（3840x2160）,wallpapers|1599|1577|12|https://act-upload.mihoyo.com/nap-obc-indep/2026/01/08/73751405/97a5fb408dfa8c71be004b43baf6f2c4_242919389449939794.jpg,1577,官方壁纸合集\EP短片壁纸合集\叶瞬光主题壁纸（3840x2160）,官方壁纸合集\EP短片壁纸合集\叶瞬光主题壁纸（3840x2160）\1599-1577-012-12.jpg,unchanged,wallpapers,12,https://act-upload.mihoyo.com/nap-obc-indep/2026/01/08/73751405/97a5fb408dfa8c71be004b43baf6f2c4_242919389449939794.jpg
1599-1577-013-13,EP短片壁纸合集,1599,.jpg,1599-1577-013-13.jpg,叶瞬光主题壁纸（3840x2160）,wallpapers|1599|1577|13|https://act-upload.mihoyo.com/nap-obc-indep/2026/01/08/73751405/379ba2fa39f94971d80090b953a70171_2956477348310241475.jpg,1577,官方壁纸合集\EP短片壁纸合集\叶瞬光主题壁纸（3840x2160）,官方壁纸合集\EP短片壁纸合集\叶瞬光主题壁纸（3840x2160）\1599-1577-013-13.jpg,unchanged,wallpapers,13,https://act-upload.mihoyo.com/nap-obc-indep/2026/01/08/73751405/379ba2fa39f94971d80090b953a70171_2956477348310241475.jpg
1599-1577-014-14,EP短片壁纸合集,1599,.jpg,1599-1577-014-14.jpg,叶瞬光主题壁纸（3840x2160）,wallpapers|1599|1577|14|https://act-upload.mihoyo.com/nap-obc-indep/2026/01/08/73751405/75395c1842b8dda82eaf72e8e9b6f698_8552692129660307461.jpg,1577,官方壁纸合集\EP短片壁纸合集\叶瞬光主题壁纸（3840x2160）,官方壁纸合集\EP短片壁纸合集\叶瞬光主题壁纸（3840x2160）\1599-1577-014-14.jpg,unchanged,wallpapers,14,https://act-upload.mihoyo.com/nap-obc-indep/2026/01/08/73751405/75395c1842b8dda82eaf72e8e9b6f698_8552692129660307461.jpg
1599-1577-015-15,EP短片壁纸合集,1599,.jpg,1599-1577-015-15.jpg,叶瞬光主题壁纸（3840x2160）,wallpapers|1599|1577|15|https://act-upload.mihoyo.com/nap-obc-indep/2026/01/08/73751405/31bb02ab5b0b5cc8167712be45c86ce4_5638594933545337332.jpg,1577,官方壁纸合集\EP短片壁纸合集\叶瞬光主题壁纸（3840x2160）,官方壁纸合集\EP短片壁纸合集\叶瞬光主题壁纸（3840x2160）\1599-1577-015-15.jpg,unchanged,wallpapers,15,https://act-upload.mihoyo.com/nap-obc-indep/2026/01/08/73751405/31bb02ab5b0b5cc8167712be45c86ce4_5638594933545337332.jpg
1599-1577-016-16,EP短片壁纸合集,1599,.jpg,1599-1577-016-16.jpg,叶瞬光主题壁纸（3840x2160）,wallpapers|1599|1577|16|https://act-upload.mihoyo.com/nap-obc-indep/2026/01/08/73751405/b21290ef611c5864883108e93fde8fd3_7574714549560339832.jpg,1577,官方壁纸合集\EP短片壁纸合集\叶瞬光主题壁纸（3840x2160）,官方壁纸合集\EP短片壁纸合集\叶瞬光主题壁纸（3840x2160）\1599-1577-016-16.jpg,unchanged,wallpapers,16,https://act-upload.mihoyo.com/nap-obc-indep/2026/01/08/73751405/b21290ef611c5864883108e93fde8fd3_7574714549560339832.jpg
1599-1577-017-17,EP短片壁纸合集,1599,.jpg,1599-1577-017-17.jpg,叶瞬光主题壁纸（3840x2160）,wallpapers|1599|1577|17|https://act-upload.mihoyo.com/nap-obc-indep/2026/01/08/73751405/04ad98e7e5aef9a8dffd3bed70c18137_6036358332742718678.jpg,1577,官方壁纸合集\EP短片壁纸合集\叶瞬光主题壁纸（3840x2160）,官方壁纸合集\EP短片壁纸合集\叶瞬光主题壁纸（3840x2160）\1599-1577-017-17.jpg,unchanged,wallpapers,17,https://act-upload.mihoyo.com/nap-obc-indep/2026/01/08/73751405/04ad98e7e5aef9a8dffd3bed70c18137_6036358332742718678.jpg
1599-1577-018-18,EP短片壁纸合集,1599,.jpg,1599-1577-018-18.jpg,叶瞬光主题壁纸（3840x2160）,wallpapers|1599|1577|18|https://act-upload.mihoyo.com/nap-obc-indep/2026/01/08/73751405/2bf1cd8f19d40f38d4ec952cc3888184_4034180591938695473.jpg,1577,官方壁纸合集\EP短片壁纸合集\叶瞬光主题壁纸（3840x2160）,官方壁纸合集\EP短片壁纸合集\叶瞬光主题壁纸（3840x2160）\1599-1577-018-18.jpg,unchanged,wallpapers,18,https://act-upload.mihoyo.com/nap-obc-indep/2026/01/08/73751405/2bf1cd8f19d40f38d4ec952cc3888184_4034180591938695473.jpg
1599-1577-019-19,EP短片壁纸合集,1599,.jpg,1599-1577-019-19.jpg,叶瞬光主题壁纸（3840x2160）,wallpapers|1599|1577|19|https://act-upload.mihoyo.com/nap-obc-indep/2026/01/08/73751405/8f10a27879f2cf7b4abf45f2ac445ebe_2929092609075177539.jpg,1577,官方壁纸合集\EP短片壁纸合集\叶瞬光主题壁纸（3840x2160）,官方壁纸合集\EP短片壁纸合集\叶瞬光主题壁纸（3840x2160）\1599-1577-019-19.jpg,unchanged,wallpapers,19,https://act-upload.mihoyo.com/nap-obc-indep/2026/01/08/73751405/8f10a27879f2cf7b4abf45f2ac445ebe_2929092609075177539.jpg
1599-1577-020-20,EP短片壁纸合集,1599,.jpg,1599-1577-020-20.jpg,叶瞬光主题壁纸（3840x2160）,wallpapers|1599|1577|20|https://act-upload.mihoyo.com/nap-obc-indep/2026/01/08/73751405/e93bc3e5f412bb6d469b1bfe3255e790_1318738388463689792.jpg,1577,官方壁纸合集\EP短片壁纸合集\叶瞬光主题壁纸（3840x2160）,官方壁纸合集\EP短片壁纸合集\叶瞬光主题壁纸（3840x2160）\1599-1577-020-20.jpg,unchanged,wallpapers,20,https://act-upload.mihoyo.com/nap-obc-indep/2026/01/08/73751405/e93bc3e5f412bb6d469b1bfe3255e790_1318738388463689792.jpg
1599-1577-021-21,EP短片壁纸合集,1599,.jpg,1599-1577-021-21.jpg,叶瞬光主题壁纸（3840x2160）,wallpapers|1599|1577|21|https://act-upload.mihoyo.com/nap-obc-indep/2026/01/08/73751405/ed9ca9cc14989bd7f8b165bbed5c26ff_2786699555017040950.jpg,1577,官方壁纸合集\EP短片壁纸合集\叶瞬光主题壁纸（3840x2160）,官方壁纸合集\EP短片壁纸合集\叶瞬光主题壁纸（3840x2160）\1599-1577-021-21.jpg,unchanged,wallpapers,21,https://act-upload.mihoyo.com/nap-obc-indep/2026/01/08/73751405/ed9ca9cc14989bd7f8b165bbed5c26ff_2786699555017040950.jpg
1599-1577-022-22,EP短片壁纸合集,1599,.jpg,1599-1577-022-22.jpg,叶瞬光主题壁纸（3840x2160）,wallpapers|1599|1577|22|https://act-upload.mihoyo.com/nap-obc-indep/2026/01/08/73751405/73d69171e56809580de827e1861f5aae_2233574709244970337.jpg,1577,官方壁纸合集\EP短片壁纸合集\叶瞬光主题壁纸（3840x2160）,官方壁纸合集\EP短片壁纸合集\叶瞬光主题壁纸（3840x2160）\1599-1577-022-22.jpg,unchanged,wallpapers,22,https://act-upload.mihoyo.com/nap-obc-indep/2026/01/08/73751405/73d69171e56809580de827e1861f5aae_2233574709244970337.jpg
1599-1577-023-23,EP短片壁纸合集,1599,.jpg,1599-1577-023-23.jpg,叶瞬光主题壁纸（3840x2160）,wallpapers|1599|1577|23|https://act-upload.mihoyo.com/nap-obc-indep/2026/01/08/73751405/bd2886e1ccc1b1b38ef20356d3b6be24_5728586932427346979.jpg,1577,官方壁纸合集\EP短片壁纸合集\叶瞬光主题壁纸（3840x2160）,官方壁纸合集\EP短片壁纸合集\叶瞬光主题壁纸（3840x2160）\1599-1577-023-23.jpg,unchanged,wallpapers,23,https://act-upload.mihoyo.com/nap-obc-indep/2026/01/08/73751405/bd2886e1ccc1b1b38ef20356d3b6be24_5728586932427346979.jpg
1599-1577-024-24,EP短片壁纸合集,1599,.jpg,1599-1577-024-24.jpg,叶瞬光主题壁纸（3840x2160）,wallpapers|1599|1577|24|https://act-upload.mihoyo.com/nap-obc-indep/2026/01/08/73751405/9165a62f59bec55abbed94d1cb7958dc_3232654087734988881.jpg,1577,官方壁纸合集\EP短片壁纸合集\叶瞬光主题壁纸（3840x2160）,官方壁纸合集\EP短片壁纸合集\叶瞬光主题壁纸（3840x2160）\1599-1577-024-24.jpg,unchanged,wallpapers,24,https://act-upload.mihoyo.com/nap-obc-indep/2026/01/08/73751405/9165a62f59bec55abbed94d1cb7958dc_3232654087734988881.jpg
1599-1577-025-25,EP短片壁纸合集,1599,.jpg,1599-1577-025-25.jpg,叶瞬光主题壁纸（3840x2160）,wallpapers|1599|1577|25|https://act-upload.mihoyo.com/nap-obc-indep/2026/01/08/73751405/92098905dbbdf4d45b2275c4e189a289_2191090725920457536.jpg,1577,官方壁纸合集\EP短片壁纸合集\叶瞬光主题壁纸（3840x2160）,官方壁纸合集\EP短片壁纸合集\叶瞬光主题壁纸（3840x2160）\1599-1577-025-25.jpg,unchanged,wallpapers,25,https://act-upload.mihoyo.com/nap-obc-indep/2026/01/08/73751405/92098905dbbdf4d45b2275c4e189a289_2191090725920457536.jpg
1599-1577-026-26,EP短片壁纸合集,1599,.jpg,1599-1577-026-26.jpg,叶瞬光主题壁纸（3840x2160）,wallpapers|1599|1577|26|https://act-upload.mihoyo.com/nap-obc-indep/2026/01/08/73751405/4c7c11c6ddfed2c4ab1a0a53d57651e2_1608614743327570402.jpg,1577,官方壁纸合集\EP短片壁纸合集\叶瞬光主题壁纸（3840x2160）,官方壁纸合集\EP短片壁纸合集\叶瞬光主题壁纸（3840x2160）\1599-1577-026-26.jpg,unchanged,wallpapers,26,https://act-upload.mihoyo.com/nap-obc-indep/2026/01/08/73751405/4c7c11c6ddfed2c4ab1a0a53d57651e2_1608614743327570402.jpg
1599-1577-027-27,EP短片壁纸合集,1599,.jpg,1599-1577-027-27.jpg,叶瞬光主题壁纸（3840x2160）,wallpapers|1599|1577|27|https://act-upload.mihoyo.com/nap-obc-indep/2026/01/08/73751405/0cca1753f3171a3b23ab7f22043b7003_8001475138394162025.jpg,1577,官方壁纸合集\EP短片壁纸合集\叶瞬光主题壁纸（3840x2160）,官方壁纸合集\EP短片壁纸合集\叶瞬光主题壁纸（3840x2160）\1599-1577-027-27.jpg,unchanged,wallpapers,27,https://act-upload.mihoyo.com/nap-obc-indep/2026/01/08/73751405/0cca1753f3171a3b23ab7f22043b7003_8001475138394162025.jpg
1599-1577-028-28,EP短片壁纸合集,1599,.jpg,1599-1577-028-28.jpg,叶瞬光主题壁纸（3840x2160）,wallpapers|1599|1577|28|https://act-upload.mihoyo.com/nap-obc-indep/2026/01/08/73751405/2de874c8b17b0d19767e2fbf160f590b_788723502186650584.jpg,1577,官方壁纸合集\EP短片壁纸合集\叶瞬光主题壁纸（3840x2160）,官方壁纸合集\EP短片壁纸合集\叶瞬光主题壁纸（3840x2160）\1599-1577-028-28.jpg,unchanged,wallpapers,28,https://act-upload.mihoyo.com/nap-obc-indep/2026/01/08/73751405/2de874c8b17b0d19767e2fbf160f590b_788723502186650584.jpg
1599-1577-029-29,EP短片壁纸合集,1599,.jpg,1599-1577-029-29.jpg,叶瞬光主题壁纸（3840x2160）,wallpapers|1599|1577|29|https://act-upload.mihoyo.com/nap-obc-indep/2026/01/08/73751405/040af6c3ede889771aae7be6acb1cfa9_2841510931782702395.jpg,1577,官方壁纸合集\EP短片壁纸合集\叶瞬光主题壁纸（3840x2160）,官方壁纸合集\EP短片壁纸合集\叶瞬光主题壁纸（3840x2160）\1599-1577-029-29.jpg,unchanged,wallpapers,29,https://act-upload.mihoyo.com/nap-obc-indep/2026/01/08/73751405/040af6c3ede889771aae7be6acb1cfa9_2841510931782702395.jpg
1599-1577-030-30,EP短片壁纸合集,1599,.jpg,1599-1577-030-30.jpg,叶瞬光主题壁纸（3840x2160）,wallpapers|1599|1577|30|https://act-upload.mihoyo.com/nap-obc-indep/2026/01/08/73751405/1a37449b4249805597e97abd97341aad_7041684400570774631.jpg,1577,官方壁纸合集\EP短片壁纸合集\叶瞬光主题壁纸（3840x2160）,官方壁纸合集\EP短片壁纸合集\叶瞬光主题壁纸（3840x2160）\1599-1577-030-30.jpg,unchanged,wallpapers,30,https://act-upload.mihoyo.com/nap-obc-indep/2026/01/08/73751405/1a37449b4249805597e97abd97341aad_7041684400570774631.jpg
1599-1577-031-31,EP短片壁纸合集,1599,.jpg,1599-1577-031-31.jpg,叶瞬光主题壁纸（3840x2160）,wallpapers|1599|1577|31|https://act-upload.mihoyo.com/nap-obc-indep/2026/01/08/73751405/62c1516d1843612007b80d66d0b33d45_5581898077034091019.jpg,1577,官方壁纸合集\EP短片壁纸合集\叶瞬光主题壁纸（3840x2160）,官方壁纸合集\EP短片壁纸合集\叶瞬光主题壁纸（3840x2160）\1599-1577-031-31.jpg,unchanged,wallpapers,31,https://act-upload.mihoyo.com/nap-obc-indep/2026/01/08/73751405/62c1516d1843612007b80d66d0b33d45_5581898077034091019.jpg
1599-1577-032-32,EP短片壁纸合集,1599,.jpg,1599-1577-032-32.jpg,叶瞬光主题壁纸（3840x2160）,wallpapers|1599|1577|32|https://act-upload.mihoyo.com/nap-obc-indep/2026/01/08/73751405/2b784f04777c78be6e84fce74bc67d25_1535559287409333076.jpg,1577,官方壁纸合集\EP短片壁纸合集\叶瞬光主题壁纸（3840x2160）,官方壁纸合集\EP短片壁纸合集\叶瞬光主题壁纸（3840x2160）\1599-1577-032-32.jpg,unchanged,wallpapers,32,https://act-upload.mihoyo.com/nap-obc-indep/2026/01/08/73751405/2b784f04777c78be6e84fce74bc67d25_1535559287409333076.jpg
1599-1577-033-33,EP短片壁纸合集,1599,.jpg,1599-1577-033-33.jpg,叶瞬光主题壁纸（3840x2160）,wallpapers|1599|1577|33|https://act-upload.mihoyo.com/nap-obc-indep/2026/01/08/73751405/5b4db22f66fa86abf0018260e70480f2_7600893175862783018.jpg,1577,官方壁纸合集\EP短片壁纸合集\叶瞬光主题壁纸（3840x2160）,官方壁纸合集\EP短片壁纸合集\叶瞬光主题壁纸（3840x2160）\1599-1577-033-33.jpg,unchanged,wallpapers,33,https://act-upload.mihoyo.com/nap-obc-indep/2026/01/08/73751405/5b4db22f66fa86abf0018260e70480f2_7600893175862783018.jpg
1599-1577-034-34,EP短片壁纸合集,1599,.jpg,1599-1577-034-34.jpg,叶瞬光主题壁纸（3840x2160）,wallpapers|1599|1577|34|https://act-upload.mihoyo.com/nap-obc-indep/2026/01/08/73751405/65b5090b308fdeb36a8396f9a1beb9c8_814136233827073527.jpg,1577,官方壁纸合集\EP短片壁纸合集\叶瞬光主题壁纸（3840x2160）,官方壁纸合集\EP短片壁纸合集\叶瞬光主题壁纸（3840x2160）\1599-1577-034-34.jpg,unchanged,wallpapers,34,https://act-upload.mihoyo.com/nap-obc-indep/2026/01/08/73751405/65b5090b308fdeb36a8396f9a1beb9c8_814136233827073527.jpg
1599-1577-035-35,EP短片壁纸合集,1599,.jpg,1599-1577-035-35.jpg,叶瞬光主题壁纸（3840x2160）,wallpapers|1599|1577|35|https://act-upload.mihoyo.com/nap-obc-indep/2026/01/08/73751405/1eab562cd52153967ccff2291bb83680_1320354505729218153.jpg,1577,官方壁纸合集\EP短片壁纸合集\叶瞬光主题壁纸（3840x2160）,官方壁纸合集\EP短片壁纸合集\叶瞬光主题壁纸（3840x2160）\1599-1577-035-35.jpg,unchanged,wallpapers,35,https://act-upload.mihoyo.com/nap-obc-indep/2026/01/08/73751405/1eab562cd52153967ccff2291bb83680_1320354505729218153.jpg
1599-1577-036-36,EP短片壁纸合集,1599,.jpg,1599-1577-036-36.jpg,叶瞬光主题壁纸（3840x2160）,wallpapers|1599|1577|36|https://act-upload.mihoyo.com/nap-obc-indep/2026/01/08/73751405/e6e8e5d2a04a2d7e792942da25fe1a47_3694640178003735043.jpg,1577,官方壁纸合集\EP短片壁纸合集\叶瞬光主题壁纸（3840x2160）,官方壁纸合集\EP短片壁纸合集\叶瞬光主题壁纸（3840x2160）\1599-1577-036-36.jpg,unchanged,wallpapers,36,https://act-upload.mihoyo.com/nap-obc-indep/2026/01/08/73751405/e6e8e5d2a04a2d7e792942da25fe1a47_3694640178003735043.jpg
1599-1577-037-37,EP短片壁纸合集,1599,.jpg,1599-1577-037-37.jpg,叶瞬光主题壁纸（3840x2160）,wallpapers|1599|1577|37|https://act-upload.mihoyo.com/nap-obc-indep/2026/01/08/73751405/10532ab6ec0f2ccd414128700a77af9a_1079366804407610401.jpg,1577,官方壁纸合集\EP短片壁纸合集\叶瞬光主题壁纸（3840x2160）,官方壁纸合集\EP短片壁纸合集\叶瞬光主题壁纸（3840x2160）\1599-1577-037-37.jpg,unchanged,wallpapers,37,https://act-upload.mihoyo.com/nap-obc-indep/2026/01/08/73751405/10532ab6ec0f2ccd414128700a77af9a_1079366804407610401.jpg
1599-1577-038-38,EP短片壁纸合集,1599,.jpg,1599-1577-038-38.jpg,叶瞬光主题壁纸（3840x2160）,wallpapers|1599|1577|38|https://act-upload.mihoyo.com/nap-obc-indep/2026/01/08/73751405/ae556f6d0db760abb13859eae9838a30_5588038373305256399.jpg,1577,官方壁纸合集\EP短片壁纸合集\叶瞬光主题壁纸（3840x2160）,官方壁纸合集\EP短片壁纸合集\叶瞬光主题壁纸（3840x2160）\1599-1577-038-38.jpg,unchanged,wallpapers,38,https://act-upload.mihoyo.com/nap-obc-indep/2026/01/08/73751405/ae556f6d0db760abb13859eae9838a30_5588038373305256399.jpg
1599-1577-039-39,EP短片壁纸合集,1599,.jpg,1599-1577-039-39.jpg,叶瞬光主题壁纸（3840x2160）,wallpapers|1599|1577|39|https://act-upload.mihoyo.com/nap-obc-indep/2026/01/08/73751405/efd8bf2ed86b6fd058a7222a18b24074_9175062097587342575.jpg,1577,官方壁纸合集\EP短片壁纸合集\叶瞬光主题壁纸（3840x2160）,官方壁纸合集\EP短片壁纸合集\叶瞬光主题壁纸（3840x2160）\1599-1577-039-39.jpg,unchanged,wallpapers,39,https://act-upload.mihoyo.com/nap-obc-indep/2026/01/08/73751405/efd8bf2ed86b6fd058a7222a18b24074_9175062097587342575.jpg
1599-1577-040-40,EP短片壁纸合集,1599,.jpg,1599-1577-040-40.jpg,叶瞬光主题壁纸（3840x2160）,wallpapers|1599|1577|40|https://act-upload.mihoyo.com/nap-obc-indep/2026/01/08/73751405/b20f8d027c31f16f88b145c73d657e85_5443322703143554806.jpg,1577,官方壁纸合集\EP短片壁纸合集\叶瞬光主题壁纸（3840x2160）,官方壁纸合集\EP短片壁纸合集\叶瞬光主题壁纸（3840x2160）\1599-1577-040-40.jpg,unchanged,wallpapers,40,https://act-upload.mihoyo.com/nap-obc-indep/2026/01/08/73751405/b20f8d027c31f16f88b145c73d657e85_5443322703143554806.jpg
1599-1577-041-41,EP短片壁纸合集,1599,.jpg,1599-1577-041-41.jpg,叶瞬光主题壁纸（3840x2160）,wallpapers|1599|1577|41|https://act-upload.mihoyo.com/nap-obc-indep/2026/01/08/73751405/81320a3f5acfcdd8b209abbaebeca9bd_3289230834495917231.jpg,1577,官方壁纸合集\EP短片壁纸合集\叶瞬光主题壁纸（3840x2160）,官方壁纸合集\EP短片壁纸合集\叶瞬光主题壁纸（3840x2160）\1599-1577-041-41.jpg,unchanged,wallpapers,41,https://act-upload.mihoyo.com/nap-obc-indep/2026/01/08/73751405/81320a3f5acfcdd8b209abbaebeca9bd_3289230834495917231.jpg
1599-1577-042-42,EP短片壁纸合集,1599,.jpg,1599-1577-042-42.jpg,叶瞬光主题壁纸（3840x2160）,wallpapers|1599|1577|42|https://act-upload.mihoyo.com/nap-obc-indep/2026/01/08/73751405/0cc5aa1f4f5166cfa94f1b8cf7ad8693_1372060548474182476.jpg,1577,官方壁纸合集\EP短片壁纸合集\叶瞬光主题壁纸（3840x2160）,官方壁纸合集\EP短片壁纸合集\叶瞬光主题壁纸（3840x2160）\1599-1577-042-42.jpg,unchanged,wallpapers,42,https://act-upload.mihoyo.com/nap-obc-indep/2026/01/08/73751405/0cc5aa1f4f5166cfa94f1b8cf7ad8693_1372060548474182476.jpg
1599-1577-043-43,EP短片壁纸合集,1599,.jpg,1599-1577-043-43.jpg,叶瞬光主题壁纸（3840x2160）,wallpapers|1599|1577|43|https://act-upload.mihoyo.com/nap-obc-indep/2026/01/08/73751405/6b1378b613a1393ff907c940093602c9_8666872212192038756.jpg,1577,官方壁纸合集\EP短片壁纸合集\叶瞬光主题壁纸（3840x2160）,官方壁纸合集\EP短片壁纸合集\叶瞬光主题壁纸（3840x2160）\1599-1577-043-43.jpg,unchanged,wallpapers,43,https://act-upload.mihoyo.com/nap-obc-indep/2026/01/08/73751405/6b1378b613a1393ff907c940093602c9_8666872212192038756.jpg
1599-1577-044-44,EP短片壁纸合集,1599,.jpg,1599-1577-044-44.jpg,叶瞬光主题壁纸（3840x2160）,wallpapers|1599|1577|44|https://act-upload.mihoyo.com/nap-obc-indep/2026/01/08/73751405/3870ffd9c1ca4905bf82491db060626b_3891997273204680110.jpg,1577,官方壁纸合集\EP短片壁纸合集\叶瞬光主题壁纸（3840x2160）,官方壁纸合集\EP短片壁纸合集\叶瞬光主题壁纸（3840x2160）\1599-1577-044-44.jpg,unchanged,wallpapers,44,https://act-upload.mihoyo.com/nap-obc-indep/2026/01/08/73751405/3870ffd9c1ca4905bf82491db060626b_3891997273204680110.jpg
1599-1577-045-45,EP短片壁纸合集,1599,.jpg,1599-1577-045-45.jpg,叶瞬光主题壁纸（3840x2160）,wallpapers|1599|1577|45|https://act-upload.mihoyo.com/nap-obc-indep/2026/01/08/73751405/3ab520865c8f02b3dfa7b0e778eb6609_7226857879049170226.jpg,1577,官方壁纸合集\EP短片壁纸合集\叶瞬光主题壁纸（3840x2160）,官方壁纸合集\EP短片壁纸合集\叶瞬光主题壁纸（3840x2160）\1599-1577-045-45.jpg,unchanged,wallpapers,45,https://act-upload.mihoyo.com/nap-obc-indep/2026/01/08/73751405/3ab520865c8f02b3dfa7b0e778eb6609_7226857879049170226.jpg
1599-1577-046-46,EP短片壁纸合集,1599,.jpg,1599-1577-046-46.jpg,叶瞬光主题壁纸（3840x2160）,wallpapers|1599|1577|46|https://act-upload.mihoyo.com/nap-obc-indep/2026/01/08/73751405/2ef23dc7852bd387c984763438340b36_2035513671582282486.jpg,1577,官方壁纸合集\EP短片壁纸合集\叶瞬光主题壁纸（3840x2160）,官方壁纸合集\EP短片壁纸合集\叶瞬光主题壁纸（3840x2160）\1599-1577-046-46.jpg,unchanged,wallpapers,46,https://act-upload.mihoyo.com/nap-obc-indep/2026/01/08/73751405/2ef23dc7852bd387c984763438340b36_2035513671582282486.jpg
1599-1577-047-47,EP短片壁纸合集,1599,.jpg,1599-1577-047-47.jpg,叶瞬光主题壁纸（3840x2160）,wallpapers|1599|1577|47|https://act-upload.mihoyo.com/nap-obc-indep/2026/01/08/73751405/e15af76eaf0373657c71f8edcc1de88d_3645980676411321152.jpg,1577,官方壁纸合集\EP短片壁纸合集\叶瞬光主题壁纸（3840x2160）,官方壁纸合集\EP短片壁纸合集\叶瞬光主题壁纸（3840x2160）\1599-1577-047-47.jpg,unchanged,wallpapers,47,https://act-upload.mihoyo.com/nap-obc-indep/2026/01/08/73751405/e15af76eaf0373657c71f8edcc1de88d_3645980676411321152.jpg
1599-1577-048-48,EP短片壁纸合集,1599,.jpg,1599-1577-048-48.jpg,叶瞬光主题壁纸（3840x2160）,wallpapers|1599|1577|48|https://act-upload.mihoyo.com/nap-obc-indep/2026/01/08/73751405/4d0f1ed676543c04f199c602b7327cd4_1093885748470489447.jpg,1577,官方壁纸合集\EP短片壁纸合集\叶瞬光主题壁纸（3840x2160）,官方壁纸合集\EP短片壁纸合集\叶瞬光主题壁纸（3840x2160）\1599-1577-048-48.jpg,unchanged,wallpapers,48,https://act-upload.mihoyo.com/nap-obc-indep/2026/01/08/73751405/4d0f1ed676543c04f199c602b7327cd4_1093885748470489447.jpg
1599-1577-049-49,EP短片壁纸合集,1599,.jpg,1599-1577-049-49.jpg,叶瞬光主题壁纸（3840x2160）,wallpapers|1599|1577|49|https://act-upload.mihoyo.com/nap-obc-indep/2026/01/08/73751405/2e2f5960a137abc999e442c0fff9dd12_5023498399345487526.jpg,1577,官方壁纸合集\EP短片壁纸合集\叶瞬光主题壁纸（3840x2160）,官方壁纸合集\EP短片壁纸合集\叶瞬光主题壁纸（3840x2160）\1599-1577-049-49.jpg,unchanged,wallpapers,49,https://act-upload.mihoyo.com/nap-obc-indep/2026/01/08/73751405/2e2f5960a137abc999e442c0fff9dd12_5023498399345487526.jpg
1599-1577-050-50,EP短片壁纸合集,1599,.jpg,1599-1577-050-50.jpg,叶瞬光主题壁纸（3840x2160）,wallpapers|1599|1577|50|https://act-upload.mihoyo.com/nap-obc-indep/2026/01/08/73751405/e8c3da8689eb1a11a9854ee4b6a37175_5649243874133327523.jpg,1577,官方壁纸合集\EP短片壁纸合集\叶瞬光主题壁纸（3840x2160）,官方壁纸合集\EP短片壁纸合集\叶瞬光主题壁纸（3840x2160）\1599-1577-050-50.jpg,unchanged,wallpapers,50,https://act-upload.mihoyo.com/nap-obc-indep/2026/01/08/73751405/e8c3da8689eb1a11a9854ee4b6a37175_5649243874133327523.jpg
1599-1577-051-51,EP短片壁纸合集,1599,.jpg,1599-1577-051-51.jpg,叶瞬光主题壁纸（3840x2160）,wallpapers|1599|1577|51|https://act-upload.mihoyo.com/nap-obc-indep/2026/01/08/73751405/db319bf4d45a78601972585706370669_4636260668218475835.jpg,1577,官方壁纸合集\EP短片壁纸合集\叶瞬光主题壁纸（3840x2160）,官方壁纸合集\EP短片壁纸合集\叶瞬光主题壁纸（3840x2160）\1599-1577-051-51.jpg,unchanged,wallpapers,51,https://act-upload.mihoyo.com/nap-obc-indep/2026/01/08/73751405/db319bf4d45a78601972585706370669_4636260668218475835.jpg
1599-1577-052-52,EP短片壁纸合集,1599,.jpg,1599-1577-052-52.jpg,叶瞬光主题壁纸（3840x2160）,wallpapers|1599|1577|52|https://act-upload.mihoyo.com/nap-obc-indep/2026/01/08/73751405/e289516d94dadfce4acc12c97e44f5ce_3486823682921301752.jpg,1577,官方壁纸合集\EP短片壁纸合集\叶瞬光主题壁纸（3840x2160）,官方壁纸合集\EP短片壁纸合集\叶瞬光主题壁纸（3840x2160）\1599-1577-052-52.jpg,unchanged,wallpapers,52,https://act-upload.mihoyo.com/nap-obc-indep/2026/01/08/73751405/e289516d94dadfce4acc12c97e44f5ce_3486823682921301752.jpg
1599-1577-053-53,EP短片壁纸合集,1599,.jpg,1599-1577-053-53.jpg,叶瞬光主题壁纸（3840x2160）,wallpapers|1599|1577|53|https://act-upload.mihoyo.com/nap-obc-indep/2026/01/08/73751405/dc73316c5907ebd5a6143ee22cb36809_2055343646049283754.jpg,1577,官方壁纸合集\EP短片壁纸合集\叶瞬光主题壁纸（3840x2160）,官方壁纸合集\EP短片壁纸合集\叶瞬光主题壁纸（3840x2160）\1599-1577-053-53.jpg,unchanged,wallpapers,53,https://act-upload.mihoyo.com/nap-obc-indep/2026/01/08/73751405/dc73316c5907ebd5a6143ee22cb36809_2055343646049283754.jpg
1599-1577-054-54,EP短片壁纸合集,1599,.jpg,1599-1577-054-54.jpg,叶瞬光主题壁纸（3840x2160）,wallpapers|1599|1577|54|https://act-upload.mihoyo.com/nap-obc-indep/2026/01/08/73751405/d37fe2610359e797f1b9a0c572f9a347_1535370809646173732.jpg,1577,官方壁纸合集\EP短片壁纸合集\叶瞬光主题壁纸（3840x2160）,官方壁纸合集\EP短片壁纸合集\叶瞬光主题壁纸（3840x2160）\1599-1577-054-54.jpg,unchanged,wallpapers,54,https://act-upload.mihoyo.com/nap-obc-indep/2026/01/08/73751405/d37fe2610359e797f1b9a0c572f9a347_1535370809646173732.jpg
1599-1577-055-55,EP短片壁纸合集,1599,.jpg,1599-1577-055-55.jpg,叶瞬光主题壁纸（3840x2160）,wallpapers|1599|1577|55|https://act-upload.mihoyo.com/nap-obc-indep/2026/01/08/73751405/b06412cb19a697583fcebe4d03dfa31f_8077607517331625270.jpg,1577,官方壁纸合集\EP短片壁纸合集\叶瞬光主题壁纸（3840x2160）,官方壁纸合集\EP短片壁纸合集\叶瞬光主题壁纸（3840x2160）\1599-1577-055-55.jpg,unchanged,wallpapers,55,https://act-upload.mihoyo.com/nap-obc-indep/2026/01/08/73751405/b06412cb19a697583fcebe4d03dfa31f_8077607517331625270.jpg
1599-1577-056-56,EP短片壁纸合集,1599,.jpg,1599-1577-056-56.jpg,叶瞬光主题壁纸（3840x2160）,wallpapers|1599|1577|56|https://act-upload.mihoyo.com/nap-obc-indep/2026/01/08/73751405/9ff008a1471637de6ab685e09f367ee6_2769343774941626890.jpg,1577,官方壁纸合集\EP短片壁纸合集\叶瞬光主题壁纸（3840x2160）,官方壁纸合集\EP短片壁纸合集\叶瞬光主题壁纸（3840x2160）\1599-1577-056-56.jpg,unchanged,wallpapers,56,https://act-upload.mihoyo.com/nap-obc-indep/2026/01/08/73751405/9ff008a1471637de6ab685e09f367ee6_2769343774941626890.jpg
1599-1577-057-57,EP短片壁纸合集,1599,.jpg,1599-1577-057-57.jpg,叶瞬光主题壁纸（3840x2160）,wallpapers|1599|1577|57|https://act-upload.mihoyo.com/nap-obc-indep/2026/01/08/73751405/cd3bc320d4c8dd89fa2f6c0a828a47b8_7418357975035209347.jpg,1577,官方壁纸合集\EP短片壁纸合集\叶瞬光主题壁纸（3840x2160）,官方壁纸合集\EP短片壁纸合集\叶瞬光主题壁纸（3840x2160）\1599-1577-057-57.jpg,unchanged,wallpapers,57,https://act-upload.mihoyo.com/nap-obc-indep/2026/01/08/73751405/cd3bc320d4c8dd89fa2f6c0a828a47b8_7418357975035209347.jpg
1599-1577-058-58,EP短片壁纸合集,1599,.jpg,1599-1577-058-58.jpg,叶瞬光主题壁纸（3840x2160）,wallpapers|1599|1577|58|https://act-upload.mihoyo.com/nap-obc-indep/2026/01/08/73751405/d12150443a2854f221ecb7308103c382_2148820845892297027.jpg,1577,官方壁纸合集\EP短片壁纸合集\叶瞬光主题壁纸（3840x2160）,官方壁纸合集\EP短片壁纸合集\叶瞬光主题壁纸（3840x2160）\1599-1577-058-58.jpg,unchanged,wallpapers,58,https://act-upload.mihoyo.com/nap-obc-indep/2026/01/08/73751405/d12150443a2854f221ecb7308103c382_2148820845892297027.jpg
1599-1577-059-59,EP短片壁纸合集,1599,.jpg,1599-1577-059-59.jpg,叶瞬光主题壁纸（3840x2160）,wallpapers|1599|1577|59|https://act-upload.mihoyo.com/nap-obc-indep/2026/01/08/73751405/14548afcf8635867c2036a9cb183c199_7886885889367921218.jpg,1577,官方壁纸合集\EP短片壁纸合集\叶瞬光主题壁纸（3840x2160）,官方壁纸合集\EP短片壁纸合集\叶瞬光主题壁纸（3840x2160）\1599-1577-059-59.jpg,unchanged,wallpapers,59,https://act-upload.mihoyo.com/nap-obc-indep/2026/01/08/73751405/14548afcf8635867c2036a9cb183c199_7886885889367921218.jpg
1599-1577-060-60,EP短片壁纸合集,1599,.jpg,1599-1577-060-60.jpg,叶瞬光主题壁纸（3840x2160）,wallpapers|1599|1577|60|https://act-upload.mihoyo.com/nap-obc-indep/2026/01/08/73751405/95810d8b8dbc2d4516bb9e11b884417f_2396907056652610569.jpg,1577,官方壁纸合集\EP短片壁纸合集\叶瞬光主题壁纸（3840x2160）,官方壁纸合集\EP短片壁纸合集\叶瞬光主题壁纸（3840x2160）\1599-1577-060-60.jpg,unchanged,wallpapers,60,https://act-upload.mihoyo.com/nap-obc-indep/2026/01/08/73751405/95810d8b8dbc2d4516bb9e11b884417f_2396907056652610569.jpg
1599-1577-061-61,EP短片壁纸合集,1599,.jpg,1599-1577-061-61.jpg,叶瞬光主题壁纸（3840x2160）,wallpapers|1599|1577|61|https://act-upload.mihoyo.com/nap-obc-indep/2026/01/08/73751405/3dc4de56d6e2598a2eb7ed5c5cf09d62_3900144527871913909.jpg,1577,官方壁纸合集\EP短片壁纸合集\叶瞬光主题壁纸（3840x2160）,官方壁纸合集\EP短片壁纸合集\叶瞬光主题壁纸（3840x2160）\1599-1577-061-61.jpg,unchanged,wallpapers,61,https://act-upload.mihoyo.com/nap-obc-indep/2026/01/08/73751405/3dc4de56d6e2598a2eb7ed5c5cf09d62_3900144527871913909.jpg
1599-1577-062-62,EP短片壁纸合集,1599,.jpg,1599-1577-062-62.jpg,叶瞬光主题壁纸（3840x2160）,wallpapers|1599|1577|62|https://act-upload.mihoyo.com/nap-obc-indep/2026/01/08/73751405/a5f0d03b40948accdf013796bbcd621a_2811979821831955855.jpg,1577,官方壁纸合集\EP短片壁纸合集\叶瞬光主题壁纸（3840x2160）,官方壁纸合集\EP短片壁纸合集\叶瞬光主题壁纸（3840x2160）\1599-1577-062-62.jpg,unchanged,wallpapers,62,https://act-upload.mihoyo.com/nap-obc-indep/2026/01/08/73751405/a5f0d03b40948accdf013796bbcd621a_2811979821831955855.jpg
1599-1577-063-63,EP短片壁纸合集,1599,.jpg,1599-1577-063-63.jpg,叶瞬光主题壁纸（3840x2160）,wallpapers|1599|1577|63|https://act-upload.mihoyo.com/nap-obc-indep/2026/01/08/73751405/4c3da6738303286b04eee82783d97608_4244880279039789265.jpg,1577,官方壁纸合集\EP短片壁纸合集\叶瞬光主题壁纸（3840x2160）,官方壁纸合集\EP短片壁纸合集\叶瞬光主题壁纸（3840x2160）\1599-1577-063-63.jpg,unchanged,wallpapers,63,https://act-upload.mihoyo.com/nap-obc-indep/2026/01/08/73751405/4c3da6738303286b04eee82783d97608_4244880279039789265.jpg
1599-1577-064-64,EP短片壁纸合集,1599,.jpg,1599-1577-064-64.jpg,叶瞬光主题壁纸（3840x2160）,wallpapers|1599|1577|64|https://act-upload.mihoyo.com/nap-obc-indep/2026/01/08/73751405/3bdf3d520e356f4f29c0d756f6b67d12_8029051425797014831.jpg,1577,官方壁纸合集\EP短片壁纸合集\叶瞬光主题壁纸（3840x2160）,官方壁纸合集\EP短片壁纸合集\叶瞬光主题壁纸（3840x2160）\1599-1577-064-64.jpg,unchanged,wallpapers,64,https://act-upload.mihoyo.com/nap-obc-indep/2026/01/08/73751405/3bdf3d520e356f4f29c0d756f6b67d12_8029051425797014831.jpg
1(2560x1080),EP短片壁纸合集,1599,.jpg,1(2560x1080).jpg,卢西娅角色展示壁纸,wallpapers|1599|1413|1(2560x1080)|https://act-upload.mihoyo.com/nap-obc-indep/2025/10/21/73751405/63be4b94b57651e748dd9d1f754fe837_900737841361236119.jpg,1413,官方壁纸合集\EP短片壁纸合集\卢西娅角色展示壁纸,官方壁纸合集\EP短片壁纸合集\卢西娅角色展示壁纸\1(2560x1080).jpg,unchanged,wallpapers,1(2560x1080),https://act-upload.mihoyo.com/nap-obc-indep/2025/10/21/73751405/63be4b94b57651e748dd9d1f754fe837_900737841361236119.jpg
1(3840x2160),EP短片壁纸合集,1599,.jpg,1(3840x2160).jpg,卢西娅角色展示壁纸,wallpapers|1599|1413|1(3840x2160)|https://act-upload.mihoyo.com/nap-obc-indep/2025/10/21/73751405/35b758dfc6019d9f842286cf14e8f525_98955114117892107.jpg,1413,官方壁纸合集\EP短片壁纸合集\卢西娅角色展示壁纸,官方壁纸合集\EP短片壁纸合集\卢西娅角色展示壁纸\1(3840x2160).jpg,unchanged,wallpapers,1(3840x2160),https://act-upload.mihoyo.com/nap-obc-indep/2025/10/21/73751405/35b758dfc6019d9f842286cf14e8f525_98955114117892107.jpg
2(2560x1080),EP短片壁纸合集,1599,.jpg,2(2560x1080).jpg,卢西娅角色展示壁纸,wallpapers|1599|1413|2(2560x1080)|https://act-upload.mihoyo.com/nap-obc-indep/2025/10/21/73751405/d2b1cfde42888ed19c8241b079eba997_1754338838928278169.jpg,1413,官方壁纸合集\EP短片壁纸合集\卢西娅角色展示壁纸,官方壁纸合集\EP短片壁纸合集\卢西娅角色展示壁纸\2(2560x1080).jpg,unchanged,wallpapers,2(2560x1080),https://act-upload.mihoyo.com/nap-obc-indep/2025/10/21/73751405/d2b1cfde42888ed19c8241b079eba997_1754338838928278169.jpg
2(3840x2160),EP短片壁纸合集,1599,.jpg,2(3840x2160).jpg,卢西娅角色展示壁纸,wallpapers|1599|1413|2(3840x2160)|https://act-upload.mihoyo.com/nap-obc-indep/2025/10/21/73751405/f3f7bf66f8fdd55f479cca8d25649241_3630544925845361403.jpg,1413,官方壁纸合集\EP短片壁纸合集\卢西娅角色展示壁纸,官方壁纸合集\EP短片壁纸合集\卢西娅角色展示壁纸\2(3840x2160).jpg,unchanged,wallpapers,2(3840x2160),https://act-upload.mihoyo.com/nap-obc-indep/2025/10/21/73751405/f3f7bf66f8fdd55f479cca8d25649241_3630544925845361403.jpg
3(2560x1080),EP短片壁纸合集,1599,.jpg,3(2560x1080).jpg,卢西娅角色展示壁纸,wallpapers|1599|1413|3(2560x1080)|https://act-upload.mihoyo.com/nap-obc-indep/2025/10/21/73751405/7c9fc07109ef84bc1a204ff8d6e153a5_522450441870022425.jpg,1413,官方壁纸合集\EP短片壁纸合集\卢西娅角色展示壁纸,官方壁纸合集\EP短片壁纸合集\卢西娅角色展示壁纸\3(2560x1080).jpg,unchanged,wallpapers,3(2560x1080),https://act-upload.mihoyo.com/nap-obc-indep/2025/10/21/73751405/7c9fc07109ef84bc1a204ff8d6e153a5_522450441870022425.jpg
3(3840x2160),EP短片壁纸合集,1599,.jpg,3(3840x2160).jpg,卢西娅角色展示壁纸,wallpapers|1599|1413|3(3840x2160)|https://act-upload.mihoyo.com/nap-obc-indep/2025/10/21/73751405/4213c275e4e8166dfea1bb920fb0c428_2934870383223044584.jpg,1413,官方壁纸合集\EP短片壁纸合集\卢西娅角色展示壁纸,官方壁纸合集\EP短片壁纸合集\卢西娅角色展示壁纸\3(3840x2160).jpg,unchanged,wallpapers,3(3840x2160),https://act-upload.mihoyo.com/nap-obc-indep/2025/10/21/73751405/4213c275e4e8166dfea1bb920fb0c428_2934870383223044584.jpg
4(2560x1080),EP短片壁纸合集,1599,.jpg,4(2560x1080).jpg,卢西娅角色展示壁纸,wallpapers|1599|1413|4(2560x1080)|https://act-upload.mihoyo.com/nap-obc-indep/2025/10/21/73751405/0ed31c8fe3ebb3d2a1fe29878ad95a7f_7069301691495274689.jpg,1413,官方壁纸合集\EP短片壁纸合集\卢西娅角色展示壁纸,官方壁纸合集\EP短片壁纸合集\卢西娅角色展示壁纸\4(2560x1080).jpg,unchanged,wallpapers,4(2560x1080),https://act-upload.mihoyo.com/nap-obc-indep/2025/10/21/73751405/0ed31c8fe3ebb3d2a1fe29878ad95a7f_7069301691495274689.jpg
4(3840x2160),EP短片壁纸合集,1599,.jpg,4(3840x2160).jpg,卢西娅角色展示壁纸,wallpapers|1599|1413|4(3840x2160)|https://act-upload.mihoyo.com/nap-obc-indep/2025/10/21/73751405/04d5a98cdddf37cf82d87e4825615d25_3371191318931189081.jpg,1413,官方壁纸合集\EP短片壁纸合集\卢西娅角色展示壁纸,官方壁纸合集\EP短片壁纸合集\卢西娅角色展示壁纸\4(3840x2160).jpg,unchanged,wallpapers,4(3840x2160),https://act-upload.mihoyo.com/nap-obc-indep/2025/10/21/73751405/04d5a98cdddf37cf82d87e4825615d25_3371191318931189081.jpg
5(2560x1080),EP短片壁纸合集,1599,.jpg,5(2560x1080).jpg,卢西娅角色展示壁纸,wallpapers|1599|1413|5(2560x1080)|https://act-upload.mihoyo.com/nap-obc-indep/2025/10/21/73751405/7623d71a7440c9a9b47506e792fed943_6132387509033410816.jpg,1413,官方壁纸合集\EP短片壁纸合集\卢西娅角色展示壁纸,官方壁纸合集\EP短片壁纸合集\卢西娅角色展示壁纸\5(2560x1080).jpg,unchanged,wallpapers,5(2560x1080),https://act-upload.mihoyo.com/nap-obc-indep/2025/10/21/73751405/7623d71a7440c9a9b47506e792fed943_6132387509033410816.jpg
5(3840x2160),EP短片壁纸合集,1599,.jpg,5(3840x2160).jpg,卢西娅角色展示壁纸,wallpapers|1599|1413|5(3840x2160)|https://act-upload.mihoyo.com/nap-obc-indep/2025/10/21/73751405/ea2f37a537c4ea6a08c0cfd14f392c18_5118184712049334033.jpg,1413,官方壁纸合集\EP短片壁纸合集\卢西娅角色展示壁纸,官方壁纸合集\EP短片壁纸合集\卢西娅角色展示壁纸\5(3840x2160).jpg,unchanged,wallpapers,5(3840x2160),https://act-upload.mihoyo.com/nap-obc-indep/2025/10/21/73751405/ea2f37a537c4ea6a08c0cfd14f392c18_5118184712049334033.jpg
6(2560x1080),EP短片壁纸合集,1599,.jpg,6(2560x1080).jpg,卢西娅角色展示壁纸,wallpapers|1599|1413|6(2560x1080)|https://act-upload.mihoyo.com/nap-obc-indep/2025/10/21/73751405/25076ba07e6fdb359d937d8220ffc57c_7485646624052483562.jpg,1413,官方壁纸合集\EP短片壁纸合集\卢西娅角色展示壁纸,官方壁纸合集\EP短片壁纸合集\卢西娅角色展示壁纸\6(2560x1080).jpg,unchanged,wallpapers,6(2560x1080),https://act-upload.mihoyo.com/nap-obc-indep/2025/10/21/73751405/25076ba07e6fdb359d937d8220ffc57c_7485646624052483562.jpg
6(3840x2160),EP短片壁纸合集,1599,.jpg,6(3840x2160).jpg,卢西娅角色展示壁纸,wallpapers|1599|1413|6(3840x2160)|https://act-upload.mihoyo.com/nap-obc-indep/2025/10/21/73751405/886c85b85aa265a0eb4f5536108ffb16_1775007732251836573.jpg,1413,官方壁纸合集\EP短片壁纸合集\卢西娅角色展示壁纸,官方壁纸合集\EP短片壁纸合集\卢西娅角色展示壁纸\6(3840x2160).jpg,unchanged,wallpapers,6(3840x2160),https://act-upload.mihoyo.com/nap-obc-indep/2025/10/21/73751405/886c85b85aa265a0eb4f5536108ffb16_1775007732251836573.jpg
7(2560x1080),EP短片壁纸合集,1599,.jpg,7(2560x1080).jpg,卢西娅角色展示壁纸,wallpapers|1599|1413|7(2560x1080)|https://act-upload.mihoyo.com/nap-obc-indep/2025/10/21/73751405/4a5d3874e04926d1afba0b7bd83d2c87_5416233189675477448.jpg,1413,官方壁纸合集\EP短片壁纸合集\卢西娅角色展示壁纸,官方壁纸合集\EP短片壁纸合集\卢西娅角色展示壁纸\7(2560x1080).jpg,unchanged,wallpapers,7(2560x1080),https://act-upload.mihoyo.com/nap-obc-indep/2025/10/21/73751405/4a5d3874e04926d1afba0b7bd83d2c87_5416233189675477448.jpg
7(3840x2160),EP短片壁纸合集,1599,.jpg,7(3840x2160).jpg,卢西娅角色展示壁纸,wallpapers|1599|1413|7(3840x2160)|https://act-upload.mihoyo.com/nap-obc-indep/2025/10/21/73751405/b8f259eb017848e87eabbd4187f78f3d_5840754405173738752.jpg,1413,官方壁纸合集\EP短片壁纸合集\卢西娅角色展示壁纸,官方壁纸合集\EP短片壁纸合集\卢西娅角色展示壁纸\7(3840x2160).jpg,unchanged,wallpapers,7(3840x2160),https://act-upload.mihoyo.com/nap-obc-indep/2025/10/21/73751405/b8f259eb017848e87eabbd4187f78f3d_5840754405173738752.jpg
8(2560x1080),EP短片壁纸合集,1599,.jpg,8(2560x1080).jpg,卢西娅角色展示壁纸,wallpapers|1599|1413|8(2560x1080)|https://act-upload.mihoyo.com/nap-obc-indep/2025/10/21/73751405/ae5fd02cf62353ae3a592e71095e91f7_8596108104486622460.jpg,1413,官方壁纸合集\EP短片壁纸合集\卢西娅角色展示壁纸,官方壁纸合集\EP短片壁纸合集\卢西娅角色展示壁纸\8(2560x1080).jpg,unchanged,wallpapers,8(2560x1080),https://act-upload.mihoyo.com/nap-obc-indep/2025/10/21/73751405/ae5fd02cf62353ae3a592e71095e91f7_8596108104486622460.jpg
8(3840x2160),EP短片壁纸合集,1599,.jpg,8(3840x2160).jpg,卢西娅角色展示壁纸,wallpapers|1599|1413|8(3840x2160)|https://act-upload.mihoyo.com/nap-obc-indep/2025/10/21/73751405/46ca6a8100637a76c24b5260d1226e1c_8345338188389613549.jpg,1413,官方壁纸合集\EP短片壁纸合集\卢西娅角色展示壁纸,官方壁纸合集\EP短片壁纸合集\卢西娅角色展示壁纸\8(3840x2160).jpg,unchanged,wallpapers,8(3840x2160),https://act-upload.mihoyo.com/nap-obc-indep/2025/10/21/73751405/46ca6a8100637a76c24b5260d1226e1c_8345338188389613549.jpg
9(2560x1080),EP短片壁纸合集,1599,.jpg,9(2560x1080).jpg,卢西娅角色展示壁纸,wallpapers|1599|1413|9(2560x1080)|https://act-upload.mihoyo.com/nap-obc-indep/2025/10/21/73751405/dbe8b320429febcefb5e007593ac9992_5926497464767164701.jpg,1413,官方壁纸合集\EP短片壁纸合集\卢西娅角色展示壁纸,官方壁纸合集\EP短片壁纸合集\卢西娅角色展示壁纸\9(2560x1080).jpg,unchanged,wallpapers,9(2560x1080),https://act-upload.mihoyo.com/nap-obc-indep/2025/10/21/73751405/dbe8b320429febcefb5e007593ac9992_5926497464767164701.jpg
9(3840x2160),EP短片壁纸合集,1599,.jpg,9(3840x2160).jpg,卢西娅角色展示壁纸,wallpapers|1599|1413|9(3840x2160)|https://act-upload.mihoyo.com/nap-obc-indep/2025/10/21/73751405/e6d6f47d35e0b35817d0109dc8e20c45_796502932776331896.jpg,1413,官方壁纸合集\EP短片壁纸合集\卢西娅角色展示壁纸,官方壁纸合集\EP短片壁纸合集\卢西娅角色展示壁纸\9(3840x2160).jpg,unchanged,wallpapers,9(3840x2160),https://act-upload.mihoyo.com/nap-obc-indep/2025/10/21/73751405/e6d6f47d35e0b35817d0109dc8e20c45_796502932776331896.jpg
10(2560x1080),EP短片壁纸合集,1599,.jpg,10(2560x1080).jpg,卢西娅角色展示壁纸,wallpapers|1599|1413|10(2560x1080)|https://act-upload.mihoyo.com/nap-obc-indep/2025/10/21/73751405/7ca5036c2009ab3f0447228572e15c3b_1750949298463245334.jpg,1413,官方壁纸合集\EP短片壁纸合集\卢西娅角色展示壁纸,官方壁纸合集\EP短片壁纸合集\卢西娅角色展示壁纸\10(2560x1080).jpg,unchanged,wallpapers,10(2560x1080),https://act-upload.mihoyo.com/nap-obc-indep/2025/10/21/73751405/7ca5036c2009ab3f0447228572e15c3b_1750949298463245334.jpg
10(3840x2160),EP短片壁纸合集,1599,.jpg,10(3840x2160).jpg,卢西娅角色展示壁纸,wallpapers|1599|1413|10(3840x2160)|https://act-upload.mihoyo.com/nap-obc-indep/2025/10/21/73751405/4ebdaa6da64eac5a5ee0fda1f7d80558_2749933459195420068.jpg,1413,官方壁纸合集\EP短片壁纸合集\卢西娅角色展示壁纸,官方壁纸合集\EP短片壁纸合集\卢西娅角色展示壁纸\10(3840x2160).jpg,unchanged,wallpapers,10(3840x2160),https://act-upload.mihoyo.com/nap-obc-indep/2025/10/21/73751405/4ebdaa6da64eac5a5ee0fda1f7d80558_2749933459195420068.jpg
11(2560x1080),EP短片壁纸合集,1599,.jpg,11(2560x1080).jpg,卢西娅角色展示壁纸,wallpapers|1599|1413|11(2560x1080)|https://act-upload.mihoyo.com/nap-obc-indep/2025/10/21/73751405/35a95708d7e0ff23f09d83a1a1a507f7_247645848163628604.jpg,1413,官方壁纸合集\EP短片壁纸合集\卢西娅角色展示壁纸,官方壁纸合集\EP短片壁纸合集\卢西娅角色展示壁纸\11(2560x1080).jpg,unchanged,wallpapers,11(2560x1080),https://act-upload.mihoyo.com/nap-obc-indep/2025/10/21/73751405/35a95708d7e0ff23f09d83a1a1a507f7_247645848163628604.jpg
11(3840x2160),EP短片壁纸合集,1599,.jpg,11(3840x2160).jpg,卢西娅角色展示壁纸,wallpapers|1599|1413|11(3840x2160)|https://act-upload.mihoyo.com/nap-obc-indep/2025/10/21/73751405/9262cb202ab6f2817dbcf4e086bfb81d_8947574583866293840.jpg,1413,官方壁纸合集\EP短片壁纸合集\卢西娅角色展示壁纸,官方壁纸合集\EP短片壁纸合集\卢西娅角色展示壁纸\11(3840x2160).jpg,unchanged,wallpapers,11(3840x2160),https://act-upload.mihoyo.com/nap-obc-indep/2025/10/21/73751405/9262cb202ab6f2817dbcf4e086bfb81d_8947574583866293840.jpg
12(2560x1080),EP短片壁纸合集,1599,.jpg,12(2560x1080).jpg,卢西娅角色展示壁纸,wallpapers|1599|1413|12(2560x1080)|https://act-upload.mihoyo.com/nap-obc-indep/2025/10/21/73751405/9a37410681fc02b7794a8cb50afcb15e_4564815792924719165.jpg,1413,官方壁纸合集\EP短片壁纸合集\卢西娅角色展示壁纸,官方壁纸合集\EP短片壁纸合集\卢西娅角色展示壁纸\12(2560x1080).jpg,unchanged,wallpapers,12(2560x1080),https://act-upload.mihoyo.com/nap-obc-indep/2025/10/21/73751405/9a37410681fc02b7794a8cb50afcb15e_4564815792924719165.jpg
12(3840x2160),EP短片壁纸合集,1599,.jpg,12(3840x2160).jpg,卢西娅角色展示壁纸,wallpapers|1599|1413|12(3840x2160)|https://act-upload.mihoyo.com/nap-obc-indep/2025/10/21/73751405/6a2cc84ac0b01468cef571e7f6f57c4a_2577223008023462539.jpg,1413,官方壁纸合集\EP短片壁纸合集\卢西娅角色展示壁纸,官方壁纸合集\EP短片壁纸合集\卢西娅角色展示壁纸\12(3840x2160).jpg,unchanged,wallpapers,12(3840x2160),https://act-upload.mihoyo.com/nap-obc-indep/2025/10/21/73751405/6a2cc84ac0b01468cef571e7f6f57c4a_2577223008023462539.jpg
13(2560x1080),EP短片壁纸合集,1599,.jpg,13(2560x1080).jpg,卢西娅角色展示壁纸,wallpapers|1599|1413|13(2560x1080)|https://act-upload.mihoyo.com/nap-obc-indep/2025/10/21/73751405/1c197ef6dca3793b37d5cc8e0f70fdd4_4567694260390404471.jpg,1413,官方壁纸合集\EP短片壁纸合集\卢西娅角色展示壁纸,官方壁纸合集\EP短片壁纸合集\卢西娅角色展示壁纸\13(2560x1080).jpg,unchanged,wallpapers,13(2560x1080),https://act-upload.mihoyo.com/nap-obc-indep/2025/10/21/73751405/1c197ef6dca3793b37d5cc8e0f70fdd4_4567694260390404471.jpg
13(3840x2160),EP短片壁纸合集,1599,.jpg,13(3840x2160).jpg,卢西娅角色展示壁纸,wallpapers|1599|1413|13(3840x2160)|https://act-upload.mihoyo.com/nap-obc-indep/2025/10/21/73751405/14ebe3209d2aa919990146f957f5a0e7_5044667910368687230.jpg,1413,官方壁纸合集\EP短片壁纸合集\卢西娅角色展示壁纸,官方壁纸合集\EP短片壁纸合集\卢西娅角色展示壁纸\13(3840x2160).jpg,unchanged,wallpapers,13(3840x2160),https://act-upload.mihoyo.com/nap-obc-indep/2025/10/21/73751405/14ebe3209d2aa919990146f957f5a0e7_5044667910368687230.jpg
14(2560x1080),EP短片壁纸合集,1599,.jpg,14(2560x1080).jpg,卢西娅角色展示壁纸,wallpapers|1599|1413|14(2560x1080)|https://act-upload.mihoyo.com/nap-obc-indep/2025/10/21/73751405/2578a3e25ec43e90e330ba5e67fb75ae_1172348467065351850.jpg,1413,官方壁纸合集\EP短片壁纸合集\卢西娅角色展示壁纸,官方壁纸合集\EP短片壁纸合集\卢西娅角色展示壁纸\14(2560x1080).jpg,unchanged,wallpapers,14(2560x1080),https://act-upload.mihoyo.com/nap-obc-indep/2025/10/21/73751405/2578a3e25ec43e90e330ba5e67fb75ae_1172348467065351850.jpg
14(3840x2160),EP短片壁纸合集,1599,.jpg,14(3840x2160).jpg,卢西娅角色展示壁纸,wallpapers|1599|1413|14(3840x2160)|https://act-upload.mihoyo.com/nap-obc-indep/2025/10/21/73751405/676a0d4c073d99c651cadc75a3f4a41b_2448847750219913550.jpg,1413,官方壁纸合集\EP短片壁纸合集\卢西娅角色展示壁纸,官方壁纸合集\EP短片壁纸合集\卢西娅角色展示壁纸\14(3840x2160).jpg,unchanged,wallpapers,14(3840x2160),https://act-upload.mihoyo.com/nap-obc-indep/2025/10/21/73751405/676a0d4c073d99c651cadc75a3f4a41b_2448847750219913550.jpg
1599-1358-001-1,EP短片壁纸合集,1599,.jpg,1599-1358-001-1.jpg,奥菲丝&鬼火EP壁纸(2560x1080),wallpapers|1599|1358|1|https://act-upload.mihoyo.com/nap-obc-indep/2025/09/28/73751405/66c65d07ebadc867a2b7560a214ba696_6786007511341764685.jpg,1358,官方壁纸合集\EP短片壁纸合集\奥菲丝&鬼火EP壁纸(2560x1080),官方壁纸合集\EP短片壁纸合集\奥菲丝&鬼火EP壁纸(2560x1080)\1599-1358-001-1.jpg,unchanged,wallpapers,1,https://act-upload.mihoyo.com/nap-obc-indep/2025/09/28/73751405/66c65d07ebadc867a2b7560a214ba696_6786007511341764685.jpg
1599-1358-002-2,EP短片壁纸合集,1599,.jpg,1599-1358-002-2.jpg,奥菲丝&鬼火EP壁纸(2560x1080),wallpapers|1599|1358|2|https://act-upload.mihoyo.com/nap-obc-indep/2025/09/28/73751405/93d013c24868f48e04b89773992089e2_2236006556947577130.jpg,1358,官方壁纸合集\EP短片壁纸合集\奥菲丝&鬼火EP壁纸(2560x1080),官方壁纸合集\EP短片壁纸合集\奥菲丝&鬼火EP壁纸(2560x1080)\1599-1358-002-2.jpg,unchanged,wallpapers,2,https://act-upload.mihoyo.com/nap-obc-indep/2025/09/28/73751405/93d013c24868f48e04b89773992089e2_2236006556947577130.jpg
1599-1358-003-3,EP短片壁纸合集,1599,.jpg,1599-1358-003-3.jpg,奥菲丝&鬼火EP壁纸(2560x1080),wallpapers|1599|1358|3|https://act-upload.mihoyo.com/nap-obc-indep/2025/09/28/73751405/feb2e4ab7062b724b158b8cff47e1ecd_7822702399603362888.jpg,1358,官方壁纸合集\EP短片壁纸合集\奥菲丝&鬼火EP壁纸(2560x1080),官方壁纸合集\EP短片壁纸合集\奥菲丝&鬼火EP壁纸(2560x1080)\1599-1358-003-3.jpg,unchanged,wallpapers,3,https://act-upload.mihoyo.com/nap-obc-indep/2025/09/28/73751405/feb2e4ab7062b724b158b8cff47e1ecd_7822702399603362888.jpg
1599-1358-004-4,EP短片壁纸合集,1599,.jpg,1599-1358-004-4.jpg,奥菲丝&鬼火EP壁纸(2560x1080),wallpapers|1599|1358|4|https://act-upload.mihoyo.com/nap-obc-indep/2025/09/28/73751405/f134c300c440ec55d67fc95d75882613_6912606482363786424.jpg,1358,官方壁纸合集\EP短片壁纸合集\奥菲丝&鬼火EP壁纸(2560x1080),官方壁纸合集\EP短片壁纸合集\奥菲丝&鬼火EP壁纸(2560x1080)\1599-1358-004-4.jpg,unchanged,wallpapers,4,https://act-upload.mihoyo.com/nap-obc-indep/2025/09/28/73751405/f134c300c440ec55d67fc95d75882613_6912606482363786424.jpg
1599-1358-005-5,EP短片壁纸合集,1599,.jpg,1599-1358-005-5.jpg,奥菲丝&鬼火EP壁纸(2560x1080),wallpapers|1599|1358|5|https://act-upload.mihoyo.com/nap-obc-indep/2025/09/28/73751405/f41eee4c23ae3df7d609d4004e65358f_3932391794559065924.jpg,1358,官方壁纸合集\EP短片壁纸合集\奥菲丝&鬼火EP壁纸(2560x1080),官方壁纸合集\EP短片壁纸合集\奥菲丝&鬼火EP壁纸(2560x1080)\1599-1358-005-5.jpg,unchanged,wallpapers,5,https://act-upload.mihoyo.com/nap-obc-indep/2025/09/28/73751405/f41eee4c23ae3df7d609d4004e65358f_3932391794559065924.jpg
1599-1358-006-6,EP短片壁纸合集,1599,.jpg,1599-1358-006-6.jpg,奥菲丝&鬼火EP壁纸(2560x1080),wallpapers|1599|1358|6|https://act-upload.mihoyo.com/nap-obc-indep/2025/09/28/73751405/308f91e1130bcf59bd041ef775015830_3818702509127889915.jpg,1358,官方壁纸合集\EP短片壁纸合集\奥菲丝&鬼火EP壁纸(2560x1080),官方壁纸合集\EP短片壁纸合集\奥菲丝&鬼火EP壁纸(2560x1080)\1599-1358-006-6.jpg,unchanged,wallpapers,6,https://act-upload.mihoyo.com/nap-obc-indep/2025/09/28/73751405/308f91e1130bcf59bd041ef775015830_3818702509127889915.jpg
1599-1358-007-7,EP短片壁纸合集,1599,.jpg,1599-1358-007-7.jpg,奥菲丝&鬼火EP壁纸(2560x1080),wallpapers|1599|1358|7|https://act-upload.mihoyo.com/nap-obc-indep/2025/09/28/73751405/3d4b9aed0fe08cb30ade1104993e17ba_5427441151730455968.jpg,1358,官方壁纸合集\EP短片壁纸合集\奥菲丝&鬼火EP壁纸(2560x1080),官方壁纸合集\EP短片壁纸合集\奥菲丝&鬼火EP壁纸(2560x1080)\1599-1358-007-7.jpg,unchanged,wallpapers,7,https://act-upload.mihoyo.com/nap-obc-indep/2025/09/28/73751405/3d4b9aed0fe08cb30ade1104993e17ba_5427441151730455968.jpg
1599-1358-008-8,EP短片壁纸合集,1599,.jpg,1599-1358-008-8.jpg,奥菲丝&鬼火EP壁纸(2560x1080),wallpapers|1599|1358|8|https://act-upload.mihoyo.com/nap-obc-indep/2025/09/28/73751405/cdd3735d917becfb73ae29b68952e65a_947250960639339560.jpg,1358,官方壁纸合集\EP短片壁纸合集\奥菲丝&鬼火EP壁纸(2560x1080),官方壁纸合集\EP短片壁纸合集\奥菲丝&鬼火EP壁纸(2560x1080)\1599-1358-008-8.jpg,unchanged,wallpapers,8,https://act-upload.mihoyo.com/nap-obc-indep/2025/09/28/73751405/cdd3735d917becfb73ae29b68952e65a_947250960639339560.jpg
1599-1358-009-9,EP短片壁纸合集,1599,.jpg,1599-1358-009-9.jpg,奥菲丝&鬼火EP壁纸(2560x1080),wallpapers|1599|1358|9|https://act-upload.mihoyo.com/nap-obc-indep/2025/09/28/73751405/89522a137b2249974c6e61c6e63b4f0e_3529349002885069545.jpg,1358,官方壁纸合集\EP短片壁纸合集\奥菲丝&鬼火EP壁纸(2560x1080),官方壁纸合集\EP短片壁纸合集\奥菲丝&鬼火EP壁纸(2560x1080)\1599-1358-009-9.jpg,unchanged,wallpapers,9,https://act-upload.mihoyo.com/nap-obc-indep/2025/09/28/73751405/89522a137b2249974c6e61c6e63b4f0e_3529349002885069545.jpg
1599-1358-010-10,EP短片壁纸合集,1599,.jpg,1599-1358-010-10.jpg,奥菲丝&鬼火EP壁纸(2560x1080),wallpapers|1599|1358|10|https://act-upload.mihoyo.com/nap-obc-indep/2025/09/28/73751405/87be43a99bb819fa7016db36715ff143_699608448307392272.jpg,1358,官方壁纸合集\EP短片壁纸合集\奥菲丝&鬼火EP壁纸(2560x1080),官方壁纸合集\EP短片壁纸合集\奥菲丝&鬼火EP壁纸(2560x1080)\1599-1358-010-10.jpg,unchanged,wallpapers,10,https://act-upload.mihoyo.com/nap-obc-indep/2025/09/28/73751405/87be43a99bb819fa7016db36715ff143_699608448307392272.jpg
1599-1358-011-11,EP短片壁纸合集,1599,.jpg,1599-1358-011-11.jpg,奥菲丝&鬼火EP壁纸(2560x1080),wallpapers|1599|1358|11|https://act-upload.mihoyo.com/nap-obc-indep/2025/09/28/73751405/9c1f7a533f50edbc9688faa270e44ee5_8480542266888642287.jpg,1358,官方壁纸合集\EP短片壁纸合集\奥菲丝&鬼火EP壁纸(2560x1080),官方壁纸合集\EP短片壁纸合集\奥菲丝&鬼火EP壁纸(2560x1080)\1599-1358-011-11.jpg,unchanged,wallpapers,11,https://act-upload.mihoyo.com/nap-obc-indep/2025/09/28/73751405/9c1f7a533f50edbc9688faa270e44ee5_8480542266888642287.jpg
1599-1358-012-12,EP短片壁纸合集,1599,.jpg,1599-1358-012-12.jpg,奥菲丝&鬼火EP壁纸(2560x1080),wallpapers|1599|1358|12|https://act-upload.mihoyo.com/nap-obc-indep/2025/09/28/73751405/72fadf0dc14f4e45a5782b5d07cf2e97_5427674902424407370.jpg,1358,官方壁纸合集\EP短片壁纸合集\奥菲丝&鬼火EP壁纸(2560x1080),官方壁纸合集\EP短片壁纸合集\奥菲丝&鬼火EP壁纸(2560x1080)\1599-1358-012-12.jpg,unchanged,wallpapers,12,https://act-upload.mihoyo.com/nap-obc-indep/2025/09/28/73751405/72fadf0dc14f4e45a5782b5d07cf2e97_5427674902424407370.jpg
1599-1358-013-13,EP短片壁纸合集,1599,.jpg,1599-1358-013-13.jpg,奥菲丝&鬼火EP壁纸(2560x1080),wallpapers|1599|1358|13|https://act-upload.mihoyo.com/nap-obc-indep/2025/09/28/73751405/e0b5beaf23eeb32700e1f28c8111256c_8380932134844184311.jpg,1358,官方壁纸合集\EP短片壁纸合集\奥菲丝&鬼火EP壁纸(2560x1080),官方壁纸合集\EP短片壁纸合集\奥菲丝&鬼火EP壁纸(2560x1080)\1599-1358-013-13.jpg,unchanged,wallpapers,13,https://act-upload.mihoyo.com/nap-obc-indep/2025/09/28/73751405/e0b5beaf23eeb32700e1f28c8111256c_8380932134844184311.jpg
1599-1358-014-14,EP短片壁纸合集,1599,.jpg,1599-1358-014-14.jpg,奥菲丝&鬼火EP壁纸(2560x1080),wallpapers|1599|1358|14|https://act-upload.mihoyo.com/nap-obc-indep/2025/09/28/73751405/c7e840abe485e4bf58f9f8b6d4782fc7_1072258297214837767.jpg,1358,官方壁纸合集\EP短片壁纸合集\奥菲丝&鬼火EP壁纸(2560x1080),官方壁纸合集\EP短片壁纸合集\奥菲丝&鬼火EP壁纸(2560x1080)\1599-1358-014-14.jpg,unchanged,wallpapers,14,https://act-upload.mihoyo.com/nap-obc-indep/2025/09/28/73751405/c7e840abe485e4bf58f9f8b6d4782fc7_1072258297214837767.jpg
1599-1358-015-15,EP短片壁纸合集,1599,.jpg,1599-1358-015-15.jpg,奥菲丝&鬼火EP壁纸(2560x1080),wallpapers|1599|1358|15|https://act-upload.mihoyo.com/nap-obc-indep/2025/09/28/73751405/3fea57b865d38580eb65142fcb29d467_9090061603594457701.jpg,1358,官方壁纸合集\EP短片壁纸合集\奥菲丝&鬼火EP壁纸(2560x1080),官方壁纸合集\EP短片壁纸合集\奥菲丝&鬼火EP壁纸(2560x1080)\1599-1358-015-15.jpg,unchanged,wallpapers,15,https://act-upload.mihoyo.com/nap-obc-indep/2025/09/28/73751405/3fea57b865d38580eb65142fcb29d467_9090061603594457701.jpg
1599-1358-016-16,EP短片壁纸合集,1599,.jpg,1599-1358-016-16.jpg,奥菲丝&鬼火EP壁纸(2560x1080),wallpapers|1599|1358|16|https://act-upload.mihoyo.com/nap-obc-indep/2025/09/28/73751405/73dcf65fb281146e5999ac4c70f6bfdf_2034843819877986144.jpg,1358,官方壁纸合集\EP短片壁纸合集\奥菲丝&鬼火EP壁纸(2560x1080),官方壁纸合集\EP短片壁纸合集\奥菲丝&鬼火EP壁纸(2560x1080)\1599-1358-016-16.jpg,unchanged,wallpapers,16,https://act-upload.mihoyo.com/nap-obc-indep/2025/09/28/73751405/73dcf65fb281146e5999ac4c70f6bfdf_2034843819877986144.jpg
1599-1358-017-17,EP短片壁纸合集,1599,.jpg,1599-1358-017-17.jpg,奥菲丝&鬼火EP壁纸(2560x1080),wallpapers|1599|1358|17|https://act-upload.mihoyo.com/nap-obc-indep/2025/09/28/73751405/50bf3dfdc37049d18f341f8932eb0bc0_4123353721345274371.jpg,1358,官方壁纸合集\EP短片壁纸合集\奥菲丝&鬼火EP壁纸(2560x1080),官方壁纸合集\EP短片壁纸合集\奥菲丝&鬼火EP壁纸(2560x1080)\1599-1358-017-17.jpg,unchanged,wallpapers,17,https://act-upload.mihoyo.com/nap-obc-indep/2025/09/28/73751405/50bf3dfdc37049d18f341f8932eb0bc0_4123353721345274371.jpg
1599-1358-018-18,EP短片壁纸合集,1599,.jpg,1599-1358-018-18.jpg,奥菲丝&鬼火EP壁纸(2560x1080),wallpapers|1599|1358|18|https://act-upload.mihoyo.com/nap-obc-indep/2025/09/28/73751405/b6c6f48dad201e12c2e4430c759ffb18_2334340254703688362.jpg,1358,官方壁纸合集\EP短片壁纸合集\奥菲丝&鬼火EP壁纸(2560x1080),官方壁纸合集\EP短片壁纸合集\奥菲丝&鬼火EP壁纸(2560x1080)\1599-1358-018-18.jpg,unchanged,wallpapers,18,https://act-upload.mihoyo.com/nap-obc-indep/2025/09/28/73751405/b6c6f48dad201e12c2e4430c759ffb18_2334340254703688362.jpg
1599-1358-019-19,EP短片壁纸合集,1599,.jpg,1599-1358-019-19.jpg,奥菲丝&鬼火EP壁纸(2560x1080),wallpapers|1599|1358|19|https://act-upload.mihoyo.com/nap-obc-indep/2025/09/28/73751405/868fd8bb7293170deaa50bfee5f02bcb_1905964489266996265.jpg,1358,官方壁纸合集\EP短片壁纸合集\奥菲丝&鬼火EP壁纸(2560x1080),官方壁纸合集\EP短片壁纸合集\奥菲丝&鬼火EP壁纸(2560x1080)\1599-1358-019-19.jpg,unchanged,wallpapers,19,https://act-upload.mihoyo.com/nap-obc-indep/2025/09/28/73751405/868fd8bb7293170deaa50bfee5f02bcb_1905964489266996265.jpg
1599-1358-020-20,EP短片壁纸合集,1599,.jpg,1599-1358-020-20.jpg,奥菲丝&鬼火EP壁纸(2560x1080),wallpapers|1599|1358|20|https://act-upload.mihoyo.com/nap-obc-indep/2025/09/28/73751405/015acba4da8e2adc79a3c9f14cc4eff5_6096897924409298575.jpg,1358,官方壁纸合集\EP短片壁纸合集\奥菲丝&鬼火EP壁纸(2560x1080),官方壁纸合集\EP短片壁纸合集\奥菲丝&鬼火EP壁纸(2560x1080)\1599-1358-020-20.jpg,unchanged,wallpapers,20,https://act-upload.mihoyo.com/nap-obc-indep/2025/09/28/73751405/015acba4da8e2adc79a3c9f14cc4eff5_6096897924409298575.jpg
1599-1358-021-21,EP短片壁纸合集,1599,.jpg,1599-1358-021-21.jpg,奥菲丝&鬼火EP壁纸(2560x1080),wallpapers|1599|1358|21|https://act-upload.mihoyo.com/nap-obc-indep/2025/09/28/73751405/783020ede89e3b0133e4508a9e7ac877_9092923919361633548.jpg,1358,官方壁纸合集\EP短片壁纸合集\奥菲丝&鬼火EP壁纸(2560x1080),官方壁纸合集\EP短片壁纸合集\奥菲丝&鬼火EP壁纸(2560x1080)\1599-1358-021-21.jpg,unchanged,wallpapers,21,https://act-upload.mihoyo.com/nap-obc-indep/2025/09/28/73751405/783020ede89e3b0133e4508a9e7ac877_9092923919361633548.jpg
1599-1358-022-22,EP短片壁纸合集,1599,.jpg,1599-1358-022-22.jpg,奥菲丝&鬼火EP壁纸(2560x1080),wallpapers|1599|1358|22|https://act-upload.mihoyo.com/nap-obc-indep/2025/09/28/73751405/cca3963d9af5e0062ef191a62fa86ad7_8658984334592838413.jpg,1358,官方壁纸合集\EP短片壁纸合集\奥菲丝&鬼火EP壁纸(2560x1080),官方壁纸合集\EP短片壁纸合集\奥菲丝&鬼火EP壁纸(2560x1080)\1599-1358-022-22.jpg,unchanged,wallpapers,22,https://act-upload.mihoyo.com/nap-obc-indep/2025/09/28/73751405/cca3963d9af5e0062ef191a62fa86ad7_8658984334592838413.jpg
1599-1358-023-23,EP短片壁纸合集,1599,.jpg,1599-1358-023-23.jpg,奥菲丝&鬼火EP壁纸(2560x1080),wallpapers|1599|1358|23|https://act-upload.mihoyo.com/nap-obc-indep/2025/09/28/73751405/acaca198ec3ff5830be33e03f0f0b125_4922017966549501387.jpg,1358,官方壁纸合集\EP短片壁纸合集\奥菲丝&鬼火EP壁纸(2560x1080),官方壁纸合集\EP短片壁纸合集\奥菲丝&鬼火EP壁纸(2560x1080)\1599-1358-023-23.jpg,unchanged,wallpapers,23,https://act-upload.mihoyo.com/nap-obc-indep/2025/09/28/73751405/acaca198ec3ff5830be33e03f0f0b125_4922017966549501387.jpg
1599-1358-024-24,EP短片壁纸合集,1599,.jpg,1599-1358-024-24.jpg,奥菲丝&鬼火EP壁纸(2560x1080),wallpapers|1599|1358|24|https://act-upload.mihoyo.com/nap-obc-indep/2025/09/28/73751405/65c0afd6a03f18092f8c478a5666f83b_3283091643425128066.jpg,1358,官方壁纸合集\EP短片壁纸合集\奥菲丝&鬼火EP壁纸(2560x1080),官方壁纸合集\EP短片壁纸合集\奥菲丝&鬼火EP壁纸(2560x1080)\1599-1358-024-24.jpg,unchanged,wallpapers,24,https://act-upload.mihoyo.com/nap-obc-indep/2025/09/28/73751405/65c0afd6a03f18092f8c478a5666f83b_3283091643425128066.jpg
1599-1358-025-25,EP短片壁纸合集,1599,.jpg,1599-1358-025-25.jpg,奥菲丝&鬼火EP壁纸(2560x1080),wallpapers|1599|1358|25|https://act-upload.mihoyo.com/nap-obc-indep/2025/09/28/73751405/bc93fa1052528a71713f22f1c542a972_1576519959258118316.jpg,1358,官方壁纸合集\EP短片壁纸合集\奥菲丝&鬼火EP壁纸(2560x1080),官方壁纸合集\EP短片壁纸合集\奥菲丝&鬼火EP壁纸(2560x1080)\1599-1358-025-25.jpg,unchanged,wallpapers,25,https://act-upload.mihoyo.com/nap-obc-indep/2025/09/28/73751405/bc93fa1052528a71713f22f1c542a972_1576519959258118316.jpg
1599-1358-026-26,EP短片壁纸合集,1599,.jpg,1599-1358-026-26.jpg,奥菲丝&鬼火EP壁纸(2560x1080),wallpapers|1599|1358|26|https://act-upload.mihoyo.com/nap-obc-indep/2025/09/28/73751405/5b756ef26f27c188d9e90db2dc6d7375_7631685100595050584.jpg,1358,官方壁纸合集\EP短片壁纸合集\奥菲丝&鬼火EP壁纸(2560x1080),官方壁纸合集\EP短片壁纸合集\奥菲丝&鬼火EP壁纸(2560x1080)\1599-1358-026-26.jpg,unchanged,wallpapers,26,https://act-upload.mihoyo.com/nap-obc-indep/2025/09/28/73751405/5b756ef26f27c188d9e90db2dc6d7375_7631685100595050584.jpg
1599-1358-027-27,EP短片壁纸合集,1599,.jpg,1599-1358-027-27.jpg,奥菲丝&鬼火EP壁纸(2560x1080),wallpapers|1599|1358|27|https://act-upload.mihoyo.com/nap-obc-indep/2025/09/28/73751405/74eddc2e513b1b63d53f545d77834427_3487038760944713321.jpg,1358,官方壁纸合集\EP短片壁纸合集\奥菲丝&鬼火EP壁纸(2560x1080),官方壁纸合集\EP短片壁纸合集\奥菲丝&鬼火EP壁纸(2560x1080)\1599-1358-027-27.jpg,unchanged,wallpapers,27,https://act-upload.mihoyo.com/nap-obc-indep/2025/09/28/73751405/74eddc2e513b1b63d53f545d77834427_3487038760944713321.jpg
1599-1358-028-28,EP短片壁纸合集,1599,.jpg,1599-1358-028-28.jpg,奥菲丝&鬼火EP壁纸(2560x1080),wallpapers|1599|1358|28|https://act-upload.mihoyo.com/nap-obc-indep/2025/09/28/73751405/eaee6fd02c2d731d13aba1a05fccc09d_4459953524532489975.jpg,1358,官方壁纸合集\EP短片壁纸合集\奥菲丝&鬼火EP壁纸(2560x1080),官方壁纸合集\EP短片壁纸合集\奥菲丝&鬼火EP壁纸(2560x1080)\1599-1358-028-28.jpg,unchanged,wallpapers,28,https://act-upload.mihoyo.com/nap-obc-indep/2025/09/28/73751405/eaee6fd02c2d731d13aba1a05fccc09d_4459953524532489975.jpg
1599-1358-029-29,EP短片壁纸合集,1599,.jpg,1599-1358-029-29.jpg,奥菲丝&鬼火EP壁纸(2560x1080),wallpapers|1599|1358|29|https://act-upload.mihoyo.com/nap-obc-indep/2025/09/28/73751405/703f4535a67a8d4c5b5b1ebe3fda35f6_1509847387298372392.jpg,1358,官方壁纸合集\EP短片壁纸合集\奥菲丝&鬼火EP壁纸(2560x1080),官方壁纸合集\EP短片壁纸合集\奥菲丝&鬼火EP壁纸(2560x1080)\1599-1358-029-29.jpg,unchanged,wallpapers,29,https://act-upload.mihoyo.com/nap-obc-indep/2025/09/28/73751405/703f4535a67a8d4c5b5b1ebe3fda35f6_1509847387298372392.jpg
1599-1358-030-30,EP短片壁纸合集,1599,.jpg,1599-1358-030-30.jpg,奥菲丝&鬼火EP壁纸(2560x1080),wallpapers|1599|1358|30|https://act-upload.mihoyo.com/nap-obc-indep/2025/09/28/73751405/38a93bb9b3ac294303066ed7b058139d_6027931258418533968.jpg,1358,官方壁纸合集\EP短片壁纸合集\奥菲丝&鬼火EP壁纸(2560x1080),官方壁纸合集\EP短片壁纸合集\奥菲丝&鬼火EP壁纸(2560x1080)\1599-1358-030-30.jpg,unchanged,wallpapers,30,https://act-upload.mihoyo.com/nap-obc-indep/2025/09/28/73751405/38a93bb9b3ac294303066ed7b058139d_6027931258418533968.jpg
1599-1358-031-31,EP短片壁纸合集,1599,.jpg,1599-1358-031-31.jpg,奥菲丝&鬼火EP壁纸(2560x1080),wallpapers|1599|1358|31|https://act-upload.mihoyo.com/nap-obc-indep/2025/09/28/73751405/d90436ab3d267ae46b7d50411652007a_4821916770798753510.jpg,1358,官方壁纸合集\EP短片壁纸合集\奥菲丝&鬼火EP壁纸(2560x1080),官方壁纸合集\EP短片壁纸合集\奥菲丝&鬼火EP壁纸(2560x1080)\1599-1358-031-31.jpg,unchanged,wallpapers,31,https://act-upload.mihoyo.com/nap-obc-indep/2025/09/28/73751405/d90436ab3d267ae46b7d50411652007a_4821916770798753510.jpg
1599-1358-032-32,EP短片壁纸合集,1599,.jpg,1599-1358-032-32.jpg,奥菲丝&鬼火EP壁纸(2560x1080),wallpapers|1599|1358|32|https://act-upload.mihoyo.com/nap-obc-indep/2025/09/28/73751405/8e3fe9b75854e338e9bf5a9c14b7f8ac_2979415992604034164.jpg,1358,官方壁纸合集\EP短片壁纸合集\奥菲丝&鬼火EP壁纸(2560x1080),官方壁纸合集\EP短片壁纸合集\奥菲丝&鬼火EP壁纸(2560x1080)\1599-1358-032-32.jpg,unchanged,wallpapers,32,https://act-upload.mihoyo.com/nap-obc-indep/2025/09/28/73751405/8e3fe9b75854e338e9bf5a9c14b7f8ac_2979415992604034164.jpg
1599-1358-033-33,EP短片壁纸合集,1599,.jpg,1599-1358-033-33.jpg,奥菲丝&鬼火EP壁纸(2560x1080),wallpapers|1599|1358|33|https://act-upload.mihoyo.com/nap-obc-indep/2025/09/28/73751405/fbb7ec79620977f533d8f54e4cb5c6bc_2361368934450967757.jpg,1358,官方壁纸合集\EP短片壁纸合集\奥菲丝&鬼火EP壁纸(2560x1080),官方壁纸合集\EP短片壁纸合集\奥菲丝&鬼火EP壁纸(2560x1080)\1599-1358-033-33.jpg,unchanged,wallpapers,33,https://act-upload.mihoyo.com/nap-obc-indep/2025/09/28/73751405/fbb7ec79620977f533d8f54e4cb5c6bc_2361368934450967757.jpg
1(2560x1080),EP短片壁纸合集,1599,.jpg,1(2560x1080).jpg,奥菲丝&鬼火角色展示壁纸,wallpapers|1599|1360|1(2560x1080)|https://act-upload.mihoyo.com/nap-obc-indep/2025/09/28/73751405/671304761e3b6f91595e6045d288b413_2266961615888749192.jpg,1360,官方壁纸合集\EP短片壁纸合集\奥菲丝&鬼火角色展示壁纸,官方壁纸合集\EP短片壁纸合集\奥菲丝&鬼火角色展示壁纸\1(2560x1080).jpg,unchanged,wallpapers,1(2560x1080),https://act-upload.mihoyo.com/nap-obc-indep/2025/09/28/73751405/671304761e3b6f91595e6045d288b413_2266961615888749192.jpg
1(3840x2160),EP短片壁纸合集,1599,.jpg,1(3840x2160).jpg,奥菲丝&鬼火角色展示壁纸,wallpapers|1599|1360|1(3840x2160)|https://act-upload.mihoyo.com/nap-obc-indep/2025/09/28/73751405/444e3689e20ca85f93c1633b02d561e5_7719982119678053128.jpg,1360,官方壁纸合集\EP短片壁纸合集\奥菲丝&鬼火角色展示壁纸,官方壁纸合集\EP短片壁纸合集\奥菲丝&鬼火角色展示壁纸\1(3840x2160).jpg,unchanged,wallpapers,1(3840x2160),https://act-upload.mihoyo.com/nap-obc-indep/2025/09/28/73751405/444e3689e20ca85f93c1633b02d561e5_7719982119678053128.jpg
2(2560x1080),EP短片壁纸合集,1599,.jpg,2(2560x1080).jpg,奥菲丝&鬼火角色展示壁纸,wallpapers|1599|1360|2(2560x1080)|https://act-upload.mihoyo.com/nap-obc-indep/2025/09/28/73751405/c94dc0004ce53f001eb4506281bda40f_6913633558720688298.jpg,1360,官方壁纸合集\EP短片壁纸合集\奥菲丝&鬼火角色展示壁纸,官方壁纸合集\EP短片壁纸合集\奥菲丝&鬼火角色展示壁纸\2(2560x1080).jpg,unchanged,wallpapers,2(2560x1080),https://act-upload.mihoyo.com/nap-obc-indep/2025/09/28/73751405/c94dc0004ce53f001eb4506281bda40f_6913633558720688298.jpg
2(3840x2160),EP短片壁纸合集,1599,.jpg,2(3840x2160).jpg,奥菲丝&鬼火角色展示壁纸,wallpapers|1599|1360|2(3840x2160)|https://act-upload.mihoyo.com/nap-obc-indep/2025/09/28/73751405/62f9ebd40a9ffb162102beb83c992bd1_613420276871518259.jpg,1360,官方壁纸合集\EP短片壁纸合集\奥菲丝&鬼火角色展示壁纸,官方壁纸合集\EP短片壁纸合集\奥菲丝&鬼火角色展示壁纸\2(3840x2160).jpg,unchanged,wallpapers,2(3840x2160),https://act-upload.mihoyo.com/nap-obc-indep/2025/09/28/73751405/62f9ebd40a9ffb162102beb83c992bd1_613420276871518259.jpg
3(2560x1080),EP短片壁纸合集,1599,.jpg,3(2560x1080).jpg,奥菲丝&鬼火角色展示壁纸,wallpapers|1599|1360|3(2560x1080)|https://act-upload.mihoyo.com/nap-obc-indep/2025/09/28/73751405/66acb454faa56d6287e2483b4258cdc3_4551104369533558950.jpg,1360,官方壁纸合集\EP短片壁纸合集\奥菲丝&鬼火角色展示壁纸,官方壁纸合集\EP短片壁纸合集\奥菲丝&鬼火角色展示壁纸\3(2560x1080).jpg,unchanged,wallpapers,3(2560x1080),https://act-upload.mihoyo.com/nap-obc-indep/2025/09/28/73751405/66acb454faa56d6287e2483b4258cdc3_4551104369533558950.jpg
3(3840x2160),EP短片壁纸合集,1599,.jpg,3(3840x2160).jpg,奥菲丝&鬼火角色展示壁纸,wallpapers|1599|1360|3(3840x2160)|https://act-upload.mihoyo.com/nap-obc-indep/2025/09/28/73751405/8fdb03316ac81c4e13f3b17d353dfaf4_6090430883278458279.jpg,1360,官方壁纸合集\EP短片壁纸合集\奥菲丝&鬼火角色展示壁纸,官方壁纸合集\EP短片壁纸合集\奥菲丝&鬼火角色展示壁纸\3(3840x2160).jpg,unchanged,wallpapers,3(3840x2160),https://act-upload.mihoyo.com/nap-obc-indep/2025/09/28/73751405/8fdb03316ac81c4e13f3b17d353dfaf4_6090430883278458279.jpg
4(2560x1080),EP短片壁纸合集,1599,.jpg,4(2560x1080).jpg,奥菲丝&鬼火角色展示壁纸,wallpapers|1599|1360|4(2560x1080)|https://act-upload.mihoyo.com/nap-obc-indep/2025/09/28/73751405/67c5c56ff865610cb58c365bbcdcdd74_2374788129857894692.jpg,1360,官方壁纸合集\EP短片壁纸合集\奥菲丝&鬼火角色展示壁纸,官方壁纸合集\EP短片壁纸合集\奥菲丝&鬼火角色展示壁纸\4(2560x1080).jpg,unchanged,wallpapers,4(2560x1080),https://act-upload.mihoyo.com/nap-obc-indep/2025/09/28/73751405/67c5c56ff865610cb58c365bbcdcdd74_2374788129857894692.jpg
4(3840x2160),EP短片壁纸合集,1599,.jpg,4(3840x2160).jpg,奥菲丝&鬼火角色展示壁纸,wallpapers|1599|1360|4(3840x2160)|https://act-upload.mihoyo.com/nap-obc-indep/2025/09/28/73751405/78eed148318cc3b1c375995e21d0a13a_5846054029896929124.jpg,1360,官方壁纸合集\EP短片壁纸合集\奥菲丝&鬼火角色展示壁纸,官方壁纸合集\EP短片壁纸合集\奥菲丝&鬼火角色展示壁纸\4(3840x2160).jpg,unchanged,wallpapers,4(3840x2160),https://act-upload.mihoyo.com/nap-obc-indep/2025/09/28/73751405/78eed148318cc3b1c375995e21d0a13a_5846054029896929124.jpg
5(2560x1080),EP短片壁纸合集,1599,.jpg,5(2560x1080).jpg,奥菲丝&鬼火角色展示壁纸,wallpapers|1599|1360|5(2560x1080)|https://act-upload.mihoyo.com/nap-obc-indep/2025/09/28/73751405/8cce88f3ab476dc82aa7de8911e508a4_4239386580880326770.jpg,1360,官方壁纸合集\EP短片壁纸合集\奥菲丝&鬼火角色展示壁纸,官方壁纸合集\EP短片壁纸合集\奥菲丝&鬼火角色展示壁纸\5(2560x1080).jpg,unchanged,wallpapers,5(2560x1080),https://act-upload.mihoyo.com/nap-obc-indep/2025/09/28/73751405/8cce88f3ab476dc82aa7de8911e508a4_4239386580880326770.jpg
5(3840x2160),EP短片壁纸合集,1599,.jpg,5(3840x2160).jpg,奥菲丝&鬼火角色展示壁纸,wallpapers|1599|1360|5(3840x2160)|https://act-upload.mihoyo.com/nap-obc-indep/2025/09/28/73751405/fbd8ac66fdc279045d9764ca63acc4b0_3411920061913284270.jpg,1360,官方壁纸合集\EP短片壁纸合集\奥菲丝&鬼火角色展示壁纸,官方壁纸合集\EP短片壁纸合集\奥菲丝&鬼火角色展示壁纸\5(3840x2160).jpg,unchanged,wallpapers,5(3840x2160),https://act-upload.mihoyo.com/nap-obc-indep/2025/09/28/73751405/fbd8ac66fdc279045d9764ca63acc4b0_3411920061913284270.jpg
6(2560x1080),EP短片壁纸合集,1599,.jpg,6(2560x1080).jpg,奥菲丝&鬼火角色展示壁纸,wallpapers|1599|1360|6(2560x1080)|https://act-upload.mihoyo.com/nap-obc-indep/2025/09/28/73751405/ef288be5e4c033526c596ae5c9cf82a1_2902336675347614824.jpg,1360,官方壁纸合集\EP短片壁纸合集\奥菲丝&鬼火角色展示壁纸,官方壁纸合集\EP短片壁纸合集\奥菲丝&鬼火角色展示壁纸\6(2560x1080).jpg,unchanged,wallpapers,6(2560x1080),https://act-upload.mihoyo.com/nap-obc-indep/2025/09/28/73751405/ef288be5e4c033526c596ae5c9cf82a1_2902336675347614824.jpg
6(3840x2160),EP短片壁纸合集,1599,.jpg,6(3840x2160).jpg,奥菲丝&鬼火角色展示壁纸,wallpapers|1599|1360|6(3840x2160)|https://act-upload.mihoyo.com/nap-obc-indep/2025/09/28/73751405/3aefac6ab942c02eb83bee7471b7b52b_1490752566020755462.jpg,1360,官方壁纸合集\EP短片壁纸合集\奥菲丝&鬼火角色展示壁纸,官方壁纸合集\EP短片壁纸合集\奥菲丝&鬼火角色展示壁纸\6(3840x2160).jpg,unchanged,wallpapers,6(3840x2160),https://act-upload.mihoyo.com/nap-obc-indep/2025/09/28/73751405/3aefac6ab942c02eb83bee7471b7b52b_1490752566020755462.jpg
7(2560x1080),EP短片壁纸合集,1599,.jpg,7(2560x1080).jpg,奥菲丝&鬼火角色展示壁纸,wallpapers|1599|1360|7(2560x1080)|https://act-upload.mihoyo.com/nap-obc-indep/2025/09/28/73751405/34b38fe1a4068db2679bec08bd3a56b5_2668572888521267746.jpg,1360,官方壁纸合集\EP短片壁纸合集\奥菲丝&鬼火角色展示壁纸,官方壁纸合集\EP短片壁纸合集\奥菲丝&鬼火角色展示壁纸\7(2560x1080).jpg,unchanged,wallpapers,7(2560x1080),https://act-upload.mihoyo.com/nap-obc-indep/2025/09/28/73751405/34b38fe1a4068db2679bec08bd3a56b5_2668572888521267746.jpg
7(3840x2160),EP短片壁纸合集,1599,.jpg,7(3840x2160).jpg,奥菲丝&鬼火角色展示壁纸,wallpapers|1599|1360|7(3840x2160)|https://act-upload.mihoyo.com/nap-obc-indep/2025/09/28/73751405/e8e1999ae6b9c723f094fabff097e616_8817856260731157441.jpg,1360,官方壁纸合集\EP短片壁纸合集\奥菲丝&鬼火角色展示壁纸,官方壁纸合集\EP短片壁纸合集\奥菲丝&鬼火角色展示壁纸\7(3840x2160).jpg,unchanged,wallpapers,7(3840x2160),https://act-upload.mihoyo.com/nap-obc-indep/2025/09/28/73751405/e8e1999ae6b9c723f094fabff097e616_8817856260731157441.jpg
8(2560x1080),EP短片壁纸合集,1599,.jpg,8(2560x1080).jpg,奥菲丝&鬼火角色展示壁纸,wallpapers|1599|1360|8(2560x1080)|https://act-upload.mihoyo.com/nap-obc-indep/2025/09/28/73751405/39532a811688fca8c1d2739fcd8a195f_8884118933794147196.jpg,1360,官方壁纸合集\EP短片壁纸合集\奥菲丝&鬼火角色展示壁纸,官方壁纸合集\EP短片壁纸合集\奥菲丝&鬼火角色展示壁纸\8(2560x1080).jpg,unchanged,wallpapers,8(2560x1080),https://act-upload.mihoyo.com/nap-obc-indep/2025/09/28/73751405/39532a811688fca8c1d2739fcd8a195f_8884118933794147196.jpg
8(3840x2160),EP短片壁纸合集,1599,.jpg,8(3840x2160).jpg,奥菲丝&鬼火角色展示壁纸,wallpapers|1599|1360|8(3840x2160)|https://act-upload.mihoyo.com/nap-obc-indep/2025/09/28/73751405/3f33694b0daf2b9848dd2f3f05be672f_6019262409061266541.jpg,1360,官方壁纸合集\EP短片壁纸合集\奥菲丝&鬼火角色展示壁纸,官方壁纸合集\EP短片壁纸合集\奥菲丝&鬼火角色展示壁纸\8(3840x2160).jpg,unchanged,wallpapers,8(3840x2160),https://act-upload.mihoyo.com/nap-obc-indep/2025/09/28/73751405/3f33694b0daf2b9848dd2f3f05be672f_6019262409061266541.jpg
1(3840x2160),EP短片壁纸合集,1599,.jpg,1(3840x2160).jpg,EP把心跳变成节奏壁纸,wallpapers|1599|1631|1(3840x2160)|https://act-upload.mihoyo.com/nap-obc-indep/2026/02/14/73751405/856452fed2f487ff1986ce57394f2112_5255428320615658613.jpg,1631,官方壁纸合集\EP短片壁纸合集\EP把心跳变成节奏壁纸,官方壁纸合集\EP短片壁纸合集\EP把心跳变成节奏壁纸\1(3840x2160).jpg,unchanged,wallpapers,1(3840x2160),https://act-upload.mihoyo.com/nap-obc-indep/2026/02/14/73751405/856452fed2f487ff1986ce57394f2112_5255428320615658613.jpg
1(2560x1080),EP短片壁纸合集,1599,.jpg,1(2560x1080).jpg,EP把心跳变成节奏壁纸,wallpapers|1599|1631|1(2560x1080)|https://act-upload.mihoyo.com/nap-obc-indep/2026/02/14/73751405/843600bc2860017dce479caf48dc3831_4951713167463651259.jpg,1631,官方壁纸合集\EP短片壁纸合集\EP把心跳变成节奏壁纸,官方壁纸合集\EP短片壁纸合集\EP把心跳变成节奏壁纸\1(2560x1080).jpg,unchanged,wallpapers,1(2560x1080),https://act-upload.mihoyo.com/nap-obc-indep/2026/02/14/73751405/843600bc2860017dce479caf48dc3831_4951713167463651259.jpg
2(3840x2160),EP短片壁纸合集,1599,.jpg,2(3840x2160).jpg,EP把心跳变成节奏壁纸,wallpapers|1599|1631|2(3840x2160)|https://act-upload.mihoyo.com/nap-obc-indep/2026/02/14/73751405/0cf68baff8075c46b117d66d7686065b_6816781544036375846.jpg,1631,官方壁纸合集\EP短片壁纸合集\EP把心跳变成节奏壁纸,官方壁纸合集\EP短片壁纸合集\EP把心跳变成节奏壁纸\2(3840x2160).jpg,unchanged,wallpapers,2(3840x2160),https://act-upload.mihoyo.com/nap-obc-indep/2026/02/14/73751405/0cf68baff8075c46b117d66d7686065b_6816781544036375846.jpg
2(2560x1080),EP短片壁纸合集,1599,.jpg,2(2560x1080).jpg,EP把心跳变成节奏壁纸,wallpapers|1599|1631|2(2560x1080)|https://act-upload.mihoyo.com/nap-obc-indep/2026/02/14/73751405/015735f1a869bb94fc08c8fcf0f152a9_6072355596659448018.jpg,1631,官方壁纸合集\EP短片壁纸合集\EP把心跳变成节奏壁纸,官方壁纸合集\EP短片壁纸合集\EP把心跳变成节奏壁纸\2(2560x1080).jpg,unchanged,wallpapers,2(2560x1080),https://act-upload.mihoyo.com/nap-obc-indep/2026/02/14/73751405/015735f1a869bb94fc08c8fcf0f152a9_6072355596659448018.jpg
3(3840x2160),EP短片壁纸合集,1599,.jpg,3(3840x2160).jpg,EP把心跳变成节奏壁纸,wallpapers|1599|1631|3(3840x2160)|https://act-upload.mihoyo.com/nap-obc-indep/2026/02/14/73751405/32010371e5d719ae88a80497751df2b0_2375782934929017967.jpg,1631,官方壁纸合集\EP短片壁纸合集\EP把心跳变成节奏壁纸,官方壁纸合集\EP短片壁纸合集\EP把心跳变成节奏壁纸\3(3840x2160).jpg,unchanged,wallpapers,3(3840x2160),https://act-upload.mihoyo.com/nap-obc-indep/2026/02/14/73751405/32010371e5d719ae88a80497751df2b0_2375782934929017967.jpg
3(2560x1080),EP短片壁纸合集,1599,.jpg,3(2560x1080).jpg,EP把心跳变成节奏壁纸,wallpapers|1599|1631|3(2560x1080)|https://act-upload.mihoyo.com/nap-obc-indep/2026/02/14/73751405/6ea227b5195b307bce2f6d05fd914f2b_2147321956515100202.jpg,1631,官方壁纸合集\EP短片壁纸合集\EP把心跳变成节奏壁纸,官方壁纸合集\EP短片壁纸合集\EP把心跳变成节奏壁纸\3(2560x1080).jpg,unchanged,wallpapers,3(2560x1080),https://act-upload.mihoyo.com/nap-obc-indep/2026/02/14/73751405/6ea227b5195b307bce2f6d05fd914f2b_2147321956515100202.jpg
4(3840x2160),EP短片壁纸合集,1599,.jpg,4(3840x2160).jpg,EP把心跳变成节奏壁纸,wallpapers|1599|1631|4(3840x2160)|https://act-upload.mihoyo.com/nap-obc-indep/2026/02/14/73751405/869be879d02003f51ab6721deb29633e_2350144893608759365.jpg,1631,官方壁纸合集\EP短片壁纸合集\EP把心跳变成节奏壁纸,官方壁纸合集\EP短片壁纸合集\EP把心跳变成节奏壁纸\4(3840x2160).jpg,unchanged,wallpapers,4(3840x2160),https://act-upload.mihoyo.com/nap-obc-indep/2026/02/14/73751405/869be879d02003f51ab6721deb29633e_2350144893608759365.jpg
4(2560x1080),EP短片壁纸合集,1599,.jpg,4(2560x1080).jpg,EP把心跳变成节奏壁纸,wallpapers|1599|1631|4(2560x1080)|https://act-upload.mihoyo.com/nap-obc-indep/2026/02/14/73751405/2a903b8e96648bf567db3ea1179c35c1_8779831801079323235.jpg,1631,官方壁纸合集\EP短片壁纸合集\EP把心跳变成节奏壁纸,官方壁纸合集\EP短片壁纸合集\EP把心跳变成节奏壁纸\4(2560x1080).jpg,unchanged,wallpapers,4(2560x1080),https://act-upload.mihoyo.com/nap-obc-indep/2026/02/14/73751405/2a903b8e96648bf567db3ea1179c35c1_8779831801079323235.jpg
5(3840x2160),EP短片壁纸合集,1599,.jpg,5(3840x2160).jpg,EP把心跳变成节奏壁纸,wallpapers|1599|1631|5(3840x2160)|https://act-upload.mihoyo.com/nap-obc-indep/2026/02/14/73751405/e9544daf1b1834b9eaa60a72407f99b7_8366509986757131120.jpg,1631,官方壁纸合集\EP短片壁纸合集\EP把心跳变成节奏壁纸,官方壁纸合集\EP短片壁纸合集\EP把心跳变成节奏壁纸\5(3840x2160).jpg,unchanged,wallpapers,5(3840x2160),https://act-upload.mihoyo.com/nap-obc-indep/2026/02/14/73751405/e9544daf1b1834b9eaa60a72407f99b7_8366509986757131120.jpg
5(2560x1080),EP短片壁纸合集,1599,.jpg,5(2560x1080).jpg,EP把心跳变成节奏壁纸,wallpapers|1599|1631|5(2560x1080)|https://act-upload.mihoyo.com/nap-obc-indep/2026/02/14/73751405/e259bbb931109e0c975ce7e3b22f6e3b_2401518290872938009.jpg,1631,官方壁纸合集\EP短片壁纸合集\EP把心跳变成节奏壁纸,官方壁纸合集\EP短片壁纸合集\EP把心跳变成节奏壁纸\5(2560x1080).jpg,unchanged,wallpapers,5(2560x1080),https://act-upload.mihoyo.com/nap-obc-indep/2026/02/14/73751405/e259bbb931109e0c975ce7e3b22f6e3b_2401518290872938009.jpg
6(3840x2160),EP短片壁纸合集,1599,.jpg,6(3840x2160).jpg,EP把心跳变成节奏壁纸,wallpapers|1599|1631|6(3840x2160)|https://act-upload.mihoyo.com/nap-obc-indep/2026/02/14/73751405/59807d4c81ae3a672cfae5f0929a56e9_2985536356938487616.jpg,1631,官方壁纸合集\EP短片壁纸合集\EP把心跳变成节奏壁纸,官方壁纸合集\EP短片壁纸合集\EP把心跳变成节奏壁纸\6(3840x2160).jpg,unchanged,wallpapers,6(3840x2160),https://act-upload.mihoyo.com/nap-obc-indep/2026/02/14/73751405/59807d4c81ae3a672cfae5f0929a56e9_2985536356938487616.jpg
6(2560x1080),EP短片壁纸合集,1599,.jpg,6(2560x1080).jpg,EP把心跳变成节奏壁纸,wallpapers|1599|1631|6(2560x1080)|https://act-upload.mihoyo.com/nap-obc-indep/2026/02/14/73751405/c1a279054cd98409acd23ffe1d7e25a9_340906087904506352.jpg,1631,官方壁纸合集\EP短片壁纸合集\EP把心跳变成节奏壁纸,官方壁纸合集\EP短片壁纸合集\EP把心跳变成节奏壁纸\6(2560x1080).jpg,unchanged,wallpapers,6(2560x1080),https://act-upload.mihoyo.com/nap-obc-indep/2026/02/14/73751405/c1a279054cd98409acd23ffe1d7e25a9_340906087904506352.jpg
7(3840x2160),EP短片壁纸合集,1599,.jpg,7(3840x2160).jpg,EP把心跳变成节奏壁纸,wallpapers|1599|1631|7(3840x2160)|https://act-upload.mihoyo.com/nap-obc-indep/2026/02/14/73751405/4fc6b1bddd5fb09767621b2ee3e3be73_9172158332718512554.jpg,1631,官方壁纸合集\EP短片壁纸合集\EP把心跳变成节奏壁纸,官方壁纸合集\EP短片壁纸合集\EP把心跳变成节奏壁纸\7(3840x2160).jpg,unchanged,wallpapers,7(3840x2160),https://act-upload.mihoyo.com/nap-obc-indep/2026/02/14/73751405/4fc6b1bddd5fb09767621b2ee3e3be73_9172158332718512554.jpg
7(2560x1080),EP短片壁纸合集,1599,.jpg,7(2560x1080).jpg,EP把心跳变成节奏壁纸,wallpapers|1599|1631|7(2560x1080)|https://act-upload.mihoyo.com/nap-obc-indep/2026/02/14/73751405/4af0a8f1a4ce6466f05d224c191c781a_4910360248794850452.jpg,1631,官方壁纸合集\EP短片壁纸合集\EP把心跳变成节奏壁纸,官方壁纸合集\EP短片壁纸合集\EP把心跳变成节奏壁纸\7(2560x1080).jpg,unchanged,wallpapers,7(2560x1080),https://act-upload.mihoyo.com/nap-obc-indep/2026/02/14/73751405/4af0a8f1a4ce6466f05d224c191c781a_4910360248794850452.jpg
8(3840x2160),EP短片壁纸合集,1599,.jpg,8(3840x2160).jpg,EP把心跳变成节奏壁纸,wallpapers|1599|1631|8(3840x2160)|https://act-upload.mihoyo.com/nap-obc-indep/2026/02/14/73751405/ae8e6c08930c13af1cfb2d44cd6daf72_2806487011667065069.jpg,1631,官方壁纸合集\EP短片壁纸合集\EP把心跳变成节奏壁纸,官方壁纸合集\EP短片壁纸合集\EP把心跳变成节奏壁纸\8(3840x2160).jpg,unchanged,wallpapers,8(3840x2160),https://act-upload.mihoyo.com/nap-obc-indep/2026/02/14/73751405/ae8e6c08930c13af1cfb2d44cd6daf72_2806487011667065069.jpg
8(2560x1080),EP短片壁纸合集,1599,.jpg,8(2560x1080).jpg,EP把心跳变成节奏壁纸,wallpapers|1599|1631|8(2560x1080)|https://act-upload.mihoyo.com/nap-obc-indep/2026/02/14/73751405/acd8dbd3d1f82776cb0d92ce53d5a4d1_5288734730000976046.jpg,1631,官方壁纸合集\EP短片壁纸合集\EP把心跳变成节奏壁纸,官方壁纸合集\EP短片壁纸合集\EP把心跳变成节奏壁纸\8(2560x1080).jpg,unchanged,wallpapers,8(2560x1080),https://act-upload.mihoyo.com/nap-obc-indep/2026/02/14/73751405/acd8dbd3d1f82776cb0d92ce53d5a4d1_5288734730000976046.jpg
9(3840x2160),EP短片壁纸合集,1599,.jpg,9(3840x2160).jpg,EP把心跳变成节奏壁纸,wallpapers|1599|1631|9(3840x2160)|https://act-upload.mihoyo.com/nap-obc-indep/2026/02/14/73751405/4c124495c8c893c6bc9754cf14106fdf_4552670663140173278.jpg,1631,官方壁纸合集\EP短片壁纸合集\EP把心跳变成节奏壁纸,官方壁纸合集\EP短片壁纸合集\EP把心跳变成节奏壁纸\9(3840x2160).jpg,unchanged,wallpapers,9(3840x2160),https://act-upload.mihoyo.com/nap-obc-indep/2026/02/14/73751405/4c124495c8c893c6bc9754cf14106fdf_4552670663140173278.jpg
9(2560x1080),EP短片壁纸合集,1599,.jpg,9(2560x1080).jpg,EP把心跳变成节奏壁纸,wallpapers|1599|1631|9(2560x1080)|https://act-upload.mihoyo.com/nap-obc-indep/2026/02/14/73751405/47811dc0a0eaf0649ad07598d28cbec3_4962381719082670660.jpg,1631,官方壁纸合集\EP短片壁纸合集\EP把心跳变成节奏壁纸,官方壁纸合集\EP短片壁纸合集\EP把心跳变成节奏壁纸\9(2560x1080).jpg,unchanged,wallpapers,9(2560x1080),https://act-upload.mihoyo.com/nap-obc-indep/2026/02/14/73751405/47811dc0a0eaf0649ad07598d28cbec3_4962381719082670660.jpg
10(3840x2160),EP短片壁纸合集,1599,.jpg,10(3840x2160).jpg,EP把心跳变成节奏壁纸,wallpapers|1599|1631|10(3840x2160)|https://act-upload.mihoyo.com/nap-obc-indep/2026/02/14/73751405/f96dceebf497b4dab4f411d5175f7ae5_5167742672760099779.jpg,1631,官方壁纸合集\EP短片壁纸合集\EP把心跳变成节奏壁纸,官方壁纸合集\EP短片壁纸合集\EP把心跳变成节奏壁纸\10(3840x2160).jpg,unchanged,wallpapers,10(3840x2160),https://act-upload.mihoyo.com/nap-obc-indep/2026/02/14/73751405/f96dceebf497b4dab4f411d5175f7ae5_5167742672760099779.jpg
10(2560x1080),EP短片壁纸合集,1599,.jpg,10(2560x1080).jpg,EP把心跳变成节奏壁纸,wallpapers|1599|1631|10(2560x1080)|https://act-upload.mihoyo.com/nap-obc-indep/2026/02/14/73751405/9676ce3d0005601e21b3494f036f2f17_3333062307179949453.jpg,1631,官方壁纸合集\EP短片壁纸合集\EP把心跳变成节奏壁纸,官方壁纸合集\EP短片壁纸合集\EP把心跳变成节奏壁纸\10(2560x1080).jpg,unchanged,wallpapers,10(2560x1080),https://act-upload.mihoyo.com/nap-obc-indep/2026/02/14/73751405/9676ce3d0005601e21b3494f036f2f17_3333062307179949453.jpg
11(3840x2160),EP短片壁纸合集,1599,.jpg,11(3840x2160).jpg,EP把心跳变成节奏壁纸,wallpapers|1599|1631|11(3840x2160)|https://act-upload.mihoyo.com/nap-obc-indep/2026/02/14/73751405/54e0bccd177fdf722cd95fb0eaf2eb6a_2691780210060742972.jpg,1631,官方壁纸合集\EP短片壁纸合集\EP把心跳变成节奏壁纸,官方壁纸合集\EP短片壁纸合集\EP把心跳变成节奏壁纸\11(3840x2160).jpg,unchanged,wallpapers,11(3840x2160),https://act-upload.mihoyo.com/nap-obc-indep/2026/02/14/73751405/54e0bccd177fdf722cd95fb0eaf2eb6a_2691780210060742972.jpg
11(2560x1080),EP短片壁纸合集,1599,.jpg,11(2560x1080).jpg,EP把心跳变成节奏壁纸,wallpapers|1599|1631|11(2560x1080)|https://act-upload.mihoyo.com/nap-obc-indep/2026/02/14/73751405/65710f76caa2cdeaae4901899919b958_6829410969247321108.jpg,1631,官方壁纸合集\EP短片壁纸合集\EP把心跳变成节奏壁纸,官方壁纸合集\EP短片壁纸合集\EP把心跳变成节奏壁纸\11(2560x1080).jpg,unchanged,wallpapers,11(2560x1080),https://act-upload.mihoyo.com/nap-obc-indep/2026/02/14/73751405/65710f76caa2cdeaae4901899919b958_6829410969247321108.jpg
12(3840x2160),EP短片壁纸合集,1599,.jpg,12(3840x2160).jpg,EP把心跳变成节奏壁纸,wallpapers|1599|1631|12(3840x2160)|https://act-upload.mihoyo.com/nap-obc-indep/2026/02/14/73751405/1a5482bf86ddab6b0237e617cee7bb37_410194867976309483.jpg,1631,官方壁纸合集\EP短片壁纸合集\EP把心跳变成节奏壁纸,官方壁纸合集\EP短片壁纸合集\EP把心跳变成节奏壁纸\12(3840x2160).jpg,unchanged,wallpapers,12(3840x2160),https://act-upload.mihoyo.com/nap-obc-indep/2026/02/14/73751405/1a5482bf86ddab6b0237e617cee7bb37_410194867976309483.jpg
12(2560x1080),EP短片壁纸合集,1599,.jpg,12(2560x1080).jpg,EP把心跳变成节奏壁纸,wallpapers|1599|1631|12(2560x1080)|https://act-upload.mihoyo.com/nap-obc-indep/2026/02/14/73751405/d5314c81e336b7e73a5426dadaeb8cdb_674961964992992871.jpg,1631,官方壁纸合集\EP短片壁纸合集\EP把心跳变成节奏壁纸,官方壁纸合集\EP短片壁纸合集\EP把心跳变成节奏壁纸\12(2560x1080).jpg,unchanged,wallpapers,12(2560x1080),https://act-upload.mihoyo.com/nap-obc-indep/2026/02/14/73751405/d5314c81e336b7e73a5426dadaeb8cdb_674961964992992871.jpg
13(3840x2160),EP短片壁纸合集,1599,.jpg,13(3840x2160).jpg,EP把心跳变成节奏壁纸,wallpapers|1599|1631|13(3840x2160)|https://act-upload.mihoyo.com/nap-obc-indep/2026/02/14/73751405/c218463a2cb489a829e81accb5982cb4_6637640332024949151.jpg,1631,官方壁纸合集\EP短片壁纸合集\EP把心跳变成节奏壁纸,官方壁纸合集\EP短片壁纸合集\EP把心跳变成节奏壁纸\13(3840x2160).jpg,unchanged,wallpapers,13(3840x2160),https://act-upload.mihoyo.com/nap-obc-indep/2026/02/14/73751405/c218463a2cb489a829e81accb5982cb4_6637640332024949151.jpg
13(2560x1080),EP短片壁纸合集,1599,.jpg,13(2560x1080).jpg,EP把心跳变成节奏壁纸,wallpapers|1599|1631|13(2560x1080)|https://act-upload.mihoyo.com/nap-obc-indep/2026/02/14/73751405/e3269dfdcb3d3ca1a674d957184c7728_1230924812805661252.jpg,1631,官方壁纸合集\EP短片壁纸合集\EP把心跳变成节奏壁纸,官方壁纸合集\EP短片壁纸合集\EP把心跳变成节奏壁纸\13(2560x1080).jpg,unchanged,wallpapers,13(2560x1080),https://act-upload.mihoyo.com/nap-obc-indep/2026/02/14/73751405/e3269dfdcb3d3ca1a674d957184c7728_1230924812805661252.jpg
14(3840x2160),EP短片壁纸合集,1599,.jpg,14(3840x2160).jpg,EP把心跳变成节奏壁纸,wallpapers|1599|1631|14(3840x2160)|https://act-upload.mihoyo.com/nap-obc-indep/2026/02/14/73751405/d5802923ee6937727c07e85deb5d172f_5171777389791016131.jpg,1631,官方壁纸合集\EP短片壁纸合集\EP把心跳变成节奏壁纸,官方壁纸合集\EP短片壁纸合集\EP把心跳变成节奏壁纸\14(3840x2160).jpg,unchanged,wallpapers,14(3840x2160),https://act-upload.mihoyo.com/nap-obc-indep/2026/02/14/73751405/d5802923ee6937727c07e85deb5d172f_5171777389791016131.jpg
14(2560x1080),EP短片壁纸合集,1599,.jpg,14(2560x1080).jpg,EP把心跳变成节奏壁纸,wallpapers|1599|1631|14(2560x1080)|https://act-upload.mihoyo.com/nap-obc-indep/2026/02/14/73751405/0d7a4495bab3d71cd72c2226b6d64885_2340466349673182791.jpg,1631,官方壁纸合集\EP短片壁纸合集\EP把心跳变成节奏壁纸,官方壁纸合集\EP短片壁纸合集\EP把心跳变成节奏壁纸\14(2560x1080).jpg,unchanged,wallpapers,14(2560x1080),https://act-upload.mihoyo.com/nap-obc-indep/2026/02/14/73751405/0d7a4495bab3d71cd72c2226b6d64885_2340466349673182791.jpg
15(3840x2160),EP短片壁纸合集,1599,.jpg,15(3840x2160).jpg,EP把心跳变成节奏壁纸,wallpapers|1599|1631|15(3840x2160)|https://act-upload.mihoyo.com/nap-obc-indep/2026/02/14/73751405/607a29cb3f642ac7abb0981f3e27748f_8706633434376746657.jpg,1631,官方壁纸合集\EP短片壁纸合集\EP把心跳变成节奏壁纸,官方壁纸合集\EP短片壁纸合集\EP把心跳变成节奏壁纸\15(3840x2160).jpg,unchanged,wallpapers,15(3840x2160),https://act-upload.mihoyo.com/nap-obc-indep/2026/02/14/73751405/607a29cb3f642ac7abb0981f3e27748f_8706633434376746657.jpg
15(2560x1080),EP短片壁纸合集,1599,.jpg,15(2560x1080).jpg,EP把心跳变成节奏壁纸,wallpapers|1599|1631|15(2560x1080)|https://act-upload.mihoyo.com/nap-obc-indep/2026/02/14/73751405/e7ea16f85c4ea85b73f0a46861eac36d_2639689317629943901.jpg,1631,官方壁纸合集\EP短片壁纸合集\EP把心跳变成节奏壁纸,官方壁纸合集\EP短片壁纸合集\EP把心跳变成节奏壁纸\15(2560x1080).jpg,unchanged,wallpapers,15(2560x1080),https://act-upload.mihoyo.com/nap-obc-indep/2026/02/14/73751405/e7ea16f85c4ea85b73f0a46861eac36d_2639689317629943901.jpg
16(3840x2160),EP短片壁纸合集,1599,.jpg,16(3840x2160).jpg,EP把心跳变成节奏壁纸,wallpapers|1599|1631|16(3840x2160)|https://act-upload.mihoyo.com/nap-obc-indep/2026/02/14/73751405/c556b8af2c8343ac74b503dd63f5aac3_5252241042047451393.jpg,1631,官方壁纸合集\EP短片壁纸合集\EP把心跳变成节奏壁纸,官方壁纸合集\EP短片壁纸合集\EP把心跳变成节奏壁纸\16(3840x2160).jpg,unchanged,wallpapers,16(3840x2160),https://act-upload.mihoyo.com/nap-obc-indep/2026/02/14/73751405/c556b8af2c8343ac74b503dd63f5aac3_5252241042047451393.jpg
16(2560x1080),EP短片壁纸合集,1599,.jpg,16(2560x1080).jpg,EP把心跳变成节奏壁纸,wallpapers|1599|1631|16(2560x1080)|https://act-upload.mihoyo.com/nap-obc-indep/2026/02/14/73751405/b793bea9d296c041425d42f63843fdc4_4870800230874874548.jpg,1631,官方壁纸合集\EP短片壁纸合集\EP把心跳变成节奏壁纸,官方壁纸合集\EP短片壁纸合集\EP把心跳变成节奏壁纸\16(2560x1080).jpg,unchanged,wallpapers,16(2560x1080),https://act-upload.mihoyo.com/nap-obc-indep/2026/02/14/73751405/b793bea9d296c041425d42f63843fdc4_4870800230874874548.jpg
17(3840x2160),EP短片壁纸合集,1599,.jpg,17(3840x2160).jpg,EP把心跳变成节奏壁纸,wallpapers|1599|1631|17(3840x2160)|https://act-upload.mihoyo.com/nap-obc-indep/2026/02/14/73751405/3702edda15be94870d16b0a8e694c29e_4032994050936420133.jpg,1631,官方壁纸合集\EP短片壁纸合集\EP把心跳变成节奏壁纸,官方壁纸合集\EP短片壁纸合集\EP把心跳变成节奏壁纸\17(3840x2160).jpg,unchanged,wallpapers,17(3840x2160),https://act-upload.mihoyo.com/nap-obc-indep/2026/02/14/73751405/3702edda15be94870d16b0a8e694c29e_4032994050936420133.jpg
17(2560x1080),EP短片壁纸合集,1599,.jpg,17(2560x1080).jpg,EP把心跳变成节奏壁纸,wallpapers|1599|1631|17(2560x1080)|https://act-upload.mihoyo.com/nap-obc-indep/2026/02/14/73751405/f091bfd03fca87ca18618ad357346fa2_7807252974130210503.jpg,1631,官方壁纸合集\EP短片壁纸合集\EP把心跳变成节奏壁纸,官方壁纸合集\EP短片壁纸合集\EP把心跳变成节奏壁纸\17(2560x1080).jpg,unchanged,wallpapers,17(2560x1080),https://act-upload.mihoyo.com/nap-obc-indep/2026/02/14/73751405/f091bfd03fca87ca18618ad357346fa2_7807252974130210503.jpg
18(3840x2160),EP短片壁纸合集,1599,.jpg,18(3840x2160).jpg,EP把心跳变成节奏壁纸,wallpapers|1599|1631|18(3840x2160)|https://act-upload.mihoyo.com/nap-obc-indep/2026/02/14/73751405/66e1363b77da93accd254722fac970dd_5660036350603553470.jpg,1631,官方壁纸合集\EP短片壁纸合集\EP把心跳变成节奏壁纸,官方壁纸合集\EP短片壁纸合集\EP把心跳变成节奏壁纸\18(3840x2160).jpg,unchanged,wallpapers,18(3840x2160),https://act-upload.mihoyo.com/nap-obc-indep/2026/02/14/73751405/66e1363b77da93accd254722fac970dd_5660036350603553470.jpg
18(2560x1080),EP短片壁纸合集,1599,.jpg,18(2560x1080).jpg,EP把心跳变成节奏壁纸,wallpapers|1599|1631|18(2560x1080)|https://act-upload.mihoyo.com/nap-obc-indep/2026/02/14/73751405/fc90746ff42b70ecdae65cbaffb1350a_2524147175790332590.jpg,1631,官方壁纸合集\EP短片壁纸合集\EP把心跳变成节奏壁纸,官方壁纸合集\EP短片壁纸合集\EP把心跳变成节奏壁纸\18(2560x1080).jpg,unchanged,wallpapers,18(2560x1080),https://act-upload.mihoyo.com/nap-obc-indep/2026/02/14/73751405/fc90746ff42b70ecdae65cbaffb1350a_2524147175790332590.jpg
19(1440x1080),EP短片壁纸合集,1599,.jpg,19(1440x1080).jpg,EP把心跳变成节奏壁纸,wallpapers|1599|1631|19(1440x1080)|https://act-upload.mihoyo.com/nap-obc-indep/2026/02/14/73751405/4e5a891c042adba6d9dffe615ba39a4d_904547500759041168.jpg,1631,官方壁纸合集\EP短片壁纸合集\EP把心跳变成节奏壁纸,官方壁纸合集\EP短片壁纸合集\EP把心跳变成节奏壁纸\19(1440x1080).jpg,unchanged,wallpapers,19(1440x1080),https://act-upload.mihoyo.com/nap-obc-indep/2026/02/14/73751405/4e5a891c042adba6d9dffe615ba39a4d_904547500759041168.jpg
20(1440x1080),EP短片壁纸合集,1599,.jpg,20(1440x1080).jpg,EP把心跳变成节奏壁纸,wallpapers|1599|1631|20(1440x1080)|https://act-upload.mihoyo.com/nap-obc-indep/2026/02/14/73751405/0d2e7acd6e468e22c920d45a379c925a_3050237736447250403.jpg,1631,官方壁纸合集\EP短片壁纸合集\EP把心跳变成节奏壁纸,官方壁纸合集\EP短片壁纸合集\EP把心跳变成节奏壁纸\20(1440x1080).jpg,unchanged,wallpapers,20(1440x1080),https://act-upload.mihoyo.com/nap-obc-indep/2026/02/14/73751405/0d2e7acd6e468e22c920d45a379c925a_3050237736447250403.jpg
21(1440x1080),EP短片壁纸合集,1599,.jpg,21(1440x1080).jpg,EP把心跳变成节奏壁纸,wallpapers|1599|1631|21(1440x1080)|https://act-upload.mihoyo.com/nap-obc-indep/2026/02/14/73751405/cf4690654bfcc83d93d91e5d75d2ea83_9130130647004684633.jpg,1631,官方壁纸合集\EP短片壁纸合集\EP把心跳变成节奏壁纸,官方壁纸合集\EP短片壁纸合集\EP把心跳变成节奏壁纸\21(1440x1080).jpg,unchanged,wallpapers,21(1440x1080),https://act-upload.mihoyo.com/nap-obc-indep/2026/02/14/73751405/cf4690654bfcc83d93d91e5d75d2ea83_9130130647004684633.jpg
22(1440x1080),EP短片壁纸合集,1599,.jpg,22(1440x1080).jpg,EP把心跳变成节奏壁纸,wallpapers|1599|1631|22(1440x1080)|https://act-upload.mihoyo.com/nap-obc-indep/2026/02/14/73751405/8d795ef363ca5e48368520ea34cbae2d_885943851187987179.jpg,1631,官方壁纸合集\EP短片壁纸合集\EP把心跳变成节奏壁纸,官方壁纸合集\EP短片壁纸合集\EP把心跳变成节奏壁纸\22(1440x1080).jpg,unchanged,wallpapers,22(1440x1080),https://act-upload.mihoyo.com/nap-obc-indep/2026/02/14/73751405/8d795ef363ca5e48368520ea34cbae2d_885943851187987179.jpg
23(1440x1080),EP短片壁纸合集,1599,.jpg,23(1440x1080).jpg,EP把心跳变成节奏壁纸,wallpapers|1599|1631|23(1440x1080)|https://act-upload.mihoyo.com/nap-obc-indep/2026/02/14/73751405/dec139d06a8a749b7da445ed2d89e8bf_95162803299571982.jpg,1631,官方壁纸合集\EP短片壁纸合集\EP把心跳变成节奏壁纸,官方壁纸合集\EP短片壁纸合集\EP把心跳变成节奏壁纸\23(1440x1080).jpg,unchanged,wallpapers,23(1440x1080),https://act-upload.mihoyo.com/nap-obc-indep/2026/02/14/73751405/dec139d06a8a749b7da445ed2d89e8bf_95162803299571982.jpg
24(1440x1080),EP短片壁纸合集,1599,.jpg,24(1440x1080).jpg,EP把心跳变成节奏壁纸,wallpapers|1599|1631|24(1440x1080)|https://act-upload.mihoyo.com/nap-obc-indep/2026/02/14/73751405/8cecd62f22a577a3a9056686d6ff8b17_5000982749654181816.jpg,1631,官方壁纸合集\EP短片壁纸合集\EP把心跳变成节奏壁纸,官方壁纸合集\EP短片壁纸合集\EP把心跳变成节奏壁纸\24(1440x1080).jpg,unchanged,wallpapers,24(1440x1080),https://act-upload.mihoyo.com/nap-obc-indep/2026/02/14/73751405/8cecd62f22a577a3a9056686d6ff8b17_5000982749654181816.jpg
25(1440x1080),EP短片壁纸合集,1599,.jpg,25(1440x1080).jpg,EP把心跳变成节奏壁纸,wallpapers|1599|1631|25(1440x1080)|https://act-upload.mihoyo.com/nap-obc-indep/2026/02/14/73751405/c93e6165e34d468e42dd086ba58a81b0_4431038314363901969.jpg,1631,官方壁纸合集\EP短片壁纸合集\EP把心跳变成节奏壁纸,官方壁纸合集\EP短片壁纸合集\EP把心跳变成节奏壁纸\25(1440x1080).jpg,unchanged,wallpapers,25(1440x1080),https://act-upload.mihoyo.com/nap-obc-indep/2026/02/14/73751405/c93e6165e34d468e42dd086ba58a81b0_4431038314363901969.jpg
26(1440x1080),EP短片壁纸合集,1599,.jpg,26(1440x1080).jpg,EP把心跳变成节奏壁纸,wallpapers|1599|1631|26(1440x1080)|https://act-upload.mihoyo.com/nap-obc-indep/2026/02/14/73751405/c04d7d1773b706d9b0cbfc3c3785b2cc_4115653870165462875.jpg,1631,官方壁纸合集\EP短片壁纸合集\EP把心跳变成节奏壁纸,官方壁纸合集\EP短片壁纸合集\EP把心跳变成节奏壁纸\26(1440x1080).jpg,unchanged,wallpapers,26(1440x1080),https://act-upload.mihoyo.com/nap-obc-indep/2026/02/14/73751405/c04d7d1773b706d9b0cbfc3c3785b2cc_4115653870165462875.jpg
1599-1592-001-1,EP短片壁纸合集,1599,.jpg,1599-1592-001-1.jpg,照主题壁纸（3840x2160）,wallpapers|1599|1592|1|https://act-upload.mihoyo.com/nap-obc-indep/2026/01/09/73751405/d3bad88c09d2ec59c1f8db2afd9fef8f_1081931116579936413.jpg,1592,官方壁纸合集\EP短片壁纸合集\照主题壁纸（3840x2160）,官方壁纸合集\EP短片壁纸合集\照主题壁纸（3840x2160）\1599-1592-001-1.jpg,unchanged,wallpapers,1,https://act-upload.mihoyo.com/nap-obc-indep/2026/01/09/73751405/d3bad88c09d2ec59c1f8db2afd9fef8f_1081931116579936413.jpg
1599-1592-002-2,EP短片壁纸合集,1599,.jpg,1599-1592-002-2.jpg,照主题壁纸（3840x2160）,wallpapers|1599|1592|2|https://act-upload.mihoyo.com/nap-obc-indep/2026/01/09/73751405/d6a83f2475e2bb776ddf5975e414869f_278886679940459382.jpg,1592,官方壁纸合集\EP短片壁纸合集\照主题壁纸（3840x2160）,官方壁纸合集\EP短片壁纸合集\照主题壁纸（3840x2160）\1599-1592-002-2.jpg,unchanged,wallpapers,2,https://act-upload.mihoyo.com/nap-obc-indep/2026/01/09/73751405/d6a83f2475e2bb776ddf5975e414869f_278886679940459382.jpg
1599-1592-003-3,EP短片壁纸合集,1599,.jpg,1599-1592-003-3.jpg,照主题壁纸（3840x2160）,wallpapers|1599|1592|3|https://act-upload.mihoyo.com/nap-obc-indep/2026/01/09/73751405/97661caffdae49316489ca9c655d2ff9_3822257419026615966.jpg,1592,官方壁纸合集\EP短片壁纸合集\照主题壁纸（3840x2160）,官方壁纸合集\EP短片壁纸合集\照主题壁纸（3840x2160）\1599-1592-003-3.jpg,unchanged,wallpapers,3,https://act-upload.mihoyo.com/nap-obc-indep/2026/01/09/73751405/97661caffdae49316489ca9c655d2ff9_3822257419026615966.jpg
1599-1592-004-4,EP短片壁纸合集,1599,.jpg,1599-1592-004-4.jpg,照主题壁纸（3840x2160）,wallpapers|1599|1592|4|https://act-upload.mihoyo.com/nap-obc-indep/2026/01/09/73751405/f4c0544a74fa79023f43782d68240dff_174187723013014046.jpg,1592,官方壁纸合集\EP短片壁纸合集\照主题壁纸（3840x2160）,官方壁纸合集\EP短片壁纸合集\照主题壁纸（3840x2160）\1599-1592-004-4.jpg,unchanged,wallpapers,4,https://act-upload.mihoyo.com/nap-obc-indep/2026/01/09/73751405/f4c0544a74fa79023f43782d68240dff_174187723013014046.jpg
1599-1592-005-5,EP短片壁纸合集,1599,.jpg,1599-1592-005-5.jpg,照主题壁纸（3840x2160）,wallpapers|1599|1592|5|https://act-upload.mihoyo.com/nap-obc-indep/2026/01/09/73751405/0f1615a46ba16e080beb7e565aeda1d4_9209857446432730646.jpg,1592,官方壁纸合集\EP短片壁纸合集\照主题壁纸（3840x2160）,官方壁纸合集\EP短片壁纸合集\照主题壁纸（3840x2160）\1599-1592-005-5.jpg,unchanged,wallpapers,5,https://act-upload.mihoyo.com/nap-obc-indep/2026/01/09/73751405/0f1615a46ba16e080beb7e565aeda1d4_9209857446432730646.jpg
1599-1592-006-6,EP短片壁纸合集,1599,.jpg,1599-1592-006-6.jpg,照主题壁纸（3840x2160）,wallpapers|1599|1592|6|https://act-upload.mihoyo.com/nap-obc-indep/2026/01/09/73751405/300b27385e1777e335c31fbeef2d6c89_7314694275698591711.jpg,1592,官方壁纸合集\EP短片壁纸合集\照主题壁纸（3840x2160）,官方壁纸合集\EP短片壁纸合集\照主题壁纸（3840x2160）\1599-1592-006-6.jpg,unchanged,wallpapers,6,https://act-upload.mihoyo.com/nap-obc-indep/2026/01/09/73751405/300b27385e1777e335c31fbeef2d6c89_7314694275698591711.jpg
1599-1592-007-7,EP短片壁纸合集,1599,.jpg,1599-1592-007-7.jpg,照主题壁纸（3840x2160）,wallpapers|1599|1592|7|https://act-upload.mihoyo.com/nap-obc-indep/2026/01/09/73751405/0e4e60c7fccd92c4bb2c77845902be89_2287505295244095666.jpg,1592,官方壁纸合集\EP短片壁纸合集\照主题壁纸（3840x2160）,官方壁纸合集\EP短片壁纸合集\照主题壁纸（3840x2160）\1599-1592-007-7.jpg,unchanged,wallpapers,7,https://act-upload.mihoyo.com/nap-obc-indep/2026/01/09/73751405/0e4e60c7fccd92c4bb2c77845902be89_2287505295244095666.jpg
1599-1592-008-8,EP短片壁纸合集,1599,.jpg,1599-1592-008-8.jpg,照主题壁纸（3840x2160）,wallpapers|1599|1592|8|https://act-upload.mihoyo.com/nap-obc-indep/2026/01/09/73751405/81fe94512808cf18c4ec9ec7880f5a76_7095439910659869463.jpg,1592,官方壁纸合集\EP短片壁纸合集\照主题壁纸（3840x2160）,官方壁纸合集\EP短片壁纸合集\照主题壁纸（3840x2160）\1599-1592-008-8.jpg,unchanged,wallpapers,8,https://act-upload.mihoyo.com/nap-obc-indep/2026/01/09/73751405/81fe94512808cf18c4ec9ec7880f5a76_7095439910659869463.jpg
1599-1592-009-9,EP短片壁纸合集,1599,.jpg,1599-1592-009-9.jpg,照主题壁纸（3840x2160）,wallpapers|1599|1592|9|https://act-upload.mihoyo.com/nap-obc-indep/2026/01/09/73751405/153903940f4bc5a0c74ecfe923cd5661_1152489334150717332.jpg,1592,官方壁纸合集\EP短片壁纸合集\照主题壁纸（3840x2160）,官方壁纸合集\EP短片壁纸合集\照主题壁纸（3840x2160）\1599-1592-009-9.jpg,unchanged,wallpapers,9,https://act-upload.mihoyo.com/nap-obc-indep/2026/01/09/73751405/153903940f4bc5a0c74ecfe923cd5661_1152489334150717332.jpg
1599-1592-010-10,EP短片壁纸合集,1599,.jpg,1599-1592-010-10.jpg,照主题壁纸（3840x2160）,wallpapers|1599|1592|10|https://act-upload.mihoyo.com/nap-obc-indep/2026/01/09/73751405/a89ef316c609a3d2dc780cb8bdd78fb3_5332821651437630569.jpg,1592,官方壁纸合集\EP短片壁纸合集\照主题壁纸（3840x2160）,官方壁纸合集\EP短片壁纸合集\照主题壁纸（3840x2160）\1599-1592-010-10.jpg,unchanged,wallpapers,10,https://act-upload.mihoyo.com/nap-obc-indep/2026/01/09/73751405/a89ef316c609a3d2dc780cb8bdd78fb3_5332821651437630569.jpg
1599-1592-011-11,EP短片壁纸合集,1599,.jpg,1599-1592-011-11.jpg,照主题壁纸（3840x2160）,wallpapers|1599|1592|11|https://act-upload.mihoyo.com/nap-obc-indep/2026/01/09/73751405/5c5b2f387bcb7dc1c8863f82091863f2_6993978645101622267.jpg,1592,官方壁纸合集\EP短片壁纸合集\照主题壁纸（3840x2160）,官方壁纸合集\EP短片壁纸合集\照主题壁纸（3840x2160）\1599-1592-011-11.jpg,unchanged,wallpapers,11,https://act-upload.mihoyo.com/nap-obc-indep/2026/01/09/73751405/5c5b2f387bcb7dc1c8863f82091863f2_6993978645101622267.jpg
1599-1592-012-12,EP短片壁纸合集,1599,.jpg,1599-1592-012-12.jpg,照主题壁纸（3840x2160）,wallpapers|1599|1592|12|https://act-upload.mihoyo.com/nap-obc-indep/2026/01/09/73751405/d15530ec30c5eadb6135393f2f867a08_8047947879648319395.jpg,1592,官方壁纸合集\EP短片壁纸合集\照主题壁纸（3840x2160）,官方壁纸合集\EP短片壁纸合集\照主题壁纸（3840x2160）\1599-1592-012-12.jpg,unchanged,wallpapers,12,https://act-upload.mihoyo.com/nap-obc-indep/2026/01/09/73751405/d15530ec30c5eadb6135393f2f867a08_8047947879648319395.jpg
1599-1592-013-13,EP短片壁纸合集,1599,.jpg,1599-1592-013-13.jpg,照主题壁纸（3840x2160）,wallpapers|1599|1592|13|https://act-upload.mihoyo.com/nap-obc-indep/2026/01/09/73751405/36d359f9deccc106b6efec62f48aacac_1732697888886395370.jpg,1592,官方壁纸合集\EP短片壁纸合集\照主题壁纸（3840x2160）,官方壁纸合集\EP短片壁纸合集\照主题壁纸（3840x2160）\1599-1592-013-13.jpg,unchanged,wallpapers,13,https://act-upload.mihoyo.com/nap-obc-indep/2026/01/09/73751405/36d359f9deccc106b6efec62f48aacac_1732697888886395370.jpg
1599-1592-014-14,EP短片壁纸合集,1599,.jpg,1599-1592-014-14.jpg,照主题壁纸（3840x2160）,wallpapers|1599|1592|14|https://act-upload.mihoyo.com/nap-obc-indep/2026/01/09/73751405/285294d7f3567c4c9de1c1963894f847_6444169587740844437.jpg,1592,官方壁纸合集\EP短片壁纸合集\照主题壁纸（3840x2160）,官方壁纸合集\EP短片壁纸合集\照主题壁纸（3840x2160）\1599-1592-014-14.jpg,unchanged,wallpapers,14,https://act-upload.mihoyo.com/nap-obc-indep/2026/01/09/73751405/285294d7f3567c4c9de1c1963894f847_6444169587740844437.jpg
1599-1592-015-15,EP短片壁纸合集,1599,.jpg,1599-1592-015-15.jpg,照主题壁纸（3840x2160）,wallpapers|1599|1592|15|https://act-upload.mihoyo.com/nap-obc-indep/2026/01/09/73751405/27d157d698f75e3c1d34e5005e2fd6e5_4990154729325035678.jpg,1592,官方壁纸合集\EP短片壁纸合集\照主题壁纸（3840x2160）,官方壁纸合集\EP短片壁纸合集\照主题壁纸（3840x2160）\1599-1592-015-15.jpg,unchanged,wallpapers,15,https://act-upload.mihoyo.com/nap-obc-indep/2026/01/09/73751405/27d157d698f75e3c1d34e5005e2fd6e5_4990154729325035678.jpg
1599-1592-016-16,EP短片壁纸合集,1599,.jpg,1599-1592-016-16.jpg,照主题壁纸（3840x2160）,wallpapers|1599|1592|16|https://act-upload.mihoyo.com/nap-obc-indep/2026/01/09/73751405/5a10f026195194bda805f397fde7db7d_4932746015852221550.jpg,1592,官方壁纸合集\EP短片壁纸合集\照主题壁纸（3840x2160）,官方壁纸合集\EP短片壁纸合集\照主题壁纸（3840x2160）\1599-1592-016-16.jpg,unchanged,wallpapers,16,https://act-upload.mihoyo.com/nap-obc-indep/2026/01/09/73751405/5a10f026195194bda805f397fde7db7d_4932746015852221550.jpg
1599-1592-017-17,EP短片壁纸合集,1599,.jpg,1599-1592-017-17.jpg,照主题壁纸（3840x2160）,wallpapers|1599|1592|17|https://act-upload.mihoyo.com/nap-obc-indep/2026/01/09/73751405/5d02966345e6c5710cb42f588182f1da_2480098530648324000.jpg,1592,官方壁纸合集\EP短片壁纸合集\照主题壁纸（3840x2160）,官方壁纸合集\EP短片壁纸合集\照主题壁纸（3840x2160）\1599-1592-017-17.jpg,unchanged,wallpapers,17,https://act-upload.mihoyo.com/nap-obc-indep/2026/01/09/73751405/5d02966345e6c5710cb42f588182f1da_2480098530648324000.jpg
1599-1592-018-18,EP短片壁纸合集,1599,.jpg,1599-1592-018-18.jpg,照主题壁纸（3840x2160）,wallpapers|1599|1592|18|https://act-upload.mihoyo.com/nap-obc-indep/2026/01/09/73751405/279eb1e814194bb8b8164ff212bbbbcf_7541249131260865290.jpg,1592,官方壁纸合集\EP短片壁纸合集\照主题壁纸（3840x2160）,官方壁纸合集\EP短片壁纸合集\照主题壁纸（3840x2160）\1599-1592-018-18.jpg,unchanged,wallpapers,18,https://act-upload.mihoyo.com/nap-obc-indep/2026/01/09/73751405/279eb1e814194bb8b8164ff212bbbbcf_7541249131260865290.jpg
1599-1592-019-19,EP短片壁纸合集,1599,.jpg,1599-1592-019-19.jpg,照主题壁纸（3840x2160）,wallpapers|1599|1592|19|https://act-upload.mihoyo.com/nap-obc-indep/2026/01/09/73751405/b573af0dc681dcc911f415edbc0a2587_665738737353977211.jpg,1592,官方壁纸合集\EP短片壁纸合集\照主题壁纸（3840x2160）,官方壁纸合集\EP短片壁纸合集\照主题壁纸（3840x2160）\1599-1592-019-19.jpg,unchanged,wallpapers,19,https://act-upload.mihoyo.com/nap-obc-indep/2026/01/09/73751405/b573af0dc681dcc911f415edbc0a2587_665738737353977211.jpg
1599-1592-020-20,EP短片壁纸合集,1599,.jpg,1599-1592-020-20.jpg,照主题壁纸（3840x2160）,wallpapers|1599|1592|20|https://act-upload.mihoyo.com/nap-obc-indep/2026/01/09/73751405/7a81433660c8f2f15f82783420143524_4264733389169569180.jpg,1592,官方壁纸合集\EP短片壁纸合集\照主题壁纸（3840x2160）,官方壁纸合集\EP短片壁纸合集\照主题壁纸（3840x2160）\1599-1592-020-20.jpg,unchanged,wallpapers,20,https://act-upload.mihoyo.com/nap-obc-indep/2026/01/09/73751405/7a81433660c8f2f15f82783420143524_4264733389169569180.jpg
1599-1592-021-21,EP短片壁纸合集,1599,.jpg,1599-1592-021-21.jpg,照主题壁纸（3840x2160）,wallpapers|1599|1592|21|https://act-upload.mihoyo.com/nap-obc-indep/2026/01/09/73751405/50506cf2d1b066884d5de0291ee8883a_1220971504050731588.jpg,1592,官方壁纸合集\EP短片壁纸合集\照主题壁纸（3840x2160）,官方壁纸合集\EP短片壁纸合集\照主题壁纸（3840x2160）\1599-1592-021-21.jpg,unchanged,wallpapers,21,https://act-upload.mihoyo.com/nap-obc-indep/2026/01/09/73751405/50506cf2d1b066884d5de0291ee8883a_1220971504050731588.jpg
1599-1592-022-22,EP短片壁纸合集,1599,.jpg,1599-1592-022-22.jpg,照主题壁纸（3840x2160）,wallpapers|1599|1592|22|https://act-upload.mihoyo.com/nap-obc-indep/2026/01/09/73751405/9be762f9a395368eef9ef1d67ce16e00_7231787108422873059.jpg,1592,官方壁纸合集\EP短片壁纸合集\照主题壁纸（3840x2160）,官方壁纸合集\EP短片壁纸合集\照主题壁纸（3840x2160）\1599-1592-022-22.jpg,unchanged,wallpapers,22,https://act-upload.mihoyo.com/nap-obc-indep/2026/01/09/73751405/9be762f9a395368eef9ef1d67ce16e00_7231787108422873059.jpg
1599-1592-023-23,EP短片壁纸合集,1599,.jpg,1599-1592-023-23.jpg,照主题壁纸（3840x2160）,wallpapers|1599|1592|23|https://act-upload.mihoyo.com/nap-obc-indep/2026/01/09/73751405/e25a94ad6365eb447186c64b8284c315_836704405161836736.jpg,1592,官方壁纸合集\EP短片壁纸合集\照主题壁纸（3840x2160）,官方壁纸合集\EP短片壁纸合集\照主题壁纸（3840x2160）\1599-1592-023-23.jpg,unchanged,wallpapers,23,https://act-upload.mihoyo.com/nap-obc-indep/2026/01/09/73751405/e25a94ad6365eb447186c64b8284c315_836704405161836736.jpg
1599-1592-024-24,EP短片壁纸合集,1599,.jpg,1599-1592-024-24.jpg,照主题壁纸（3840x2160）,wallpapers|1599|1592|24|https://act-upload.mihoyo.com/nap-obc-indep/2026/01/09/73751405/eef252905b56e1336a1ea6a2910a9e0a_7408862802213712265.jpg,1592,官方壁纸合集\EP短片壁纸合集\照主题壁纸（3840x2160）,官方壁纸合集\EP短片壁纸合集\照主题壁纸（3840x2160）\1599-1592-024-24.jpg,unchanged,wallpapers,24,https://act-upload.mihoyo.com/nap-obc-indep/2026/01/09/73751405/eef252905b56e1336a1ea6a2910a9e0a_7408862802213712265.jpg
1599-1592-025-25,EP短片壁纸合集,1599,.jpg,1599-1592-025-25.jpg,照主题壁纸（3840x2160）,wallpapers|1599|1592|25|https://act-upload.mihoyo.com/nap-obc-indep/2026/01/09/73751405/7e17d7cc6caaf41a909ddb5774df4ba3_8241702723754220045.jpg,1592,官方壁纸合集\EP短片壁纸合集\照主题壁纸（3840x2160）,官方壁纸合集\EP短片壁纸合集\照主题壁纸（3840x2160）\1599-1592-025-25.jpg,unchanged,wallpapers,25,https://act-upload.mihoyo.com/nap-obc-indep/2026/01/09/73751405/7e17d7cc6caaf41a909ddb5774df4ba3_8241702723754220045.jpg
1599-1592-026-26,EP短片壁纸合集,1599,.jpg,1599-1592-026-26.jpg,照主题壁纸（3840x2160）,wallpapers|1599|1592|26|https://act-upload.mihoyo.com/nap-obc-indep/2026/01/09/73751405/94693091265596850c45b084b8e29931_3997381784573805343.jpg,1592,官方壁纸合集\EP短片壁纸合集\照主题壁纸（3840x2160）,官方壁纸合集\EP短片壁纸合集\照主题壁纸（3840x2160）\1599-1592-026-26.jpg,unchanged,wallpapers,26,https://act-upload.mihoyo.com/nap-obc-indep/2026/01/09/73751405/94693091265596850c45b084b8e29931_3997381784573805343.jpg
1599-1592-027-27,EP短片壁纸合集,1599,.jpg,1599-1592-027-27.jpg,照主题壁纸（3840x2160）,wallpapers|1599|1592|27|https://act-upload.mihoyo.com/nap-obc-indep/2026/01/09/73751405/7e9095a5749508ed44064e2fb4bc6dc7_2722087137653980330.jpg,1592,官方壁纸合集\EP短片壁纸合集\照主题壁纸（3840x2160）,官方壁纸合集\EP短片壁纸合集\照主题壁纸（3840x2160）\1599-1592-027-27.jpg,unchanged,wallpapers,27,https://act-upload.mihoyo.com/nap-obc-indep/2026/01/09/73751405/7e9095a5749508ed44064e2fb4bc6dc7_2722087137653980330.jpg
1599-1592-028-28,EP短片壁纸合集,1599,.jpg,1599-1592-028-28.jpg,照主题壁纸（3840x2160）,wallpapers|1599|1592|28|https://act-upload.mihoyo.com/nap-obc-indep/2026/01/09/73751405/f356392830eb719acf8291461e5b60af_4522202352426419590.jpg,1592,官方壁纸合集\EP短片壁纸合集\照主题壁纸（3840x2160）,官方壁纸合集\EP短片壁纸合集\照主题壁纸（3840x2160）\1599-1592-028-28.jpg,unchanged,wallpapers,28,https://act-upload.mihoyo.com/nap-obc-indep/2026/01/09/73751405/f356392830eb719acf8291461e5b60af_4522202352426419590.jpg
1599-1592-029-29,EP短片壁纸合集,1599,.jpg,1599-1592-029-29.jpg,照主题壁纸（3840x2160）,wallpapers|1599|1592|29|https://act-upload.mihoyo.com/nap-obc-indep/2026/01/09/73751405/247943a0b1fed5eef20874c949b30fe2_142612267916311645.jpg,1592,官方壁纸合集\EP短片壁纸合集\照主题壁纸（3840x2160）,官方壁纸合集\EP短片壁纸合集\照主题壁纸（3840x2160）\1599-1592-029-29.jpg,unchanged,wallpapers,29,https://act-upload.mihoyo.com/nap-obc-indep/2026/01/09/73751405/247943a0b1fed5eef20874c949b30fe2_142612267916311645.jpg
1599-1592-030-30,EP短片壁纸合集,1599,.jpg,1599-1592-030-30.jpg,照主题壁纸（3840x2160）,wallpapers|1599|1592|30|https://act-upload.mihoyo.com/nap-obc-indep/2026/01/09/73751405/6009e24ed72f598fd96feeb7a4d871f4_5034254086297223045.jpg,1592,官方壁纸合集\EP短片壁纸合集\照主题壁纸（3840x2160）,官方壁纸合集\EP短片壁纸合集\照主题壁纸（3840x2160）\1599-1592-030-30.jpg,unchanged,wallpapers,30,https://act-upload.mihoyo.com/nap-obc-indep/2026/01/09/73751405/6009e24ed72f598fd96feeb7a4d871f4_5034254086297223045.jpg
1599-1592-031-31,EP短片壁纸合集,1599,.jpg,1599-1592-031-31.jpg,照主题壁纸（3840x2160）,wallpapers|1599|1592|31|https://act-upload.mihoyo.com/nap-obc-indep/2026/01/09/73751405/c5f32cae2f66c1d76fa7cbef548b8d5d_5737244159008784840.jpg,1592,官方壁纸合集\EP短片壁纸合集\照主题壁纸（3840x2160）,官方壁纸合集\EP短片壁纸合集\照主题壁纸（3840x2160）\1599-1592-031-31.jpg,unchanged,wallpapers,31,https://act-upload.mihoyo.com/nap-obc-indep/2026/01/09/73751405/c5f32cae2f66c1d76fa7cbef548b8d5d_5737244159008784840.jpg
1599-1592-032-32,EP短片壁纸合集,1599,.jpg,1599-1592-032-32.jpg,照主题壁纸（3840x2160）,wallpapers|1599|1592|32|https://act-upload.mihoyo.com/nap-obc-indep/2026/01/09/73751405/96a51aaa130f39593982b92b7666b8cc_6087367788683869044.jpg,1592,官方壁纸合集\EP短片壁纸合集\照主题壁纸（3840x2160）,官方壁纸合集\EP短片壁纸合集\照主题壁纸（3840x2160）\1599-1592-032-32.jpg,unchanged,wallpapers,32,https://act-upload.mihoyo.com/nap-obc-indep/2026/01/09/73751405/96a51aaa130f39593982b92b7666b8cc_6087367788683869044.jpg
1599-1592-033-33,EP短片壁纸合集,1599,.jpg,1599-1592-033-33.jpg,照主题壁纸（3840x2160）,wallpapers|1599|1592|33|https://act-upload.mihoyo.com/nap-obc-indep/2026/01/09/73751405/4d9056063018fb6d5d478ee5e1bf7109_3544264163747024131.jpg,1592,官方壁纸合集\EP短片壁纸合集\照主题壁纸（3840x2160）,官方壁纸合集\EP短片壁纸合集\照主题壁纸（3840x2160）\1599-1592-033-33.jpg,unchanged,wallpapers,33,https://act-upload.mihoyo.com/nap-obc-indep/2026/01/09/73751405/4d9056063018fb6d5d478ee5e1bf7109_3544264163747024131.jpg
1599-1592-034-34,EP短片壁纸合集,1599,.jpg,1599-1592-034-34.jpg,照主题壁纸（3840x2160）,wallpapers|1599|1592|34|https://act-upload.mihoyo.com/nap-obc-indep/2026/01/09/73751405/5a0a5e67a5df45fddd1b1dca8b1a6ff6_6258251954304567975.jpg,1592,官方壁纸合集\EP短片壁纸合集\照主题壁纸（3840x2160）,官方壁纸合集\EP短片壁纸合集\照主题壁纸（3840x2160）\1599-1592-034-34.jpg,unchanged,wallpapers,34,https://act-upload.mihoyo.com/nap-obc-indep/2026/01/09/73751405/5a0a5e67a5df45fddd1b1dca8b1a6ff6_6258251954304567975.jpg
1599-1592-035-35,EP短片壁纸合集,1599,.jpg,1599-1592-035-35.jpg,照主题壁纸（3840x2160）,wallpapers|1599|1592|35|https://act-upload.mihoyo.com/nap-obc-indep/2026/01/09/73751405/bee8c83861be4b2940ad0e0c83124db8_6588950754199106278.jpg,1592,官方壁纸合集\EP短片壁纸合集\照主题壁纸（3840x2160）,官方壁纸合集\EP短片壁纸合集\照主题壁纸（3840x2160）\1599-1592-035-35.jpg,unchanged,wallpapers,35,https://act-upload.mihoyo.com/nap-obc-indep/2026/01/09/73751405/bee8c83861be4b2940ad0e0c83124db8_6588950754199106278.jpg
1599-1592-036-36,EP短片壁纸合集,1599,.jpg,1599-1592-036-36.jpg,照主题壁纸（3840x2160）,wallpapers|1599|1592|36|https://act-upload.mihoyo.com/nap-obc-indep/2026/01/09/73751405/be3016763602dcee8bcac86b19e18dc5_686384733704718063.jpg,1592,官方壁纸合集\EP短片壁纸合集\照主题壁纸（3840x2160）,官方壁纸合集\EP短片壁纸合集\照主题壁纸（3840x2160）\1599-1592-036-36.jpg,unchanged,wallpapers,36,https://act-upload.mihoyo.com/nap-obc-indep/2026/01/09/73751405/be3016763602dcee8bcac86b19e18dc5_686384733704718063.jpg
1599-1592-037-37,EP短片壁纸合集,1599,.jpg,1599-1592-037-37.jpg,照主题壁纸（3840x2160）,wallpapers|1599|1592|37|https://act-upload.mihoyo.com/nap-obc-indep/2026/01/09/73751405/0eb896c3d3d16b4b4bf425e3962c40a2_6320043346581390970.jpg,1592,官方壁纸合集\EP短片壁纸合集\照主题壁纸（3840x2160）,官方壁纸合集\EP短片壁纸合集\照主题壁纸（3840x2160）\1599-1592-037-37.jpg,unchanged,wallpapers,37,https://act-upload.mihoyo.com/nap-obc-indep/2026/01/09/73751405/0eb896c3d3d16b4b4bf425e3962c40a2_6320043346581390970.jpg
1599-1592-038-38,EP短片壁纸合集,1599,.jpg,1599-1592-038-38.jpg,照主题壁纸（3840x2160）,wallpapers|1599|1592|38|https://act-upload.mihoyo.com/nap-obc-indep/2026/01/09/73751405/47ef097375eb8fb725bf73eb415196c6_8797824917187260703.jpg,1592,官方壁纸合集\EP短片壁纸合集\照主题壁纸（3840x2160）,官方壁纸合集\EP短片壁纸合集\照主题壁纸（3840x2160）\1599-1592-038-38.jpg,unchanged,wallpapers,38,https://act-upload.mihoyo.com/nap-obc-indep/2026/01/09/73751405/47ef097375eb8fb725bf73eb415196c6_8797824917187260703.jpg
1599-1591-001-1,EP短片壁纸合集,1599,.jpg,1599-1591-001-1.jpg,照主题壁纸（2560x1080）,wallpapers|1599|1591|1|https://act-upload.mihoyo.com/nap-obc-indep/2026/01/09/73751405/60fbad9ed8886f2d6b0b7a1c0e7e6a07_2311089352431832316.jpg,1591,官方壁纸合集\EP短片壁纸合集\照主题壁纸（2560x1080）,官方壁纸合集\EP短片壁纸合集\照主题壁纸（2560x1080）\1599-1591-001-1.jpg,unchanged,wallpapers,1,https://act-upload.mihoyo.com/nap-obc-indep/2026/01/09/73751405/60fbad9ed8886f2d6b0b7a1c0e7e6a07_2311089352431832316.jpg
1599-1591-002-2,EP短片壁纸合集,1599,.jpg,1599-1591-002-2.jpg,照主题壁纸（2560x1080）,wallpapers|1599|1591|2|https://act-upload.mihoyo.com/nap-obc-indep/2026/01/09/73751405/45939d4c8b6b4e7729dbeaba8898a9a8_7167439511554000157.jpg,1591,官方壁纸合集\EP短片壁纸合集\照主题壁纸（2560x1080）,官方壁纸合集\EP短片壁纸合集\照主题壁纸（2560x1080）\1599-1591-002-2.jpg,unchanged,wallpapers,2,https://act-upload.mihoyo.com/nap-obc-indep/2026/01/09/73751405/45939d4c8b6b4e7729dbeaba8898a9a8_7167439511554000157.jpg
1599-1591-003-3,EP短片壁纸合集,1599,.jpg,1599-1591-003-3.jpg,照主题壁纸（2560x1080）,wallpapers|1599|1591|3|https://act-upload.mihoyo.com/nap-obc-indep/2026/01/09/73751405/a217b08965b06c1bc8fb56174666b05c_2953768412045483080.jpg,1591,官方壁纸合集\EP短片壁纸合集\照主题壁纸（2560x1080）,官方壁纸合集\EP短片壁纸合集\照主题壁纸（2560x1080）\1599-1591-003-3.jpg,unchanged,wallpapers,3,https://act-upload.mihoyo.com/nap-obc-indep/2026/01/09/73751405/a217b08965b06c1bc8fb56174666b05c_2953768412045483080.jpg
1599-1591-004-4,EP短片壁纸合集,1599,.jpg,1599-1591-004-4.jpg,照主题壁纸（2560x1080）,wallpapers|1599|1591|4|https://act-upload.mihoyo.com/nap-obc-indep/2026/01/09/73751405/af019df444331eaa1dd0cf9341010228_7412906543178305419.jpg,1591,官方壁纸合集\EP短片壁纸合集\照主题壁纸（2560x1080）,官方壁纸合集\EP短片壁纸合集\照主题壁纸（2560x1080）\1599-1591-004-4.jpg,unchanged,wallpapers,4,https://act-upload.mihoyo.com/nap-obc-indep/2026/01/09/73751405/af019df444331eaa1dd0cf9341010228_7412906543178305419.jpg
1599-1591-005-5,EP短片壁纸合集,1599,.jpg,1599-1591-005-5.jpg,照主题壁纸（2560x1080）,wallpapers|1599|1591|5|https://act-upload.mihoyo.com/nap-obc-indep/2026/01/09/73751405/0769d5cf5a6090735c22f04a62169331_1798592752358094875.jpg,1591,官方壁纸合集\EP短片壁纸合集\照主题壁纸（2560x1080）,官方壁纸合集\EP短片壁纸合集\照主题壁纸（2560x1080）\1599-1591-005-5.jpg,unchanged,wallpapers,5,https://act-upload.mihoyo.com/nap-obc-indep/2026/01/09/73751405/0769d5cf5a6090735c22f04a62169331_1798592752358094875.jpg
1599-1591-006-6,EP短片壁纸合集,1599,.jpg,1599-1591-006-6.jpg,照主题壁纸（2560x1080）,wallpapers|1599|1591|6|https://act-upload.mihoyo.com/nap-obc-indep/2026/01/09/73751405/97ac52cce192afbce517035f11f709b8_2992687452115172338.jpg,1591,官方壁纸合集\EP短片壁纸合集\照主题壁纸（2560x1080）,官方壁纸合集\EP短片壁纸合集\照主题壁纸（2560x1080）\1599-1591-006-6.jpg,unchanged,wallpapers,6,https://act-upload.mihoyo.com/nap-obc-indep/2026/01/09/73751405/97ac52cce192afbce517035f11f709b8_2992687452115172338.jpg
1599-1591-007-7,EP短片壁纸合集,1599,.jpg,1599-1591-007-7.jpg,照主题壁纸（2560x1080）,wallpapers|1599|1591|7|https://act-upload.mihoyo.com/nap-obc-indep/2026/01/09/73751405/9cf22d696a9c45762102d8fa30299a10_838270388957319121.jpg,1591,官方壁纸合集\EP短片壁纸合集\照主题壁纸（2560x1080）,官方壁纸合集\EP短片壁纸合集\照主题壁纸（2560x1080）\1599-1591-007-7.jpg,unchanged,wallpapers,7,https://act-upload.mihoyo.com/nap-obc-indep/2026/01/09/73751405/9cf22d696a9c45762102d8fa30299a10_838270388957319121.jpg
1599-1591-008-8,EP短片壁纸合集,1599,.jpg,1599-1591-008-8.jpg,照主题壁纸（2560x1080）,wallpapers|1599|1591|8|https://act-upload.mihoyo.com/nap-obc-indep/2026/01/09/73751405/f3116560cd738704f7a4c9fe2e4af427_6280527657588679445.jpg,1591,官方壁纸合集\EP短片壁纸合集\照主题壁纸（2560x1080）,官方壁纸合集\EP短片壁纸合集\照主题壁纸（2560x1080）\1599-1591-008-8.jpg,unchanged,wallpapers,8,https://act-upload.mihoyo.com/nap-obc-indep/2026/01/09/73751405/f3116560cd738704f7a4c9fe2e4af427_6280527657588679445.jpg
1599-1591-009-9,EP短片壁纸合集,1599,.jpg,1599-1591-009-9.jpg,照主题壁纸（2560x1080）,wallpapers|1599|1591|9|https://act-upload.mihoyo.com/nap-obc-indep/2026/01/09/73751405/1580edfb5086dca23795664ed0fef381_5707455624985285735.jpg,1591,官方壁纸合集\EP短片壁纸合集\照主题壁纸（2560x1080）,官方壁纸合集\EP短片壁纸合集\照主题壁纸（2560x1080）\1599-1591-009-9.jpg,unchanged,wallpapers,9,https://act-upload.mihoyo.com/nap-obc-indep/2026/01/09/73751405/1580edfb5086dca23795664ed0fef381_5707455624985285735.jpg
1599-1591-010-10,EP短片壁纸合集,1599,.jpg,1599-1591-010-10.jpg,照主题壁纸（2560x1080）,wallpapers|1599|1591|10|https://act-upload.mihoyo.com/nap-obc-indep/2026/01/09/73751405/fba24721ab5de198faf1cb108695ff91_2749170589391614051.jpg,1591,官方壁纸合集\EP短片壁纸合集\照主题壁纸（2560x1080）,官方壁纸合集\EP短片壁纸合集\照主题壁纸（2560x1080）\1599-1591-010-10.jpg,unchanged,wallpapers,10,https://act-upload.mihoyo.com/nap-obc-indep/2026/01/09/73751405/fba24721ab5de198faf1cb108695ff91_2749170589391614051.jpg
1599-1591-011-11,EP短片壁纸合集,1599,.jpg,1599-1591-011-11.jpg,照主题壁纸（2560x1080）,wallpapers|1599|1591|11|https://act-upload.mihoyo.com/nap-obc-indep/2026/01/09/73751405/c6d426c01fd82ec3529e9c24703e5dcc_8446904395909789168.jpg,1591,官方壁纸合集\EP短片壁纸合集\照主题壁纸（2560x1080）,官方壁纸合集\EP短片壁纸合集\照主题壁纸（2560x1080）\1599-1591-011-11.jpg,unchanged,wallpapers,11,https://act-upload.mihoyo.com/nap-obc-indep/2026/01/09/73751405/c6d426c01fd82ec3529e9c24703e5dcc_8446904395909789168.jpg
1599-1591-012-12,EP短片壁纸合集,1599,.jpg,1599-1591-012-12.jpg,照主题壁纸（2560x1080）,wallpapers|1599|1591|12|https://act-upload.mihoyo.com/nap-obc-indep/2026/01/09/73751405/4e1c6223dbf29a38154eee6d887cb25e_1623693920106743324.jpg,1591,官方壁纸合集\EP短片壁纸合集\照主题壁纸（2560x1080）,官方壁纸合集\EP短片壁纸合集\照主题壁纸（2560x1080）\1599-1591-012-12.jpg,unchanged,wallpapers,12,https://act-upload.mihoyo.com/nap-obc-indep/2026/01/09/73751405/4e1c6223dbf29a38154eee6d887cb25e_1623693920106743324.jpg
1599-1591-013-13,EP短片壁纸合集,1599,.jpg,1599-1591-013-13.jpg,照主题壁纸（2560x1080）,wallpapers|1599|1591|13|https://act-upload.mihoyo.com/nap-obc-indep/2026/01/09/73751405/652377f86182704ee6cd6c1036187698_6915775824533403655.jpg,1591,官方壁纸合集\EP短片壁纸合集\照主题壁纸（2560x1080）,官方壁纸合集\EP短片壁纸合集\照主题壁纸（2560x1080）\1599-1591-013-13.jpg,unchanged,wallpapers,13,https://act-upload.mihoyo.com/nap-obc-indep/2026/01/09/73751405/652377f86182704ee6cd6c1036187698_6915775824533403655.jpg
1599-1591-014-14,EP短片壁纸合集,1599,.jpg,1599-1591-014-14.jpg,照主题壁纸（2560x1080）,wallpapers|1599|1591|14|https://act-upload.mihoyo.com/nap-obc-indep/2026/01/09/73751405/8869a15b637042b0e2ae83be27d1947c_4651187984688260189.jpg,1591,官方壁纸合集\EP短片壁纸合集\照主题壁纸（2560x1080）,官方壁纸合集\EP短片壁纸合集\照主题壁纸（2560x1080）\1599-1591-014-14.jpg,unchanged,wallpapers,14,https://act-upload.mihoyo.com/nap-obc-indep/2026/01/09/73751405/8869a15b637042b0e2ae83be27d1947c_4651187984688260189.jpg
1599-1591-015-15,EP短片壁纸合集,1599,.jpg,1599-1591-015-15.jpg,照主题壁纸（2560x1080）,wallpapers|1599|1591|15|https://act-upload.mihoyo.com/nap-obc-indep/2026/01/09/73751405/03b81dc37a081f7bd667256e6c3413cd_7153367636481176681.jpg,1591,官方壁纸合集\EP短片壁纸合集\照主题壁纸（2560x1080）,官方壁纸合集\EP短片壁纸合集\照主题壁纸（2560x1080）\1599-1591-015-15.jpg,unchanged,wallpapers,15,https://act-upload.mihoyo.com/nap-obc-indep/2026/01/09/73751405/03b81dc37a081f7bd667256e6c3413cd_7153367636481176681.jpg
1599-1591-016-16,EP短片壁纸合集,1599,.jpg,1599-1591-016-16.jpg,照主题壁纸（2560x1080）,wallpapers|1599|1591|16|https://act-upload.mihoyo.com/nap-obc-indep/2026/01/09/73751405/82d30d752ade3274f54d211311187bb0_665520270391024338.jpg,1591,官方壁纸合集\EP短片壁纸合集\照主题壁纸（2560x1080）,官方壁纸合集\EP短片壁纸合集\照主题壁纸（2560x1080）\1599-1591-016-16.jpg,unchanged,wallpapers,16,https://act-upload.mihoyo.com/nap-obc-indep/2026/01/09/73751405/82d30d752ade3274f54d211311187bb0_665520270391024338.jpg
1599-1591-017-17,EP短片壁纸合集,1599,.jpg,1599-1591-017-17.jpg,照主题壁纸（2560x1080）,wallpapers|1599|1591|17|https://act-upload.mihoyo.com/nap-obc-indep/2026/01/09/73751405/8b4738182aa4d56b3e4139c6a0feccc5_6473998728715176832.jpg,1591,官方壁纸合集\EP短片壁纸合集\照主题壁纸（2560x1080）,官方壁纸合集\EP短片壁纸合集\照主题壁纸（2560x1080）\1599-1591-017-17.jpg,unchanged,wallpapers,17,https://act-upload.mihoyo.com/nap-obc-indep/2026/01/09/73751405/8b4738182aa4d56b3e4139c6a0feccc5_6473998728715176832.jpg
1599-1591-018-18,EP短片壁纸合集,1599,.jpg,1599-1591-018-18.jpg,照主题壁纸（2560x1080）,wallpapers|1599|1591|18|https://act-upload.mihoyo.com/nap-obc-indep/2026/01/09/73751405/c514f5cb7f1b845226868b9dc8c8a8e3_8952258685086296686.jpg,1591,官方壁纸合集\EP短片壁纸合集\照主题壁纸（2560x1080）,官方壁纸合集\EP短片壁纸合集\照主题壁纸（2560x1080）\1599-1591-018-18.jpg,unchanged,wallpapers,18,https://act-upload.mihoyo.com/nap-obc-indep/2026/01/09/73751405/c514f5cb7f1b845226868b9dc8c8a8e3_8952258685086296686.jpg
1599-1591-019-19,EP短片壁纸合集,1599,.jpg,1599-1591-019-19.jpg,照主题壁纸（2560x1080）,wallpapers|1599|1591|19|https://act-upload.mihoyo.com/nap-obc-indep/2026/01/09/73751405/4cf05ab35d2ef91786727dfea38bbf9c_625598729580142202.jpg,1591,官方壁纸合集\EP短片壁纸合集\照主题壁纸（2560x1080）,官方壁纸合集\EP短片壁纸合集\照主题壁纸（2560x1080）\1599-1591-019-19.jpg,unchanged,wallpapers,19,https://act-upload.mihoyo.com/nap-obc-indep/2026/01/09/73751405/4cf05ab35d2ef91786727dfea38bbf9c_625598729580142202.jpg
1599-1591-020-20,EP短片壁纸合集,1599,.jpg,1599-1591-020-20.jpg,照主题壁纸（2560x1080）,wallpapers|1599|1591|20|https://act-upload.mihoyo.com/nap-obc-indep/2026/01/09/73751405/911746b7bad1d246a93df53cc986b5aa_8101485836898416264.jpg,1591,官方壁纸合集\EP短片壁纸合集\照主题壁纸（2560x1080）,官方壁纸合集\EP短片壁纸合集\照主题壁纸（2560x1080）\1599-1591-020-20.jpg,unchanged,wallpapers,20,https://act-upload.mihoyo.com/nap-obc-indep/2026/01/09/73751405/911746b7bad1d246a93df53cc986b5aa_8101485836898416264.jpg
1599-1591-021-21,EP短片壁纸合集,1599,.jpg,1599-1591-021-21.jpg,照主题壁纸（2560x1080）,wallpapers|1599|1591|21|https://act-upload.mihoyo.com/nap-obc-indep/2026/01/09/73751405/ef83577fcf0f14d82dd6ce34f5a0915c_6930017108454542160.jpg,1591,官方壁纸合集\EP短片壁纸合集\照主题壁纸（2560x1080）,官方壁纸合集\EP短片壁纸合集\照主题壁纸（2560x1080）\1599-1591-021-21.jpg,unchanged,wallpapers,21,https://act-upload.mihoyo.com/nap-obc-indep/2026/01/09/73751405/ef83577fcf0f14d82dd6ce34f5a0915c_6930017108454542160.jpg
1599-1591-022-22,EP短片壁纸合集,1599,.jpg,1599-1591-022-22.jpg,照主题壁纸（2560x1080）,wallpapers|1599|1591|22|https://act-upload.mihoyo.com/nap-obc-indep/2026/01/09/73751405/951117f0b22033edb45cae42e24e8093_4527962820888167227.jpg,1591,官方壁纸合集\EP短片壁纸合集\照主题壁纸（2560x1080）,官方壁纸合集\EP短片壁纸合集\照主题壁纸（2560x1080）\1599-1591-022-22.jpg,unchanged,wallpapers,22,https://act-upload.mihoyo.com/nap-obc-indep/2026/01/09/73751405/951117f0b22033edb45cae42e24e8093_4527962820888167227.jpg
1599-1591-023-23,EP短片壁纸合集,1599,.jpg,1599-1591-023-23.jpg,照主题壁纸（2560x1080）,wallpapers|1599|1591|23|https://act-upload.mihoyo.com/nap-obc-indep/2026/01/09/73751405/e6f15b893eaa98e94b1c506f96f37d80_5298032817895364384.jpg,1591,官方壁纸合集\EP短片壁纸合集\照主题壁纸（2560x1080）,官方壁纸合集\EP短片壁纸合集\照主题壁纸（2560x1080）\1599-1591-023-23.jpg,unchanged,wallpapers,23,https://act-upload.mihoyo.com/nap-obc-indep/2026/01/09/73751405/e6f15b893eaa98e94b1c506f96f37d80_5298032817895364384.jpg
1599-1591-024-24,EP短片壁纸合集,1599,.jpg,1599-1591-024-24.jpg,照主题壁纸（2560x1080）,wallpapers|1599|1591|24|https://act-upload.mihoyo.com/nap-obc-indep/2026/01/09/73751405/fe5928e41bfb85d30f9d2ccd53f8a221_6824688930778780545.jpg,1591,官方壁纸合集\EP短片壁纸合集\照主题壁纸（2560x1080）,官方壁纸合集\EP短片壁纸合集\照主题壁纸（2560x1080）\1599-1591-024-24.jpg,unchanged,wallpapers,24,https://act-upload.mihoyo.com/nap-obc-indep/2026/01/09/73751405/fe5928e41bfb85d30f9d2ccd53f8a221_6824688930778780545.jpg
1599-1591-025-25,EP短片壁纸合集,1599,.jpg,1599-1591-025-25.jpg,照主题壁纸（2560x1080）,wallpapers|1599|1591|25|https://act-upload.mihoyo.com/nap-obc-indep/2026/01/09/73751405/35ea63fef5a0d08f238e2bd4f5106ca1_3282508289041048136.jpg,1591,官方壁纸合集\EP短片壁纸合集\照主题壁纸（2560x1080）,官方壁纸合集\EP短片壁纸合集\照主题壁纸（2560x1080）\1599-1591-025-25.jpg,unchanged,wallpapers,25,https://act-upload.mihoyo.com/nap-obc-indep/2026/01/09/73751405/35ea63fef5a0d08f238e2bd4f5106ca1_3282508289041048136.jpg
1599-1591-026-26,EP短片壁纸合集,1599,.jpg,1599-1591-026-26.jpg,照主题壁纸（2560x1080）,wallpapers|1599|1591|26|https://act-upload.mihoyo.com/nap-obc-indep/2026/01/09/73751405/ccddbdd6f66cd2d89b5ac7a913b273e8_7870372174469421780.jpg,1591,官方壁纸合集\EP短片壁纸合集\照主题壁纸（2560x1080）,官方壁纸合集\EP短片壁纸合集\照主题壁纸（2560x1080）\1599-1591-026-26.jpg,unchanged,wallpapers,26,https://act-upload.mihoyo.com/nap-obc-indep/2026/01/09/73751405/ccddbdd6f66cd2d89b5ac7a913b273e8_7870372174469421780.jpg
1599-1591-027-27,EP短片壁纸合集,1599,.jpg,1599-1591-027-27.jpg,照主题壁纸（2560x1080）,wallpapers|1599|1591|27|https://act-upload.mihoyo.com/nap-obc-indep/2026/01/09/73751405/438ff7b6435827a07abff80cae4cb05f_471741988952208008.jpg,1591,官方壁纸合集\EP短片壁纸合集\照主题壁纸（2560x1080）,官方壁纸合集\EP短片壁纸合集\照主题壁纸（2560x1080）\1599-1591-027-27.jpg,unchanged,wallpapers,27,https://act-upload.mihoyo.com/nap-obc-indep/2026/01/09/73751405/438ff7b6435827a07abff80cae4cb05f_471741988952208008.jpg
1599-1591-028-28,EP短片壁纸合集,1599,.jpg,1599-1591-028-28.jpg,照主题壁纸（2560x1080）,wallpapers|1599|1591|28|https://act-upload.mihoyo.com/nap-obc-indep/2026/01/09/73751405/7d25273a6c41e2aa8bbf2e30674f334f_5400728487406282310.jpg,1591,官方壁纸合集\EP短片壁纸合集\照主题壁纸（2560x1080）,官方壁纸合集\EP短片壁纸合集\照主题壁纸（2560x1080）\1599-1591-028-28.jpg,unchanged,wallpapers,28,https://act-upload.mihoyo.com/nap-obc-indep/2026/01/09/73751405/7d25273a6c41e2aa8bbf2e30674f334f_5400728487406282310.jpg
1599-1591-029-29,EP短片壁纸合集,1599,.jpg,1599-1591-029-29.jpg,照主题壁纸（2560x1080）,wallpapers|1599|1591|29|https://act-upload.mihoyo.com/nap-obc-indep/2026/01/09/73751405/fbb7b42aeddcf4ede718b0bf46032b20_5206533181835486015.jpg,1591,官方壁纸合集\EP短片壁纸合集\照主题壁纸（2560x1080）,官方壁纸合集\EP短片壁纸合集\照主题壁纸（2560x1080）\1599-1591-029-29.jpg,unchanged,wallpapers,29,https://act-upload.mihoyo.com/nap-obc-indep/2026/01/09/73751405/fbb7b42aeddcf4ede718b0bf46032b20_5206533181835486015.jpg
1599-1591-030-30,EP短片壁纸合集,1599,.jpg,1599-1591-030-30.jpg,照主题壁纸（2560x1080）,wallpapers|1599|1591|30|https://act-upload.mihoyo.com/nap-obc-indep/2026/01/09/73751405/24596df600d7a4d16991091cca01e33d_5049198468995765219.jpg,1591,官方壁纸合集\EP短片壁纸合集\照主题壁纸（2560x1080）,官方壁纸合集\EP短片壁纸合集\照主题壁纸（2560x1080）\1599-1591-030-30.jpg,unchanged,wallpapers,30,https://act-upload.mihoyo.com/nap-obc-indep/2026/01/09/73751405/24596df600d7a4d16991091cca01e33d_5049198468995765219.jpg
1599-1591-031-31,EP短片壁纸合集,1599,.jpg,1599-1591-031-31.jpg,照主题壁纸（2560x1080）,wallpapers|1599|1591|31|https://act-upload.mihoyo.com/nap-obc-indep/2026/01/09/73751405/842f6eb7538a710cb5d5159da6c97217_7868653698481221131.jpg,1591,官方壁纸合集\EP短片壁纸合集\照主题壁纸（2560x1080）,官方壁纸合集\EP短片壁纸合集\照主题壁纸（2560x1080）\1599-1591-031-31.jpg,unchanged,wallpapers,31,https://act-upload.mihoyo.com/nap-obc-indep/2026/01/09/73751405/842f6eb7538a710cb5d5159da6c97217_7868653698481221131.jpg
1599-1591-032-32,EP短片壁纸合集,1599,.jpg,1599-1591-032-32.jpg,照主题壁纸（2560x1080）,wallpapers|1599|1591|32|https://act-upload.mihoyo.com/nap-obc-indep/2026/01/09/73751405/c347843aa43098ca63ccda4124daba5b_3532950753871546186.jpg,1591,官方壁纸合集\EP短片壁纸合集\照主题壁纸（2560x1080）,官方壁纸合集\EP短片壁纸合集\照主题壁纸（2560x1080）\1599-1591-032-32.jpg,unchanged,wallpapers,32,https://act-upload.mihoyo.com/nap-obc-indep/2026/01/09/73751405/c347843aa43098ca63ccda4124daba5b_3532950753871546186.jpg
1599-1591-033-33,EP短片壁纸合集,1599,.jpg,1599-1591-033-33.jpg,照主题壁纸（2560x1080）,wallpapers|1599|1591|33|https://act-upload.mihoyo.com/nap-obc-indep/2026/01/09/73751405/9b530b980163a862ad9759677c2e109a_7017483816831091337.jpg,1591,官方壁纸合集\EP短片壁纸合集\照主题壁纸（2560x1080）,官方壁纸合集\EP短片壁纸合集\照主题壁纸（2560x1080）\1599-1591-033-33.jpg,unchanged,wallpapers,33,https://act-upload.mihoyo.com/nap-obc-indep/2026/01/09/73751405/9b530b980163a862ad9759677c2e109a_7017483816831091337.jpg
1599-1591-034-34,EP短片壁纸合集,1599,.jpg,1599-1591-034-34.jpg,照主题壁纸（2560x1080）,wallpapers|1599|1591|34|https://act-upload.mihoyo.com/nap-obc-indep/2026/01/09/73751405/25e3a3710be4769d3a1caa8260d4d376_5729461713237167635.jpg,1591,官方壁纸合集\EP短片壁纸合集\照主题壁纸（2560x1080）,官方壁纸合集\EP短片壁纸合集\照主题壁纸（2560x1080）\1599-1591-034-34.jpg,unchanged,wallpapers,34,https://act-upload.mihoyo.com/nap-obc-indep/2026/01/09/73751405/25e3a3710be4769d3a1caa8260d4d376_5729461713237167635.jpg
1599-1591-035-35,EP短片壁纸合集,1599,.jpg,1599-1591-035-35.jpg,照主题壁纸（2560x1080）,wallpapers|1599|1591|35|https://act-upload.mihoyo.com/nap-obc-indep/2026/01/09/73751405/7cf1cc090a5440d786be45d21abe5a39_6885263783529590058.jpg,1591,官方壁纸合集\EP短片壁纸合集\照主题壁纸（2560x1080）,官方壁纸合集\EP短片壁纸合集\照主题壁纸（2560x1080）\1599-1591-035-35.jpg,unchanged,wallpapers,35,https://act-upload.mihoyo.com/nap-obc-indep/2026/01/09/73751405/7cf1cc090a5440d786be45d21abe5a39_6885263783529590058.jpg
1599-1591-036-36,EP短片壁纸合集,1599,.jpg,1599-1591-036-36.jpg,照主题壁纸（2560x1080）,wallpapers|1599|1591|36|https://act-upload.mihoyo.com/nap-obc-indep/2026/01/09/73751405/86a87a2c9078aee0c01331d7eb82cc73_2631828578764894185.jpg,1591,官方壁纸合集\EP短片壁纸合集\照主题壁纸（2560x1080）,官方壁纸合集\EP短片壁纸合集\照主题壁纸（2560x1080）\1599-1591-036-36.jpg,unchanged,wallpapers,36,https://act-upload.mihoyo.com/nap-obc-indep/2026/01/09/73751405/86a87a2c9078aee0c01331d7eb82cc73_2631828578764894185.jpg
1599-1591-037-37,EP短片壁纸合集,1599,.jpg,1599-1591-037-37.jpg,照主题壁纸（2560x1080）,wallpapers|1599|1591|37|https://act-upload.mihoyo.com/nap-obc-indep/2026/01/09/73751405/eeef287fc7d05cdb70392a27694dcfe7_5412761735119541609.jpg,1591,官方壁纸合集\EP短片壁纸合集\照主题壁纸（2560x1080）,官方壁纸合集\EP短片壁纸合集\照主题壁纸（2560x1080）\1599-1591-037-37.jpg,unchanged,wallpapers,37,https://act-upload.mihoyo.com/nap-obc-indep/2026/01/09/73751405/eeef287fc7d05cdb70392a27694dcfe7_5412761735119541609.jpg
1599-1591-038-38,EP短片壁纸合集,1599,.jpg,1599-1591-038-38.jpg,照主题壁纸（2560x1080）,wallpapers|1599|1591|38|https://act-upload.mihoyo.com/nap-obc-indep/2026/01/09/73751405/fb528d1ceb488b2fe674ec60cd6e1c39_769401616153744376.jpg,1591,官方壁纸合集\EP短片壁纸合集\照主题壁纸（2560x1080）,官方壁纸合集\EP短片壁纸合集\照主题壁纸（2560x1080）\1599-1591-038-38.jpg,unchanged,wallpapers,38,https://act-upload.mihoyo.com/nap-obc-indep/2026/01/09/73751405/fb528d1ceb488b2fe674ec60cd6e1c39_769401616153744376.jpg
1599-1578-001-1,EP短片壁纸合集,1599,.jpg,1599-1578-001-1.jpg,叶瞬光主题壁纸（2560x1080）,wallpapers|1599|1578|1|https://act-upload.mihoyo.com/nap-obc-indep/2026/01/08/73751405/4ef9d06dcf2e4b4064b3976559a06f12_2165359500298856594.jpg,1578,官方壁纸合集\EP短片壁纸合集\叶瞬光主题壁纸（2560x1080）,官方壁纸合集\EP短片壁纸合集\叶瞬光主题壁纸（2560x1080）\1599-1578-001-1.jpg,unchanged,wallpapers,1,https://act-upload.mihoyo.com/nap-obc-indep/2026/01/08/73751405/4ef9d06dcf2e4b4064b3976559a06f12_2165359500298856594.jpg
1599-1578-002-2,EP短片壁纸合集,1599,.jpg,1599-1578-002-2.jpg,叶瞬光主题壁纸（2560x1080）,wallpapers|1599|1578|2|https://act-upload.mihoyo.com/nap-obc-indep/2026/01/08/73751405/2ca128b2ab6c68b1a5fd8f21077e062e_852548235005092109.jpg,1578,官方壁纸合集\EP短片壁纸合集\叶瞬光主题壁纸（2560x1080）,官方壁纸合集\EP短片壁纸合集\叶瞬光主题壁纸（2560x1080）\1599-1578-002-2.jpg,unchanged,wallpapers,2,https://act-upload.mihoyo.com/nap-obc-indep/2026/01/08/73751405/2ca128b2ab6c68b1a5fd8f21077e062e_852548235005092109.jpg
1599-1578-003-3,EP短片壁纸合集,1599,.jpg,1599-1578-003-3.jpg,叶瞬光主题壁纸（2560x1080）,wallpapers|1599|1578|3|https://act-upload.mihoyo.com/nap-obc-indep/2026/01/08/73751405/03f4abbd4dab2398a94e4c559ec67a14_9139164584276085162.jpg,1578,官方壁纸合集\EP短片壁纸合集\叶瞬光主题壁纸（2560x1080）,官方壁纸合集\EP短片壁纸合集\叶瞬光主题壁纸（2560x1080）\1599-1578-003-3.jpg,unchanged,wallpapers,3,https://act-upload.mihoyo.com/nap-obc-indep/2026/01/08/73751405/03f4abbd4dab2398a94e4c559ec67a14_9139164584276085162.jpg
1599-1578-004-4,EP短片壁纸合集,1599,.jpg,1599-1578-004-4.jpg,叶瞬光主题壁纸（2560x1080）,wallpapers|1599|1578|4|https://act-upload.mihoyo.com/nap-obc-indep/2026/01/08/73751405/5e99d6bd181165baf4d90899da4e4519_369718280333277424.jpg,1578,官方壁纸合集\EP短片壁纸合集\叶瞬光主题壁纸（2560x1080）,官方壁纸合集\EP短片壁纸合集\叶瞬光主题壁纸（2560x1080）\1599-1578-004-4.jpg,unchanged,wallpapers,4,https://act-upload.mihoyo.com/nap-obc-indep/2026/01/08/73751405/5e99d6bd181165baf4d90899da4e4519_369718280333277424.jpg
1599-1578-005-5,EP短片壁纸合集,1599,.jpg,1599-1578-005-5.jpg,叶瞬光主题壁纸（2560x1080）,wallpapers|1599|1578|5|https://act-upload.mihoyo.com/nap-obc-indep/2026/01/08/73751405/abe6e94edd9d6ebabbe3c93a66c29868_8374534414890585728.jpg,1578,官方壁纸合集\EP短片壁纸合集\叶瞬光主题壁纸（2560x1080）,官方壁纸合集\EP短片壁纸合集\叶瞬光主题壁纸（2560x1080）\1599-1578-005-5.jpg,unchanged,wallpapers,5,https://act-upload.mihoyo.com/nap-obc-indep/2026/01/08/73751405/abe6e94edd9d6ebabbe3c93a66c29868_8374534414890585728.jpg
1599-1578-006-6,EP短片壁纸合集,1599,.jpg,1599-1578-006-6.jpg,叶瞬光主题壁纸（2560x1080）,wallpapers|1599|1578|6|https://act-upload.mihoyo.com/nap-obc-indep/2026/01/08/73751405/2b4be80dcd35794ad3b55754b8fad16d_341470409914165716.jpg,1578,官方壁纸合集\EP短片壁纸合集\叶瞬光主题壁纸（2560x1080）,官方壁纸合集\EP短片壁纸合集\叶瞬光主题壁纸（2560x1080）\1599-1578-006-6.jpg,unchanged,wallpapers,6,https://act-upload.mihoyo.com/nap-obc-indep/2026/01/08/73751405/2b4be80dcd35794ad3b55754b8fad16d_341470409914165716.jpg
1599-1578-007-7,EP短片壁纸合集,1599,.jpg,1599-1578-007-7.jpg,叶瞬光主题壁纸（2560x1080）,wallpapers|1599|1578|7|https://act-upload.mihoyo.com/nap-obc-indep/2026/01/08/73751405/af9e43b91e573b8145cfd71ea0a09ddf_6498765556832964892.jpg,1578,官方壁纸合集\EP短片壁纸合集\叶瞬光主题壁纸（2560x1080）,官方壁纸合集\EP短片壁纸合集\叶瞬光主题壁纸（2560x1080）\1599-1578-007-7.jpg,unchanged,wallpapers,7,https://act-upload.mihoyo.com/nap-obc-indep/2026/01/08/73751405/af9e43b91e573b8145cfd71ea0a09ddf_6498765556832964892.jpg
1599-1578-008-8,EP短片壁纸合集,1599,.jpg,1599-1578-008-8.jpg,叶瞬光主题壁纸（2560x1080）,wallpapers|1599|1578|8|https://act-upload.mihoyo.com/nap-obc-indep/2026/01/08/73751405/047f96c0833a1153860cc209a367486c_2093607936149414460.jpg,1578,官方壁纸合集\EP短片壁纸合集\叶瞬光主题壁纸（2560x1080）,官方壁纸合集\EP短片壁纸合集\叶瞬光主题壁纸（2560x1080）\1599-1578-008-8.jpg,unchanged,wallpapers,8,https://act-upload.mihoyo.com/nap-obc-indep/2026/01/08/73751405/047f96c0833a1153860cc209a367486c_2093607936149414460.jpg
1599-1578-009-9,EP短片壁纸合集,1599,.jpg,1599-1578-009-9.jpg,叶瞬光主题壁纸（2560x1080）,wallpapers|1599|1578|9|https://act-upload.mihoyo.com/nap-obc-indep/2026/01/08/73751405/bc5a959db008babfb92b80066a5e6cc3_5734845976503119239.jpg,1578,官方壁纸合集\EP短片壁纸合集\叶瞬光主题壁纸（2560x1080）,官方壁纸合集\EP短片壁纸合集\叶瞬光主题壁纸（2560x1080）\1599-1578-009-9.jpg,unchanged,wallpapers,9,https://act-upload.mihoyo.com/nap-obc-indep/2026/01/08/73751405/bc5a959db008babfb92b80066a5e6cc3_5734845976503119239.jpg
1599-1578-010-10,EP短片壁纸合集,1599,.jpg,1599-1578-010-10.jpg,叶瞬光主题壁纸（2560x1080）,wallpapers|1599|1578|10|https://act-upload.mihoyo.com/nap-obc-indep/2026/01/08/73751405/998a792bf7cfa279c9956fee4d48fc49_5753429872108384505.jpg,1578,官方壁纸合集\EP短片壁纸合集\叶瞬光主题壁纸（2560x1080）,官方壁纸合集\EP短片壁纸合集\叶瞬光主题壁纸（2560x1080）\1599-1578-010-10.jpg,unchanged,wallpapers,10,https://act-upload.mihoyo.com/nap-obc-indep/2026/01/08/73751405/998a792bf7cfa279c9956fee4d48fc49_5753429872108384505.jpg
1599-1578-011-11,EP短片壁纸合集,1599,.jpg,1599-1578-011-11.jpg,叶瞬光主题壁纸（2560x1080）,wallpapers|1599|1578|11|https://act-upload.mihoyo.com/nap-obc-indep/2026/01/08/73751405/a42f13db0e1fbcd1d5d5a51379f1808d_5664817561221486018.jpg,1578,官方壁纸合集\EP短片壁纸合集\叶瞬光主题壁纸（2560x1080）,官方壁纸合集\EP短片壁纸合集\叶瞬光主题壁纸（2560x1080）\1599-1578-011-11.jpg,unchanged,wallpapers,11,https://act-upload.mihoyo.com/nap-obc-indep/2026/01/08/73751405/a42f13db0e1fbcd1d5d5a51379f1808d_5664817561221486018.jpg
1599-1578-012-12,EP短片壁纸合集,1599,.jpg,1599-1578-012-12.jpg,叶瞬光主题壁纸（2560x1080）,wallpapers|1599|1578|12|https://act-upload.mihoyo.com/nap-obc-indep/2026/01/08/73751405/f93ee2e405833d3e75c9c1cded845f69_7534439403116488955.jpg,1578,官方壁纸合集\EP短片壁纸合集\叶瞬光主题壁纸（2560x1080）,官方壁纸合集\EP短片壁纸合集\叶瞬光主题壁纸（2560x1080）\1599-1578-012-12.jpg,unchanged,wallpapers,12,https://act-upload.mihoyo.com/nap-obc-indep/2026/01/08/73751405/f93ee2e405833d3e75c9c1cded845f69_7534439403116488955.jpg
1599-1578-013-13,EP短片壁纸合集,1599,.jpg,1599-1578-013-13.jpg,叶瞬光主题壁纸（2560x1080）,wallpapers|1599|1578|13|https://act-upload.mihoyo.com/nap-obc-indep/2026/01/08/73751405/bf017450986f579941a75fbddebac14c_67232956707743925.jpg,1578,官方壁纸合集\EP短片壁纸合集\叶瞬光主题壁纸（2560x1080）,官方壁纸合集\EP短片壁纸合集\叶瞬光主题壁纸（2560x1080）\1599-1578-013-13.jpg,unchanged,wallpapers,13,https://act-upload.mihoyo.com/nap-obc-indep/2026/01/08/73751405/bf017450986f579941a75fbddebac14c_67232956707743925.jpg
1599-1578-014-14,EP短片壁纸合集,1599,.jpg,1599-1578-014-14.jpg,叶瞬光主题壁纸（2560x1080）,wallpapers|1599|1578|14|https://act-upload.mihoyo.com/nap-obc-indep/2026/01/08/73751405/88047cfad4f482cc954ae98b1da4ec69_7314085318990334733.jpg,1578,官方壁纸合集\EP短片壁纸合集\叶瞬光主题壁纸（2560x1080）,官方壁纸合集\EP短片壁纸合集\叶瞬光主题壁纸（2560x1080）\1599-1578-014-14.jpg,unchanged,wallpapers,14,https://act-upload.mihoyo.com/nap-obc-indep/2026/01/08/73751405/88047cfad4f482cc954ae98b1da4ec69_7314085318990334733.jpg
1599-1578-015-15,EP短片壁纸合集,1599,.jpg,1599-1578-015-15.jpg,叶瞬光主题壁纸（2560x1080）,wallpapers|1599|1578|15|https://act-upload.mihoyo.com/nap-obc-indep/2026/01/08/73751405/9ae7534b51d6ff008a54e6b7d6b2efea_1701840707393385402.jpg,1578,官方壁纸合集\EP短片壁纸合集\叶瞬光主题壁纸（2560x1080）,官方壁纸合集\EP短片壁纸合集\叶瞬光主题壁纸（2560x1080）\1599-1578-015-15.jpg,unchanged,wallpapers,15,https://act-upload.mihoyo.com/nap-obc-indep/2026/01/08/73751405/9ae7534b51d6ff008a54e6b7d6b2efea_1701840707393385402.jpg
1599-1578-016-16,EP短片壁纸合集,1599,.jpg,1599-1578-016-16.jpg,叶瞬光主题壁纸（2560x1080）,wallpapers|1599|1578|16|https://act-upload.mihoyo.com/nap-obc-indep/2026/01/08/73751405/f4b956ba365bc883f97ff224444d273b_8942695606406338580.jpg,1578,官方壁纸合集\EP短片壁纸合集\叶瞬光主题壁纸（2560x1080）,官方壁纸合集\EP短片壁纸合集\叶瞬光主题壁纸（2560x1080）\1599-1578-016-16.jpg,unchanged,wallpapers,16,https://act-upload.mihoyo.com/nap-obc-indep/2026/01/08/73751405/f4b956ba365bc883f97ff224444d273b_8942695606406338580.jpg
1599-1578-017-17,EP短片壁纸合集,1599,.jpg,1599-1578-017-17.jpg,叶瞬光主题壁纸（2560x1080）,wallpapers|1599|1578|17|https://act-upload.mihoyo.com/nap-obc-indep/2026/01/08/73751405/636a3ee6f6fd1eefd1852d88d9dd43fb_5947074646262285519.jpg,1578,官方壁纸合集\EP短片壁纸合集\叶瞬光主题壁纸（2560x1080）,官方壁纸合集\EP短片壁纸合集\叶瞬光主题壁纸（2560x1080）\1599-1578-017-17.jpg,unchanged,wallpapers,17,https://act-upload.mihoyo.com/nap-obc-indep/2026/01/08/73751405/636a3ee6f6fd1eefd1852d88d9dd43fb_5947074646262285519.jpg
1599-1578-018-18,EP短片壁纸合集,1599,.jpg,1599-1578-018-18.jpg,叶瞬光主题壁纸（2560x1080）,wallpapers|1599|1578|18|https://act-upload.mihoyo.com/nap-obc-indep/2026/01/08/73751405/f6fdbab73d89ed5d1620c421dccc6c12_3052507972086837818.jpg,1578,官方壁纸合集\EP短片壁纸合集\叶瞬光主题壁纸（2560x1080）,官方壁纸合集\EP短片壁纸合集\叶瞬光主题壁纸（2560x1080）\1599-1578-018-18.jpg,unchanged,wallpapers,18,https://act-upload.mihoyo.com/nap-obc-indep/2026/01/08/73751405/f6fdbab73d89ed5d1620c421dccc6c12_3052507972086837818.jpg
1599-1578-019-19,EP短片壁纸合集,1599,.jpg,1599-1578-019-19.jpg,叶瞬光主题壁纸（2560x1080）,wallpapers|1599|1578|19|https://act-upload.mihoyo.com/nap-obc-indep/2026/01/08/73751405/203f1eb3aa31ec349ef9ec7d72904a3b_5220829467804076650.jpg,1578,官方壁纸合集\EP短片壁纸合集\叶瞬光主题壁纸（2560x1080）,官方壁纸合集\EP短片壁纸合集\叶瞬光主题壁纸（2560x1080）\1599-1578-019-19.jpg,unchanged,wallpapers,19,https://act-upload.mihoyo.com/nap-obc-indep/2026/01/08/73751405/203f1eb3aa31ec349ef9ec7d72904a3b_5220829467804076650.jpg
1599-1578-020-20,EP短片壁纸合集,1599,.jpg,1599-1578-020-20.jpg,叶瞬光主题壁纸（2560x1080）,wallpapers|1599|1578|20|https://act-upload.mihoyo.com/nap-obc-indep/2026/01/08/73751405/8966962f037a30240a506494d2763650_5647135830395960538.jpg,1578,官方壁纸合集\EP短片壁纸合集\叶瞬光主题壁纸（2560x1080）,官方壁纸合集\EP短片壁纸合集\叶瞬光主题壁纸（2560x1080）\1599-1578-020-20.jpg,unchanged,wallpapers,20,https://act-upload.mihoyo.com/nap-obc-indep/2026/01/08/73751405/8966962f037a30240a506494d2763650_5647135830395960538.jpg
1599-1578-021-21,EP短片壁纸合集,1599,.jpg,1599-1578-021-21.jpg,叶瞬光主题壁纸（2560x1080）,wallpapers|1599|1578|21|https://act-upload.mihoyo.com/nap-obc-indep/2026/01/08/73751405/17260c8e3f2626f061a848ee8f39646d_5372149587624304717.jpg,1578,官方壁纸合集\EP短片壁纸合集\叶瞬光主题壁纸（2560x1080）,官方壁纸合集\EP短片壁纸合集\叶瞬光主题壁纸（2560x1080）\1599-1578-021-21.jpg,unchanged,wallpapers,21,https://act-upload.mihoyo.com/nap-obc-indep/2026/01/08/73751405/17260c8e3f2626f061a848ee8f39646d_5372149587624304717.jpg
1599-1578-022-22,EP短片壁纸合集,1599,.jpg,1599-1578-022-22.jpg,叶瞬光主题壁纸（2560x1080）,wallpapers|1599|1578|22|https://act-upload.mihoyo.com/nap-obc-indep/2026/01/08/73751405/f14d6b78375fe5084b497ceabc08efa0_6136351719167127313.jpg,1578,官方壁纸合集\EP短片壁纸合集\叶瞬光主题壁纸（2560x1080）,官方壁纸合集\EP短片壁纸合集\叶瞬光主题壁纸（2560x1080）\1599-1578-022-22.jpg,unchanged,wallpapers,22,https://act-upload.mihoyo.com/nap-obc-indep/2026/01/08/73751405/f14d6b78375fe5084b497ceabc08efa0_6136351719167127313.jpg
1599-1578-023-23,EP短片壁纸合集,1599,.jpg,1599-1578-023-23.jpg,叶瞬光主题壁纸（2560x1080）,wallpapers|1599|1578|23|https://act-upload.mihoyo.com/nap-obc-indep/2026/01/08/73751405/e0010198b7b64032403383d516adc813_7400238662512522408.jpg,1578,官方壁纸合集\EP短片壁纸合集\叶瞬光主题壁纸（2560x1080）,官方壁纸合集\EP短片壁纸合集\叶瞬光主题壁纸（2560x1080）\1599-1578-023-23.jpg,unchanged,wallpapers,23,https://act-upload.mihoyo.com/nap-obc-indep/2026/01/08/73751405/e0010198b7b64032403383d516adc813_7400238662512522408.jpg
1599-1578-024-24,EP短片壁纸合集,1599,.jpg,1599-1578-024-24.jpg,叶瞬光主题壁纸（2560x1080）,wallpapers|1599|1578|24|https://act-upload.mihoyo.com/nap-obc-indep/2026/01/08/73751405/8b1adcf742fcc186fb03c3b5b79ca7de_7147350644357863677.jpg,1578,官方壁纸合集\EP短片壁纸合集\叶瞬光主题壁纸（2560x1080）,官方壁纸合集\EP短片壁纸合集\叶瞬光主题壁纸（2560x1080）\1599-1578-024-24.jpg,unchanged,wallpapers,24,https://act-upload.mihoyo.com/nap-obc-indep/2026/01/08/73751405/8b1adcf742fcc186fb03c3b5b79ca7de_7147350644357863677.jpg
1599-1578-025-25,EP短片壁纸合集,1599,.jpg,1599-1578-025-25.jpg,叶瞬光主题壁纸（2560x1080）,wallpapers|1599|1578|25|https://act-upload.mihoyo.com/nap-obc-indep/2026/01/08/73751405/2b8e29f2cd3e5d9804e5a8cbedd2bfaa_6349667769967038070.jpg,1578,官方壁纸合集\EP短片壁纸合集\叶瞬光主题壁纸（2560x1080）,官方壁纸合集\EP短片壁纸合集\叶瞬光主题壁纸（2560x1080）\1599-1578-025-25.jpg,unchanged,wallpapers,25,https://act-upload.mihoyo.com/nap-obc-indep/2026/01/08/73751405/2b8e29f2cd3e5d9804e5a8cbedd2bfaa_6349667769967038070.jpg
1599-1578-026-26,EP短片壁纸合集,1599,.jpg,1599-1578-026-26.jpg,叶瞬光主题壁纸（2560x1080）,wallpapers|1599|1578|26|https://act-upload.mihoyo.com/nap-obc-indep/2026/01/08/73751405/be2e04f8c0eb69142a2badb5883cd6a2_1040920929509618296.jpg,1578,官方壁纸合集\EP短片壁纸合集\叶瞬光主题壁纸（2560x1080）,官方壁纸合集\EP短片壁纸合集\叶瞬光主题壁纸（2560x1080）\1599-1578-026-26.jpg,unchanged,wallpapers,26,https://act-upload.mihoyo.com/nap-obc-indep/2026/01/08/73751405/be2e04f8c0eb69142a2badb5883cd6a2_1040920929509618296.jpg
1599-1578-027-27,EP短片壁纸合集,1599,.jpg,1599-1578-027-27.jpg,叶瞬光主题壁纸（2560x1080）,wallpapers|1599|1578|27|https://act-upload.mihoyo.com/nap-obc-indep/2026/01/08/73751405/936239ce943d3d67a817d077c239735e_884144042439825297.jpg,1578,官方壁纸合集\EP短片壁纸合集\叶瞬光主题壁纸（2560x1080）,官方壁纸合集\EP短片壁纸合集\叶瞬光主题壁纸（2560x1080）\1599-1578-027-27.jpg,unchanged,wallpapers,27,https://act-upload.mihoyo.com/nap-obc-indep/2026/01/08/73751405/936239ce943d3d67a817d077c239735e_884144042439825297.jpg
1599-1578-028-28,EP短片壁纸合集,1599,.jpg,1599-1578-028-28.jpg,叶瞬光主题壁纸（2560x1080）,wallpapers|1599|1578|28|https://act-upload.mihoyo.com/nap-obc-indep/2026/01/08/73751405/075e47518d6419fe8d50bf1848d23951_2377791069561748441.jpg,1578,官方壁纸合集\EP短片壁纸合集\叶瞬光主题壁纸（2560x1080）,官方壁纸合集\EP短片壁纸合集\叶瞬光主题壁纸（2560x1080）\1599-1578-028-28.jpg,unchanged,wallpapers,28,https://act-upload.mihoyo.com/nap-obc-indep/2026/01/08/73751405/075e47518d6419fe8d50bf1848d23951_2377791069561748441.jpg
1599-1578-029-29,EP短片壁纸合集,1599,.jpg,1599-1578-029-29.jpg,叶瞬光主题壁纸（2560x1080）,wallpapers|1599|1578|29|https://act-upload.mihoyo.com/nap-obc-indep/2026/01/08/73751405/4c720c896c1bf3d07d36f94525156625_6506256589434159612.jpg,1578,官方壁纸合集\EP短片壁纸合集\叶瞬光主题壁纸（2560x1080）,官方壁纸合集\EP短片壁纸合集\叶瞬光主题壁纸（2560x1080）\1599-1578-029-29.jpg,unchanged,wallpapers,29,https://act-upload.mihoyo.com/nap-obc-indep/2026/01/08/73751405/4c720c896c1bf3d07d36f94525156625_6506256589434159612.jpg
1599-1578-030-30,EP短片壁纸合集,1599,.jpg,1599-1578-030-30.jpg,叶瞬光主题壁纸（2560x1080）,wallpapers|1599|1578|30|https://act-upload.mihoyo.com/nap-obc-indep/2026/01/08/73751405/0a493932b6c8015d657b53e1f50bb319_6824536987258699092.jpg,1578,官方壁纸合集\EP短片壁纸合集\叶瞬光主题壁纸（2560x1080）,官方壁纸合集\EP短片壁纸合集\叶瞬光主题壁纸（2560x1080）\1599-1578-030-30.jpg,unchanged,wallpapers,30,https://act-upload.mihoyo.com/nap-obc-indep/2026/01/08/73751405/0a493932b6c8015d657b53e1f50bb319_6824536987258699092.jpg
1599-1578-031-31,EP短片壁纸合集,1599,.jpg,1599-1578-031-31.jpg,叶瞬光主题壁纸（2560x1080）,wallpapers|1599|1578|31|https://act-upload.mihoyo.com/nap-obc-indep/2026/01/08/73751405/04c8c1b58adec3755e57535448077618_547146251790389389.jpg,1578,官方壁纸合集\EP短片壁纸合集\叶瞬光主题壁纸（2560x1080）,官方壁纸合集\EP短片壁纸合集\叶瞬光主题壁纸（2560x1080）\1599-1578-031-31.jpg,unchanged,wallpapers,31,https://act-upload.mihoyo.com/nap-obc-indep/2026/01/08/73751405/04c8c1b58adec3755e57535448077618_547146251790389389.jpg
1599-1578-032-32,EP短片壁纸合集,1599,.jpg,1599-1578-032-32.jpg,叶瞬光主题壁纸（2560x1080）,wallpapers|1599|1578|32|https://act-upload.mihoyo.com/nap-obc-indep/2026/01/08/73751405/4f19efaa9ec5dd46041f29389f309f2a_665185746149033382.jpg,1578,官方壁纸合集\EP短片壁纸合集\叶瞬光主题壁纸（2560x1080）,官方壁纸合集\EP短片壁纸合集\叶瞬光主题壁纸（2560x1080）\1599-1578-032-32.jpg,unchanged,wallpapers,32,https://act-upload.mihoyo.com/nap-obc-indep/2026/01/08/73751405/4f19efaa9ec5dd46041f29389f309f2a_665185746149033382.jpg
1599-1578-033-33,EP短片壁纸合集,1599,.jpg,1599-1578-033-33.jpg,叶瞬光主题壁纸（2560x1080）,wallpapers|1599|1578|33|https://act-upload.mihoyo.com/nap-obc-indep/2026/01/08/73751405/8f7c0bdd1231fd043e72257d9d8bfba9_4282893455699576505.jpg,1578,官方壁纸合集\EP短片壁纸合集\叶瞬光主题壁纸（2560x1080）,官方壁纸合集\EP短片壁纸合集\叶瞬光主题壁纸（2560x1080）\1599-1578-033-33.jpg,unchanged,wallpapers,33,https://act-upload.mihoyo.com/nap-obc-indep/2026/01/08/73751405/8f7c0bdd1231fd043e72257d9d8bfba9_4282893455699576505.jpg
1599-1578-034-34,EP短片壁纸合集,1599,.jpg,1599-1578-034-34.jpg,叶瞬光主题壁纸（2560x1080）,wallpapers|1599|1578|34|https://act-upload.mihoyo.com/nap-obc-indep/2026/01/08/73751405/b7ce290377e38004a01c6fd6c9668b84_5763417410142469618.jpg,1578,官方壁纸合集\EP短片壁纸合集\叶瞬光主题壁纸（2560x1080）,官方壁纸合集\EP短片壁纸合集\叶瞬光主题壁纸（2560x1080）\1599-1578-034-34.jpg,unchanged,wallpapers,34,https://act-upload.mihoyo.com/nap-obc-indep/2026/01/08/73751405/b7ce290377e38004a01c6fd6c9668b84_5763417410142469618.jpg
1599-1578-035-35,EP短片壁纸合集,1599,.jpg,1599-1578-035-35.jpg,叶瞬光主题壁纸（2560x1080）,wallpapers|1599|1578|35|https://act-upload.mihoyo.com/nap-obc-indep/2026/01/08/73751405/7ad890bd188f9faea58aa3b86ad9192b_5609041978965127767.jpg,1578,官方壁纸合集\EP短片壁纸合集\叶瞬光主题壁纸（2560x1080）,官方壁纸合集\EP短片壁纸合集\叶瞬光主题壁纸（2560x1080）\1599-1578-035-35.jpg,unchanged,wallpapers,35,https://act-upload.mihoyo.com/nap-obc-indep/2026/01/08/73751405/7ad890bd188f9faea58aa3b86ad9192b_5609041978965127767.jpg
1599-1578-036-36,EP短片壁纸合集,1599,.jpg,1599-1578-036-36.jpg,叶瞬光主题壁纸（2560x1080）,wallpapers|1599|1578|36|https://act-upload.mihoyo.com/nap-obc-indep/2026/01/08/73751405/375c8e9846e87fd6c76378f15ed36928_4197593370522827584.jpg,1578,官方壁纸合集\EP短片壁纸合集\叶瞬光主题壁纸（2560x1080）,官方壁纸合集\EP短片壁纸合集\叶瞬光主题壁纸（2560x1080）\1599-1578-036-36.jpg,unchanged,wallpapers,36,https://act-upload.mihoyo.com/nap-obc-indep/2026/01/08/73751405/375c8e9846e87fd6c76378f15ed36928_4197593370522827584.jpg
1599-1578-037-37,EP短片壁纸合集,1599,.jpg,1599-1578-037-37.jpg,叶瞬光主题壁纸（2560x1080）,wallpapers|1599|1578|37|https://act-upload.mihoyo.com/nap-obc-indep/2026/01/08/73751405/8fa075cbe70a62162308ffc3d3ed4394_9110088726958465859.jpg,1578,官方壁纸合集\EP短片壁纸合集\叶瞬光主题壁纸（2560x1080）,官方壁纸合集\EP短片壁纸合集\叶瞬光主题壁纸（2560x1080）\1599-1578-037-37.jpg,unchanged,wallpapers,37,https://act-upload.mihoyo.com/nap-obc-indep/2026/01/08/73751405/8fa075cbe70a62162308ffc3d3ed4394_9110088726958465859.jpg
1599-1578-038-38,EP短片壁纸合集,1599,.jpg,1599-1578-038-38.jpg,叶瞬光主题壁纸（2560x1080）,wallpapers|1599|1578|38|https://act-upload.mihoyo.com/nap-obc-indep/2026/01/08/73751405/58eff5fcdc868b80cb017548af5d9a10_3514007065035410648.jpg,1578,官方壁纸合集\EP短片壁纸合集\叶瞬光主题壁纸（2560x1080）,官方壁纸合集\EP短片壁纸合集\叶瞬光主题壁纸（2560x1080）\1599-1578-038-38.jpg,unchanged,wallpapers,38,https://act-upload.mihoyo.com/nap-obc-indep/2026/01/08/73751405/58eff5fcdc868b80cb017548af5d9a10_3514007065035410648.jpg
1599-1578-039-39,EP短片壁纸合集,1599,.jpg,1599-1578-039-39.jpg,叶瞬光主题壁纸（2560x1080）,wallpapers|1599|1578|39|https://act-upload.mihoyo.com/nap-obc-indep/2026/01/08/73751405/046ac68daebf72c99fdcda493f018cbf_9081044233367810676.jpg,1578,官方壁纸合集\EP短片壁纸合集\叶瞬光主题壁纸（2560x1080）,官方壁纸合集\EP短片壁纸合集\叶瞬光主题壁纸（2560x1080）\1599-1578-039-39.jpg,unchanged,wallpapers,39,https://act-upload.mihoyo.com/nap-obc-indep/2026/01/08/73751405/046ac68daebf72c99fdcda493f018cbf_9081044233367810676.jpg
1599-1578-040-40,EP短片壁纸合集,1599,.jpg,1599-1578-040-40.jpg,叶瞬光主题壁纸（2560x1080）,wallpapers|1599|1578|40|https://act-upload.mihoyo.com/nap-obc-indep/2026/01/08/73751405/7549be0cb8f07fd96cd2d5ce34d59895_5913631023709226577.jpg,1578,官方壁纸合集\EP短片壁纸合集\叶瞬光主题壁纸（2560x1080）,官方壁纸合集\EP短片壁纸合集\叶瞬光主题壁纸（2560x1080）\1599-1578-040-40.jpg,unchanged,wallpapers,40,https://act-upload.mihoyo.com/nap-obc-indep/2026/01/08/73751405/7549be0cb8f07fd96cd2d5ce34d59895_5913631023709226577.jpg
1599-1578-041-41,EP短片壁纸合集,1599,.jpg,1599-1578-041-41.jpg,叶瞬光主题壁纸（2560x1080）,wallpapers|1599|1578|41|https://act-upload.mihoyo.com/nap-obc-indep/2026/01/08/73751405/b91d9a404782e19e81845d6cdd8839b6_6649115232361793076.jpg,1578,官方壁纸合集\EP短片壁纸合集\叶瞬光主题壁纸（2560x1080）,官方壁纸合集\EP短片壁纸合集\叶瞬光主题壁纸（2560x1080）\1599-1578-041-41.jpg,unchanged,wallpapers,41,https://act-upload.mihoyo.com/nap-obc-indep/2026/01/08/73751405/b91d9a404782e19e81845d6cdd8839b6_6649115232361793076.jpg
1599-1578-042-42,EP短片壁纸合集,1599,.jpg,1599-1578-042-42.jpg,叶瞬光主题壁纸（2560x1080）,wallpapers|1599|1578|42|https://act-upload.mihoyo.com/nap-obc-indep/2026/01/08/73751405/bcb312a0d34187e8f14f05350779eea8_940464953231851349.jpg,1578,官方壁纸合集\EP短片壁纸合集\叶瞬光主题壁纸（2560x1080）,官方壁纸合集\EP短片壁纸合集\叶瞬光主题壁纸（2560x1080）\1599-1578-042-42.jpg,unchanged,wallpapers,42,https://act-upload.mihoyo.com/nap-obc-indep/2026/01/08/73751405/bcb312a0d34187e8f14f05350779eea8_940464953231851349.jpg
1599-1578-043-43,EP短片壁纸合集,1599,.jpg,1599-1578-043-43.jpg,叶瞬光主题壁纸（2560x1080）,wallpapers|1599|1578|43|https://act-upload.mihoyo.com/nap-obc-indep/2026/01/08/73751405/0b8a323cd236a6a0656d5e8bc8c2f79c_5750705041260779862.jpg,1578,官方壁纸合集\EP短片壁纸合集\叶瞬光主题壁纸（2560x1080）,官方壁纸合集\EP短片壁纸合集\叶瞬光主题壁纸（2560x1080）\1599-1578-043-43.jpg,unchanged,wallpapers,43,https://act-upload.mihoyo.com/nap-obc-indep/2026/01/08/73751405/0b8a323cd236a6a0656d5e8bc8c2f79c_5750705041260779862.jpg
1599-1578-044-44,EP短片壁纸合集,1599,.jpg,1599-1578-044-44.jpg,叶瞬光主题壁纸（2560x1080）,wallpapers|1599|1578|44|https://act-upload.mihoyo.com/nap-obc-indep/2026/01/08/73751405/8648c2ebf3243cf776e8e27010f2622d_4327786034869049092.jpg,1578,官方壁纸合集\EP短片壁纸合集\叶瞬光主题壁纸（2560x1080）,官方壁纸合集\EP短片壁纸合集\叶瞬光主题壁纸（2560x1080）\1599-1578-044-44.jpg,unchanged,wallpapers,44,https://act-upload.mihoyo.com/nap-obc-indep/2026/01/08/73751405/8648c2ebf3243cf776e8e27010f2622d_4327786034869049092.jpg
1599-1578-045-45,EP短片壁纸合集,1599,.jpg,1599-1578-045-45.jpg,叶瞬光主题壁纸（2560x1080）,wallpapers|1599|1578|45|https://act-upload.mihoyo.com/nap-obc-indep/2026/01/08/73751405/c7663be7f60c85db269c4e3e3419554a_3192133522988129093.jpg,1578,官方壁纸合集\EP短片壁纸合集\叶瞬光主题壁纸（2560x1080）,官方壁纸合集\EP短片壁纸合集\叶瞬光主题壁纸（2560x1080）\1599-1578-045-45.jpg,unchanged,wallpapers,45,https://act-upload.mihoyo.com/nap-obc-indep/2026/01/08/73751405/c7663be7f60c85db269c4e3e3419554a_3192133522988129093.jpg
1599-1578-046-46,EP短片壁纸合集,1599,.jpg,1599-1578-046-46.jpg,叶瞬光主题壁纸（2560x1080）,wallpapers|1599|1578|46|https://act-upload.mihoyo.com/nap-obc-indep/2026/01/08/73751405/175d88f2d7b65a9ead58a6bbc30d9357_7925113318119951171.jpg,1578,官方壁纸合集\EP短片壁纸合集\叶瞬光主题壁纸（2560x1080）,官方壁纸合集\EP短片壁纸合集\叶瞬光主题壁纸（2560x1080）\1599-1578-046-46.jpg,unchanged,wallpapers,46,https://act-upload.mihoyo.com/nap-obc-indep/2026/01/08/73751405/175d88f2d7b65a9ead58a6bbc30d9357_7925113318119951171.jpg
1599-1578-047-47,EP短片壁纸合集,1599,.jpg,1599-1578-047-47.jpg,叶瞬光主题壁纸（2560x1080）,wallpapers|1599|1578|47|https://act-upload.mihoyo.com/nap-obc-indep/2026/01/08/73751405/7fc5947bc329bf3d38ceac55897b6ee0_9032312318644120856.jpg,1578,官方壁纸合集\EP短片壁纸合集\叶瞬光主题壁纸（2560x1080）,官方壁纸合集\EP短片壁纸合集\叶瞬光主题壁纸（2560x1080）\1599-1578-047-47.jpg,unchanged,wallpapers,47,https://act-upload.mihoyo.com/nap-obc-indep/2026/01/08/73751405/7fc5947bc329bf3d38ceac55897b6ee0_9032312318644120856.jpg
1599-1578-048-48,EP短片壁纸合集,1599,.jpg,1599-1578-048-48.jpg,叶瞬光主题壁纸（2560x1080）,wallpapers|1599|1578|48|https://act-upload.mihoyo.com/nap-obc-indep/2026/01/08/73751405/e4bed378268067ad7e9543f6fc2ba823_3982277356730592960.jpg,1578,官方壁纸合集\EP短片壁纸合集\叶瞬光主题壁纸（2560x1080）,官方壁纸合集\EP短片壁纸合集\叶瞬光主题壁纸（2560x1080）\1599-1578-048-48.jpg,unchanged,wallpapers,48,https://act-upload.mihoyo.com/nap-obc-indep/2026/01/08/73751405/e4bed378268067ad7e9543f6fc2ba823_3982277356730592960.jpg
1599-1578-049-49,EP短片壁纸合集,1599,.jpg,1599-1578-049-49.jpg,叶瞬光主题壁纸（2560x1080）,wallpapers|1599|1578|49|https://act-upload.mihoyo.com/nap-obc-indep/2026/01/08/73751405/85a309a9d139323800ef477e915d005a_5902194174092255039.jpg,1578,官方壁纸合集\EP短片壁纸合集\叶瞬光主题壁纸（2560x1080）,官方壁纸合集\EP短片壁纸合集\叶瞬光主题壁纸（2560x1080）\1599-1578-049-49.jpg,unchanged,wallpapers,49,https://act-upload.mihoyo.com/nap-obc-indep/2026/01/08/73751405/85a309a9d139323800ef477e915d005a_5902194174092255039.jpg
1599-1578-050-50,EP短片壁纸合集,1599,.jpg,1599-1578-050-50.jpg,叶瞬光主题壁纸（2560x1080）,wallpapers|1599|1578|50|https://act-upload.mihoyo.com/nap-obc-indep/2026/01/08/73751405/2200e0026dcb515e0084af5ce81ec0e4_4450714934708180751.jpg,1578,官方壁纸合集\EP短片壁纸合集\叶瞬光主题壁纸（2560x1080）,官方壁纸合集\EP短片壁纸合集\叶瞬光主题壁纸（2560x1080）\1599-1578-050-50.jpg,unchanged,wallpapers,50,https://act-upload.mihoyo.com/nap-obc-indep/2026/01/08/73751405/2200e0026dcb515e0084af5ce81ec0e4_4450714934708180751.jpg
1599-1578-051-51,EP短片壁纸合集,1599,.jpg,1599-1578-051-51.jpg,叶瞬光主题壁纸（2560x1080）,wallpapers|1599|1578|51|https://act-upload.mihoyo.com/nap-obc-indep/2026/01/08/73751405/d460507f99bf92e174e01c216ecfe03e_2308609516698927721.jpg,1578,官方壁纸合集\EP短片壁纸合集\叶瞬光主题壁纸（2560x1080）,官方壁纸合集\EP短片壁纸合集\叶瞬光主题壁纸（2560x1080）\1599-1578-051-51.jpg,unchanged,wallpapers,51,https://act-upload.mihoyo.com/nap-obc-indep/2026/01/08/73751405/d460507f99bf92e174e01c216ecfe03e_2308609516698927721.jpg
1599-1578-052-52,EP短片壁纸合集,1599,.jpg,1599-1578-052-52.jpg,叶瞬光主题壁纸（2560x1080）,wallpapers|1599|1578|52|https://act-upload.mihoyo.com/nap-obc-indep/2026/01/08/73751405/b88c3b0f22eba8d28540be1374482af6_2631112689316881545.jpg,1578,官方壁纸合集\EP短片壁纸合集\叶瞬光主题壁纸（2560x1080）,官方壁纸合集\EP短片壁纸合集\叶瞬光主题壁纸（2560x1080）\1599-1578-052-52.jpg,unchanged,wallpapers,52,https://act-upload.mihoyo.com/nap-obc-indep/2026/01/08/73751405/b88c3b0f22eba8d28540be1374482af6_2631112689316881545.jpg
1599-1578-053-53,EP短片壁纸合集,1599,.jpg,1599-1578-053-53.jpg,叶瞬光主题壁纸（2560x1080）,wallpapers|1599|1578|53|https://act-upload.mihoyo.com/nap-obc-indep/2026/01/08/73751405/b5339cc9fe0b64918288b76bb0512689_4840887088388226516.jpg,1578,官方壁纸合集\EP短片壁纸合集\叶瞬光主题壁纸（2560x1080）,官方壁纸合集\EP短片壁纸合集\叶瞬光主题壁纸（2560x1080）\1599-1578-053-53.jpg,unchanged,wallpapers,53,https://act-upload.mihoyo.com/nap-obc-indep/2026/01/08/73751405/b5339cc9fe0b64918288b76bb0512689_4840887088388226516.jpg
1599-1578-054-54,EP短片壁纸合集,1599,.jpg,1599-1578-054-54.jpg,叶瞬光主题壁纸（2560x1080）,wallpapers|1599|1578|54|https://act-upload.mihoyo.com/nap-obc-indep/2026/01/08/73751405/d9679466b9c206e00c8536aa043d6dbf_5572123450968509003.jpg,1578,官方壁纸合集\EP短片壁纸合集\叶瞬光主题壁纸（2560x1080）,官方壁纸合集\EP短片壁纸合集\叶瞬光主题壁纸（2560x1080）\1599-1578-054-54.jpg,unchanged,wallpapers,54,https://act-upload.mihoyo.com/nap-obc-indep/2026/01/08/73751405/d9679466b9c206e00c8536aa043d6dbf_5572123450968509003.jpg
1599-1578-055-55,EP短片壁纸合集,1599,.jpg,1599-1578-055-55.jpg,叶瞬光主题壁纸（2560x1080）,wallpapers|1599|1578|55|https://act-upload.mihoyo.com/nap-obc-indep/2026/01/08/73751405/2530b53b3ab88a5e1b3c27b83bf4d501_8792697617865365850.jpg,1578,官方壁纸合集\EP短片壁纸合集\叶瞬光主题壁纸（2560x1080）,官方壁纸合集\EP短片壁纸合集\叶瞬光主题壁纸（2560x1080）\1599-1578-055-55.jpg,unchanged,wallpapers,55,https://act-upload.mihoyo.com/nap-obc-indep/2026/01/08/73751405/2530b53b3ab88a5e1b3c27b83bf4d501_8792697617865365850.jpg
1599-1578-056-56,EP短片壁纸合集,1599,.jpg,1599-1578-056-56.jpg,叶瞬光主题壁纸（2560x1080）,wallpapers|1599|1578|56|https://act-upload.mihoyo.com/nap-obc-indep/2026/01/08/73751405/ed67b48fcd67e240fda4510f100f5019_4752890515813499203.jpg,1578,官方壁纸合集\EP短片壁纸合集\叶瞬光主题壁纸（2560x1080）,官方壁纸合集\EP短片壁纸合集\叶瞬光主题壁纸（2560x1080）\1599-1578-056-56.jpg,unchanged,wallpapers,56,https://act-upload.mihoyo.com/nap-obc-indep/2026/01/08/73751405/ed67b48fcd67e240fda4510f100f5019_4752890515813499203.jpg
1599-1578-057-57,EP短片壁纸合集,1599,.jpg,1599-1578-057-57.jpg,叶瞬光主题壁纸（2560x1080）,wallpapers|1599|1578|57|https://act-upload.mihoyo.com/nap-obc-indep/2026/01/08/73751405/2072398350778cc2765a551f242722d9_688419633992410407.jpg,1578,官方壁纸合集\EP短片壁纸合集\叶瞬光主题壁纸（2560x1080）,官方壁纸合集\EP短片壁纸合集\叶瞬光主题壁纸（2560x1080）\1599-1578-057-57.jpg,unchanged,wallpapers,57,https://act-upload.mihoyo.com/nap-obc-indep/2026/01/08/73751405/2072398350778cc2765a551f242722d9_688419633992410407.jpg
1599-1578-058-58,EP短片壁纸合集,1599,.jpg,1599-1578-058-58.jpg,叶瞬光主题壁纸（2560x1080）,wallpapers|1599|1578|58|https://act-upload.mihoyo.com/nap-obc-indep/2026/01/08/73751405/a5714096ac1a413ef4d6280567854c62_5013006624955010071.jpg,1578,官方壁纸合集\EP短片壁纸合集\叶瞬光主题壁纸（2560x1080）,官方壁纸合集\EP短片壁纸合集\叶瞬光主题壁纸（2560x1080）\1599-1578-058-58.jpg,unchanged,wallpapers,58,https://act-upload.mihoyo.com/nap-obc-indep/2026/01/08/73751405/a5714096ac1a413ef4d6280567854c62_5013006624955010071.jpg
1599-1578-059-59,EP短片壁纸合集,1599,.jpg,1599-1578-059-59.jpg,叶瞬光主题壁纸（2560x1080）,wallpapers|1599|1578|59|https://act-upload.mihoyo.com/nap-obc-indep/2026/01/08/73751405/9e24e4cc93e00a3a38ef8c0983d88af5_4495350941980049942.jpg,1578,官方壁纸合集\EP短片壁纸合集\叶瞬光主题壁纸（2560x1080）,官方壁纸合集\EP短片壁纸合集\叶瞬光主题壁纸（2560x1080）\1599-1578-059-59.jpg,unchanged,wallpapers,59,https://act-upload.mihoyo.com/nap-obc-indep/2026/01/08/73751405/9e24e4cc93e00a3a38ef8c0983d88af5_4495350941980049942.jpg
1599-1578-060-60,EP短片壁纸合集,1599,.jpg,1599-1578-060-60.jpg,叶瞬光主题壁纸（2560x1080）,wallpapers|1599|1578|60|https://act-upload.mihoyo.com/nap-obc-indep/2026/01/08/73751405/30402b95de03869bea48bb16f74bc94c_5030873566854623302.jpg,1578,官方壁纸合集\EP短片壁纸合集\叶瞬光主题壁纸（2560x1080）,官方壁纸合集\EP短片壁纸合集\叶瞬光主题壁纸（2560x1080）\1599-1578-060-60.jpg,unchanged,wallpapers,60,https://act-upload.mihoyo.com/nap-obc-indep/2026/01/08/73751405/30402b95de03869bea48bb16f74bc94c_5030873566854623302.jpg
1599-1578-061-61,EP短片壁纸合集,1599,.jpg,1599-1578-061-61.jpg,叶瞬光主题壁纸（2560x1080）,wallpapers|1599|1578|61|https://act-upload.mihoyo.com/nap-obc-indep/2026/01/08/73751405/20b75c9ac779e45bf59a1236b7652533_3379837788400564494.jpg,1578,官方壁纸合集\EP短片壁纸合集\叶瞬光主题壁纸（2560x1080）,官方壁纸合集\EP短片壁纸合集\叶瞬光主题壁纸（2560x1080）\1599-1578-061-61.jpg,unchanged,wallpapers,61,https://act-upload.mihoyo.com/nap-obc-indep/2026/01/08/73751405/20b75c9ac779e45bf59a1236b7652533_3379837788400564494.jpg
1599-1578-062-62,EP短片壁纸合集,1599,.jpg,1599-1578-062-62.jpg,叶瞬光主题壁纸（2560x1080）,wallpapers|1599|1578|62|https://act-upload.mihoyo.com/nap-obc-indep/2026/01/08/73751405/4362062e093aaf2a468af83218dc7d75_7741064437676182877.jpg,1578,官方壁纸合集\EP短片壁纸合集\叶瞬光主题壁纸（2560x1080）,官方壁纸合集\EP短片壁纸合集\叶瞬光主题壁纸（2560x1080）\1599-1578-062-62.jpg,unchanged,wallpapers,62,https://act-upload.mihoyo.com/nap-obc-indep/2026/01/08/73751405/4362062e093aaf2a468af83218dc7d75_7741064437676182877.jpg
1599-1578-063-63,EP短片壁纸合集,1599,.jpg,1599-1578-063-63.jpg,叶瞬光主题壁纸（2560x1080）,wallpapers|1599|1578|63|https://act-upload.mihoyo.com/nap-obc-indep/2026/01/08/73751405/155870e867bfb8d6ae06eb3a80170ee0_2866720011107013030.jpg,1578,官方壁纸合集\EP短片壁纸合集\叶瞬光主题壁纸（2560x1080）,官方壁纸合集\EP短片壁纸合集\叶瞬光主题壁纸（2560x1080）\1599-1578-063-63.jpg,unchanged,wallpapers,63,https://act-upload.mihoyo.com/nap-obc-indep/2026/01/08/73751405/155870e867bfb8d6ae06eb3a80170ee0_2866720011107013030.jpg
1599-1578-064-64,EP短片壁纸合集,1599,.jpg,1599-1578-064-64.jpg,叶瞬光主题壁纸（2560x1080）,wallpapers|1599|1578|64|https://act-upload.mihoyo.com/nap-obc-indep/2026/01/08/73751405/b6d1f3d7ba480ab6ddd499cf7dc857d3_3603856011672421825.jpg,1578,官方壁纸合集\EP短片壁纸合集\叶瞬光主题壁纸（2560x1080）,官方壁纸合集\EP短片壁纸合集\叶瞬光主题壁纸（2560x1080）\1599-1578-064-64.jpg,unchanged,wallpapers,64,https://act-upload.mihoyo.com/nap-obc-indep/2026/01/08/73751405/b6d1f3d7ba480ab6ddd499cf7dc857d3_3603856011672421825.jpg
1599-1500-001-1,EP短片壁纸合集,1599,.jpg,1599-1500-001-1.jpg,琉音角色展示壁纸,wallpapers|1599|1500|1|https://act-upload.mihoyo.com/nap-obc-indep/2025/12/05/73751405/f916256897131be39a708ce93ea0bd11_538796785959502157.jpg,1500,官方壁纸合集\EP短片壁纸合集\琉音角色展示壁纸,官方壁纸合集\EP短片壁纸合集\琉音角色展示壁纸\1599-1500-001-1.jpg,unchanged,wallpapers,1,https://act-upload.mihoyo.com/nap-obc-indep/2025/12/05/73751405/f916256897131be39a708ce93ea0bd11_538796785959502157.jpg
1599-1500-002-2,EP短片壁纸合集,1599,.jpg,1599-1500-002-2.jpg,琉音角色展示壁纸,wallpapers|1599|1500|2|https://act-upload.mihoyo.com/nap-obc-indep/2025/12/05/73751405/6ddf3ec4e4f144e6371d5bb186c6c86c_8633454096395948989.jpg,1500,官方壁纸合集\EP短片壁纸合集\琉音角色展示壁纸,官方壁纸合集\EP短片壁纸合集\琉音角色展示壁纸\1599-1500-002-2.jpg,unchanged,wallpapers,2,https://act-upload.mihoyo.com/nap-obc-indep/2025/12/05/73751405/6ddf3ec4e4f144e6371d5bb186c6c86c_8633454096395948989.jpg
1599-1500-003-3,EP短片壁纸合集,1599,.jpg,1599-1500-003-3.jpg,琉音角色展示壁纸,wallpapers|1599|1500|3|https://act-upload.mihoyo.com/nap-obc-indep/2025/12/05/73751405/ace9249344b1b6e1ab59e3c1c03bd30d_2862677525207306679.jpg,1500,官方壁纸合集\EP短片壁纸合集\琉音角色展示壁纸,官方壁纸合集\EP短片壁纸合集\琉音角色展示壁纸\1599-1500-003-3.jpg,unchanged,wallpapers,3,https://act-upload.mihoyo.com/nap-obc-indep/2025/12/05/73751405/ace9249344b1b6e1ab59e3c1c03bd30d_2862677525207306679.jpg
1599-1500-004-4,EP短片壁纸合集,1599,.jpg,1599-1500-004-4.jpg,琉音角色展示壁纸,wallpapers|1599|1500|4|https://act-upload.mihoyo.com/nap-obc-indep/2025/12/05/73751405/b75a13ef7aed4889ea0db853bfe31678_8818643687522808214.jpg,1500,官方壁纸合集\EP短片壁纸合集\琉音角色展示壁纸,官方壁纸合集\EP短片壁纸合集\琉音角色展示壁纸\1599-1500-004-4.jpg,unchanged,wallpapers,4,https://act-upload.mihoyo.com/nap-obc-indep/2025/12/05/73751405/b75a13ef7aed4889ea0db853bfe31678_8818643687522808214.jpg
1599-1500-005-5,EP短片壁纸合集,1599,.jpg,1599-1500-005-5.jpg,琉音角色展示壁纸,wallpapers|1599|1500|5|https://act-upload.mihoyo.com/nap-obc-indep/2025/12/05/73751405/7bcbd64ce165f429403349161c43a7c6_4290858443192666008.jpg,1500,官方壁纸合集\EP短片壁纸合集\琉音角色展示壁纸,官方壁纸合集\EP短片壁纸合集\琉音角色展示壁纸\1599-1500-005-5.jpg,unchanged,wallpapers,5,https://act-upload.mihoyo.com/nap-obc-indep/2025/12/05/73751405/7bcbd64ce165f429403349161c43a7c6_4290858443192666008.jpg
1599-1500-006-6,EP短片壁纸合集,1599,.jpg,1599-1500-006-6.jpg,琉音角色展示壁纸,wallpapers|1599|1500|6|https://act-upload.mihoyo.com/nap-obc-indep/2025/12/05/73751405/398497cc0382eb13a8b5d50b56515f12_3082253181590943251.jpg,1500,官方壁纸合集\EP短片壁纸合集\琉音角色展示壁纸,官方壁纸合集\EP短片壁纸合集\琉音角色展示壁纸\1599-1500-006-6.jpg,unchanged,wallpapers,6,https://act-upload.mihoyo.com/nap-obc-indep/2025/12/05/73751405/398497cc0382eb13a8b5d50b56515f12_3082253181590943251.jpg
1599-1500-007-7,EP短片壁纸合集,1599,.jpg,1599-1500-007-7.jpg,琉音角色展示壁纸,wallpapers|1599|1500|7|https://act-upload.mihoyo.com/nap-obc-indep/2025/12/05/73751405/2dfe3b8c934ee105a65df15376565ae1_4178684051529248408.jpg,1500,官方壁纸合集\EP短片壁纸合集\琉音角色展示壁纸,官方壁纸合集\EP短片壁纸合集\琉音角色展示壁纸\1599-1500-007-7.jpg,unchanged,wallpapers,7,https://act-upload.mihoyo.com/nap-obc-indep/2025/12/05/73751405/2dfe3b8c934ee105a65df15376565ae1_4178684051529248408.jpg
1599-1500-008-8,EP短片壁纸合集,1599,.jpg,1599-1500-008-8.jpg,琉音角色展示壁纸,wallpapers|1599|1500|8|https://act-upload.mihoyo.com/nap-obc-indep/2025/12/05/73751405/75443da9c7f610a28b5045c36722a479_1153429695236666645.jpg,1500,官方壁纸合集\EP短片壁纸合集\琉音角色展示壁纸,官方壁纸合集\EP短片壁纸合集\琉音角色展示壁纸\1599-1500-008-8.jpg,unchanged,wallpapers,8,https://act-upload.mihoyo.com/nap-obc-indep/2025/12/05/73751405/75443da9c7f610a28b5045c36722a479_1153429695236666645.jpg
1599-1500-009-9,EP短片壁纸合集,1599,.jpg,1599-1500-009-9.jpg,琉音角色展示壁纸,wallpapers|1599|1500|9|https://act-upload.mihoyo.com/nap-obc-indep/2025/12/05/73751405/6da149bc890fbd89b3c832d3dba9e17e_6373446962859432738.jpg,1500,官方壁纸合集\EP短片壁纸合集\琉音角色展示壁纸,官方壁纸合集\EP短片壁纸合集\琉音角色展示壁纸\1599-1500-009-9.jpg,unchanged,wallpapers,9,https://act-upload.mihoyo.com/nap-obc-indep/2025/12/05/73751405/6da149bc890fbd89b3c832d3dba9e17e_6373446962859432738.jpg
1599-1500-010-10,EP短片壁纸合集,1599,.jpg,1599-1500-010-10.jpg,琉音角色展示壁纸,wallpapers|1599|1500|10|https://act-upload.mihoyo.com/nap-obc-indep/2025/12/05/73751405/420843468c82cd2e06737772dcdf9776_6800087022317886259.jpg,1500,官方壁纸合集\EP短片壁纸合集\琉音角色展示壁纸,官方壁纸合集\EP短片壁纸合集\琉音角色展示壁纸\1599-1500-010-10.jpg,unchanged,wallpapers,10,https://act-upload.mihoyo.com/nap-obc-indep/2025/12/05/73751405/420843468c82cd2e06737772dcdf9776_6800087022317886259.jpg
1599-1500-011-11,EP短片壁纸合集,1599,.jpg,1599-1500-011-11.jpg,琉音角色展示壁纸,wallpapers|1599|1500|11|https://act-upload.mihoyo.com/nap-obc-indep/2025/12/05/73751405/40d9f65f33489606b5e7067ee6930705_502507637954412329.jpg,1500,官方壁纸合集\EP短片壁纸合集\琉音角色展示壁纸,官方壁纸合集\EP短片壁纸合集\琉音角色展示壁纸\1599-1500-011-11.jpg,unchanged,wallpapers,11,https://act-upload.mihoyo.com/nap-obc-indep/2025/12/05/73751405/40d9f65f33489606b5e7067ee6930705_502507637954412329.jpg
1599-1500-012-12,EP短片壁纸合集,1599,.jpg,1599-1500-012-12.jpg,琉音角色展示壁纸,wallpapers|1599|1500|12|https://act-upload.mihoyo.com/nap-obc-indep/2025/12/05/73751405/eed0b010e5660cd9f3dc4cabbd742cf6_1875334344124831999.jpg,1500,官方壁纸合集\EP短片壁纸合集\琉音角色展示壁纸,官方壁纸合集\EP短片壁纸合集\琉音角色展示壁纸\1599-1500-012-12.jpg,unchanged,wallpapers,12,https://act-upload.mihoyo.com/nap-obc-indep/2025/12/05/73751405/eed0b010e5660cd9f3dc4cabbd742cf6_1875334344124831999.jpg
1599-1452-001-1,EP短片壁纸合集,1599,.jpg,1599-1452-001-1.jpg,伊德海莉主题壁纸(3840x2160),wallpapers|1599|1452|1|https://act-upload.mihoyo.com/nap-obc-indep/2025/11/12/73751405/f2d38609a626579257a05b66b0721375_7569584841135497020.jpg,1452,官方壁纸合集\EP短片壁纸合集\伊德海莉主题壁纸(3840x2160),官方壁纸合集\EP短片壁纸合集\伊德海莉主题壁纸(3840x2160)\1599-1452-001-1.jpg,unchanged,wallpapers,1,https://act-upload.mihoyo.com/nap-obc-indep/2025/11/12/73751405/f2d38609a626579257a05b66b0721375_7569584841135497020.jpg
1599-1452-002-2,EP短片壁纸合集,1599,.jpg,1599-1452-002-2.jpg,伊德海莉主题壁纸(3840x2160),wallpapers|1599|1452|2|https://act-upload.mihoyo.com/nap-obc-indep/2025/11/12/73751405/2a4f4344a6148312bd086a29b7b42a86_4687990627424088276.jpg,1452,官方壁纸合集\EP短片壁纸合集\伊德海莉主题壁纸(3840x2160),官方壁纸合集\EP短片壁纸合集\伊德海莉主题壁纸(3840x2160)\1599-1452-002-2.jpg,unchanged,wallpapers,2,https://act-upload.mihoyo.com/nap-obc-indep/2025/11/12/73751405/2a4f4344a6148312bd086a29b7b42a86_4687990627424088276.jpg
1599-1452-003-3,EP短片壁纸合集,1599,.jpg,1599-1452-003-3.jpg,伊德海莉主题壁纸(3840x2160),wallpapers|1599|1452|3|https://act-upload.mihoyo.com/nap-obc-indep/2025/11/12/73751405/a482e60b9ef32fcbc436968ba27e59e3_1598640114203799989.jpg,1452,官方壁纸合集\EP短片壁纸合集\伊德海莉主题壁纸(3840x2160),官方壁纸合集\EP短片壁纸合集\伊德海莉主题壁纸(3840x2160)\1599-1452-003-3.jpg,unchanged,wallpapers,3,https://act-upload.mihoyo.com/nap-obc-indep/2025/11/12/73751405/a482e60b9ef32fcbc436968ba27e59e3_1598640114203799989.jpg
1599-1452-004-4,EP短片壁纸合集,1599,.jpg,1599-1452-004-4.jpg,伊德海莉主题壁纸(3840x2160),wallpapers|1599|1452|4|https://act-upload.mihoyo.com/nap-obc-indep/2025/11/12/73751405/c000b63801cfaecbff0a8ec81c5d555d_5673365799693054464.jpg,1452,官方壁纸合集\EP短片壁纸合集\伊德海莉主题壁纸(3840x2160),官方壁纸合集\EP短片壁纸合集\伊德海莉主题壁纸(3840x2160)\1599-1452-004-4.jpg,unchanged,wallpapers,4,https://act-upload.mihoyo.com/nap-obc-indep/2025/11/12/73751405/c000b63801cfaecbff0a8ec81c5d555d_5673365799693054464.jpg
1599-1452-005-5,EP短片壁纸合集,1599,.jpg,1599-1452-005-5.jpg,伊德海莉主题壁纸(3840x2160),wallpapers|1599|1452|5|https://act-upload.mihoyo.com/nap-obc-indep/2025/11/12/73751405/a89f45f1b202f78d7e6a00f3fe69fc28_3255943911181991207.jpg,1452,官方壁纸合集\EP短片壁纸合集\伊德海莉主题壁纸(3840x2160),官方壁纸合集\EP短片壁纸合集\伊德海莉主题壁纸(3840x2160)\1599-1452-005-5.jpg,unchanged,wallpapers,5,https://act-upload.mihoyo.com/nap-obc-indep/2025/11/12/73751405/a89f45f1b202f78d7e6a00f3fe69fc28_3255943911181991207.jpg
1599-1452-006-6,EP短片壁纸合集,1599,.jpg,1599-1452-006-6.jpg,伊德海莉主题壁纸(3840x2160),wallpapers|1599|1452|6|https://act-upload.mihoyo.com/nap-obc-indep/2025/11/12/73751405/6362e89af00d4cd0d7d7fd4938320275_6986329002409321442.jpg,1452,官方壁纸合集\EP短片壁纸合集\伊德海莉主题壁纸(3840x2160),官方壁纸合集\EP短片壁纸合集\伊德海莉主题壁纸(3840x2160)\1599-1452-006-6.jpg,unchanged,wallpapers,6,https://act-upload.mihoyo.com/nap-obc-indep/2025/11/12/73751405/6362e89af00d4cd0d7d7fd4938320275_6986329002409321442.jpg
1599-1452-007-7,EP短片壁纸合集,1599,.jpg,1599-1452-007-7.jpg,伊德海莉主题壁纸(3840x2160),wallpapers|1599|1452|7|https://act-upload.mihoyo.com/nap-obc-indep/2025/11/12/73751405/e15c70584e765a438c1f92eb50e593c8_7520077141161900964.jpg,1452,官方壁纸合集\EP短片壁纸合集\伊德海莉主题壁纸(3840x2160),官方壁纸合集\EP短片壁纸合集\伊德海莉主题壁纸(3840x2160)\1599-1452-007-7.jpg,unchanged,wallpapers,7,https://act-upload.mihoyo.com/nap-obc-indep/2025/11/12/73751405/e15c70584e765a438c1f92eb50e593c8_7520077141161900964.jpg
1599-1452-008-8,EP短片壁纸合集,1599,.jpg,1599-1452-008-8.jpg,伊德海莉主题壁纸(3840x2160),wallpapers|1599|1452|8|https://act-upload.mihoyo.com/nap-obc-indep/2025/11/12/73751405/880826d36ac60d0746adae3e390e9cff_8078934127416831988.jpg,1452,官方壁纸合集\EP短片壁纸合集\伊德海莉主题壁纸(3840x2160),官方壁纸合集\EP短片壁纸合集\伊德海莉主题壁纸(3840x2160)\1599-1452-008-8.jpg,unchanged,wallpapers,8,https://act-upload.mihoyo.com/nap-obc-indep/2025/11/12/73751405/880826d36ac60d0746adae3e390e9cff_8078934127416831988.jpg
1599-1452-009-9,EP短片壁纸合集,1599,.jpg,1599-1452-009-9.jpg,伊德海莉主题壁纸(3840x2160),wallpapers|1599|1452|9|https://act-upload.mihoyo.com/nap-obc-indep/2025/11/12/73751405/51f4f40a43c7974c12bbb6af11215d15_8058557534812721798.jpg,1452,官方壁纸合集\EP短片壁纸合集\伊德海莉主题壁纸(3840x2160),官方壁纸合集\EP短片壁纸合集\伊德海莉主题壁纸(3840x2160)\1599-1452-009-9.jpg,unchanged,wallpapers,9,https://act-upload.mihoyo.com/nap-obc-indep/2025/11/12/73751405/51f4f40a43c7974c12bbb6af11215d15_8058557534812721798.jpg
1599-1452-010-10,EP短片壁纸合集,1599,.jpg,1599-1452-010-10.jpg,伊德海莉主题壁纸(3840x2160),wallpapers|1599|1452|10|https://act-upload.mihoyo.com/nap-obc-indep/2025/11/12/73751405/03fe6e270cae095732f479c38eeafab5_869154560709733200.jpg,1452,官方壁纸合集\EP短片壁纸合集\伊德海莉主题壁纸(3840x2160),官方壁纸合集\EP短片壁纸合集\伊德海莉主题壁纸(3840x2160)\1599-1452-010-10.jpg,unchanged,wallpapers,10,https://act-upload.mihoyo.com/nap-obc-indep/2025/11/12/73751405/03fe6e270cae095732f479c38eeafab5_869154560709733200.jpg
1599-1452-011-11,EP短片壁纸合集,1599,.jpg,1599-1452-011-11.jpg,伊德海莉主题壁纸(3840x2160),wallpapers|1599|1452|11|https://act-upload.mihoyo.com/nap-obc-indep/2025/11/12/73751405/9043592e49795a9237b7124b31f8949a_3197624072837870134.jpg,1452,官方壁纸合集\EP短片壁纸合集\伊德海莉主题壁纸(3840x2160),官方壁纸合集\EP短片壁纸合集\伊德海莉主题壁纸(3840x2160)\1599-1452-011-11.jpg,unchanged,wallpapers,11,https://act-upload.mihoyo.com/nap-obc-indep/2025/11/12/73751405/9043592e49795a9237b7124b31f8949a_3197624072837870134.jpg
1599-1452-012-12,EP短片壁纸合集,1599,.jpg,1599-1452-012-12.jpg,伊德海莉主题壁纸(3840x2160),wallpapers|1599|1452|12|https://act-upload.mihoyo.com/nap-obc-indep/2025/11/12/73751405/90df5df1cc0d9a64f964ca713e4525b0_4838503267839061458.jpg,1452,官方壁纸合集\EP短片壁纸合集\伊德海莉主题壁纸(3840x2160),官方壁纸合集\EP短片壁纸合集\伊德海莉主题壁纸(3840x2160)\1599-1452-012-12.jpg,unchanged,wallpapers,12,https://act-upload.mihoyo.com/nap-obc-indep/2025/11/12/73751405/90df5df1cc0d9a64f964ca713e4525b0_4838503267839061458.jpg
1599-1452-013-13,EP短片壁纸合集,1599,.jpg,1599-1452-013-13.jpg,伊德海莉主题壁纸(3840x2160),wallpapers|1599|1452|13|https://act-upload.mihoyo.com/nap-obc-indep/2025/11/12/73751405/ca253dc66cb2c9df9241cba5a9df23d3_7965487620430504048.jpg,1452,官方壁纸合集\EP短片壁纸合集\伊德海莉主题壁纸(3840x2160),官方壁纸合集\EP短片壁纸合集\伊德海莉主题壁纸(3840x2160)\1599-1452-013-13.jpg,unchanged,wallpapers,13,https://act-upload.mihoyo.com/nap-obc-indep/2025/11/12/73751405/ca253dc66cb2c9df9241cba5a9df23d3_7965487620430504048.jpg
1599-1452-014-14,EP短片壁纸合集,1599,.jpg,1599-1452-014-14.jpg,伊德海莉主题壁纸(3840x2160),wallpapers|1599|1452|14|https://act-upload.mihoyo.com/nap-obc-indep/2025/11/12/73751405/6cd9801b8700eb15fc9e1065bdf91124_71682550964904840.jpg,1452,官方壁纸合集\EP短片壁纸合集\伊德海莉主题壁纸(3840x2160),官方壁纸合集\EP短片壁纸合集\伊德海莉主题壁纸(3840x2160)\1599-1452-014-14.jpg,unchanged,wallpapers,14,https://act-upload.mihoyo.com/nap-obc-indep/2025/11/12/73751405/6cd9801b8700eb15fc9e1065bdf91124_71682550964904840.jpg
1599-1452-015-15,EP短片壁纸合集,1599,.jpg,1599-1452-015-15.jpg,伊德海莉主题壁纸(3840x2160),wallpapers|1599|1452|15|https://act-upload.mihoyo.com/nap-obc-indep/2025/11/12/73751405/3b6c4f61523c7ffde899d411e256ded1_180286325768878024.jpg,1452,官方壁纸合集\EP短片壁纸合集\伊德海莉主题壁纸(3840x2160),官方壁纸合集\EP短片壁纸合集\伊德海莉主题壁纸(3840x2160)\1599-1452-015-15.jpg,unchanged,wallpapers,15,https://act-upload.mihoyo.com/nap-obc-indep/2025/11/12/73751405/3b6c4f61523c7ffde899d411e256ded1_180286325768878024.jpg
1599-1452-016-16,EP短片壁纸合集,1599,.jpg,1599-1452-016-16.jpg,伊德海莉主题壁纸(3840x2160),wallpapers|1599|1452|16|https://act-upload.mihoyo.com/nap-obc-indep/2025/11/12/73751405/f474df33d80416e656181a491ce3a303_6594765709261830215.jpg,1452,官方壁纸合集\EP短片壁纸合集\伊德海莉主题壁纸(3840x2160),官方壁纸合集\EP短片壁纸合集\伊德海莉主题壁纸(3840x2160)\1599-1452-016-16.jpg,unchanged,wallpapers,16,https://act-upload.mihoyo.com/nap-obc-indep/2025/11/12/73751405/f474df33d80416e656181a491ce3a303_6594765709261830215.jpg
1599-1452-017-17,EP短片壁纸合集,1599,.jpg,1599-1452-017-17.jpg,伊德海莉主题壁纸(3840x2160),wallpapers|1599|1452|17|https://act-upload.mihoyo.com/nap-obc-indep/2025/11/12/73751405/2f057a471a28f2ed4974bf0a918edb28_2849102367939892007.jpg,1452,官方壁纸合集\EP短片壁纸合集\伊德海莉主题壁纸(3840x2160),官方壁纸合集\EP短片壁纸合集\伊德海莉主题壁纸(3840x2160)\1599-1452-017-17.jpg,unchanged,wallpapers,17,https://act-upload.mihoyo.com/nap-obc-indep/2025/11/12/73751405/2f057a471a28f2ed4974bf0a918edb28_2849102367939892007.jpg
1599-1451-001-1,EP短片壁纸合集,1599,.jpg,1599-1451-001-1.jpg,伊德海莉主题壁纸(2560x1080),wallpapers|1599|1451|1|https://act-upload.mihoyo.com/nap-obc-indep/2025/11/12/73751405/6a80a8fc54fd1cd7a23e6ff0c1534ede_6448891757021157198.jpg,1451,官方壁纸合集\EP短片壁纸合集\伊德海莉主题壁纸(2560x1080),官方壁纸合集\EP短片壁纸合集\伊德海莉主题壁纸(2560x1080)\1599-1451-001-1.jpg,unchanged,wallpapers,1,https://act-upload.mihoyo.com/nap-obc-indep/2025/11/12/73751405/6a80a8fc54fd1cd7a23e6ff0c1534ede_6448891757021157198.jpg
1599-1451-002-2,EP短片壁纸合集,1599,.jpg,1599-1451-002-2.jpg,伊德海莉主题壁纸(2560x1080),wallpapers|1599|1451|2|https://act-upload.mihoyo.com/nap-obc-indep/2025/11/12/73751405/06680eb896f7821ad16fb259cf4a95fb_6902056976431899794.jpg,1451,官方壁纸合集\EP短片壁纸合集\伊德海莉主题壁纸(2560x1080),官方壁纸合集\EP短片壁纸合集\伊德海莉主题壁纸(2560x1080)\1599-1451-002-2.jpg,unchanged,wallpapers,2,https://act-upload.mihoyo.com/nap-obc-indep/2025/11/12/73751405/06680eb896f7821ad16fb259cf4a95fb_6902056976431899794.jpg
1599-1451-003-3,EP短片壁纸合集,1599,.jpg,1599-1451-003-3.jpg,伊德海莉主题壁纸(2560x1080),wallpapers|1599|1451|3|https://act-upload.mihoyo.com/nap-obc-indep/2025/11/12/73751405/df312b6b1a32a346b6007670f7009245_7795799916633515337.jpg,1451,官方壁纸合集\EP短片壁纸合集\伊德海莉主题壁纸(2560x1080),官方壁纸合集\EP短片壁纸合集\伊德海莉主题壁纸(2560x1080)\1599-1451-003-3.jpg,unchanged,wallpapers,3,https://act-upload.mihoyo.com/nap-obc-indep/2025/11/12/73751405/df312b6b1a32a346b6007670f7009245_7795799916633515337.jpg
1599-1451-004-4,EP短片壁纸合集,1599,.jpg,1599-1451-004-4.jpg,伊德海莉主题壁纸(2560x1080),wallpapers|1599|1451|4|https://act-upload.mihoyo.com/nap-obc-indep/2025/11/12/73751405/f279caf0abd0625aa2de76adb89b0689_3349753464643377432.jpg,1451,官方壁纸合集\EP短片壁纸合集\伊德海莉主题壁纸(2560x1080),官方壁纸合集\EP短片壁纸合集\伊德海莉主题壁纸(2560x1080)\1599-1451-004-4.jpg,unchanged,wallpapers,4,https://act-upload.mihoyo.com/nap-obc-indep/2025/11/12/73751405/f279caf0abd0625aa2de76adb89b0689_3349753464643377432.jpg
1599-1451-005-5,EP短片壁纸合集,1599,.jpg,1599-1451-005-5.jpg,伊德海莉主题壁纸(2560x1080),wallpapers|1599|1451|5|https://act-upload.mihoyo.com/nap-obc-indep/2025/11/12/73751405/ce5ccf298ddb1715e41505a969fd87c4_5948710668268875968.jpg,1451,官方壁纸合集\EP短片壁纸合集\伊德海莉主题壁纸(2560x1080),官方壁纸合集\EP短片壁纸合集\伊德海莉主题壁纸(2560x1080)\1599-1451-005-5.jpg,unchanged,wallpapers,5,https://act-upload.mihoyo.com/nap-obc-indep/2025/11/12/73751405/ce5ccf298ddb1715e41505a969fd87c4_5948710668268875968.jpg
1599-1451-006-6,EP短片壁纸合集,1599,.jpg,1599-1451-006-6.jpg,伊德海莉主题壁纸(2560x1080),wallpapers|1599|1451|6|https://act-upload.mihoyo.com/nap-obc-indep/2025/11/12/73751405/e38b4c2e65bd577d1f27f325ccc5a0b0_1345964849590687598.jpg,1451,官方壁纸合集\EP短片壁纸合集\伊德海莉主题壁纸(2560x1080),官方壁纸合集\EP短片壁纸合集\伊德海莉主题壁纸(2560x1080)\1599-1451-006-6.jpg,unchanged,wallpapers,6,https://act-upload.mihoyo.com/nap-obc-indep/2025/11/12/73751405/e38b4c2e65bd577d1f27f325ccc5a0b0_1345964849590687598.jpg
1599-1451-007-7,EP短片壁纸合集,1599,.jpg,1599-1451-007-7.jpg,伊德海莉主题壁纸(2560x1080),wallpapers|1599|1451|7|https://act-upload.mihoyo.com/nap-obc-indep/2025/11/12/73751405/60a9b12814c2a493e3fa0596476cdcd4_350432050847288992.jpg,1451,官方壁纸合集\EP短片壁纸合集\伊德海莉主题壁纸(2560x1080),官方壁纸合集\EP短片壁纸合集\伊德海莉主题壁纸(2560x1080)\1599-1451-007-7.jpg,unchanged,wallpapers,7,https://act-upload.mihoyo.com/nap-obc-indep/2025/11/12/73751405/60a9b12814c2a493e3fa0596476cdcd4_350432050847288992.jpg
1599-1451-008-8,EP短片壁纸合集,1599,.jpg,1599-1451-008-8.jpg,伊德海莉主题壁纸(2560x1080),wallpapers|1599|1451|8|https://act-upload.mihoyo.com/nap-obc-indep/2025/11/12/73751405/6cf194e98f2a4565299096f51adedadf_6772317433707810831.jpg,1451,官方壁纸合集\EP短片壁纸合集\伊德海莉主题壁纸(2560x1080),官方壁纸合集\EP短片壁纸合集\伊德海莉主题壁纸(2560x1080)\1599-1451-008-8.jpg,unchanged,wallpapers,8,https://act-upload.mihoyo.com/nap-obc-indep/2025/11/12/73751405/6cf194e98f2a4565299096f51adedadf_6772317433707810831.jpg
1599-1451-009-9,EP短片壁纸合集,1599,.jpg,1599-1451-009-9.jpg,伊德海莉主题壁纸(2560x1080),wallpapers|1599|1451|9|https://act-upload.mihoyo.com/nap-obc-indep/2025/11/12/73751405/cfe37f7d0501ccf7e3ed60fd35e7c62b_8418760253310965036.jpg,1451,官方壁纸合集\EP短片壁纸合集\伊德海莉主题壁纸(2560x1080),官方壁纸合集\EP短片壁纸合集\伊德海莉主题壁纸(2560x1080)\1599-1451-009-9.jpg,unchanged,wallpapers,9,https://act-upload.mihoyo.com/nap-obc-indep/2025/11/12/73751405/cfe37f7d0501ccf7e3ed60fd35e7c62b_8418760253310965036.jpg
1599-1451-010-10,EP短片壁纸合集,1599,.jpg,1599-1451-010-10.jpg,伊德海莉主题壁纸(2560x1080),wallpapers|1599|1451|10|https://act-upload.mihoyo.com/nap-obc-indep/2025/11/12/73751405/9755e34c26f9b680cc9bcd6008d519fc_4654617745139270300.jpg,1451,官方壁纸合集\EP短片壁纸合集\伊德海莉主题壁纸(2560x1080),官方壁纸合集\EP短片壁纸合集\伊德海莉主题壁纸(2560x1080)\1599-1451-010-10.jpg,unchanged,wallpapers,10,https://act-upload.mihoyo.com/nap-obc-indep/2025/11/12/73751405/9755e34c26f9b680cc9bcd6008d519fc_4654617745139270300.jpg
1599-1451-011-11,EP短片壁纸合集,1599,.jpg,1599-1451-011-11.jpg,伊德海莉主题壁纸(2560x1080),wallpapers|1599|1451|11|https://act-upload.mihoyo.com/nap-obc-indep/2025/11/12/73751405/1472f4375bd891e8980feba4572f2b8f_5419206183751606431.jpg,1451,官方壁纸合集\EP短片壁纸合集\伊德海莉主题壁纸(2560x1080),官方壁纸合集\EP短片壁纸合集\伊德海莉主题壁纸(2560x1080)\1599-1451-011-11.jpg,unchanged,wallpapers,11,https://act-upload.mihoyo.com/nap-obc-indep/2025/11/12/73751405/1472f4375bd891e8980feba4572f2b8f_5419206183751606431.jpg
1599-1451-012-12,EP短片壁纸合集,1599,.jpg,1599-1451-012-12.jpg,伊德海莉主题壁纸(2560x1080),wallpapers|1599|1451|12|https://act-upload.mihoyo.com/nap-obc-indep/2025/11/12/73751405/916b5d528c29bbaed9297e9b146bd486_546591898466002234.jpg,1451,官方壁纸合集\EP短片壁纸合集\伊德海莉主题壁纸(2560x1080),官方壁纸合集\EP短片壁纸合集\伊德海莉主题壁纸(2560x1080)\1599-1451-012-12.jpg,unchanged,wallpapers,12,https://act-upload.mihoyo.com/nap-obc-indep/2025/11/12/73751405/916b5d528c29bbaed9297e9b146bd486_546591898466002234.jpg
1599-1451-013-13,EP短片壁纸合集,1599,.jpg,1599-1451-013-13.jpg,伊德海莉主题壁纸(2560x1080),wallpapers|1599|1451|13|https://act-upload.mihoyo.com/nap-obc-indep/2025/11/12/73751405/fe9d03ff8e6e6964bc37acd0d4566928_7526414090085348161.jpg,1451,官方壁纸合集\EP短片壁纸合集\伊德海莉主题壁纸(2560x1080),官方壁纸合集\EP短片壁纸合集\伊德海莉主题壁纸(2560x1080)\1599-1451-013-13.jpg,unchanged,wallpapers,13,https://act-upload.mihoyo.com/nap-obc-indep/2025/11/12/73751405/fe9d03ff8e6e6964bc37acd0d4566928_7526414090085348161.jpg
1599-1451-014-14,EP短片壁纸合集,1599,.jpg,1599-1451-014-14.jpg,伊德海莉主题壁纸(2560x1080),wallpapers|1599|1451|14|https://act-upload.mihoyo.com/nap-obc-indep/2025/11/12/73751405/23fbafd4bc57394ec94d5ecdc9d9bb15_8031951895495793897.jpg,1451,官方壁纸合集\EP短片壁纸合集\伊德海莉主题壁纸(2560x1080),官方壁纸合集\EP短片壁纸合集\伊德海莉主题壁纸(2560x1080)\1599-1451-014-14.jpg,unchanged,wallpapers,14,https://act-upload.mihoyo.com/nap-obc-indep/2025/11/12/73751405/23fbafd4bc57394ec94d5ecdc9d9bb15_8031951895495793897.jpg
1599-1451-015-15,EP短片壁纸合集,1599,.jpg,1599-1451-015-15.jpg,伊德海莉主题壁纸(2560x1080),wallpapers|1599|1451|15|https://act-upload.mihoyo.com/nap-obc-indep/2025/11/12/73751405/f1e70ed56d2804b93665d313d72a58f1_1664637688739492108.jpg,1451,官方壁纸合集\EP短片壁纸合集\伊德海莉主题壁纸(2560x1080),官方壁纸合集\EP短片壁纸合集\伊德海莉主题壁纸(2560x1080)\1599-1451-015-15.jpg,unchanged,wallpapers,15,https://act-upload.mihoyo.com/nap-obc-indep/2025/11/12/73751405/f1e70ed56d2804b93665d313d72a58f1_1664637688739492108.jpg
1599-1451-016-16,EP短片壁纸合集,1599,.jpg,1599-1451-016-16.jpg,伊德海莉主题壁纸(2560x1080),wallpapers|1599|1451|16|https://act-upload.mihoyo.com/nap-obc-indep/2025/11/12/73751405/3dc462430a0dc5152651b604b5d87b69_5304157075805670551.jpg,1451,官方壁纸合集\EP短片壁纸合集\伊德海莉主题壁纸(2560x1080),官方壁纸合集\EP短片壁纸合集\伊德海莉主题壁纸(2560x1080)\1599-1451-016-16.jpg,unchanged,wallpapers,16,https://act-upload.mihoyo.com/nap-obc-indep/2025/11/12/73751405/3dc462430a0dc5152651b604b5d87b69_5304157075805670551.jpg
1599-1416-001-1,EP短片壁纸合集,1599,.png,1599-1416-001-1.png,狛野真斗主题壁纸（2560x1080）,wallpapers|1599|1416|1|https://act-upload.mihoyo.com/nap-obc-indep/2025/10/23/73751405/12aac64ecec0122b5f9c17bda67c7d53_8937152759771590371.png,1416,官方壁纸合集\EP短片壁纸合集\狛野真斗主题壁纸（2560x1080）,官方壁纸合集\EP短片壁纸合集\狛野真斗主题壁纸（2560x1080）\1599-1416-001-1.png,unchanged,wallpapers,1,https://act-upload.mihoyo.com/nap-obc-indep/2025/10/23/73751405/12aac64ecec0122b5f9c17bda67c7d53_8937152759771590371.png
1599-1416-002-2,EP短片壁纸合集,1599,.png,1599-1416-002-2.png,狛野真斗主题壁纸（2560x1080）,wallpapers|1599|1416|2|https://act-upload.mihoyo.com/nap-obc-indep/2025/10/23/73751405/aed08b9baf95ba4e43aee9c085f03692_2404266424228007308.png,1416,官方壁纸合集\EP短片壁纸合集\狛野真斗主题壁纸（2560x1080）,官方壁纸合集\EP短片壁纸合集\狛野真斗主题壁纸（2560x1080）\1599-1416-002-2.png,unchanged,wallpapers,2,https://act-upload.mihoyo.com/nap-obc-indep/2025/10/23/73751405/aed08b9baf95ba4e43aee9c085f03692_2404266424228007308.png
1599-1416-003-3,EP短片壁纸合集,1599,.png,1599-1416-003-3.png,狛野真斗主题壁纸（2560x1080）,wallpapers|1599|1416|3|https://act-upload.mihoyo.com/nap-obc-indep/2025/10/23/73751405/4cc451e622a3359e60f35ae328c7032b_8450882446475115541.png,1416,官方壁纸合集\EP短片壁纸合集\狛野真斗主题壁纸（2560x1080）,官方壁纸合集\EP短片壁纸合集\狛野真斗主题壁纸（2560x1080）\1599-1416-003-3.png,unchanged,wallpapers,3,https://act-upload.mihoyo.com/nap-obc-indep/2025/10/23/73751405/4cc451e622a3359e60f35ae328c7032b_8450882446475115541.png
1599-1416-004-4,EP短片壁纸合集,1599,.png,1599-1416-004-4.png,狛野真斗主题壁纸（2560x1080）,wallpapers|1599|1416|4|https://act-upload.mihoyo.com/nap-obc-indep/2025/10/23/73751405/ff5c5ae3988cf1d613f67c9785c353a2_7545003290052205679.png,1416,官方壁纸合集\EP短片壁纸合集\狛野真斗主题壁纸（2560x1080）,官方壁纸合集\EP短片壁纸合集\狛野真斗主题壁纸（2560x1080）\1599-1416-004-4.png,unchanged,wallpapers,4,https://act-upload.mihoyo.com/nap-obc-indep/2025/10/23/73751405/ff5c5ae3988cf1d613f67c9785c353a2_7545003290052205679.png
1599-1416-005-5,EP短片壁纸合集,1599,.png,1599-1416-005-5.png,狛野真斗主题壁纸（2560x1080）,wallpapers|1599|1416|5|https://act-upload.mihoyo.com/nap-obc-indep/2025/10/23/73751405/94b6ed35c82179214a62f9a2f175b451_8040841923180906234.png,1416,官方壁纸合集\EP短片壁纸合集\狛野真斗主题壁纸（2560x1080）,官方壁纸合集\EP短片壁纸合集\狛野真斗主题壁纸（2560x1080）\1599-1416-005-5.png,unchanged,wallpapers,5,https://act-upload.mihoyo.com/nap-obc-indep/2025/10/23/73751405/94b6ed35c82179214a62f9a2f175b451_8040841923180906234.png
1599-1416-006-6,EP短片壁纸合集,1599,.png,1599-1416-006-6.png,狛野真斗主题壁纸（2560x1080）,wallpapers|1599|1416|6|https://act-upload.mihoyo.com/nap-obc-indep/2025/10/23/73751405/feecbfa2fc622d4728d01d404adba65e_3984951406741204367.png,1416,官方壁纸合集\EP短片壁纸合集\狛野真斗主题壁纸（2560x1080）,官方壁纸合集\EP短片壁纸合集\狛野真斗主题壁纸（2560x1080）\1599-1416-006-6.png,unchanged,wallpapers,6,https://act-upload.mihoyo.com/nap-obc-indep/2025/10/23/73751405/feecbfa2fc622d4728d01d404adba65e_3984951406741204367.png
1599-1416-007-7,EP短片壁纸合集,1599,.png,1599-1416-007-7.png,狛野真斗主题壁纸（2560x1080）,wallpapers|1599|1416|7|https://act-upload.mihoyo.com/nap-obc-indep/2025/10/23/73751405/3ad5f25db14dc297a478e6cace25efe8_8831796049708331986.png,1416,官方壁纸合集\EP短片壁纸合集\狛野真斗主题壁纸（2560x1080）,官方壁纸合集\EP短片壁纸合集\狛野真斗主题壁纸（2560x1080）\1599-1416-007-7.png,unchanged,wallpapers,7,https://act-upload.mihoyo.com/nap-obc-indep/2025/10/23/73751405/3ad5f25db14dc297a478e6cace25efe8_8831796049708331986.png
1599-1416-008-8,EP短片壁纸合集,1599,.png,1599-1416-008-8.png,狛野真斗主题壁纸（2560x1080）,wallpapers|1599|1416|8|https://act-upload.mihoyo.com/nap-obc-indep/2025/10/23/73751405/d0b5bedf26342fc2afd6dbeaa6c3764a_168825766215381267.png,1416,官方壁纸合集\EP短片壁纸合集\狛野真斗主题壁纸（2560x1080）,官方壁纸合集\EP短片壁纸合集\狛野真斗主题壁纸（2560x1080）\1599-1416-008-8.png,unchanged,wallpapers,8,https://act-upload.mihoyo.com/nap-obc-indep/2025/10/23/73751405/d0b5bedf26342fc2afd6dbeaa6c3764a_168825766215381267.png
1599-1416-009-9,EP短片壁纸合集,1599,.png,1599-1416-009-9.png,狛野真斗主题壁纸（2560x1080）,wallpapers|1599|1416|9|https://act-upload.mihoyo.com/nap-obc-indep/2025/10/23/73751405/b1fc51c34e903032b259ee2f7284da44_70339394964522397.png,1416,官方壁纸合集\EP短片壁纸合集\狛野真斗主题壁纸（2560x1080）,官方壁纸合集\EP短片壁纸合集\狛野真斗主题壁纸（2560x1080）\1599-1416-009-9.png,unchanged,wallpapers,9,https://act-upload.mihoyo.com/nap-obc-indep/2025/10/23/73751405/b1fc51c34e903032b259ee2f7284da44_70339394964522397.png
1599-1416-010-10,EP短片壁纸合集,1599,.png,1599-1416-010-10.png,狛野真斗主题壁纸（2560x1080）,wallpapers|1599|1416|10|https://act-upload.mihoyo.com/nap-obc-indep/2025/10/23/73751405/29927888c4c49adb02844b78ec78867d_3805372003284566685.png,1416,官方壁纸合集\EP短片壁纸合集\狛野真斗主题壁纸（2560x1080）,官方壁纸合集\EP短片壁纸合集\狛野真斗主题壁纸（2560x1080）\1599-1416-010-10.png,unchanged,wallpapers,10,https://act-upload.mihoyo.com/nap-obc-indep/2025/10/23/73751405/29927888c4c49adb02844b78ec78867d_3805372003284566685.png
1599-1416-011-11,EP短片壁纸合集,1599,.png,1599-1416-011-11.png,狛野真斗主题壁纸（2560x1080）,wallpapers|1599|1416|11|https://act-upload.mihoyo.com/nap-obc-indep/2025/10/23/73751405/2a99305a62539f36a4a5dc6920bdbc0e_591721691081601701.png,1416,官方壁纸合集\EP短片壁纸合集\狛野真斗主题壁纸（2560x1080）,官方壁纸合集\EP短片壁纸合集\狛野真斗主题壁纸（2560x1080）\1599-1416-011-11.png,unchanged,wallpapers,11,https://act-upload.mihoyo.com/nap-obc-indep/2025/10/23/73751405/2a99305a62539f36a4a5dc6920bdbc0e_591721691081601701.png
1599-1416-012-12,EP短片壁纸合集,1599,.png,1599-1416-012-12.png,狛野真斗主题壁纸（2560x1080）,wallpapers|1599|1416|12|https://act-upload.mihoyo.com/nap-obc-indep/2025/10/23/73751405/ff714a104fb4ad348c41a34108babe17_1083158647009047278.png,1416,官方壁纸合集\EP短片壁纸合集\狛野真斗主题壁纸（2560x1080）,官方壁纸合集\EP短片壁纸合集\狛野真斗主题壁纸（2560x1080）\1599-1416-012-12.png,unchanged,wallpapers,12,https://act-upload.mihoyo.com/nap-obc-indep/2025/10/23/73751405/ff714a104fb4ad348c41a34108babe17_1083158647009047278.png
1599-1416-013-13,EP短片壁纸合集,1599,.png,1599-1416-013-13.png,狛野真斗主题壁纸（2560x1080）,wallpapers|1599|1416|13|https://act-upload.mihoyo.com/nap-obc-indep/2025/10/23/73751405/d3cbf83f9c143973d69e33df59d0731b_238571742114019831.png,1416,官方壁纸合集\EP短片壁纸合集\狛野真斗主题壁纸（2560x1080）,官方壁纸合集\EP短片壁纸合集\狛野真斗主题壁纸（2560x1080）\1599-1416-013-13.png,unchanged,wallpapers,13,https://act-upload.mihoyo.com/nap-obc-indep/2025/10/23/73751405/d3cbf83f9c143973d69e33df59d0731b_238571742114019831.png
1599-1416-014-14,EP短片壁纸合集,1599,.png,1599-1416-014-14.png,狛野真斗主题壁纸（2560x1080）,wallpapers|1599|1416|14|https://act-upload.mihoyo.com/nap-obc-indep/2025/10/23/73751405/4dcff63d4c5f05a252ae13e3d6cca3e0_2162874681463913896.png,1416,官方壁纸合集\EP短片壁纸合集\狛野真斗主题壁纸（2560x1080）,官方壁纸合集\EP短片壁纸合集\狛野真斗主题壁纸（2560x1080）\1599-1416-014-14.png,unchanged,wallpapers,14,https://act-upload.mihoyo.com/nap-obc-indep/2025/10/23/73751405/4dcff63d4c5f05a252ae13e3d6cca3e0_2162874681463913896.png
1599-1416-015-15,EP短片壁纸合集,1599,.png,1599-1416-015-15.png,狛野真斗主题壁纸（2560x1080）,wallpapers|1599|1416|15|https://act-upload.mihoyo.com/nap-obc-indep/2025/10/23/73751405/bff4a3b5880f1ec1c5fcb4b4cf4f16e3_8234028704688907727.png,1416,官方壁纸合集\EP短片壁纸合集\狛野真斗主题壁纸（2560x1080）,官方壁纸合集\EP短片壁纸合集\狛野真斗主题壁纸（2560x1080）\1599-1416-015-15.png,unchanged,wallpapers,15,https://act-upload.mihoyo.com/nap-obc-indep/2025/10/23/73751405/bff4a3b5880f1ec1c5fcb4b4cf4f16e3_8234028704688907727.png
1599-1416-016-16,EP短片壁纸合集,1599,.png,1599-1416-016-16.png,狛野真斗主题壁纸（2560x1080）,wallpapers|1599|1416|16|https://act-upload.mihoyo.com/nap-obc-indep/2025/10/23/73751405/c16eb176bd80ecf3ecaf72d2875085f8_2594039930233722943.png,1416,官方壁纸合集\EP短片壁纸合集\狛野真斗主题壁纸（2560x1080）,官方壁纸合集\EP短片壁纸合集\狛野真斗主题壁纸（2560x1080）\1599-1416-016-16.png,unchanged,wallpapers,16,https://act-upload.mihoyo.com/nap-obc-indep/2025/10/23/73751405/c16eb176bd80ecf3ecaf72d2875085f8_2594039930233722943.png
1599-1416-017-17,EP短片壁纸合集,1599,.png,1599-1416-017-17.png,狛野真斗主题壁纸（2560x1080）,wallpapers|1599|1416|17|https://act-upload.mihoyo.com/nap-obc-indep/2025/10/23/73751405/9eb1a8c3eb3ad6c557aa7cf0bab1679e_2521094688192962201.png,1416,官方壁纸合集\EP短片壁纸合集\狛野真斗主题壁纸（2560x1080）,官方壁纸合集\EP短片壁纸合集\狛野真斗主题壁纸（2560x1080）\1599-1416-017-17.png,unchanged,wallpapers,17,https://act-upload.mihoyo.com/nap-obc-indep/2025/10/23/73751405/9eb1a8c3eb3ad6c557aa7cf0bab1679e_2521094688192962201.png
1599-1416-018-18,EP短片壁纸合集,1599,.png,1599-1416-018-18.png,狛野真斗主题壁纸（2560x1080）,wallpapers|1599|1416|18|https://act-upload.mihoyo.com/nap-obc-indep/2025/10/23/73751405/8bfaf196fd0ee0e56cac062ced1a7c18_157162848750636140.png,1416,官方壁纸合集\EP短片壁纸合集\狛野真斗主题壁纸（2560x1080）,官方壁纸合集\EP短片壁纸合集\狛野真斗主题壁纸（2560x1080）\1599-1416-018-18.png,unchanged,wallpapers,18,https://act-upload.mihoyo.com/nap-obc-indep/2025/10/23/73751405/8bfaf196fd0ee0e56cac062ced1a7c18_157162848750636140.png
1599-1416-019-19,EP短片壁纸合集,1599,.png,1599-1416-019-19.png,狛野真斗主题壁纸（2560x1080）,wallpapers|1599|1416|19|https://act-upload.mihoyo.com/nap-obc-indep/2025/10/23/73751405/b215cd23aec4c85b3931e897f8d01a1e_8776408874540578050.png,1416,官方壁纸合集\EP短片壁纸合集\狛野真斗主题壁纸（2560x1080）,官方壁纸合集\EP短片壁纸合集\狛野真斗主题壁纸（2560x1080）\1599-1416-019-19.png,unchanged,wallpapers,19,https://act-upload.mihoyo.com/nap-obc-indep/2025/10/23/73751405/b215cd23aec4c85b3931e897f8d01a1e_8776408874540578050.png
1599-1416-020-20,EP短片壁纸合集,1599,.png,1599-1416-020-20.png,狛野真斗主题壁纸（2560x1080）,wallpapers|1599|1416|20|https://act-upload.mihoyo.com/nap-obc-indep/2025/10/23/73751405/4d60b1820ea97e2da84a8eb0888b5a65_7954930352770191044.png,1416,官方壁纸合集\EP短片壁纸合集\狛野真斗主题壁纸（2560x1080）,官方壁纸合集\EP短片壁纸合集\狛野真斗主题壁纸（2560x1080）\1599-1416-020-20.png,unchanged,wallpapers,20,https://act-upload.mihoyo.com/nap-obc-indep/2025/10/23/73751405/4d60b1820ea97e2da84a8eb0888b5a65_7954930352770191044.png
1599-1416-021-21,EP短片壁纸合集,1599,.png,1599-1416-021-21.png,狛野真斗主题壁纸（2560x1080）,wallpapers|1599|1416|21|https://act-upload.mihoyo.com/nap-obc-indep/2025/10/23/73751405/6f6e6c264335ab497b59c90019a95774_1172027222980514954.png,1416,官方壁纸合集\EP短片壁纸合集\狛野真斗主题壁纸（2560x1080）,官方壁纸合集\EP短片壁纸合集\狛野真斗主题壁纸（2560x1080）\1599-1416-021-21.png,unchanged,wallpapers,21,https://act-upload.mihoyo.com/nap-obc-indep/2025/10/23/73751405/6f6e6c264335ab497b59c90019a95774_1172027222980514954.png
1599-1416-022-22,EP短片壁纸合集,1599,.png,1599-1416-022-22.png,狛野真斗主题壁纸（2560x1080）,wallpapers|1599|1416|22|https://act-upload.mihoyo.com/nap-obc-indep/2025/10/23/73751405/4b31662768968aaac2b8bc25efdaa60c_3828263991400608720.png,1416,官方壁纸合集\EP短片壁纸合集\狛野真斗主题壁纸（2560x1080）,官方壁纸合集\EP短片壁纸合集\狛野真斗主题壁纸（2560x1080）\1599-1416-022-22.png,unchanged,wallpapers,22,https://act-upload.mihoyo.com/nap-obc-indep/2025/10/23/73751405/4b31662768968aaac2b8bc25efdaa60c_3828263991400608720.png
1599-1416-023-23,EP短片壁纸合集,1599,.png,1599-1416-023-23.png,狛野真斗主题壁纸（2560x1080）,wallpapers|1599|1416|23|https://act-upload.mihoyo.com/nap-obc-indep/2025/10/23/73751405/08232e1e8384bd413af2393477cd4e0b_7419239547571723942.png,1416,官方壁纸合集\EP短片壁纸合集\狛野真斗主题壁纸（2560x1080）,官方壁纸合集\EP短片壁纸合集\狛野真斗主题壁纸（2560x1080）\1599-1416-023-23.png,unchanged,wallpapers,23,https://act-upload.mihoyo.com/nap-obc-indep/2025/10/23/73751405/08232e1e8384bd413af2393477cd4e0b_7419239547571723942.png
1599-1416-024-24,EP短片壁纸合集,1599,.png,1599-1416-024-24.png,狛野真斗主题壁纸（2560x1080）,wallpapers|1599|1416|24|https://act-upload.mihoyo.com/nap-obc-indep/2025/10/23/73751405/45a7655f2b1be583dabf21f9b07b63a5_3907941265421716764.png,1416,官方壁纸合集\EP短片壁纸合集\狛野真斗主题壁纸（2560x1080）,官方壁纸合集\EP短片壁纸合集\狛野真斗主题壁纸（2560x1080）\1599-1416-024-24.png,unchanged,wallpapers,24,https://act-upload.mihoyo.com/nap-obc-indep/2025/10/23/73751405/45a7655f2b1be583dabf21f9b07b63a5_3907941265421716764.png
1599-1416-025-25,EP短片壁纸合集,1599,.png,1599-1416-025-25.png,狛野真斗主题壁纸（2560x1080）,wallpapers|1599|1416|25|https://act-upload.mihoyo.com/nap-obc-indep/2025/10/23/73751405/af157aa533c42740a070a06cac9d790d_4813820278418592371.png,1416,官方壁纸合集\EP短片壁纸合集\狛野真斗主题壁纸（2560x1080）,官方壁纸合集\EP短片壁纸合集\狛野真斗主题壁纸（2560x1080）\1599-1416-025-25.png,unchanged,wallpapers,25,https://act-upload.mihoyo.com/nap-obc-indep/2025/10/23/73751405/af157aa533c42740a070a06cac9d790d_4813820278418592371.png
1599-1416-026-26,EP短片壁纸合集,1599,.png,1599-1416-026-26.png,狛野真斗主题壁纸（2560x1080）,wallpapers|1599|1416|26|https://act-upload.mihoyo.com/nap-obc-indep/2025/10/23/73751405/0654324f708c751883d5e83d5e62b748_2793475280007649176.png,1416,官方壁纸合集\EP短片壁纸合集\狛野真斗主题壁纸（2560x1080）,官方壁纸合集\EP短片壁纸合集\狛野真斗主题壁纸（2560x1080）\1599-1416-026-26.png,unchanged,wallpapers,26,https://act-upload.mihoyo.com/nap-obc-indep/2025/10/23/73751405/0654324f708c751883d5e83d5e62b748_2793475280007649176.png
1599-1416-027-27,EP短片壁纸合集,1599,.png,1599-1416-027-27.png,狛野真斗主题壁纸（2560x1080）,wallpapers|1599|1416|27|https://act-upload.mihoyo.com/nap-obc-indep/2025/10/23/73751405/c1bde5a1abd4dad73bd391c60265cecc_5255703690924804466.png,1416,官方壁纸合集\EP短片壁纸合集\狛野真斗主题壁纸（2560x1080）,官方壁纸合集\EP短片壁纸合集\狛野真斗主题壁纸（2560x1080）\1599-1416-027-27.png,unchanged,wallpapers,27,https://act-upload.mihoyo.com/nap-obc-indep/2025/10/23/73751405/c1bde5a1abd4dad73bd391c60265cecc_5255703690924804466.png
1599-1575-001-1,EP短片壁纸合集,1599,.png,1599-1575-001-1.png,般岳主题壁纸（3840x2160）,wallpapers|1599|1575|1|https://act-upload.mihoyo.com/nap-obc-indep/2026/01/05/73751405/fc697881b99a52a9a2a0ec556821c8ef_7185455538381375058.png,1575,官方壁纸合集\EP短片壁纸合集\般岳主题壁纸（3840x2160）,官方壁纸合集\EP短片壁纸合集\般岳主题壁纸（3840x2160）\1599-1575-001-1.png,unchanged,wallpapers,1,https://act-upload.mihoyo.com/nap-obc-indep/2026/01/05/73751405/fc697881b99a52a9a2a0ec556821c8ef_7185455538381375058.png
1599-1575-002-2,EP短片壁纸合集,1599,.png,1599-1575-002-2.png,般岳主题壁纸（3840x2160）,wallpapers|1599|1575|2|https://act-upload.mihoyo.com/nap-obc-indep/2026/01/05/73751405/1736af1acd3a53225dfd8cbe61de73e5_1456448646838845500.png,1575,官方壁纸合集\EP短片壁纸合集\般岳主题壁纸（3840x2160）,官方壁纸合集\EP短片壁纸合集\般岳主题壁纸（3840x2160）\1599-1575-002-2.png,unchanged,wallpapers,2,https://act-upload.mihoyo.com/nap-obc-indep/2026/01/05/73751405/1736af1acd3a53225dfd8cbe61de73e5_1456448646838845500.png
1599-1575-003-3,EP短片壁纸合集,1599,.png,1599-1575-003-3.png,般岳主题壁纸（3840x2160）,wallpapers|1599|1575|3|https://act-upload.mihoyo.com/nap-obc-indep/2026/01/05/73751405/1c1b8bf0f0026b5b2d23f0cf0bf3d5ae_903443635377322103.png,1575,官方壁纸合集\EP短片壁纸合集\般岳主题壁纸（3840x2160）,官方壁纸合集\EP短片壁纸合集\般岳主题壁纸（3840x2160）\1599-1575-003-3.png,unchanged,wallpapers,3,https://act-upload.mihoyo.com/nap-obc-indep/2026/01/05/73751405/1c1b8bf0f0026b5b2d23f0cf0bf3d5ae_903443635377322103.png
1599-1575-004-4,EP短片壁纸合集,1599,.png,1599-1575-004-4.png,般岳主题壁纸（3840x2160）,wallpapers|1599|1575|4|https://act-upload.mihoyo.com/nap-obc-indep/2026/01/05/73751405/46505bd93e583794db9968d408f0e434_8822255466628992283.png,1575,官方壁纸合集\EP短片壁纸合集\般岳主题壁纸（3840x2160）,官方壁纸合集\EP短片壁纸合集\般岳主题壁纸（3840x2160）\1599-1575-004-4.png,unchanged,wallpapers,4,https://act-upload.mihoyo.com/nap-obc-indep/2026/01/05/73751405/46505bd93e583794db9968d408f0e434_8822255466628992283.png
1599-1575-005-5,EP短片壁纸合集,1599,.png,1599-1575-005-5.png,般岳主题壁纸（3840x2160）,wallpapers|1599|1575|5|https://act-upload.mihoyo.com/nap-obc-indep/2026/01/05/73751405/8ebafa29ee84175e44c9329ec4d5bcd2_3232563266232893110.png,1575,官方壁纸合集\EP短片壁纸合集\般岳主题壁纸（3840x2160）,官方壁纸合集\EP短片壁纸合集\般岳主题壁纸（3840x2160）\1599-1575-005-5.png,unchanged,wallpapers,5,https://act-upload.mihoyo.com/nap-obc-indep/2026/01/05/73751405/8ebafa29ee84175e44c9329ec4d5bcd2_3232563266232893110.png
1599-1575-006-6,EP短片壁纸合集,1599,.png,1599-1575-006-6.png,般岳主题壁纸（3840x2160）,wallpapers|1599|1575|6|https://act-upload.mihoyo.com/nap-obc-indep/2026/01/05/73751405/84ba0041915aa69feca590aa401308f0_8702980553089330334.png,1575,官方壁纸合集\EP短片壁纸合集\般岳主题壁纸（3840x2160）,官方壁纸合集\EP短片壁纸合集\般岳主题壁纸（3840x2160）\1599-1575-006-6.png,unchanged,wallpapers,6,https://act-upload.mihoyo.com/nap-obc-indep/2026/01/05/73751405/84ba0041915aa69feca590aa401308f0_8702980553089330334.png
1599-1575-007-7,EP短片壁纸合集,1599,.png,1599-1575-007-7.png,般岳主题壁纸（3840x2160）,wallpapers|1599|1575|7|https://act-upload.mihoyo.com/nap-obc-indep/2026/01/05/73751405/574179c64185780773fcd477237d20f1_979349382941683448.png,1575,官方壁纸合集\EP短片壁纸合集\般岳主题壁纸（3840x2160）,官方壁纸合集\EP短片壁纸合集\般岳主题壁纸（3840x2160）\1599-1575-007-7.png,unchanged,wallpapers,7,https://act-upload.mihoyo.com/nap-obc-indep/2026/01/05/73751405/574179c64185780773fcd477237d20f1_979349382941683448.png
1599-1575-008-8,EP短片壁纸合集,1599,.png,1599-1575-008-8.png,般岳主题壁纸（3840x2160）,wallpapers|1599|1575|8|https://act-upload.mihoyo.com/nap-obc-indep/2026/01/05/73751405/1a420a03abfcab133bd144734eaa0185_3816276633213685512.png,1575,官方壁纸合集\EP短片壁纸合集\般岳主题壁纸（3840x2160）,官方壁纸合集\EP短片壁纸合集\般岳主题壁纸（3840x2160）\1599-1575-008-8.png,unchanged,wallpapers,8,https://act-upload.mihoyo.com/nap-obc-indep/2026/01/05/73751405/1a420a03abfcab133bd144734eaa0185_3816276633213685512.png
1599-1575-009-9,EP短片壁纸合集,1599,.png,1599-1575-009-9.png,般岳主题壁纸（3840x2160）,wallpapers|1599|1575|9|https://act-upload.mihoyo.com/nap-obc-indep/2026/01/05/73751405/9da6cd38d586a3f1a61b2e4db2fa68b6_836969634680685124.png,1575,官方壁纸合集\EP短片壁纸合集\般岳主题壁纸（3840x2160）,官方壁纸合集\EP短片壁纸合集\般岳主题壁纸（3840x2160）\1599-1575-009-9.png,unchanged,wallpapers,9,https://act-upload.mihoyo.com/nap-obc-indep/2026/01/05/73751405/9da6cd38d586a3f1a61b2e4db2fa68b6_836969634680685124.png
1599-1575-010-10,EP短片壁纸合集,1599,.png,1599-1575-010-10.png,般岳主题壁纸（3840x2160）,wallpapers|1599|1575|10|https://act-upload.mihoyo.com/nap-obc-indep/2026/01/05/73751405/f1cda341a435edad6fb41a549272f507_1053392887943753192.png,1575,官方壁纸合集\EP短片壁纸合集\般岳主题壁纸（3840x2160）,官方壁纸合集\EP短片壁纸合集\般岳主题壁纸（3840x2160）\1599-1575-010-10.png,unchanged,wallpapers,10,https://act-upload.mihoyo.com/nap-obc-indep/2026/01/05/73751405/f1cda341a435edad6fb41a549272f507_1053392887943753192.png
1599-1575-011-11,EP短片壁纸合集,1599,.png,1599-1575-011-11.png,般岳主题壁纸（3840x2160）,wallpapers|1599|1575|11|https://act-upload.mihoyo.com/nap-obc-indep/2026/01/05/73751405/6323dd744d494b9e9cb93c714be6d27c_763477680054418180.png,1575,官方壁纸合集\EP短片壁纸合集\般岳主题壁纸（3840x2160）,官方壁纸合集\EP短片壁纸合集\般岳主题壁纸（3840x2160）\1599-1575-011-11.png,unchanged,wallpapers,11,https://act-upload.mihoyo.com/nap-obc-indep/2026/01/05/73751405/6323dd744d494b9e9cb93c714be6d27c_763477680054418180.png
1599-1575-012-12,EP短片壁纸合集,1599,.png,1599-1575-012-12.png,般岳主题壁纸（3840x2160）,wallpapers|1599|1575|12|https://act-upload.mihoyo.com/nap-obc-indep/2026/01/05/73751405/b4c5e53a56ca1643eb1b971551b673a4_2787561687519769278.png,1575,官方壁纸合集\EP短片壁纸合集\般岳主题壁纸（3840x2160）,官方壁纸合集\EP短片壁纸合集\般岳主题壁纸（3840x2160）\1599-1575-012-12.png,unchanged,wallpapers,12,https://act-upload.mihoyo.com/nap-obc-indep/2026/01/05/73751405/b4c5e53a56ca1643eb1b971551b673a4_2787561687519769278.png
1599-1575-013-13,EP短片壁纸合集,1599,.png,1599-1575-013-13.png,般岳主题壁纸（3840x2160）,wallpapers|1599|1575|13|https://act-upload.mihoyo.com/nap-obc-indep/2026/01/05/73751405/b279edf6aa05a750fc5d2b8c36e87c62_2507618504175858123.png,1575,官方壁纸合集\EP短片壁纸合集\般岳主题壁纸（3840x2160）,官方壁纸合集\EP短片壁纸合集\般岳主题壁纸（3840x2160）\1599-1575-013-13.png,unchanged,wallpapers,13,https://act-upload.mihoyo.com/nap-obc-indep/2026/01/05/73751405/b279edf6aa05a750fc5d2b8c36e87c62_2507618504175858123.png
1599-1575-014-14,EP短片壁纸合集,1599,.png,1599-1575-014-14.png,般岳主题壁纸（3840x2160）,wallpapers|1599|1575|14|https://act-upload.mihoyo.com/nap-obc-indep/2026/01/05/73751405/61af7c5510f0f3f773719de6c1a56286_1077309323117214674.png,1575,官方壁纸合集\EP短片壁纸合集\般岳主题壁纸（3840x2160）,官方壁纸合集\EP短片壁纸合集\般岳主题壁纸（3840x2160）\1599-1575-014-14.png,unchanged,wallpapers,14,https://act-upload.mihoyo.com/nap-obc-indep/2026/01/05/73751405/61af7c5510f0f3f773719de6c1a56286_1077309323117214674.png
1599-1575-015-15,EP短片壁纸合集,1599,.png,1599-1575-015-15.png,般岳主题壁纸（3840x2160）,wallpapers|1599|1575|15|https://act-upload.mihoyo.com/nap-obc-indep/2026/01/05/73751405/fb188cff7b93a0cdb9388e32ab2f5609_1701004281388917267.png,1575,官方壁纸合集\EP短片壁纸合集\般岳主题壁纸（3840x2160）,官方壁纸合集\EP短片壁纸合集\般岳主题壁纸（3840x2160）\1599-1575-015-15.png,unchanged,wallpapers,15,https://act-upload.mihoyo.com/nap-obc-indep/2026/01/05/73751405/fb188cff7b93a0cdb9388e32ab2f5609_1701004281388917267.png
1599-1575-016-16,EP短片壁纸合集,1599,.png,1599-1575-016-16.png,般岳主题壁纸（3840x2160）,wallpapers|1599|1575|16|https://act-upload.mihoyo.com/nap-obc-indep/2026/01/05/73751405/a33d4b4cba2ca51a4f7c52d32c012f50_1574655927680508897.png,1575,官方壁纸合集\EP短片壁纸合集\般岳主题壁纸（3840x2160）,官方壁纸合集\EP短片壁纸合集\般岳主题壁纸（3840x2160）\1599-1575-016-16.png,unchanged,wallpapers,16,https://act-upload.mihoyo.com/nap-obc-indep/2026/01/05/73751405/a33d4b4cba2ca51a4f7c52d32c012f50_1574655927680508897.png
1599-1575-017-17,EP短片壁纸合集,1599,.png,1599-1575-017-17.png,般岳主题壁纸（3840x2160）,wallpapers|1599|1575|17|https://act-upload.mihoyo.com/nap-obc-indep/2026/01/05/73751405/b9044ffbd67447c6b39daa5c649f1a2a_8644900713976901502.png,1575,官方壁纸合集\EP短片壁纸合集\般岳主题壁纸（3840x2160）,官方壁纸合集\EP短片壁纸合集\般岳主题壁纸（3840x2160）\1599-1575-017-17.png,unchanged,wallpapers,17,https://act-upload.mihoyo.com/nap-obc-indep/2026/01/05/73751405/b9044ffbd67447c6b39daa5c649f1a2a_8644900713976901502.png
1599-1575-018-18,EP短片壁纸合集,1599,.jpg,1599-1575-018-18.jpg,般岳主题壁纸（3840x2160）,wallpapers|1599|1575|18|https://act-upload.mihoyo.com/nap-obc-indep/2026/01/05/73751405/fd562ed071cd83ac99afeca94c68bd15_4956309440220232222.jpg,1575,官方壁纸合集\EP短片壁纸合集\般岳主题壁纸（3840x2160）,官方壁纸合集\EP短片壁纸合集\般岳主题壁纸（3840x2160）\1599-1575-018-18.jpg,unchanged,wallpapers,18,https://act-upload.mihoyo.com/nap-obc-indep/2026/01/05/73751405/fd562ed071cd83ac99afeca94c68bd15_4956309440220232222.jpg
1599-1575-019-19,EP短片壁纸合集,1599,.jpg,1599-1575-019-19.jpg,般岳主题壁纸（3840x2160）,wallpapers|1599|1575|19|https://act-upload.mihoyo.com/nap-obc-indep/2026/01/05/73751405/35b66fef3081a69a5439f132e50c289a_4516994588149723332.jpg,1575,官方壁纸合集\EP短片壁纸合集\般岳主题壁纸（3840x2160）,官方壁纸合集\EP短片壁纸合集\般岳主题壁纸（3840x2160）\1599-1575-019-19.jpg,unchanged,wallpapers,19,https://act-upload.mihoyo.com/nap-obc-indep/2026/01/05/73751405/35b66fef3081a69a5439f132e50c289a_4516994588149723332.jpg
1599-1575-020-20,EP短片壁纸合集,1599,.jpg,1599-1575-020-20.jpg,般岳主题壁纸（3840x2160）,wallpapers|1599|1575|20|https://act-upload.mihoyo.com/nap-obc-indep/2026/01/05/73751405/bde5967d80d0e53bbbfd4b5430b563d8_4365870520799601865.jpg,1575,官方壁纸合集\EP短片壁纸合集\般岳主题壁纸（3840x2160）,官方壁纸合集\EP短片壁纸合集\般岳主题壁纸（3840x2160）\1599-1575-020-20.jpg,unchanged,wallpapers,20,https://act-upload.mihoyo.com/nap-obc-indep/2026/01/05/73751405/bde5967d80d0e53bbbfd4b5430b563d8_4365870520799601865.jpg
1599-1575-021-21,EP短片壁纸合集,1599,.jpg,1599-1575-021-21.jpg,般岳主题壁纸（3840x2160）,wallpapers|1599|1575|21|https://act-upload.mihoyo.com/nap-obc-indep/2026/01/05/73751405/7aa216cbce8366086c14e3ecbeafe342_32203590964449752.jpg,1575,官方壁纸合集\EP短片壁纸合集\般岳主题壁纸（3840x2160）,官方壁纸合集\EP短片壁纸合集\般岳主题壁纸（3840x2160）\1599-1575-021-21.jpg,unchanged,wallpapers,21,https://act-upload.mihoyo.com/nap-obc-indep/2026/01/05/73751405/7aa216cbce8366086c14e3ecbeafe342_32203590964449752.jpg
1599-1575-022-22,EP短片壁纸合集,1599,.jpg,1599-1575-022-22.jpg,般岳主题壁纸（3840x2160）,wallpapers|1599|1575|22|https://act-upload.mihoyo.com/nap-obc-indep/2026/01/05/73751405/c540f477d4b6effa05a130bb23a37499_8139432614290690384.jpg,1575,官方壁纸合集\EP短片壁纸合集\般岳主题壁纸（3840x2160）,官方壁纸合集\EP短片壁纸合集\般岳主题壁纸（3840x2160）\1599-1575-022-22.jpg,unchanged,wallpapers,22,https://act-upload.mihoyo.com/nap-obc-indep/2026/01/05/73751405/c540f477d4b6effa05a130bb23a37499_8139432614290690384.jpg
1599-1575-023-23,EP短片壁纸合集,1599,.jpg,1599-1575-023-23.jpg,般岳主题壁纸（3840x2160）,wallpapers|1599|1575|23|https://act-upload.mihoyo.com/nap-obc-indep/2026/01/05/73751405/502e6cf565e8e748ff07f7883d4e2b58_5823806354635494580.jpg,1575,官方壁纸合集\EP短片壁纸合集\般岳主题壁纸（3840x2160）,官方壁纸合集\EP短片壁纸合集\般岳主题壁纸（3840x2160）\1599-1575-023-23.jpg,unchanged,wallpapers,23,https://act-upload.mihoyo.com/nap-obc-indep/2026/01/05/73751405/502e6cf565e8e748ff07f7883d4e2b58_5823806354635494580.jpg
1599-1575-024-24,EP短片壁纸合集,1599,.jpg,1599-1575-024-24.jpg,般岳主题壁纸（3840x2160）,wallpapers|1599|1575|24|https://act-upload.mihoyo.com/nap-obc-indep/2026/01/05/73751405/397388e8226ac87327251fc9ffd9b0d5_187569970293525686.jpg,1575,官方壁纸合集\EP短片壁纸合集\般岳主题壁纸（3840x2160）,官方壁纸合集\EP短片壁纸合集\般岳主题壁纸（3840x2160）\1599-1575-024-24.jpg,unchanged,wallpapers,24,https://act-upload.mihoyo.com/nap-obc-indep/2026/01/05/73751405/397388e8226ac87327251fc9ffd9b0d5_187569970293525686.jpg
1599-1575-025-25,EP短片壁纸合集,1599,.jpg,1599-1575-025-25.jpg,般岳主题壁纸（3840x2160）,wallpapers|1599|1575|25|https://act-upload.mihoyo.com/nap-obc-indep/2026/01/05/73751405/28b12f8dcef2604a257a216b42d3ed58_5704002707904992110.jpg,1575,官方壁纸合集\EP短片壁纸合集\般岳主题壁纸（3840x2160）,官方壁纸合集\EP短片壁纸合集\般岳主题壁纸（3840x2160）\1599-1575-025-25.jpg,unchanged,wallpapers,25,https://act-upload.mihoyo.com/nap-obc-indep/2026/01/05/73751405/28b12f8dcef2604a257a216b42d3ed58_5704002707904992110.jpg
1599-1575-026-26,EP短片壁纸合集,1599,.jpg,1599-1575-026-26.jpg,般岳主题壁纸（3840x2160）,wallpapers|1599|1575|26|https://act-upload.mihoyo.com/nap-obc-indep/2026/01/05/73751405/1e946665e066d3241253d8dc63c8dc81_2061462384310482180.jpg,1575,官方壁纸合集\EP短片壁纸合集\般岳主题壁纸（3840x2160）,官方壁纸合集\EP短片壁纸合集\般岳主题壁纸（3840x2160）\1599-1575-026-26.jpg,unchanged,wallpapers,26,https://act-upload.mihoyo.com/nap-obc-indep/2026/01/05/73751405/1e946665e066d3241253d8dc63c8dc81_2061462384310482180.jpg
1599-1575-027-27,EP短片壁纸合集,1599,.jpg,1599-1575-027-27.jpg,般岳主题壁纸（3840x2160）,wallpapers|1599|1575|27|https://act-upload.mihoyo.com/nap-obc-indep/2026/01/05/73751405/bf5b9fc5994a137055ec9eb260c6bce5_254421782787328136.jpg,1575,官方壁纸合集\EP短片壁纸合集\般岳主题壁纸（3840x2160）,官方壁纸合集\EP短片壁纸合集\般岳主题壁纸（3840x2160）\1599-1575-027-27.jpg,unchanged,wallpapers,27,https://act-upload.mihoyo.com/nap-obc-indep/2026/01/05/73751405/bf5b9fc5994a137055ec9eb260c6bce5_254421782787328136.jpg
1599-1575-028-28,EP短片壁纸合集,1599,.jpg,1599-1575-028-28.jpg,般岳主题壁纸（3840x2160）,wallpapers|1599|1575|28|https://act-upload.mihoyo.com/nap-obc-indep/2026/01/05/73751405/72c9d0ec97aeda7f44704e34247dd1fe_7477414822033598455.jpg,1575,官方壁纸合集\EP短片壁纸合集\般岳主题壁纸（3840x2160）,官方壁纸合集\EP短片壁纸合集\般岳主题壁纸（3840x2160）\1599-1575-028-28.jpg,unchanged,wallpapers,28,https://act-upload.mihoyo.com/nap-obc-indep/2026/01/05/73751405/72c9d0ec97aeda7f44704e34247dd1fe_7477414822033598455.jpg
1599-1575-029-29,EP短片壁纸合集,1599,.jpg,1599-1575-029-29.jpg,般岳主题壁纸（3840x2160）,wallpapers|1599|1575|29|https://act-upload.mihoyo.com/nap-obc-indep/2026/01/05/73751405/620e502171331bdf3c3dbe76f86f08bf_8247043668925924793.jpg,1575,官方壁纸合集\EP短片壁纸合集\般岳主题壁纸（3840x2160）,官方壁纸合集\EP短片壁纸合集\般岳主题壁纸（3840x2160）\1599-1575-029-29.jpg,unchanged,wallpapers,29,https://act-upload.mihoyo.com/nap-obc-indep/2026/01/05/73751405/620e502171331bdf3c3dbe76f86f08bf_8247043668925924793.jpg
1599-1574-001-1,EP短片壁纸合集,1599,.png,1599-1574-001-1.png,般岳主题壁纸（2560x1080）,wallpapers|1599|1574|1|https://act-upload.mihoyo.com/nap-obc-indep/2026/01/05/73751405/67f49303ecbf87aada173954e49d41a3_251442784852186657.png,1574,官方壁纸合集\EP短片壁纸合集\般岳主题壁纸（2560x1080）,官方壁纸合集\EP短片壁纸合集\般岳主题壁纸（2560x1080）\1599-1574-001-1.png,unchanged,wallpapers,1,https://act-upload.mihoyo.com/nap-obc-indep/2026/01/05/73751405/67f49303ecbf87aada173954e49d41a3_251442784852186657.png
1599-1574-002-2,EP短片壁纸合集,1599,.png,1599-1574-002-2.png,般岳主题壁纸（2560x1080）,wallpapers|1599|1574|2|https://act-upload.mihoyo.com/nap-obc-indep/2026/01/05/73751405/0286681659db6033e2384a1d6352daf6_7185021143588285891.png,1574,官方壁纸合集\EP短片壁纸合集\般岳主题壁纸（2560x1080）,官方壁纸合集\EP短片壁纸合集\般岳主题壁纸（2560x1080）\1599-1574-002-2.png,unchanged,wallpapers,2,https://act-upload.mihoyo.com/nap-obc-indep/2026/01/05/73751405/0286681659db6033e2384a1d6352daf6_7185021143588285891.png
1599-1574-003-3,EP短片壁纸合集,1599,.png,1599-1574-003-3.png,般岳主题壁纸（2560x1080）,wallpapers|1599|1574|3|https://act-upload.mihoyo.com/nap-obc-indep/2026/01/05/73751405/27919ee4b70f468298bd38479998e5b4_7453164680140403300.png,1574,官方壁纸合集\EP短片壁纸合集\般岳主题壁纸（2560x1080）,官方壁纸合集\EP短片壁纸合集\般岳主题壁纸（2560x1080）\1599-1574-003-3.png,unchanged,wallpapers,3,https://act-upload.mihoyo.com/nap-obc-indep/2026/01/05/73751405/27919ee4b70f468298bd38479998e5b4_7453164680140403300.png
1599-1574-004-4,EP短片壁纸合集,1599,.png,1599-1574-004-4.png,般岳主题壁纸（2560x1080）,wallpapers|1599|1574|4|https://act-upload.mihoyo.com/nap-obc-indep/2026/01/05/73751405/62c75f16a44a038a980d1664b01eabe9_2732939430460516718.png,1574,官方壁纸合集\EP短片壁纸合集\般岳主题壁纸（2560x1080）,官方壁纸合集\EP短片壁纸合集\般岳主题壁纸（2560x1080）\1599-1574-004-4.png,unchanged,wallpapers,4,https://act-upload.mihoyo.com/nap-obc-indep/2026/01/05/73751405/62c75f16a44a038a980d1664b01eabe9_2732939430460516718.png
1599-1574-005-5,EP短片壁纸合集,1599,.png,1599-1574-005-5.png,般岳主题壁纸（2560x1080）,wallpapers|1599|1574|5|https://act-upload.mihoyo.com/nap-obc-indep/2026/01/05/73751405/363c99644fb45f7c29b5b977e64248be_6732657175715071433.png,1574,官方壁纸合集\EP短片壁纸合集\般岳主题壁纸（2560x1080）,官方壁纸合集\EP短片壁纸合集\般岳主题壁纸（2560x1080）\1599-1574-005-5.png,unchanged,wallpapers,5,https://act-upload.mihoyo.com/nap-obc-indep/2026/01/05/73751405/363c99644fb45f7c29b5b977e64248be_6732657175715071433.png
1599-1574-006-6,EP短片壁纸合集,1599,.png,1599-1574-006-6.png,般岳主题壁纸（2560x1080）,wallpapers|1599|1574|6|https://act-upload.mihoyo.com/nap-obc-indep/2026/01/05/73751405/682472a5870a843434ca2f4224c1ced6_431883017998214590.png,1574,官方壁纸合集\EP短片壁纸合集\般岳主题壁纸（2560x1080）,官方壁纸合集\EP短片壁纸合集\般岳主题壁纸（2560x1080）\1599-1574-006-6.png,unchanged,wallpapers,6,https://act-upload.mihoyo.com/nap-obc-indep/2026/01/05/73751405/682472a5870a843434ca2f4224c1ced6_431883017998214590.png
1599-1574-007-7,EP短片壁纸合集,1599,.png,1599-1574-007-7.png,般岳主题壁纸（2560x1080）,wallpapers|1599|1574|7|https://act-upload.mihoyo.com/nap-obc-indep/2026/01/05/73751405/3b3ec192445d35f6440844683bb10662_3487045968468048186.png,1574,官方壁纸合集\EP短片壁纸合集\般岳主题壁纸（2560x1080）,官方壁纸合集\EP短片壁纸合集\般岳主题壁纸（2560x1080）\1599-1574-007-7.png,unchanged,wallpapers,7,https://act-upload.mihoyo.com/nap-obc-indep/2026/01/05/73751405/3b3ec192445d35f6440844683bb10662_3487045968468048186.png
1599-1574-008-8,EP短片壁纸合集,1599,.png,1599-1574-008-8.png,般岳主题壁纸（2560x1080）,wallpapers|1599|1574|8|https://act-upload.mihoyo.com/nap-obc-indep/2026/01/05/73751405/61f516ec2a180935cc12ed1bd9a477c8_6590059626376504716.png,1574,官方壁纸合集\EP短片壁纸合集\般岳主题壁纸（2560x1080）,官方壁纸合集\EP短片壁纸合集\般岳主题壁纸（2560x1080）\1599-1574-008-8.png,unchanged,wallpapers,8,https://act-upload.mihoyo.com/nap-obc-indep/2026/01/05/73751405/61f516ec2a180935cc12ed1bd9a477c8_6590059626376504716.png
1599-1574-009-9,EP短片壁纸合集,1599,.png,1599-1574-009-9.png,般岳主题壁纸（2560x1080）,wallpapers|1599|1574|9|https://act-upload.mihoyo.com/nap-obc-indep/2026/01/05/73751405/fd8760143d08247ef231787d33fdf182_8724058146046420708.png,1574,官方壁纸合集\EP短片壁纸合集\般岳主题壁纸（2560x1080）,官方壁纸合集\EP短片壁纸合集\般岳主题壁纸（2560x1080）\1599-1574-009-9.png,unchanged,wallpapers,9,https://act-upload.mihoyo.com/nap-obc-indep/2026/01/05/73751405/fd8760143d08247ef231787d33fdf182_8724058146046420708.png
1599-1574-010-10,EP短片壁纸合集,1599,.png,1599-1574-010-10.png,般岳主题壁纸（2560x1080）,wallpapers|1599|1574|10|https://act-upload.mihoyo.com/nap-obc-indep/2026/01/05/73751405/7f58119787da60f3805baa0435602ba0_7438601160298002685.png,1574,官方壁纸合集\EP短片壁纸合集\般岳主题壁纸（2560x1080）,官方壁纸合集\EP短片壁纸合集\般岳主题壁纸（2560x1080）\1599-1574-010-10.png,unchanged,wallpapers,10,https://act-upload.mihoyo.com/nap-obc-indep/2026/01/05/73751405/7f58119787da60f3805baa0435602ba0_7438601160298002685.png
1599-1574-011-11,EP短片壁纸合集,1599,.png,1599-1574-011-11.png,般岳主题壁纸（2560x1080）,wallpapers|1599|1574|11|https://act-upload.mihoyo.com/nap-obc-indep/2026/01/05/73751405/b18881b3e99b688e1db5ed2721ec96e0_101276153297958577.png,1574,官方壁纸合集\EP短片壁纸合集\般岳主题壁纸（2560x1080）,官方壁纸合集\EP短片壁纸合集\般岳主题壁纸（2560x1080）\1599-1574-011-11.png,unchanged,wallpapers,11,https://act-upload.mihoyo.com/nap-obc-indep/2026/01/05/73751405/b18881b3e99b688e1db5ed2721ec96e0_101276153297958577.png
1599-1574-012-12,EP短片壁纸合集,1599,.png,1599-1574-012-12.png,般岳主题壁纸（2560x1080）,wallpapers|1599|1574|12|https://act-upload.mihoyo.com/nap-obc-indep/2026/01/05/73751405/a8027d2acdb4b633bf7911248a6af10a_4693030248594989608.png,1574,官方壁纸合集\EP短片壁纸合集\般岳主题壁纸（2560x1080）,官方壁纸合集\EP短片壁纸合集\般岳主题壁纸（2560x1080）\1599-1574-012-12.png,unchanged,wallpapers,12,https://act-upload.mihoyo.com/nap-obc-indep/2026/01/05/73751405/a8027d2acdb4b633bf7911248a6af10a_4693030248594989608.png
1599-1574-013-13,EP短片壁纸合集,1599,.png,1599-1574-013-13.png,般岳主题壁纸（2560x1080）,wallpapers|1599|1574|13|https://act-upload.mihoyo.com/nap-obc-indep/2026/01/05/73751405/3a61bb9f27168bf48a317033e85ccf9f_1752038780805165668.png,1574,官方壁纸合集\EP短片壁纸合集\般岳主题壁纸（2560x1080）,官方壁纸合集\EP短片壁纸合集\般岳主题壁纸（2560x1080）\1599-1574-013-13.png,unchanged,wallpapers,13,https://act-upload.mihoyo.com/nap-obc-indep/2026/01/05/73751405/3a61bb9f27168bf48a317033e85ccf9f_1752038780805165668.png
1599-1574-014-14,EP短片壁纸合集,1599,.png,1599-1574-014-14.png,般岳主题壁纸（2560x1080）,wallpapers|1599|1574|14|https://act-upload.mihoyo.com/nap-obc-indep/2026/01/05/73751405/9518079120af36483dfc03d070fdc102_2420526019009363253.png,1574,官方壁纸合集\EP短片壁纸合集\般岳主题壁纸（2560x1080）,官方壁纸合集\EP短片壁纸合集\般岳主题壁纸（2560x1080）\1599-1574-014-14.png,unchanged,wallpapers,14,https://act-upload.mihoyo.com/nap-obc-indep/2026/01/05/73751405/9518079120af36483dfc03d070fdc102_2420526019009363253.png
1599-1574-015-15,EP短片壁纸合集,1599,.png,1599-1574-015-15.png,般岳主题壁纸（2560x1080）,wallpapers|1599|1574|15|https://act-upload.mihoyo.com/nap-obc-indep/2026/01/05/73751405/b6c58b1f8b3f9815ba1cc94f329172f0_8921910242325582644.png,1574,官方壁纸合集\EP短片壁纸合集\般岳主题壁纸（2560x1080）,官方壁纸合集\EP短片壁纸合集\般岳主题壁纸（2560x1080）\1599-1574-015-15.png,unchanged,wallpapers,15,https://act-upload.mihoyo.com/nap-obc-indep/2026/01/05/73751405/b6c58b1f8b3f9815ba1cc94f329172f0_8921910242325582644.png
1599-1574-016-16,EP短片壁纸合集,1599,.png,1599-1574-016-16.png,般岳主题壁纸（2560x1080）,wallpapers|1599|1574|16|https://act-upload.mihoyo.com/nap-obc-indep/2026/01/05/73751405/5ae7001d425d9e907bbf41913d7bf542_6630963052747116090.png,1574,官方壁纸合集\EP短片壁纸合集\般岳主题壁纸（2560x1080）,官方壁纸合集\EP短片壁纸合集\般岳主题壁纸（2560x1080）\1599-1574-016-16.png,unchanged,wallpapers,16,https://act-upload.mihoyo.com/nap-obc-indep/2026/01/05/73751405/5ae7001d425d9e907bbf41913d7bf542_6630963052747116090.png
1599-1574-017-17,EP短片壁纸合集,1599,.png,1599-1574-017-17.png,般岳主题壁纸（2560x1080）,wallpapers|1599|1574|17|https://act-upload.mihoyo.com/nap-obc-indep/2026/01/05/73751405/b1ae716936ee0ad6bda13930931589a7_4549711595099280560.png,1574,官方壁纸合集\EP短片壁纸合集\般岳主题壁纸（2560x1080）,官方壁纸合集\EP短片壁纸合集\般岳主题壁纸（2560x1080）\1599-1574-017-17.png,unchanged,wallpapers,17,https://act-upload.mihoyo.com/nap-obc-indep/2026/01/05/73751405/b1ae716936ee0ad6bda13930931589a7_4549711595099280560.png
1599-1574-018-18,EP短片壁纸合集,1599,.jpg,1599-1574-018-18.jpg,般岳主题壁纸（2560x1080）,wallpapers|1599|1574|18|https://act-upload.mihoyo.com/nap-obc-indep/2026/01/05/73751405/e76cb9aec89035bd3aa76e27287131e7_3630206435812474778.jpg,1574,官方壁纸合集\EP短片壁纸合集\般岳主题壁纸（2560x1080）,官方壁纸合集\EP短片壁纸合集\般岳主题壁纸（2560x1080）\1599-1574-018-18.jpg,unchanged,wallpapers,18,https://act-upload.mihoyo.com/nap-obc-indep/2026/01/05/73751405/e76cb9aec89035bd3aa76e27287131e7_3630206435812474778.jpg
1599-1574-019-19,EP短片壁纸合集,1599,.jpg,1599-1574-019-19.jpg,般岳主题壁纸（2560x1080）,wallpapers|1599|1574|19|https://act-upload.mihoyo.com/nap-obc-indep/2026/01/05/73751405/2c63f60a45f1dc6cddac022bdd4ce44e_9105696114749911959.jpg,1574,官方壁纸合集\EP短片壁纸合集\般岳主题壁纸（2560x1080）,官方壁纸合集\EP短片壁纸合集\般岳主题壁纸（2560x1080）\1599-1574-019-19.jpg,unchanged,wallpapers,19,https://act-upload.mihoyo.com/nap-obc-indep/2026/01/05/73751405/2c63f60a45f1dc6cddac022bdd4ce44e_9105696114749911959.jpg
1599-1574-020-20,EP短片壁纸合集,1599,.jpg,1599-1574-020-20.jpg,般岳主题壁纸（2560x1080）,wallpapers|1599|1574|20|https://act-upload.mihoyo.com/nap-obc-indep/2026/01/05/73751405/9379fb36f7a4d1963b46858d225b49eb_681160166664452923.jpg,1574,官方壁纸合集\EP短片壁纸合集\般岳主题壁纸（2560x1080）,官方壁纸合集\EP短片壁纸合集\般岳主题壁纸（2560x1080）\1599-1574-020-20.jpg,unchanged,wallpapers,20,https://act-upload.mihoyo.com/nap-obc-indep/2026/01/05/73751405/9379fb36f7a4d1963b46858d225b49eb_681160166664452923.jpg
1599-1574-021-21,EP短片壁纸合集,1599,.jpg,1599-1574-021-21.jpg,般岳主题壁纸（2560x1080）,wallpapers|1599|1574|21|https://act-upload.mihoyo.com/nap-obc-indep/2026/01/05/73751405/bb6cc200249c8413c5b24c5078f63a30_5076907758382326786.jpg,1574,官方壁纸合集\EP短片壁纸合集\般岳主题壁纸（2560x1080）,官方壁纸合集\EP短片壁纸合集\般岳主题壁纸（2560x1080）\1599-1574-021-21.jpg,unchanged,wallpapers,21,https://act-upload.mihoyo.com/nap-obc-indep/2026/01/05/73751405/bb6cc200249c8413c5b24c5078f63a30_5076907758382326786.jpg
1599-1574-022-22,EP短片壁纸合集,1599,.jpg,1599-1574-022-22.jpg,般岳主题壁纸（2560x1080）,wallpapers|1599|1574|22|https://act-upload.mihoyo.com/nap-obc-indep/2026/01/05/73751405/67f5931b090322caba50525dba100a2d_463131197095935942.jpg,1574,官方壁纸合集\EP短片壁纸合集\般岳主题壁纸（2560x1080）,官方壁纸合集\EP短片壁纸合集\般岳主题壁纸（2560x1080）\1599-1574-022-22.jpg,unchanged,wallpapers,22,https://act-upload.mihoyo.com/nap-obc-indep/2026/01/05/73751405/67f5931b090322caba50525dba100a2d_463131197095935942.jpg
1599-1574-023-23,EP短片壁纸合集,1599,.jpg,1599-1574-023-23.jpg,般岳主题壁纸（2560x1080）,wallpapers|1599|1574|23|https://act-upload.mihoyo.com/nap-obc-indep/2026/01/05/73751405/84bf7b5fca645d9bbf8233d97f680155_8030362388927551008.jpg,1574,官方壁纸合集\EP短片壁纸合集\般岳主题壁纸（2560x1080）,官方壁纸合集\EP短片壁纸合集\般岳主题壁纸（2560x1080）\1599-1574-023-23.jpg,unchanged,wallpapers,23,https://act-upload.mihoyo.com/nap-obc-indep/2026/01/05/73751405/84bf7b5fca645d9bbf8233d97f680155_8030362388927551008.jpg
1599-1574-024-24,EP短片壁纸合集,1599,.jpg,1599-1574-024-24.jpg,般岳主题壁纸（2560x1080）,wallpapers|1599|1574|24|https://act-upload.mihoyo.com/nap-obc-indep/2026/01/05/73751405/258dcd4317248a06f87b9d3f852099ba_224894425917354867.jpg,1574,官方壁纸合集\EP短片壁纸合集\般岳主题壁纸（2560x1080）,官方壁纸合集\EP短片壁纸合集\般岳主题壁纸（2560x1080）\1599-1574-024-24.jpg,unchanged,wallpapers,24,https://act-upload.mihoyo.com/nap-obc-indep/2026/01/05/73751405/258dcd4317248a06f87b9d3f852099ba_224894425917354867.jpg
1599-1574-025-25,EP短片壁纸合集,1599,.jpg,1599-1574-025-25.jpg,般岳主题壁纸（2560x1080）,wallpapers|1599|1574|25|https://act-upload.mihoyo.com/nap-obc-indep/2026/01/05/73751405/012be36d7a99f114feb2dbd3fc2e4208_641155071245628375.jpg,1574,官方壁纸合集\EP短片壁纸合集\般岳主题壁纸（2560x1080）,官方壁纸合集\EP短片壁纸合集\般岳主题壁纸（2560x1080）\1599-1574-025-25.jpg,unchanged,wallpapers,25,https://act-upload.mihoyo.com/nap-obc-indep/2026/01/05/73751405/012be36d7a99f114feb2dbd3fc2e4208_641155071245628375.jpg
1599-1574-026-26,EP短片壁纸合集,1599,.jpg,1599-1574-026-26.jpg,般岳主题壁纸（2560x1080）,wallpapers|1599|1574|26|https://act-upload.mihoyo.com/nap-obc-indep/2026/01/05/73751405/5b3734b3ae47f13c8a6ac62710bb0eca_5441673398451143191.jpg,1574,官方壁纸合集\EP短片壁纸合集\般岳主题壁纸（2560x1080）,官方壁纸合集\EP短片壁纸合集\般岳主题壁纸（2560x1080）\1599-1574-026-26.jpg,unchanged,wallpapers,26,https://act-upload.mihoyo.com/nap-obc-indep/2026/01/05/73751405/5b3734b3ae47f13c8a6ac62710bb0eca_5441673398451143191.jpg
1599-1574-027-27,EP短片壁纸合集,1599,.jpg,1599-1574-027-27.jpg,般岳主题壁纸（2560x1080）,wallpapers|1599|1574|27|https://act-upload.mihoyo.com/nap-obc-indep/2026/01/05/73751405/4bcb8a0852e6f44e6ab8da3c6f974255_3072941404809443830.jpg,1574,官方壁纸合集\EP短片壁纸合集\般岳主题壁纸（2560x1080）,官方壁纸合集\EP短片壁纸合集\般岳主题壁纸（2560x1080）\1599-1574-027-27.jpg,unchanged,wallpapers,27,https://act-upload.mihoyo.com/nap-obc-indep/2026/01/05/73751405/4bcb8a0852e6f44e6ab8da3c6f974255_3072941404809443830.jpg
1599-1574-028-28,EP短片壁纸合集,1599,.jpg,1599-1574-028-28.jpg,般岳主题壁纸（2560x1080）,wallpapers|1599|1574|28|https://act-upload.mihoyo.com/nap-obc-indep/2026/01/05/73751405/9583c7191eb9da0ee09c98389b9bd520_2333794603434766424.jpg,1574,官方壁纸合集\EP短片壁纸合集\般岳主题壁纸（2560x1080）,官方壁纸合集\EP短片壁纸合集\般岳主题壁纸（2560x1080）\1599-1574-028-28.jpg,unchanged,wallpapers,28,https://act-upload.mihoyo.com/nap-obc-indep/2026/01/05/73751405/9583c7191eb9da0ee09c98389b9bd520_2333794603434766424.jpg
1599-1574-029-29,EP短片壁纸合集,1599,.jpg,1599-1574-029-29.jpg,般岳主题壁纸（2560x1080）,wallpapers|1599|1574|29|https://act-upload.mihoyo.com/nap-obc-indep/2026/01/05/73751405/49265748dfa78b08d700d4d4724378f8_4135539387434734825.jpg,1574,官方壁纸合集\EP短片壁纸合集\般岳主题壁纸（2560x1080）,官方壁纸合集\EP短片壁纸合集\般岳主题壁纸（2560x1080）\1599-1574-029-29.jpg,unchanged,wallpapers,29,https://act-upload.mihoyo.com/nap-obc-indep/2026/01/05/73751405/49265748dfa78b08d700d4d4724378f8_4135539387434734825.jpg
1(2560x1080),EP短片壁纸合集,1599,.jpg,1(2560x1080).jpg,琉音角色PV壁纸,wallpapers|1599|1499|1(2560x1080)|https://act-upload.mihoyo.com/nap-obc-indep/2025/12/05/73751405/a149d3c79609f38d2f3545ca11e1f118_4037253324870973015.jpg,1499,官方壁纸合集\EP短片壁纸合集\琉音角色PV壁纸,官方壁纸合集\EP短片壁纸合集\琉音角色PV壁纸\1(2560x1080).jpg,unchanged,wallpapers,1(2560x1080),https://act-upload.mihoyo.com/nap-obc-indep/2025/12/05/73751405/a149d3c79609f38d2f3545ca11e1f118_4037253324870973015.jpg
1(3840x2160),EP短片壁纸合集,1599,.jpg,1(3840x2160).jpg,琉音角色PV壁纸,wallpapers|1599|1499|1(3840x2160)|https://act-upload.mihoyo.com/nap-obc-indep/2025/12/05/73751405/09619060978fbe9c52fa37634c645301_4524593670937644073.jpg,1499,官方壁纸合集\EP短片壁纸合集\琉音角色PV壁纸,官方壁纸合集\EP短片壁纸合集\琉音角色PV壁纸\1(3840x2160).jpg,unchanged,wallpapers,1(3840x2160),https://act-upload.mihoyo.com/nap-obc-indep/2025/12/05/73751405/09619060978fbe9c52fa37634c645301_4524593670937644073.jpg
2(2560x1080),EP短片壁纸合集,1599,.jpg,2(2560x1080).jpg,琉音角色PV壁纸,wallpapers|1599|1499|2(2560x1080)|https://act-upload.mihoyo.com/nap-obc-indep/2025/12/05/73751405/f759de27dd054f110a831a0c5c941208_3928239203623838359.jpg,1499,官方壁纸合集\EP短片壁纸合集\琉音角色PV壁纸,官方壁纸合集\EP短片壁纸合集\琉音角色PV壁纸\2(2560x1080).jpg,unchanged,wallpapers,2(2560x1080),https://act-upload.mihoyo.com/nap-obc-indep/2025/12/05/73751405/f759de27dd054f110a831a0c5c941208_3928239203623838359.jpg
2(3840x2160),EP短片壁纸合集,1599,.jpg,2(3840x2160).jpg,琉音角色PV壁纸,wallpapers|1599|1499|2(3840x2160)|https://act-upload.mihoyo.com/nap-obc-indep/2025/12/05/73751405/b0ca4ac15c9c0fb4aaefad3555c1f541_4469397737114124824.jpg,1499,官方壁纸合集\EP短片壁纸合集\琉音角色PV壁纸,官方壁纸合集\EP短片壁纸合集\琉音角色PV壁纸\2(3840x2160).jpg,unchanged,wallpapers,2(3840x2160),https://act-upload.mihoyo.com/nap-obc-indep/2025/12/05/73751405/b0ca4ac15c9c0fb4aaefad3555c1f541_4469397737114124824.jpg
3(2560x1080),EP短片壁纸合集,1599,.jpg,3(2560x1080).jpg,琉音角色PV壁纸,wallpapers|1599|1499|3(2560x1080)|https://act-upload.mihoyo.com/nap-obc-indep/2025/12/05/73751405/b0321f36f4b676b119a303397214630b_1384727686094289496.jpg,1499,官方壁纸合集\EP短片壁纸合集\琉音角色PV壁纸,官方壁纸合集\EP短片壁纸合集\琉音角色PV壁纸\3(2560x1080).jpg,unchanged,wallpapers,3(2560x1080),https://act-upload.mihoyo.com/nap-obc-indep/2025/12/05/73751405/b0321f36f4b676b119a303397214630b_1384727686094289496.jpg
3(3840x2160),EP短片壁纸合集,1599,.jpg,3(3840x2160).jpg,琉音角色PV壁纸,wallpapers|1599|1499|3(3840x2160)|https://act-upload.mihoyo.com/nap-obc-indep/2025/12/05/73751405/ea91d060f24a8e2c4097c9cf416bca09_5433709403297096234.jpg,1499,官方壁纸合集\EP短片壁纸合集\琉音角色PV壁纸,官方壁纸合集\EP短片壁纸合集\琉音角色PV壁纸\3(3840x2160).jpg,unchanged,wallpapers,3(3840x2160),https://act-upload.mihoyo.com/nap-obc-indep/2025/12/05/73751405/ea91d060f24a8e2c4097c9cf416bca09_5433709403297096234.jpg
4(2560x1080),EP短片壁纸合集,1599,.jpg,4(2560x1080).jpg,琉音角色PV壁纸,wallpapers|1599|1499|4(2560x1080)|https://act-upload.mihoyo.com/nap-obc-indep/2025/12/05/73751405/b431082e206b15b8e6ef1c0b37b445e9_7020390732527281773.jpg,1499,官方壁纸合集\EP短片壁纸合集\琉音角色PV壁纸,官方壁纸合集\EP短片壁纸合集\琉音角色PV壁纸\4(2560x1080).jpg,unchanged,wallpapers,4(2560x1080),https://act-upload.mihoyo.com/nap-obc-indep/2025/12/05/73751405/b431082e206b15b8e6ef1c0b37b445e9_7020390732527281773.jpg
4(3840x2160),EP短片壁纸合集,1599,.jpg,4(3840x2160).jpg,琉音角色PV壁纸,wallpapers|1599|1499|4(3840x2160)|https://act-upload.mihoyo.com/nap-obc-indep/2025/12/05/73751405/469f422604759f2b4f31d9a66e8e0f6b_1214595337199798141.jpg,1499,官方壁纸合集\EP短片壁纸合集\琉音角色PV壁纸,官方壁纸合集\EP短片壁纸合集\琉音角色PV壁纸\4(3840x2160).jpg,unchanged,wallpapers,4(3840x2160),https://act-upload.mihoyo.com/nap-obc-indep/2025/12/05/73751405/469f422604759f2b4f31d9a66e8e0f6b_1214595337199798141.jpg
5(2560x1080),EP短片壁纸合集,1599,.jpg,5(2560x1080).jpg,琉音角色PV壁纸,wallpapers|1599|1499|5(2560x1080)|https://act-upload.mihoyo.com/nap-obc-indep/2025/12/05/73751405/9e5ce2db8a03778d64642924f8441b32_8798838773665894254.jpg,1499,官方壁纸合集\EP短片壁纸合集\琉音角色PV壁纸,官方壁纸合集\EP短片壁纸合集\琉音角色PV壁纸\5(2560x1080).jpg,unchanged,wallpapers,5(2560x1080),https://act-upload.mihoyo.com/nap-obc-indep/2025/12/05/73751405/9e5ce2db8a03778d64642924f8441b32_8798838773665894254.jpg
5(3840x2160),EP短片壁纸合集,1599,.jpg,5(3840x2160).jpg,琉音角色PV壁纸,wallpapers|1599|1499|5(3840x2160)|https://act-upload.mihoyo.com/nap-obc-indep/2025/12/05/73751405/89738f3dcf1c2e1f7f6d45e69ee0dfdc_363354467445563844.jpg,1499,官方壁纸合集\EP短片壁纸合集\琉音角色PV壁纸,官方壁纸合集\EP短片壁纸合集\琉音角色PV壁纸\5(3840x2160).jpg,unchanged,wallpapers,5(3840x2160),https://act-upload.mihoyo.com/nap-obc-indep/2025/12/05/73751405/89738f3dcf1c2e1f7f6d45e69ee0dfdc_363354467445563844.jpg
6(2560x1080),EP短片壁纸合集,1599,.jpg,6(2560x1080).jpg,琉音角色PV壁纸,wallpapers|1599|1499|6(2560x1080)|https://act-upload.mihoyo.com/nap-obc-indep/2025/12/05/73751405/4376af19c5b36ebfef48bee67bef792b_4026182932122777477.jpg,1499,官方壁纸合集\EP短片壁纸合集\琉音角色PV壁纸,官方壁纸合集\EP短片壁纸合集\琉音角色PV壁纸\6(2560x1080).jpg,unchanged,wallpapers,6(2560x1080),https://act-upload.mihoyo.com/nap-obc-indep/2025/12/05/73751405/4376af19c5b36ebfef48bee67bef792b_4026182932122777477.jpg
6(3840x2160),EP短片壁纸合集,1599,.jpg,6(3840x2160).jpg,琉音角色PV壁纸,wallpapers|1599|1499|6(3840x2160)|https://act-upload.mihoyo.com/nap-obc-indep/2025/12/05/73751405/87b8f1ae2374ba8e982bb882a708aeb7_5908290660428578068.jpg,1499,官方壁纸合集\EP短片壁纸合集\琉音角色PV壁纸,官方壁纸合集\EP短片壁纸合集\琉音角色PV壁纸\6(3840x2160).jpg,unchanged,wallpapers,6(3840x2160),https://act-upload.mihoyo.com/nap-obc-indep/2025/12/05/73751405/87b8f1ae2374ba8e982bb882a708aeb7_5908290660428578068.jpg
7(2560x1080),EP短片壁纸合集,1599,.jpg,7(2560x1080).jpg,琉音角色PV壁纸,wallpapers|1599|1499|7(2560x1080)|https://act-upload.mihoyo.com/nap-obc-indep/2025/12/05/73751405/f075272ce2daa3126787002f9c4ce09c_2191931227068116295.jpg,1499,官方壁纸合集\EP短片壁纸合集\琉音角色PV壁纸,官方壁纸合集\EP短片壁纸合集\琉音角色PV壁纸\7(2560x1080).jpg,unchanged,wallpapers,7(2560x1080),https://act-upload.mihoyo.com/nap-obc-indep/2025/12/05/73751405/f075272ce2daa3126787002f9c4ce09c_2191931227068116295.jpg
7(3840x2160),EP短片壁纸合集,1599,.jpg,7(3840x2160).jpg,琉音角色PV壁纸,wallpapers|1599|1499|7(3840x2160)|https://act-upload.mihoyo.com/nap-obc-indep/2025/12/05/73751405/761ae3b38bd24664add8c8200235ba11_5216449574984022561.jpg,1499,官方壁纸合集\EP短片壁纸合集\琉音角色PV壁纸,官方壁纸合集\EP短片壁纸合集\琉音角色PV壁纸\7(3840x2160).jpg,unchanged,wallpapers,7(3840x2160),https://act-upload.mihoyo.com/nap-obc-indep/2025/12/05/73751405/761ae3b38bd24664add8c8200235ba11_5216449574984022561.jpg
8(2560x1080),EP短片壁纸合集,1599,.jpg,8(2560x1080).jpg,琉音角色PV壁纸,wallpapers|1599|1499|8(2560x1080)|https://act-upload.mihoyo.com/nap-obc-indep/2025/12/05/73751405/7e4d0e4a08c7ce662e980b6350dfb058_719377502127873179.jpg,1499,官方壁纸合集\EP短片壁纸合集\琉音角色PV壁纸,官方壁纸合集\EP短片壁纸合集\琉音角色PV壁纸\8(2560x1080).jpg,unchanged,wallpapers,8(2560x1080),https://act-upload.mihoyo.com/nap-obc-indep/2025/12/05/73751405/7e4d0e4a08c7ce662e980b6350dfb058_719377502127873179.jpg
8(3840x2160),EP短片壁纸合集,1599,.jpg,8(3840x2160).jpg,琉音角色PV壁纸,wallpapers|1599|1499|8(3840x2160)|https://act-upload.mihoyo.com/nap-obc-indep/2025/12/05/73751405/baee36730c30b9f0e81c829ea859535f_6438814692366595266.jpg,1499,官方壁纸合集\EP短片壁纸合集\琉音角色PV壁纸,官方壁纸合集\EP短片壁纸合集\琉音角色PV壁纸\8(3840x2160).jpg,unchanged,wallpapers,8(3840x2160),https://act-upload.mihoyo.com/nap-obc-indep/2025/12/05/73751405/baee36730c30b9f0e81c829ea859535f_6438814692366595266.jpg
9(2560x1080),EP短片壁纸合集,1599,.jpg,9(2560x1080).jpg,琉音角色PV壁纸,wallpapers|1599|1499|9(2560x1080)|https://act-upload.mihoyo.com/nap-obc-indep/2025/12/05/73751405/393b5792efb3aedbfbbf8ff00387cb03_8555282726623148048.jpg,1499,官方壁纸合集\EP短片壁纸合集\琉音角色PV壁纸,官方壁纸合集\EP短片壁纸合集\琉音角色PV壁纸\9(2560x1080).jpg,unchanged,wallpapers,9(2560x1080),https://act-upload.mihoyo.com/nap-obc-indep/2025/12/05/73751405/393b5792efb3aedbfbbf8ff00387cb03_8555282726623148048.jpg
9(3840x2160),EP短片壁纸合集,1599,.jpg,9(3840x2160).jpg,琉音角色PV壁纸,wallpapers|1599|1499|9(3840x2160)|https://act-upload.mihoyo.com/nap-obc-indep/2025/12/05/73751405/f7378eeeb476151508f7606befe8d60c_2926889952196162158.jpg,1499,官方壁纸合集\EP短片壁纸合集\琉音角色PV壁纸,官方壁纸合集\EP短片壁纸合集\琉音角色PV壁纸\9(3840x2160).jpg,unchanged,wallpapers,9(3840x2160),https://act-upload.mihoyo.com/nap-obc-indep/2025/12/05/73751405/f7378eeeb476151508f7606befe8d60c_2926889952196162158.jpg
1599-1415-001-1,EP短片壁纸合集,1599,.png,1599-1415-001-1.png,狛野真斗主题壁纸（3840x2160）,wallpapers|1599|1415|1|https://act-upload.mihoyo.com/nap-obc-indep/2025/10/23/73751405/2beae89b7019f24a6b96027202b5694e_6953349704256736974.png,1415,官方壁纸合集\EP短片壁纸合集\狛野真斗主题壁纸（3840x2160）,官方壁纸合集\EP短片壁纸合集\狛野真斗主题壁纸（3840x2160）\1599-1415-001-1.png,unchanged,wallpapers,1,https://act-upload.mihoyo.com/nap-obc-indep/2025/10/23/73751405/2beae89b7019f24a6b96027202b5694e_6953349704256736974.png
1599-1415-002-2,EP短片壁纸合集,1599,.png,1599-1415-002-2.png,狛野真斗主题壁纸（3840x2160）,wallpapers|1599|1415|2|https://act-upload.mihoyo.com/nap-obc-indep/2025/10/23/73751405/915619fdb325e8142cfd6143ecc5f05f_2536029733952119464.png,1415,官方壁纸合集\EP短片壁纸合集\狛野真斗主题壁纸（3840x2160）,官方壁纸合集\EP短片壁纸合集\狛野真斗主题壁纸（3840x2160）\1599-1415-002-2.png,unchanged,wallpapers,2,https://act-upload.mihoyo.com/nap-obc-indep/2025/10/23/73751405/915619fdb325e8142cfd6143ecc5f05f_2536029733952119464.png
1599-1415-003-3,EP短片壁纸合集,1599,.png,1599-1415-003-3.png,狛野真斗主题壁纸（3840x2160）,wallpapers|1599|1415|3|https://act-upload.mihoyo.com/nap-obc-indep/2025/10/23/73751405/36d303875360497ad2131dcd6e607384_145031158027058348.png,1415,官方壁纸合集\EP短片壁纸合集\狛野真斗主题壁纸（3840x2160）,官方壁纸合集\EP短片壁纸合集\狛野真斗主题壁纸（3840x2160）\1599-1415-003-3.png,unchanged,wallpapers,3,https://act-upload.mihoyo.com/nap-obc-indep/2025/10/23/73751405/36d303875360497ad2131dcd6e607384_145031158027058348.png
1599-1415-004-4,EP短片壁纸合集,1599,.png,1599-1415-004-4.png,狛野真斗主题壁纸（3840x2160）,wallpapers|1599|1415|4|https://act-upload.mihoyo.com/nap-obc-indep/2025/10/23/73751405/1ca583cbc42695dec7cf21134dd10b04_4869689271250099339.png,1415,官方壁纸合集\EP短片壁纸合集\狛野真斗主题壁纸（3840x2160）,官方壁纸合集\EP短片壁纸合集\狛野真斗主题壁纸（3840x2160）\1599-1415-004-4.png,unchanged,wallpapers,4,https://act-upload.mihoyo.com/nap-obc-indep/2025/10/23/73751405/1ca583cbc42695dec7cf21134dd10b04_4869689271250099339.png
1599-1415-005-5,EP短片壁纸合集,1599,.png,1599-1415-005-5.png,狛野真斗主题壁纸（3840x2160）,wallpapers|1599|1415|5|https://act-upload.mihoyo.com/nap-obc-indep/2025/10/23/73751405/1ca8061b538dcc16a305dea9f007d626_4890728785911806852.png,1415,官方壁纸合集\EP短片壁纸合集\狛野真斗主题壁纸（3840x2160）,官方壁纸合集\EP短片壁纸合集\狛野真斗主题壁纸（3840x2160）\1599-1415-005-5.png,unchanged,wallpapers,5,https://act-upload.mihoyo.com/nap-obc-indep/2025/10/23/73751405/1ca8061b538dcc16a305dea9f007d626_4890728785911806852.png
1599-1415-006-6,EP短片壁纸合集,1599,.png,1599-1415-006-6.png,狛野真斗主题壁纸（3840x2160）,wallpapers|1599|1415|6|https://act-upload.mihoyo.com/nap-obc-indep/2025/10/23/73751405/36694eb2468457829f3c3c0f8ca4fa4c_4113839091810906701.png,1415,官方壁纸合集\EP短片壁纸合集\狛野真斗主题壁纸（3840x2160）,官方壁纸合集\EP短片壁纸合集\狛野真斗主题壁纸（3840x2160）\1599-1415-006-6.png,unchanged,wallpapers,6,https://act-upload.mihoyo.com/nap-obc-indep/2025/10/23/73751405/36694eb2468457829f3c3c0f8ca4fa4c_4113839091810906701.png
1599-1415-007-7,EP短片壁纸合集,1599,.png,1599-1415-007-7.png,狛野真斗主题壁纸（3840x2160）,wallpapers|1599|1415|7|https://act-upload.mihoyo.com/nap-obc-indep/2025/10/23/73751405/4d9dbf070e637dbf1afcdcf54a47acd2_3676327673040794176.png,1415,官方壁纸合集\EP短片壁纸合集\狛野真斗主题壁纸（3840x2160）,官方壁纸合集\EP短片壁纸合集\狛野真斗主题壁纸（3840x2160）\1599-1415-007-7.png,unchanged,wallpapers,7,https://act-upload.mihoyo.com/nap-obc-indep/2025/10/23/73751405/4d9dbf070e637dbf1afcdcf54a47acd2_3676327673040794176.png
1599-1415-008-8,EP短片壁纸合集,1599,.png,1599-1415-008-8.png,狛野真斗主题壁纸（3840x2160）,wallpapers|1599|1415|8|https://act-upload.mihoyo.com/nap-obc-indep/2025/10/23/73751405/3d115ceb0f51e4858d5066138a3e722b_8170870213027535709.png,1415,官方壁纸合集\EP短片壁纸合集\狛野真斗主题壁纸（3840x2160）,官方壁纸合集\EP短片壁纸合集\狛野真斗主题壁纸（3840x2160）\1599-1415-008-8.png,unchanged,wallpapers,8,https://act-upload.mihoyo.com/nap-obc-indep/2025/10/23/73751405/3d115ceb0f51e4858d5066138a3e722b_8170870213027535709.png
1599-1415-009-9,EP短片壁纸合集,1599,.png,1599-1415-009-9.png,狛野真斗主题壁纸（3840x2160）,wallpapers|1599|1415|9|https://act-upload.mihoyo.com/nap-obc-indep/2025/10/23/73751405/43e811133ea3b04c8e08d45a99340852_3741761364196869060.png,1415,官方壁纸合集\EP短片壁纸合集\狛野真斗主题壁纸（3840x2160）,官方壁纸合集\EP短片壁纸合集\狛野真斗主题壁纸（3840x2160）\1599-1415-009-9.png,unchanged,wallpapers,9,https://act-upload.mihoyo.com/nap-obc-indep/2025/10/23/73751405/43e811133ea3b04c8e08d45a99340852_3741761364196869060.png
1599-1415-010-10,EP短片壁纸合集,1599,.png,1599-1415-010-10.png,狛野真斗主题壁纸（3840x2160）,wallpapers|1599|1415|10|https://act-upload.mihoyo.com/nap-obc-indep/2025/10/23/73751405/c478414ac1bf9634649a8e0d3fa8ca57_678354891786653973.png,1415,官方壁纸合集\EP短片壁纸合集\狛野真斗主题壁纸（3840x2160）,官方壁纸合集\EP短片壁纸合集\狛野真斗主题壁纸（3840x2160）\1599-1415-010-10.png,unchanged,wallpapers,10,https://act-upload.mihoyo.com/nap-obc-indep/2025/10/23/73751405/c478414ac1bf9634649a8e0d3fa8ca57_678354891786653973.png
1599-1415-011-11,EP短片壁纸合集,1599,.png,1599-1415-011-11.png,狛野真斗主题壁纸（3840x2160）,wallpapers|1599|1415|11|https://act-upload.mihoyo.com/nap-obc-indep/2025/10/23/73751405/69fcc05c9c818d868726467f4c78f334_4660000835393517162.png,1415,官方壁纸合集\EP短片壁纸合集\狛野真斗主题壁纸（3840x2160）,官方壁纸合集\EP短片壁纸合集\狛野真斗主题壁纸（3840x2160）\1599-1415-011-11.png,unchanged,wallpapers,11,https://act-upload.mihoyo.com/nap-obc-indep/2025/10/23/73751405/69fcc05c9c818d868726467f4c78f334_4660000835393517162.png
1599-1415-012-12,EP短片壁纸合集,1599,.png,1599-1415-012-12.png,狛野真斗主题壁纸（3840x2160）,wallpapers|1599|1415|12|https://act-upload.mihoyo.com/nap-obc-indep/2025/10/23/73751405/0f5dc2981180f4a2c1f4673bc75fd93b_1299704164883326965.png,1415,官方壁纸合集\EP短片壁纸合集\狛野真斗主题壁纸（3840x2160）,官方壁纸合集\EP短片壁纸合集\狛野真斗主题壁纸（3840x2160）\1599-1415-012-12.png,unchanged,wallpapers,12,https://act-upload.mihoyo.com/nap-obc-indep/2025/10/23/73751405/0f5dc2981180f4a2c1f4673bc75fd93b_1299704164883326965.png
1599-1415-013-13,EP短片壁纸合集,1599,.png,1599-1415-013-13.png,狛野真斗主题壁纸（3840x2160）,wallpapers|1599|1415|13|https://act-upload.mihoyo.com/nap-obc-indep/2025/10/23/73751405/fffb2b86e576e17b50990adf3270373a_6998747495379085308.png,1415,官方壁纸合集\EP短片壁纸合集\狛野真斗主题壁纸（3840x2160）,官方壁纸合集\EP短片壁纸合集\狛野真斗主题壁纸（3840x2160）\1599-1415-013-13.png,unchanged,wallpapers,13,https://act-upload.mihoyo.com/nap-obc-indep/2025/10/23/73751405/fffb2b86e576e17b50990adf3270373a_6998747495379085308.png
1599-1415-014-14,EP短片壁纸合集,1599,.png,1599-1415-014-14.png,狛野真斗主题壁纸（3840x2160）,wallpapers|1599|1415|14|https://act-upload.mihoyo.com/nap-obc-indep/2025/10/23/73751405/4003f10bc527674e80926a1652a2c836_1831678239201793127.png,1415,官方壁纸合集\EP短片壁纸合集\狛野真斗主题壁纸（3840x2160）,官方壁纸合集\EP短片壁纸合集\狛野真斗主题壁纸（3840x2160）\1599-1415-014-14.png,unchanged,wallpapers,14,https://act-upload.mihoyo.com/nap-obc-indep/2025/10/23/73751405/4003f10bc527674e80926a1652a2c836_1831678239201793127.png
1599-1415-015-15,EP短片壁纸合集,1599,.png,1599-1415-015-15.png,狛野真斗主题壁纸（3840x2160）,wallpapers|1599|1415|15|https://act-upload.mihoyo.com/nap-obc-indep/2025/10/23/73751405/61b8a7162b8da070a0a49fa57654711a_7985641451123846647.png,1415,官方壁纸合集\EP短片壁纸合集\狛野真斗主题壁纸（3840x2160）,官方壁纸合集\EP短片壁纸合集\狛野真斗主题壁纸（3840x2160）\1599-1415-015-15.png,unchanged,wallpapers,15,https://act-upload.mihoyo.com/nap-obc-indep/2025/10/23/73751405/61b8a7162b8da070a0a49fa57654711a_7985641451123846647.png
1599-1415-016-16,EP短片壁纸合集,1599,.png,1599-1415-016-16.png,狛野真斗主题壁纸（3840x2160）,wallpapers|1599|1415|16|https://act-upload.mihoyo.com/nap-obc-indep/2025/10/23/73751405/186161f25cf801e75ec154de5b81b3d9_4364312841343173786.png,1415,官方壁纸合集\EP短片壁纸合集\狛野真斗主题壁纸（3840x2160）,官方壁纸合集\EP短片壁纸合集\狛野真斗主题壁纸（3840x2160）\1599-1415-016-16.png,unchanged,wallpapers,16,https://act-upload.mihoyo.com/nap-obc-indep/2025/10/23/73751405/186161f25cf801e75ec154de5b81b3d9_4364312841343173786.png
1599-1415-017-17,EP短片壁纸合集,1599,.png,1599-1415-017-17.png,狛野真斗主题壁纸（3840x2160）,wallpapers|1599|1415|17|https://act-upload.mihoyo.com/nap-obc-indep/2025/10/23/73751405/160e902e35edb31e3f6a389da6b675be_7053747455134111891.png,1415,官方壁纸合集\EP短片壁纸合集\狛野真斗主题壁纸（3840x2160）,官方壁纸合集\EP短片壁纸合集\狛野真斗主题壁纸（3840x2160）\1599-1415-017-17.png,unchanged,wallpapers,17,https://act-upload.mihoyo.com/nap-obc-indep/2025/10/23/73751405/160e902e35edb31e3f6a389da6b675be_7053747455134111891.png
1599-1415-018-18,EP短片壁纸合集,1599,.png,1599-1415-018-18.png,狛野真斗主题壁纸（3840x2160）,wallpapers|1599|1415|18|https://act-upload.mihoyo.com/nap-obc-indep/2025/10/23/73751405/6a4683d3eed271516d6e73f407da0656_7873154532965780801.png,1415,官方壁纸合集\EP短片壁纸合集\狛野真斗主题壁纸（3840x2160）,官方壁纸合集\EP短片壁纸合集\狛野真斗主题壁纸（3840x2160）\1599-1415-018-18.png,unchanged,wallpapers,18,https://act-upload.mihoyo.com/nap-obc-indep/2025/10/23/73751405/6a4683d3eed271516d6e73f407da0656_7873154532965780801.png
1599-1415-019-19,EP短片壁纸合集,1599,.png,1599-1415-019-19.png,狛野真斗主题壁纸（3840x2160）,wallpapers|1599|1415|19|https://act-upload.mihoyo.com/nap-obc-indep/2025/10/23/73751405/306746bf6ebda04ee67cf468a3174ea8_8032866307716769294.png,1415,官方壁纸合集\EP短片壁纸合集\狛野真斗主题壁纸（3840x2160）,官方壁纸合集\EP短片壁纸合集\狛野真斗主题壁纸（3840x2160）\1599-1415-019-19.png,unchanged,wallpapers,19,https://act-upload.mihoyo.com/nap-obc-indep/2025/10/23/73751405/306746bf6ebda04ee67cf468a3174ea8_8032866307716769294.png
1599-1415-020-20,EP短片壁纸合集,1599,.png,1599-1415-020-20.png,狛野真斗主题壁纸（3840x2160）,wallpapers|1599|1415|20|https://act-upload.mihoyo.com/nap-obc-indep/2025/10/23/73751405/6df3bdd34f074f2795144d7fead2276d_5431079380314968199.png,1415,官方壁纸合集\EP短片壁纸合集\狛野真斗主题壁纸（3840x2160）,官方壁纸合集\EP短片壁纸合集\狛野真斗主题壁纸（3840x2160）\1599-1415-020-20.png,unchanged,wallpapers,20,https://act-upload.mihoyo.com/nap-obc-indep/2025/10/23/73751405/6df3bdd34f074f2795144d7fead2276d_5431079380314968199.png
1599-1415-021-21,EP短片壁纸合集,1599,.png,1599-1415-021-21.png,狛野真斗主题壁纸（3840x2160）,wallpapers|1599|1415|21|https://act-upload.mihoyo.com/nap-obc-indep/2025/10/23/73751405/c9daee2cb8049a649523a3b6dd78bad4_3489429366356869574.png,1415,官方壁纸合集\EP短片壁纸合集\狛野真斗主题壁纸（3840x2160）,官方壁纸合集\EP短片壁纸合集\狛野真斗主题壁纸（3840x2160）\1599-1415-021-21.png,unchanged,wallpapers,21,https://act-upload.mihoyo.com/nap-obc-indep/2025/10/23/73751405/c9daee2cb8049a649523a3b6dd78bad4_3489429366356869574.png
1599-1415-022-22,EP短片壁纸合集,1599,.png,1599-1415-022-22.png,狛野真斗主题壁纸（3840x2160）,wallpapers|1599|1415|22|https://act-upload.mihoyo.com/nap-obc-indep/2025/10/23/73751405/1d8c6f0cd32211b36bf6417556cea74e_128295232759137169.png,1415,官方壁纸合集\EP短片壁纸合集\狛野真斗主题壁纸（3840x2160）,官方壁纸合集\EP短片壁纸合集\狛野真斗主题壁纸（3840x2160）\1599-1415-022-22.png,unchanged,wallpapers,22,https://act-upload.mihoyo.com/nap-obc-indep/2025/10/23/73751405/1d8c6f0cd32211b36bf6417556cea74e_128295232759137169.png
1599-1415-023-23,EP短片壁纸合集,1599,.png,1599-1415-023-23.png,狛野真斗主题壁纸（3840x2160）,wallpapers|1599|1415|23|https://act-upload.mihoyo.com/nap-obc-indep/2025/10/23/73751405/1488786e627eb1a5a9f8d24116ab9720_8155769748698408400.png,1415,官方壁纸合集\EP短片壁纸合集\狛野真斗主题壁纸（3840x2160）,官方壁纸合集\EP短片壁纸合集\狛野真斗主题壁纸（3840x2160）\1599-1415-023-23.png,unchanged,wallpapers,23,https://act-upload.mihoyo.com/nap-obc-indep/2025/10/23/73751405/1488786e627eb1a5a9f8d24116ab9720_8155769748698408400.png
1599-1415-024-24,EP短片壁纸合集,1599,.png,1599-1415-024-24.png,狛野真斗主题壁纸（3840x2160）,wallpapers|1599|1415|24|https://act-upload.mihoyo.com/nap-obc-indep/2025/10/23/73751405/3f1c2dab1b5c17a7137a74c6106c4e2f_7565765532906287817.png,1415,官方壁纸合集\EP短片壁纸合集\狛野真斗主题壁纸（3840x2160）,官方壁纸合集\EP短片壁纸合集\狛野真斗主题壁纸（3840x2160）\1599-1415-024-24.png,unchanged,wallpapers,24,https://act-upload.mihoyo.com/nap-obc-indep/2025/10/23/73751405/3f1c2dab1b5c17a7137a74c6106c4e2f_7565765532906287817.png
1599-1415-025-25,EP短片壁纸合集,1599,.png,1599-1415-025-25.png,狛野真斗主题壁纸（3840x2160）,wallpapers|1599|1415|25|https://act-upload.mihoyo.com/nap-obc-indep/2025/10/23/73751405/9779a5e4f804ea255f164ec77e7fabdd_811782373066049066.png,1415,官方壁纸合集\EP短片壁纸合集\狛野真斗主题壁纸（3840x2160）,官方壁纸合集\EP短片壁纸合集\狛野真斗主题壁纸（3840x2160）\1599-1415-025-25.png,unchanged,wallpapers,25,https://act-upload.mihoyo.com/nap-obc-indep/2025/10/23/73751405/9779a5e4f804ea255f164ec77e7fabdd_811782373066049066.png
1599-1415-026-26,EP短片壁纸合集,1599,.png,1599-1415-026-26.png,狛野真斗主题壁纸（3840x2160）,wallpapers|1599|1415|26|https://act-upload.mihoyo.com/nap-obc-indep/2025/10/23/73751405/7cd3773aceb4a0666b3babc5c927ac81_6616188932970875379.png,1415,官方壁纸合集\EP短片壁纸合集\狛野真斗主题壁纸（3840x2160）,官方壁纸合集\EP短片壁纸合集\狛野真斗主题壁纸（3840x2160）\1599-1415-026-26.png,unchanged,wallpapers,26,https://act-upload.mihoyo.com/nap-obc-indep/2025/10/23/73751405/7cd3773aceb4a0666b3babc5c927ac81_6616188932970875379.png
1599-1415-027-27,EP短片壁纸合集,1599,.png,1599-1415-027-27.png,狛野真斗主题壁纸（3840x2160）,wallpapers|1599|1415|27|https://act-upload.mihoyo.com/nap-obc-indep/2025/10/23/73751405/281c0987d7036bf083b4c2d0294e0ea1_202808070732224440.png,1415,官方壁纸合集\EP短片壁纸合集\狛野真斗主题壁纸（3840x2160）,官方壁纸合集\EP短片壁纸合集\狛野真斗主题壁纸（3840x2160）\1599-1415-027-27.png,unchanged,wallpapers,27,https://act-upload.mihoyo.com/nap-obc-indep/2025/10/23/73751405/281c0987d7036bf083b4c2d0294e0ea1_202808070732224440.png
1599-1359-001-1,EP短片壁纸合集,1599,.jpg,1599-1359-001-1.jpg,奥菲丝&鬼火EP壁纸(3840x2160),wallpapers|1599|1359|1|https://act-upload.mihoyo.com/nap-obc-indep/2025/09/28/73751405/d4b4f0742b73dc97d707b259f389675d_3353383914763399601.jpg,1359,官方壁纸合集\EP短片壁纸合集\奥菲丝&鬼火EP壁纸(3840x2160),官方壁纸合集\EP短片壁纸合集\奥菲丝&鬼火EP壁纸(3840x2160)\1599-1359-001-1.jpg,unchanged,wallpapers,1,https://act-upload.mihoyo.com/nap-obc-indep/2025/09/28/73751405/d4b4f0742b73dc97d707b259f389675d_3353383914763399601.jpg
1599-1359-002-2,EP短片壁纸合集,1599,.jpg,1599-1359-002-2.jpg,奥菲丝&鬼火EP壁纸(3840x2160),wallpapers|1599|1359|2|https://act-upload.mihoyo.com/nap-obc-indep/2025/09/28/73751405/fb9e77ea6741ced209b1d5e604587ea5_78756105770174931.jpg,1359,官方壁纸合集\EP短片壁纸合集\奥菲丝&鬼火EP壁纸(3840x2160),官方壁纸合集\EP短片壁纸合集\奥菲丝&鬼火EP壁纸(3840x2160)\1599-1359-002-2.jpg,unchanged,wallpapers,2,https://act-upload.mihoyo.com/nap-obc-indep/2025/09/28/73751405/fb9e77ea6741ced209b1d5e604587ea5_78756105770174931.jpg
1599-1359-003-3,EP短片壁纸合集,1599,.jpg,1599-1359-003-3.jpg,奥菲丝&鬼火EP壁纸(3840x2160),wallpapers|1599|1359|3|https://act-upload.mihoyo.com/nap-obc-indep/2025/09/28/73751405/ce22bd1c662785f782e747aeb56371d8_6113276252352592686.jpg,1359,官方壁纸合集\EP短片壁纸合集\奥菲丝&鬼火EP壁纸(3840x2160),官方壁纸合集\EP短片壁纸合集\奥菲丝&鬼火EP壁纸(3840x2160)\1599-1359-003-3.jpg,unchanged,wallpapers,3,https://act-upload.mihoyo.com/nap-obc-indep/2025/09/28/73751405/ce22bd1c662785f782e747aeb56371d8_6113276252352592686.jpg
1599-1359-004-4,EP短片壁纸合集,1599,.jpg,1599-1359-004-4.jpg,奥菲丝&鬼火EP壁纸(3840x2160),wallpapers|1599|1359|4|https://act-upload.mihoyo.com/nap-obc-indep/2025/09/28/73751405/db47f416854de21b8e8ad63ab41b86dc_319542723128487931.jpg,1359,官方壁纸合集\EP短片壁纸合集\奥菲丝&鬼火EP壁纸(3840x2160),官方壁纸合集\EP短片壁纸合集\奥菲丝&鬼火EP壁纸(3840x2160)\1599-1359-004-4.jpg,unchanged,wallpapers,4,https://act-upload.mihoyo.com/nap-obc-indep/2025/09/28/73751405/db47f416854de21b8e8ad63ab41b86dc_319542723128487931.jpg
1599-1359-005-5,EP短片壁纸合集,1599,.jpg,1599-1359-005-5.jpg,奥菲丝&鬼火EP壁纸(3840x2160),wallpapers|1599|1359|5|https://act-upload.mihoyo.com/nap-obc-indep/2025/09/28/73751405/2c6c95bab1ea14064f4c06451aac1f77_2182674663119776271.jpg,1359,官方壁纸合集\EP短片壁纸合集\奥菲丝&鬼火EP壁纸(3840x2160),官方壁纸合集\EP短片壁纸合集\奥菲丝&鬼火EP壁纸(3840x2160)\1599-1359-005-5.jpg,unchanged,wallpapers,5,https://act-upload.mihoyo.com/nap-obc-indep/2025/09/28/73751405/2c6c95bab1ea14064f4c06451aac1f77_2182674663119776271.jpg
1599-1359-006-6,EP短片壁纸合集,1599,.jpg,1599-1359-006-6.jpg,奥菲丝&鬼火EP壁纸(3840x2160),wallpapers|1599|1359|6|https://act-upload.mihoyo.com/nap-obc-indep/2025/09/28/73751405/72e8f0bf5ce0e68feb8dde11a4c47592_6769682457572424702.jpg,1359,官方壁纸合集\EP短片壁纸合集\奥菲丝&鬼火EP壁纸(3840x2160),官方壁纸合集\EP短片壁纸合集\奥菲丝&鬼火EP壁纸(3840x2160)\1599-1359-006-6.jpg,unchanged,wallpapers,6,https://act-upload.mihoyo.com/nap-obc-indep/2025/09/28/73751405/72e8f0bf5ce0e68feb8dde11a4c47592_6769682457572424702.jpg
1599-1359-007-7,EP短片壁纸合集,1599,.jpg,1599-1359-007-7.jpg,奥菲丝&鬼火EP壁纸(3840x2160),wallpapers|1599|1359|7|https://act-upload.mihoyo.com/nap-obc-indep/2025/09/28/73751405/5ae05f04ad9ab5fa5a9fbd21a83ad2f6_6213713819665643102.jpg,1359,官方壁纸合集\EP短片壁纸合集\奥菲丝&鬼火EP壁纸(3840x2160),官方壁纸合集\EP短片壁纸合集\奥菲丝&鬼火EP壁纸(3840x2160)\1599-1359-007-7.jpg,unchanged,wallpapers,7,https://act-upload.mihoyo.com/nap-obc-indep/2025/09/28/73751405/5ae05f04ad9ab5fa5a9fbd21a83ad2f6_6213713819665643102.jpg
1599-1359-008-8,EP短片壁纸合集,1599,.jpg,1599-1359-008-8.jpg,奥菲丝&鬼火EP壁纸(3840x2160),wallpapers|1599|1359|8|https://act-upload.mihoyo.com/nap-obc-indep/2025/09/28/73751405/afba9056271a2e1e2fdb024b12158ce8_717607611301596847.jpg,1359,官方壁纸合集\EP短片壁纸合集\奥菲丝&鬼火EP壁纸(3840x2160),官方壁纸合集\EP短片壁纸合集\奥菲丝&鬼火EP壁纸(3840x2160)\1599-1359-008-8.jpg,unchanged,wallpapers,8,https://act-upload.mihoyo.com/nap-obc-indep/2025/09/28/73751405/afba9056271a2e1e2fdb024b12158ce8_717607611301596847.jpg
1599-1359-009-9,EP短片壁纸合集,1599,.jpg,1599-1359-009-9.jpg,奥菲丝&鬼火EP壁纸(3840x2160),wallpapers|1599|1359|9|https://act-upload.mihoyo.com/nap-obc-indep/2025/09/28/73751405/b0ec812fdddf8b7de4c759b0effc435f_830746471367298378.jpg,1359,官方壁纸合集\EP短片壁纸合集\奥菲丝&鬼火EP壁纸(3840x2160),官方壁纸合集\EP短片壁纸合集\奥菲丝&鬼火EP壁纸(3840x2160)\1599-1359-009-9.jpg,unchanged,wallpapers,9,https://act-upload.mihoyo.com/nap-obc-indep/2025/09/28/73751405/b0ec812fdddf8b7de4c759b0effc435f_830746471367298378.jpg
1599-1359-010-10,EP短片壁纸合集,1599,.jpg,1599-1359-010-10.jpg,奥菲丝&鬼火EP壁纸(3840x2160),wallpapers|1599|1359|10|https://act-upload.mihoyo.com/nap-obc-indep/2025/09/28/73751405/1a7d1c9dc4da4dbed0a837706c45dc79_8627696030778297256.jpg,1359,官方壁纸合集\EP短片壁纸合集\奥菲丝&鬼火EP壁纸(3840x2160),官方壁纸合集\EP短片壁纸合集\奥菲丝&鬼火EP壁纸(3840x2160)\1599-1359-010-10.jpg,unchanged,wallpapers,10,https://act-upload.mihoyo.com/nap-obc-indep/2025/09/28/73751405/1a7d1c9dc4da4dbed0a837706c45dc79_8627696030778297256.jpg
1599-1359-011-11,EP短片壁纸合集,1599,.jpg,1599-1359-011-11.jpg,奥菲丝&鬼火EP壁纸(3840x2160),wallpapers|1599|1359|11|https://act-upload.mihoyo.com/nap-obc-indep/2025/09/28/73751405/2ac369d6c5dddb891cf83b5df6200fae_5865281837064294401.jpg,1359,官方壁纸合集\EP短片壁纸合集\奥菲丝&鬼火EP壁纸(3840x2160),官方壁纸合集\EP短片壁纸合集\奥菲丝&鬼火EP壁纸(3840x2160)\1599-1359-011-11.jpg,unchanged,wallpapers,11,https://act-upload.mihoyo.com/nap-obc-indep/2025/09/28/73751405/2ac369d6c5dddb891cf83b5df6200fae_5865281837064294401.jpg
1599-1359-012-12,EP短片壁纸合集,1599,.jpg,1599-1359-012-12.jpg,奥菲丝&鬼火EP壁纸(3840x2160),wallpapers|1599|1359|12|https://act-upload.mihoyo.com/nap-obc-indep/2025/09/28/73751405/a28e0d438bd4c3849653a5de55fc407f_2462938218509728723.jpg,1359,官方壁纸合集\EP短片壁纸合集\奥菲丝&鬼火EP壁纸(3840x2160),官方壁纸合集\EP短片壁纸合集\奥菲丝&鬼火EP壁纸(3840x2160)\1599-1359-012-12.jpg,unchanged,wallpapers,12,https://act-upload.mihoyo.com/nap-obc-indep/2025/09/28/73751405/a28e0d438bd4c3849653a5de55fc407f_2462938218509728723.jpg
1599-1359-013-13,EP短片壁纸合集,1599,.jpg,1599-1359-013-13.jpg,奥菲丝&鬼火EP壁纸(3840x2160),wallpapers|1599|1359|13|https://act-upload.mihoyo.com/nap-obc-indep/2025/09/28/73751405/2262280d49e82b249bf6e4dabc1d6e97_1343938251782247974.jpg,1359,官方壁纸合集\EP短片壁纸合集\奥菲丝&鬼火EP壁纸(3840x2160),官方壁纸合集\EP短片壁纸合集\奥菲丝&鬼火EP壁纸(3840x2160)\1599-1359-013-13.jpg,unchanged,wallpapers,13,https://act-upload.mihoyo.com/nap-obc-indep/2025/09/28/73751405/2262280d49e82b249bf6e4dabc1d6e97_1343938251782247974.jpg
1599-1359-014-14,EP短片壁纸合集,1599,.jpg,1599-1359-014-14.jpg,奥菲丝&鬼火EP壁纸(3840x2160),wallpapers|1599|1359|14|https://act-upload.mihoyo.com/nap-obc-indep/2025/09/28/73751405/e7b6d0f106418270e3550fb732fb363c_151381071383194283.jpg,1359,官方壁纸合集\EP短片壁纸合集\奥菲丝&鬼火EP壁纸(3840x2160),官方壁纸合集\EP短片壁纸合集\奥菲丝&鬼火EP壁纸(3840x2160)\1599-1359-014-14.jpg,unchanged,wallpapers,14,https://act-upload.mihoyo.com/nap-obc-indep/2025/09/28/73751405/e7b6d0f106418270e3550fb732fb363c_151381071383194283.jpg
1599-1359-015-15,EP短片壁纸合集,1599,.jpg,1599-1359-015-15.jpg,奥菲丝&鬼火EP壁纸(3840x2160),wallpapers|1599|1359|15|https://act-upload.mihoyo.com/nap-obc-indep/2025/09/28/73751405/8ce9313550685586db61b03463f089db_3142795434500678938.jpg,1359,官方壁纸合集\EP短片壁纸合集\奥菲丝&鬼火EP壁纸(3840x2160),官方壁纸合集\EP短片壁纸合集\奥菲丝&鬼火EP壁纸(3840x2160)\1599-1359-015-15.jpg,unchanged,wallpapers,15,https://act-upload.mihoyo.com/nap-obc-indep/2025/09/28/73751405/8ce9313550685586db61b03463f089db_3142795434500678938.jpg
1599-1359-016-16,EP短片壁纸合集,1599,.jpg,1599-1359-016-16.jpg,奥菲丝&鬼火EP壁纸(3840x2160),wallpapers|1599|1359|16|https://act-upload.mihoyo.com/nap-obc-indep/2025/09/28/73751405/ddc5193ac4b9e69bba2a37f1c05679fd_8862440116035369436.jpg,1359,官方壁纸合集\EP短片壁纸合集\奥菲丝&鬼火EP壁纸(3840x2160),官方壁纸合集\EP短片壁纸合集\奥菲丝&鬼火EP壁纸(3840x2160)\1599-1359-016-16.jpg,unchanged,wallpapers,16,https://act-upload.mihoyo.com/nap-obc-indep/2025/09/28/73751405/ddc5193ac4b9e69bba2a37f1c05679fd_8862440116035369436.jpg
1599-1359-017-17,EP短片壁纸合集,1599,.jpg,1599-1359-017-17.jpg,奥菲丝&鬼火EP壁纸(3840x2160),wallpapers|1599|1359|17|https://act-upload.mihoyo.com/nap-obc-indep/2025/09/28/73751405/236e1adaeff7c7b5d8f0bd776af9bec7_1069487647991163151.jpg,1359,官方壁纸合集\EP短片壁纸合集\奥菲丝&鬼火EP壁纸(3840x2160),官方壁纸合集\EP短片壁纸合集\奥菲丝&鬼火EP壁纸(3840x2160)\1599-1359-017-17.jpg,unchanged,wallpapers,17,https://act-upload.mihoyo.com/nap-obc-indep/2025/09/28/73751405/236e1adaeff7c7b5d8f0bd776af9bec7_1069487647991163151.jpg
1599-1359-018-18,EP短片壁纸合集,1599,.jpg,1599-1359-018-18.jpg,奥菲丝&鬼火EP壁纸(3840x2160),wallpapers|1599|1359|18|https://act-upload.mihoyo.com/nap-obc-indep/2025/09/28/73751405/d17f634d5489f9a7ce5a48873dbddf73_1539523133827815435.jpg,1359,官方壁纸合集\EP短片壁纸合集\奥菲丝&鬼火EP壁纸(3840x2160),官方壁纸合集\EP短片壁纸合集\奥菲丝&鬼火EP壁纸(3840x2160)\1599-1359-018-18.jpg,unchanged,wallpapers,18,https://act-upload.mihoyo.com/nap-obc-indep/2025/09/28/73751405/d17f634d5489f9a7ce5a48873dbddf73_1539523133827815435.jpg
1599-1359-019-19,EP短片壁纸合集,1599,.jpg,1599-1359-019-19.jpg,奥菲丝&鬼火EP壁纸(3840x2160),wallpapers|1599|1359|19|https://act-upload.mihoyo.com/nap-obc-indep/2025/09/28/73751405/9ce69167228aa3f6443de5cb59af35ef_1753934616579904895.jpg,1359,官方壁纸合集\EP短片壁纸合集\奥菲丝&鬼火EP壁纸(3840x2160),官方壁纸合集\EP短片壁纸合集\奥菲丝&鬼火EP壁纸(3840x2160)\1599-1359-019-19.jpg,unchanged,wallpapers,19,https://act-upload.mihoyo.com/nap-obc-indep/2025/09/28/73751405/9ce69167228aa3f6443de5cb59af35ef_1753934616579904895.jpg
1599-1359-020-20,EP短片壁纸合集,1599,.jpg,1599-1359-020-20.jpg,奥菲丝&鬼火EP壁纸(3840x2160),wallpapers|1599|1359|20|https://act-upload.mihoyo.com/nap-obc-indep/2025/09/28/73751405/b699a1e428f2da7ac6de4d1ff8350623_3925992162187984500.jpg,1359,官方壁纸合集\EP短片壁纸合集\奥菲丝&鬼火EP壁纸(3840x2160),官方壁纸合集\EP短片壁纸合集\奥菲丝&鬼火EP壁纸(3840x2160)\1599-1359-020-20.jpg,unchanged,wallpapers,20,https://act-upload.mihoyo.com/nap-obc-indep/2025/09/28/73751405/b699a1e428f2da7ac6de4d1ff8350623_3925992162187984500.jpg
1599-1359-021-21,EP短片壁纸合集,1599,.jpg,1599-1359-021-21.jpg,奥菲丝&鬼火EP壁纸(3840x2160),wallpapers|1599|1359|21|https://act-upload.mihoyo.com/nap-obc-indep/2025/09/28/73751405/46580995849435d88e36403bcf3edf1a_3262191244823239949.jpg,1359,官方壁纸合集\EP短片壁纸合集\奥菲丝&鬼火EP壁纸(3840x2160),官方壁纸合集\EP短片壁纸合集\奥菲丝&鬼火EP壁纸(3840x2160)\1599-1359-021-21.jpg,unchanged,wallpapers,21,https://act-upload.mihoyo.com/nap-obc-indep/2025/09/28/73751405/46580995849435d88e36403bcf3edf1a_3262191244823239949.jpg
1599-1359-022-22,EP短片壁纸合集,1599,.jpg,1599-1359-022-22.jpg,奥菲丝&鬼火EP壁纸(3840x2160),wallpapers|1599|1359|22|https://act-upload.mihoyo.com/nap-obc-indep/2025/09/28/73751405/0814eaff39bccff5d2e7413a3968cfab_4456170221519291851.jpg,1359,官方壁纸合集\EP短片壁纸合集\奥菲丝&鬼火EP壁纸(3840x2160),官方壁纸合集\EP短片壁纸合集\奥菲丝&鬼火EP壁纸(3840x2160)\1599-1359-022-22.jpg,unchanged,wallpapers,22,https://act-upload.mihoyo.com/nap-obc-indep/2025/09/28/73751405/0814eaff39bccff5d2e7413a3968cfab_4456170221519291851.jpg
1599-1359-023-23,EP短片壁纸合集,1599,.jpg,1599-1359-023-23.jpg,奥菲丝&鬼火EP壁纸(3840x2160),wallpapers|1599|1359|23|https://act-upload.mihoyo.com/nap-obc-indep/2025/09/28/73751405/dda6405a0ea2b955c2ae84d478f3c69d_1339205633342993403.jpg,1359,官方壁纸合集\EP短片壁纸合集\奥菲丝&鬼火EP壁纸(3840x2160),官方壁纸合集\EP短片壁纸合集\奥菲丝&鬼火EP壁纸(3840x2160)\1599-1359-023-23.jpg,unchanged,wallpapers,23,https://act-upload.mihoyo.com/nap-obc-indep/2025/09/28/73751405/dda6405a0ea2b955c2ae84d478f3c69d_1339205633342993403.jpg
1599-1359-024-24,EP短片壁纸合集,1599,.jpg,1599-1359-024-24.jpg,奥菲丝&鬼火EP壁纸(3840x2160),wallpapers|1599|1359|24|https://act-upload.mihoyo.com/nap-obc-indep/2025/09/28/73751405/b7f0c8faa29c6bbecd83e3c789601e4b_4495944813711058259.jpg,1359,官方壁纸合集\EP短片壁纸合集\奥菲丝&鬼火EP壁纸(3840x2160),官方壁纸合集\EP短片壁纸合集\奥菲丝&鬼火EP壁纸(3840x2160)\1599-1359-024-24.jpg,unchanged,wallpapers,24,https://act-upload.mihoyo.com/nap-obc-indep/2025/09/28/73751405/b7f0c8faa29c6bbecd83e3c789601e4b_4495944813711058259.jpg
1599-1359-025-25,EP短片壁纸合集,1599,.jpg,1599-1359-025-25.jpg,奥菲丝&鬼火EP壁纸(3840x2160),wallpapers|1599|1359|25|https://act-upload.mihoyo.com/nap-obc-indep/2025/09/28/73751405/e207a774af9cbf656c9ec4703d0cbc0d_6455408307195876457.jpg,1359,官方壁纸合集\EP短片壁纸合集\奥菲丝&鬼火EP壁纸(3840x2160),官方壁纸合集\EP短片壁纸合集\奥菲丝&鬼火EP壁纸(3840x2160)\1599-1359-025-25.jpg,unchanged,wallpapers,25,https://act-upload.mihoyo.com/nap-obc-indep/2025/09/28/73751405/e207a774af9cbf656c9ec4703d0cbc0d_6455408307195876457.jpg
1599-1359-026-26,EP短片壁纸合集,1599,.jpg,1599-1359-026-26.jpg,奥菲丝&鬼火EP壁纸(3840x2160),wallpapers|1599|1359|26|https://act-upload.mihoyo.com/nap-obc-indep/2025/09/28/73751405/7cab7e9c01dac57660f6c537c9f76b2e_6526714236390480535.jpg,1359,官方壁纸合集\EP短片壁纸合集\奥菲丝&鬼火EP壁纸(3840x2160),官方壁纸合集\EP短片壁纸合集\奥菲丝&鬼火EP壁纸(3840x2160)\1599-1359-026-26.jpg,unchanged,wallpapers,26,https://act-upload.mihoyo.com/nap-obc-indep/2025/09/28/73751405/7cab7e9c01dac57660f6c537c9f76b2e_6526714236390480535.jpg
1599-1359-027-27,EP短片壁纸合集,1599,.jpg,1599-1359-027-27.jpg,奥菲丝&鬼火EP壁纸(3840x2160),wallpapers|1599|1359|27|https://act-upload.mihoyo.com/nap-obc-indep/2025/09/28/73751405/3cfae5a8fc17e9327748e1aaa9c91d19_6728803560284142726.jpg,1359,官方壁纸合集\EP短片壁纸合集\奥菲丝&鬼火EP壁纸(3840x2160),官方壁纸合集\EP短片壁纸合集\奥菲丝&鬼火EP壁纸(3840x2160)\1599-1359-027-27.jpg,unchanged,wallpapers,27,https://act-upload.mihoyo.com/nap-obc-indep/2025/09/28/73751405/3cfae5a8fc17e9327748e1aaa9c91d19_6728803560284142726.jpg
1599-1359-028-28,EP短片壁纸合集,1599,.jpg,1599-1359-028-28.jpg,奥菲丝&鬼火EP壁纸(3840x2160),wallpapers|1599|1359|28|https://act-upload.mihoyo.com/nap-obc-indep/2025/09/28/73751405/29eb8f6dc2242e4b8cd64437f2556c21_4316153248371525110.jpg,1359,官方壁纸合集\EP短片壁纸合集\奥菲丝&鬼火EP壁纸(3840x2160),官方壁纸合集\EP短片壁纸合集\奥菲丝&鬼火EP壁纸(3840x2160)\1599-1359-028-28.jpg,unchanged,wallpapers,28,https://act-upload.mihoyo.com/nap-obc-indep/2025/09/28/73751405/29eb8f6dc2242e4b8cd64437f2556c21_4316153248371525110.jpg
1599-1359-029-29,EP短片壁纸合集,1599,.jpg,1599-1359-029-29.jpg,奥菲丝&鬼火EP壁纸(3840x2160),wallpapers|1599|1359|29|https://act-upload.mihoyo.com/nap-obc-indep/2025/09/28/73751405/edc7c506e7c6c037bb215e7233f19301_8526999402282012666.jpg,1359,官方壁纸合集\EP短片壁纸合集\奥菲丝&鬼火EP壁纸(3840x2160),官方壁纸合集\EP短片壁纸合集\奥菲丝&鬼火EP壁纸(3840x2160)\1599-1359-029-29.jpg,unchanged,wallpapers,29,https://act-upload.mihoyo.com/nap-obc-indep/2025/09/28/73751405/edc7c506e7c6c037bb215e7233f19301_8526999402282012666.jpg
1599-1359-030-30,EP短片壁纸合集,1599,.jpg,1599-1359-030-30.jpg,奥菲丝&鬼火EP壁纸(3840x2160),wallpapers|1599|1359|30|https://act-upload.mihoyo.com/nap-obc-indep/2025/09/28/73751405/0cb5312895fb89fc84e16ae421433b58_6639425674646779746.jpg,1359,官方壁纸合集\EP短片壁纸合集\奥菲丝&鬼火EP壁纸(3840x2160),官方壁纸合集\EP短片壁纸合集\奥菲丝&鬼火EP壁纸(3840x2160)\1599-1359-030-30.jpg,unchanged,wallpapers,30,https://act-upload.mihoyo.com/nap-obc-indep/2025/09/28/73751405/0cb5312895fb89fc84e16ae421433b58_6639425674646779746.jpg
1599-1359-031-31,EP短片壁纸合集,1599,.jpg,1599-1359-031-31.jpg,奥菲丝&鬼火EP壁纸(3840x2160),wallpapers|1599|1359|31|https://act-upload.mihoyo.com/nap-obc-indep/2025/09/28/73751405/04a64361cb7a6ac76c046ac30a8f6f62_2003414965950490281.jpg,1359,官方壁纸合集\EP短片壁纸合集\奥菲丝&鬼火EP壁纸(3840x2160),官方壁纸合集\EP短片壁纸合集\奥菲丝&鬼火EP壁纸(3840x2160)\1599-1359-031-31.jpg,unchanged,wallpapers,31,https://act-upload.mihoyo.com/nap-obc-indep/2025/09/28/73751405/04a64361cb7a6ac76c046ac30a8f6f62_2003414965950490281.jpg
1599-1359-032-32,EP短片壁纸合集,1599,.jpg,1599-1359-032-32.jpg,奥菲丝&鬼火EP壁纸(3840x2160),wallpapers|1599|1359|32|https://act-upload.mihoyo.com/nap-obc-indep/2025/09/28/73751405/17489181817988e0d9d9fef9d9fa0881_5657979428720549335.jpg,1359,官方壁纸合集\EP短片壁纸合集\奥菲丝&鬼火EP壁纸(3840x2160),官方壁纸合集\EP短片壁纸合集\奥菲丝&鬼火EP壁纸(3840x2160)\1599-1359-032-32.jpg,unchanged,wallpapers,32,https://act-upload.mihoyo.com/nap-obc-indep/2025/09/28/73751405/17489181817988e0d9d9fef9d9fa0881_5657979428720549335.jpg
1599-1359-033-33,EP短片壁纸合集,1599,.jpg,1599-1359-033-33.jpg,奥菲丝&鬼火EP壁纸(3840x2160),wallpapers|1599|1359|33|https://act-upload.mihoyo.com/nap-obc-indep/2025/09/28/73751405/8caefa82334b116a59d6af6a55142126_7750756072559551971.jpg,1359,官方壁纸合集\EP短片壁纸合集\奥菲丝&鬼火EP壁纸(3840x2160),官方壁纸合集\EP短片壁纸合集\奥菲丝&鬼火EP壁纸(3840x2160)\1599-1359-033-33.jpg,unchanged,wallpapers,33,https://act-upload.mihoyo.com/nap-obc-indep/2025/09/28/73751405/8caefa82334b116a59d6af6a55142126_7750756072559551971.jpg
1599-1630-001-1,EP短片壁纸合集,1599,.png,1599-1630-001-1.png,EP Redreaming Angel复梦天使壁纸,wallpapers|1599|1630|1|https://act-upload.mihoyo.com/nap-obc-indep/2026/02/14/73751405/f448026c2280a1c49cfc58acbf6f733e_6613811288245407827.png,1630,官方壁纸合集\EP短片壁纸合集\EP Redreaming Angel复梦天使壁纸,官方壁纸合集\EP短片壁纸合集\EP Redreaming Angel复梦天使壁纸\1599-1630-001-1.png,unchanged,wallpapers,1,https://act-upload.mihoyo.com/nap-obc-indep/2026/02/14/73751405/f448026c2280a1c49cfc58acbf6f733e_6613811288245407827.png
1599-1630-002-2,EP短片壁纸合集,1599,.png,1599-1630-002-2.png,EP Redreaming Angel复梦天使壁纸,wallpapers|1599|1630|2|https://act-upload.mihoyo.com/nap-obc-indep/2026/02/14/73751405/b1a7fdd2b0f766e04b7715e4f0419c4c_2423499391749682062.png,1630,官方壁纸合集\EP短片壁纸合集\EP Redreaming Angel复梦天使壁纸,官方壁纸合集\EP短片壁纸合集\EP Redreaming Angel复梦天使壁纸\1599-1630-002-2.png,unchanged,wallpapers,2,https://act-upload.mihoyo.com/nap-obc-indep/2026/02/14/73751405/b1a7fdd2b0f766e04b7715e4f0419c4c_2423499391749682062.png
1599-1630-003-3,EP短片壁纸合集,1599,.png,1599-1630-003-3.png,EP Redreaming Angel复梦天使壁纸,wallpapers|1599|1630|3|https://act-upload.mihoyo.com/nap-obc-indep/2026/02/14/73751405/cc6be3bf711640dc34a13f706bdbc377_1155586854121139625.png,1630,官方壁纸合集\EP短片壁纸合集\EP Redreaming Angel复梦天使壁纸,官方壁纸合集\EP短片壁纸合集\EP Redreaming Angel复梦天使壁纸\1599-1630-003-3.png,unchanged,wallpapers,3,https://act-upload.mihoyo.com/nap-obc-indep/2026/02/14/73751405/cc6be3bf711640dc34a13f706bdbc377_1155586854121139625.png
1599-1630-004-4,EP短片壁纸合集,1599,.png,1599-1630-004-4.png,EP Redreaming Angel复梦天使壁纸,wallpapers|1599|1630|4|https://act-upload.mihoyo.com/nap-obc-indep/2026/02/14/73751405/6e75972cf07998b10b48ee6afcde3a57_9020731484585083053.png,1630,官方壁纸合集\EP短片壁纸合集\EP Redreaming Angel复梦天使壁纸,官方壁纸合集\EP短片壁纸合集\EP Redreaming Angel复梦天使壁纸\1599-1630-004-4.png,unchanged,wallpapers,4,https://act-upload.mihoyo.com/nap-obc-indep/2026/02/14/73751405/6e75972cf07998b10b48ee6afcde3a57_9020731484585083053.png
1599-1630-005-5,EP短片壁纸合集,1599,.png,1599-1630-005-5.png,EP Redreaming Angel复梦天使壁纸,wallpapers|1599|1630|5|https://act-upload.mihoyo.com/nap-obc-indep/2026/02/14/73751405/7cfd633de23c8451a03bd0feded9c6c2_3187086297760080270.png,1630,官方壁纸合集\EP短片壁纸合集\EP Redreaming Angel复梦天使壁纸,官方壁纸合集\EP短片壁纸合集\EP Redreaming Angel复梦天使壁纸\1599-1630-005-5.png,unchanged,wallpapers,5,https://act-upload.mihoyo.com/nap-obc-indep/2026/02/14/73751405/7cfd633de23c8451a03bd0feded9c6c2_3187086297760080270.png
1599-1630-006-6,EP短片壁纸合集,1599,.png,1599-1630-006-6.png,EP Redreaming Angel复梦天使壁纸,wallpapers|1599|1630|6|https://act-upload.mihoyo.com/nap-obc-indep/2026/02/14/73751405/ea44dec314502dca433bf8dd1c1dded1_7535307068264560433.png,1630,官方壁纸合集\EP短片壁纸合集\EP Redreaming Angel复梦天使壁纸,官方壁纸合集\EP短片壁纸合集\EP Redreaming Angel复梦天使壁纸\1599-1630-006-6.png,unchanged,wallpapers,6,https://act-upload.mihoyo.com/nap-obc-indep/2026/02/14/73751405/ea44dec314502dca433bf8dd1c1dded1_7535307068264560433.png
1599-1630-007-7,EP短片壁纸合集,1599,.png,1599-1630-007-7.png,EP Redreaming Angel复梦天使壁纸,wallpapers|1599|1630|7|https://act-upload.mihoyo.com/nap-obc-indep/2026/02/14/73751405/e1c900758059e35242771399998b8020_7670401623509018187.png,1630,官方壁纸合集\EP短片壁纸合集\EP Redreaming Angel复梦天使壁纸,官方壁纸合集\EP短片壁纸合集\EP Redreaming Angel复梦天使壁纸\1599-1630-007-7.png,unchanged,wallpapers,7,https://act-upload.mihoyo.com/nap-obc-indep/2026/02/14/73751405/e1c900758059e35242771399998b8020_7670401623509018187.png
1599-1630-008-8,EP短片壁纸合集,1599,.png,1599-1630-008-8.png,EP Redreaming Angel复梦天使壁纸,wallpapers|1599|1630|8|https://act-upload.mihoyo.com/nap-obc-indep/2026/02/14/73751405/2fabe322702980d4e1e7696fb30f9395_4533985713763962438.png,1630,官方壁纸合集\EP短片壁纸合集\EP Redreaming Angel复梦天使壁纸,官方壁纸合集\EP短片壁纸合集\EP Redreaming Angel复梦天使壁纸\1599-1630-008-8.png,unchanged,wallpapers,8,https://act-upload.mihoyo.com/nap-obc-indep/2026/02/14/73751405/2fabe322702980d4e1e7696fb30f9395_4533985713763962438.png
1599-1630-009-9,EP短片壁纸合集,1599,.png,1599-1630-009-9.png,EP Redreaming Angel复梦天使壁纸,wallpapers|1599|1630|9|https://act-upload.mihoyo.com/nap-obc-indep/2026/02/14/73751405/cc649488285b3cc8107231dea790fca7_7584381099767570321.png,1630,官方壁纸合集\EP短片壁纸合集\EP Redreaming Angel复梦天使壁纸,官方壁纸合集\EP短片壁纸合集\EP Redreaming Angel复梦天使壁纸\1599-1630-009-9.png,unchanged,wallpapers,9,https://act-upload.mihoyo.com/nap-obc-indep/2026/02/14/73751405/cc649488285b3cc8107231dea790fca7_7584381099767570321.png
1599-1630-010-10,EP短片壁纸合集,1599,.png,1599-1630-010-10.png,EP Redreaming Angel复梦天使壁纸,wallpapers|1599|1630|10|https://act-upload.mihoyo.com/nap-obc-indep/2026/02/14/73751405/e33ac9016f2a4843d8b9e5f4351e73ca_5098047307707788022.png,1630,官方壁纸合集\EP短片壁纸合集\EP Redreaming Angel复梦天使壁纸,官方壁纸合集\EP短片壁纸合集\EP Redreaming Angel复梦天使壁纸\1599-1630-010-10.png,unchanged,wallpapers,10,https://act-upload.mihoyo.com/nap-obc-indep/2026/02/14/73751405/e33ac9016f2a4843d8b9e5f4351e73ca_5098047307707788022.png
1599-1630-011-11,EP短片壁纸合集,1599,.png,1599-1630-011-11.png,EP Redreaming Angel复梦天使壁纸,wallpapers|1599|1630|11|https://act-upload.mihoyo.com/nap-obc-indep/2026/02/14/73751405/9e33b8a2d5446093ff4d5fc68b4997a6_8888402771915569146.png,1630,官方壁纸合集\EP短片壁纸合集\EP Redreaming Angel复梦天使壁纸,官方壁纸合集\EP短片壁纸合集\EP Redreaming Angel复梦天使壁纸\1599-1630-011-11.png,unchanged,wallpapers,11,https://act-upload.mihoyo.com/nap-obc-indep/2026/02/14/73751405/9e33b8a2d5446093ff4d5fc68b4997a6_8888402771915569146.png
1599-1630-012-12,EP短片壁纸合集,1599,.png,1599-1630-012-12.png,EP Redreaming Angel复梦天使壁纸,wallpapers|1599|1630|12|https://act-upload.mihoyo.com/nap-obc-indep/2026/02/14/73751405/7f851367e152bf57e72dd35f62badc5e_6366096594966551366.png,1630,官方壁纸合集\EP短片壁纸合集\EP Redreaming Angel复梦天使壁纸,官方壁纸合集\EP短片壁纸合集\EP Redreaming Angel复梦天使壁纸\1599-1630-012-12.png,unchanged,wallpapers,12,https://act-upload.mihoyo.com/nap-obc-indep/2026/02/14/73751405/7f851367e152bf57e72dd35f62badc5e_6366096594966551366.png
1599-1630-013-13,EP短片壁纸合集,1599,.png,1599-1630-013-13.png,EP Redreaming Angel复梦天使壁纸,wallpapers|1599|1630|13|https://act-upload.mihoyo.com/nap-obc-indep/2026/02/14/73751405/35b9f6c43abbe78df6b4f0c91655eab9_2278882529843378850.png,1630,官方壁纸合集\EP短片壁纸合集\EP Redreaming Angel复梦天使壁纸,官方壁纸合集\EP短片壁纸合集\EP Redreaming Angel复梦天使壁纸\1599-1630-013-13.png,unchanged,wallpapers,13,https://act-upload.mihoyo.com/nap-obc-indep/2026/02/14/73751405/35b9f6c43abbe78df6b4f0c91655eab9_2278882529843378850.png
1599-1630-014-14,EP短片壁纸合集,1599,.png,1599-1630-014-14.png,EP Redreaming Angel复梦天使壁纸,wallpapers|1599|1630|14|https://act-upload.mihoyo.com/nap-obc-indep/2026/02/14/73751405/d272429b88d6394f640fa8bcbdd9a274_1308030173183751603.png,1630,官方壁纸合集\EP短片壁纸合集\EP Redreaming Angel复梦天使壁纸,官方壁纸合集\EP短片壁纸合集\EP Redreaming Angel复梦天使壁纸\1599-1630-014-14.png,unchanged,wallpapers,14,https://act-upload.mihoyo.com/nap-obc-indep/2026/02/14/73751405/d272429b88d6394f640fa8bcbdd9a274_1308030173183751603.png
1599-1630-015-15,EP短片壁纸合集,1599,.png,1599-1630-015-15.png,EP Redreaming Angel复梦天使壁纸,wallpapers|1599|1630|15|https://act-upload.mihoyo.com/nap-obc-indep/2026/02/14/73751405/fe344ccb89228a2dceacccd7b8f7fe82_1228234208726874280.png,1630,官方壁纸合集\EP短片壁纸合集\EP Redreaming Angel复梦天使壁纸,官方壁纸合集\EP短片壁纸合集\EP Redreaming Angel复梦天使壁纸\1599-1630-015-15.png,unchanged,wallpapers,15,https://act-upload.mihoyo.com/nap-obc-indep/2026/02/14/73751405/fe344ccb89228a2dceacccd7b8f7fe82_1228234208726874280.png
1599-1630-016-16,EP短片壁纸合集,1599,.png,1599-1630-016-16.png,EP Redreaming Angel复梦天使壁纸,wallpapers|1599|1630|16|https://act-upload.mihoyo.com/nap-obc-indep/2026/02/14/73751405/a1f0967d1f23d3277c7d31f9736e1142_7882476684815809689.png,1630,官方壁纸合集\EP短片壁纸合集\EP Redreaming Angel复梦天使壁纸,官方壁纸合集\EP短片壁纸合集\EP Redreaming Angel复梦天使壁纸\1599-1630-016-16.png,unchanged,wallpapers,16,https://act-upload.mihoyo.com/nap-obc-indep/2026/02/14/73751405/a1f0967d1f23d3277c7d31f9736e1142_7882476684815809689.png
1599-1630-017-17,EP短片壁纸合集,1599,.png,1599-1630-017-17.png,EP Redreaming Angel复梦天使壁纸,wallpapers|1599|1630|17|https://act-upload.mihoyo.com/nap-obc-indep/2026/02/14/73751405/28d850daa70676c488b96521c6439ac5_2709977953244910841.png,1630,官方壁纸合集\EP短片壁纸合集\EP Redreaming Angel复梦天使壁纸,官方壁纸合集\EP短片壁纸合集\EP Redreaming Angel复梦天使壁纸\1599-1630-017-17.png,unchanged,wallpapers,17,https://act-upload.mihoyo.com/nap-obc-indep/2026/02/14/73751405/28d850daa70676c488b96521c6439ac5_2709977953244910841.png
1599-1630-018-18,EP短片壁纸合集,1599,.png,1599-1630-018-18.png,EP Redreaming Angel复梦天使壁纸,wallpapers|1599|1630|18|https://act-upload.mihoyo.com/nap-obc-indep/2026/02/14/73751405/9d666e2dfb742a371a7cbaf748612b97_8656816442150528366.png,1630,官方壁纸合集\EP短片壁纸合集\EP Redreaming Angel复梦天使壁纸,官方壁纸合集\EP短片壁纸合集\EP Redreaming Angel复梦天使壁纸\1599-1630-018-18.png,unchanged,wallpapers,18,https://act-upload.mihoyo.com/nap-obc-indep/2026/02/14/73751405/9d666e2dfb742a371a7cbaf748612b97_8656816442150528366.png
1599-1630-019-19,EP短片壁纸合集,1599,.png,1599-1630-019-19.png,EP Redreaming Angel复梦天使壁纸,wallpapers|1599|1630|19|https://act-upload.mihoyo.com/nap-obc-indep/2026/02/14/73751405/a6b0bbc54aafd39257e3e078ae3cf22e_9123308497347543603.png,1630,官方壁纸合集\EP短片壁纸合集\EP Redreaming Angel复梦天使壁纸,官方壁纸合集\EP短片壁纸合集\EP Redreaming Angel复梦天使壁纸\1599-1630-019-19.png,unchanged,wallpapers,19,https://act-upload.mihoyo.com/nap-obc-indep/2026/02/14/73751405/a6b0bbc54aafd39257e3e078ae3cf22e_9123308497347543603.png
1599-1630-020-20,EP短片壁纸合集,1599,.png,1599-1630-020-20.png,EP Redreaming Angel复梦天使壁纸,wallpapers|1599|1630|20|https://act-upload.mihoyo.com/nap-obc-indep/2026/02/14/73751405/bfa1ace0ff5e53baa54c7fcb7cd13fe3_1861247486892928780.png,1630,官方壁纸合集\EP短片壁纸合集\EP Redreaming Angel复梦天使壁纸,官方壁纸合集\EP短片壁纸合集\EP Redreaming Angel复梦天使壁纸\1599-1630-020-20.png,unchanged,wallpapers,20,https://act-upload.mihoyo.com/nap-obc-indep/2026/02/14/73751405/bfa1ace0ff5e53baa54c7fcb7cd13fe3_1861247486892928780.png
1599-1630-021-21,EP短片壁纸合集,1599,.png,1599-1630-021-21.png,EP Redreaming Angel复梦天使壁纸,wallpapers|1599|1630|21|https://act-upload.mihoyo.com/nap-obc-indep/2026/02/14/73751405/cdfa94e8709bade235859467bcb82ce5_7050401071462178524.png,1630,官方壁纸合集\EP短片壁纸合集\EP Redreaming Angel复梦天使壁纸,官方壁纸合集\EP短片壁纸合集\EP Redreaming Angel复梦天使壁纸\1599-1630-021-21.png,unchanged,wallpapers,21,https://act-upload.mihoyo.com/nap-obc-indep/2026/02/14/73751405/cdfa94e8709bade235859467bcb82ce5_7050401071462178524.png
1599-1630-022-22,EP短片壁纸合集,1599,.png,1599-1630-022-22.png,EP Redreaming Angel复梦天使壁纸,wallpapers|1599|1630|22|https://act-upload.mihoyo.com/nap-obc-indep/2026/02/14/73751405/f7600307d7a9894b092c31d5d4de0c64_1188014396319289996.png,1630,官方壁纸合集\EP短片壁纸合集\EP Redreaming Angel复梦天使壁纸,官方壁纸合集\EP短片壁纸合集\EP Redreaming Angel复梦天使壁纸\1599-1630-022-22.png,unchanged,wallpapers,22,https://act-upload.mihoyo.com/nap-obc-indep/2026/02/14/73751405/f7600307d7a9894b092c31d5d4de0c64_1188014396319289996.png
1599-1630-023-23,EP短片壁纸合集,1599,.png,1599-1630-023-23.png,EP Redreaming Angel复梦天使壁纸,wallpapers|1599|1630|23|https://act-upload.mihoyo.com/nap-obc-indep/2026/02/14/73751405/e8ae787516994499241dc57f5dec9e4d_1811684255408000063.png,1630,官方壁纸合集\EP短片壁纸合集\EP Redreaming Angel复梦天使壁纸,官方壁纸合集\EP短片壁纸合集\EP Redreaming Angel复梦天使壁纸\1599-1630-023-23.png,unchanged,wallpapers,23,https://act-upload.mihoyo.com/nap-obc-indep/2026/02/14/73751405/e8ae787516994499241dc57f5dec9e4d_1811684255408000063.png
1599-1630-024-24,EP短片壁纸合集,1599,.png,1599-1630-024-24.png,EP Redreaming Angel复梦天使壁纸,wallpapers|1599|1630|24|https://act-upload.mihoyo.com/nap-obc-indep/2026/02/14/73751405/64a666d5e70f5eb3b6e332782b55f06d_8789722545846422213.png,1630,官方壁纸合集\EP短片壁纸合集\EP Redreaming Angel复梦天使壁纸,官方壁纸合集\EP短片壁纸合集\EP Redreaming Angel复梦天使壁纸\1599-1630-024-24.png,unchanged,wallpapers,24,https://act-upload.mihoyo.com/nap-obc-indep/2026/02/14/73751405/64a666d5e70f5eb3b6e332782b55f06d_8789722545846422213.png
1599-1630-025-25,EP短片壁纸合集,1599,.png,1599-1630-025-25.png,EP Redreaming Angel复梦天使壁纸,wallpapers|1599|1630|25|https://act-upload.mihoyo.com/nap-obc-indep/2026/02/14/73751405/40889c5bb3008a889c7cffff59afdac7_7259914139896181482.png,1630,官方壁纸合集\EP短片壁纸合集\EP Redreaming Angel复梦天使壁纸,官方壁纸合集\EP短片壁纸合集\EP Redreaming Angel复梦天使壁纸\1599-1630-025-25.png,unchanged,wallpapers,25,https://act-upload.mihoyo.com/nap-obc-indep/2026/02/14/73751405/40889c5bb3008a889c7cffff59afdac7_7259914139896181482.png
1599-1630-026-26,EP短片壁纸合集,1599,.png,1599-1630-026-26.png,EP Redreaming Angel复梦天使壁纸,wallpapers|1599|1630|26|https://act-upload.mihoyo.com/nap-obc-indep/2026/02/14/73751405/a6083c7c8c906889d217d3b4e6dd47a9_4457837895476542459.png,1630,官方壁纸合集\EP短片壁纸合集\EP Redreaming Angel复梦天使壁纸,官方壁纸合集\EP短片壁纸合集\EP Redreaming Angel复梦天使壁纸\1599-1630-026-26.png,unchanged,wallpapers,26,https://act-upload.mihoyo.com/nap-obc-indep/2026/02/14/73751405/a6083c7c8c906889d217d3b4e6dd47a9_4457837895476542459.png
1599-1630-027-27,EP短片壁纸合集,1599,.png,1599-1630-027-27.png,EP Redreaming Angel复梦天使壁纸,wallpapers|1599|1630|27|https://act-upload.mihoyo.com/nap-obc-indep/2026/02/14/73751405/9bdc9146d0d733ac2c117a35fb33f78a_1308866215806956637.png,1630,官方壁纸合集\EP短片壁纸合集\EP Redreaming Angel复梦天使壁纸,官方壁纸合集\EP短片壁纸合集\EP Redreaming Angel复梦天使壁纸\1599-1630-027-27.png,unchanged,wallpapers,27,https://act-upload.mihoyo.com/nap-obc-indep/2026/02/14/73751405/9bdc9146d0d733ac2c117a35fb33f78a_1308866215806956637.png
1599-1630-028-28,EP短片壁纸合集,1599,.png,1599-1630-028-28.png,EP Redreaming Angel复梦天使壁纸,wallpapers|1599|1630|28|https://act-upload.mihoyo.com/nap-obc-indep/2026/02/14/73751405/8926c6ee92a8b6c512eb737a6e4dc50f_8151430637165749060.png,1630,官方壁纸合集\EP短片壁纸合集\EP Redreaming Angel复梦天使壁纸,官方壁纸合集\EP短片壁纸合集\EP Redreaming Angel复梦天使壁纸\1599-1630-028-28.png,unchanged,wallpapers,28,https://act-upload.mihoyo.com/nap-obc-indep/2026/02/14/73751405/8926c6ee92a8b6c512eb737a6e4dc50f_8151430637165749060.png
1599-1630-029-29,EP短片壁纸合集,1599,.png,1599-1630-029-29.png,EP Redreaming Angel复梦天使壁纸,wallpapers|1599|1630|29|https://act-upload.mihoyo.com/nap-obc-indep/2026/02/14/73751405/7f5f8691390d0b7a5c1d400ab23a2729_5664417778846610702.png,1630,官方壁纸合集\EP短片壁纸合集\EP Redreaming Angel复梦天使壁纸,官方壁纸合集\EP短片壁纸合集\EP Redreaming Angel复梦天使壁纸\1599-1630-029-29.png,unchanged,wallpapers,29,https://act-upload.mihoyo.com/nap-obc-indep/2026/02/14/73751405/7f5f8691390d0b7a5c1d400ab23a2729_5664417778846610702.png
1599-1630-030-30,EP短片壁纸合集,1599,.png,1599-1630-030-30.png,EP Redreaming Angel复梦天使壁纸,wallpapers|1599|1630|30|https://act-upload.mihoyo.com/nap-obc-indep/2026/02/14/73751405/c17a7d27547b714c7e91d2fd86e689bc_4697894594256545225.png,1630,官方壁纸合集\EP短片壁纸合集\EP Redreaming Angel复梦天使壁纸,官方壁纸合集\EP短片壁纸合集\EP Redreaming Angel复梦天使壁纸\1599-1630-030-30.png,unchanged,wallpapers,30,https://act-upload.mihoyo.com/nap-obc-indep/2026/02/14/73751405/c17a7d27547b714c7e91d2fd86e689bc_4697894594256545225.png
1599-1630-031-31,EP短片壁纸合集,1599,.png,1599-1630-031-31.png,EP Redreaming Angel复梦天使壁纸,wallpapers|1599|1630|31|https://act-upload.mihoyo.com/nap-obc-indep/2026/02/14/73751405/de1458b7ef3ae60a2e089de802fde2ed_2369957632218635863.png,1630,官方壁纸合集\EP短片壁纸合集\EP Redreaming Angel复梦天使壁纸,官方壁纸合集\EP短片壁纸合集\EP Redreaming Angel复梦天使壁纸\1599-1630-031-31.png,unchanged,wallpapers,31,https://act-upload.mihoyo.com/nap-obc-indep/2026/02/14/73751405/de1458b7ef3ae60a2e089de802fde2ed_2369957632218635863.png
1599-1630-032-32,EP短片壁纸合集,1599,.png,1599-1630-032-32.png,EP Redreaming Angel复梦天使壁纸,wallpapers|1599|1630|32|https://act-upload.mihoyo.com/nap-obc-indep/2026/02/14/73751405/ede5cda4dae788083fd106fa946753a7_8175122490189735815.png,1630,官方壁纸合集\EP短片壁纸合集\EP Redreaming Angel复梦天使壁纸,官方壁纸合集\EP短片壁纸合集\EP Redreaming Angel复梦天使壁纸\1599-1630-032-32.png,unchanged,wallpapers,32,https://act-upload.mihoyo.com/nap-obc-indep/2026/02/14/73751405/ede5cda4dae788083fd106fa946753a7_8175122490189735815.png
1599-1630-033-33,EP短片壁纸合集,1599,.png,1599-1630-033-33.png,EP Redreaming Angel复梦天使壁纸,wallpapers|1599|1630|33|https://act-upload.mihoyo.com/nap-obc-indep/2026/02/14/73751405/76fcfbe1e069af82d235ee494b1ba9ac_1290944535911968716.png,1630,官方壁纸合集\EP短片壁纸合集\EP Redreaming Angel复梦天使壁纸,官方壁纸合集\EP短片壁纸合集\EP Redreaming Angel复梦天使壁纸\1599-1630-033-33.png,unchanged,wallpapers,33,https://act-upload.mihoyo.com/nap-obc-indep/2026/02/14/73751405/76fcfbe1e069af82d235ee494b1ba9ac_1290944535911968716.png
1599-1630-034-34,EP短片壁纸合集,1599,.png,1599-1630-034-34.png,EP Redreaming Angel复梦天使壁纸,wallpapers|1599|1630|34|https://act-upload.mihoyo.com/nap-obc-indep/2026/02/14/73751405/fa64b7825c7b5cb5b3572f66dd43773b_4204604911906781847.png,1630,官方壁纸合集\EP短片壁纸合集\EP Redreaming Angel复梦天使壁纸,官方壁纸合集\EP短片壁纸合集\EP Redreaming Angel复梦天使壁纸\1599-1630-034-34.png,unchanged,wallpapers,34,https://act-upload.mihoyo.com/nap-obc-indep/2026/02/14/73751405/fa64b7825c7b5cb5b3572f66dd43773b_4204604911906781847.png
1599-1630-035-35,EP短片壁纸合集,1599,.png,1599-1630-035-35.png,EP Redreaming Angel复梦天使壁纸,wallpapers|1599|1630|35|https://act-upload.mihoyo.com/nap-obc-indep/2026/02/14/73751405/3de1e701aa8c5e78f6f018b01db7f9a4_3404559212129217522.png,1630,官方壁纸合集\EP短片壁纸合集\EP Redreaming Angel复梦天使壁纸,官方壁纸合集\EP短片壁纸合集\EP Redreaming Angel复梦天使壁纸\1599-1630-035-35.png,unchanged,wallpapers,35,https://act-upload.mihoyo.com/nap-obc-indep/2026/02/14/73751405/3de1e701aa8c5e78f6f018b01db7f9a4_3404559212129217522.png
1599-1630-036-36,EP短片壁纸合集,1599,.png,1599-1630-036-36.png,EP Redreaming Angel复梦天使壁纸,wallpapers|1599|1630|36|https://act-upload.mihoyo.com/nap-obc-indep/2026/02/14/73751405/77da6fc6ae3bbb946d787bbafdbe6d46_2721883495240355669.png,1630,官方壁纸合集\EP短片壁纸合集\EP Redreaming Angel复梦天使壁纸,官方壁纸合集\EP短片壁纸合集\EP Redreaming Angel复梦天使壁纸\1599-1630-036-36.png,unchanged,wallpapers,36,https://act-upload.mihoyo.com/nap-obc-indep/2026/02/14/73751405/77da6fc6ae3bbb946d787bbafdbe6d46_2721883495240355669.png
1599-1630-037-37,EP短片壁纸合集,1599,.png,1599-1630-037-37.png,EP Redreaming Angel复梦天使壁纸,wallpapers|1599|1630|37|https://act-upload.mihoyo.com/nap-obc-indep/2026/02/14/73751405/baffbe6690d7690fc8c6817a3931d61d_8772176415885941882.png,1630,官方壁纸合集\EP短片壁纸合集\EP Redreaming Angel复梦天使壁纸,官方壁纸合集\EP短片壁纸合集\EP Redreaming Angel复梦天使壁纸\1599-1630-037-37.png,unchanged,wallpapers,37,https://act-upload.mihoyo.com/nap-obc-indep/2026/02/14/73751405/baffbe6690d7690fc8c6817a3931d61d_8772176415885941882.png
1599-1414-001-1,EP短片壁纸合集,1599,.png,1599-1414-001-1.png,卢西娅EP壁纸(2560x1080),wallpapers|1599|1414|1|https://act-upload.mihoyo.com/nap-obc-indep/2025/10/21/73751405/c00ee6f64c69a015a61541325e7d9aed_352499742213171219.png,1414,官方壁纸合集\EP短片壁纸合集\卢西娅EP壁纸(2560x1080),官方壁纸合集\EP短片壁纸合集\卢西娅EP壁纸(2560x1080)\1599-1414-001-1.png,unchanged,wallpapers,1,https://act-upload.mihoyo.com/nap-obc-indep/2025/10/21/73751405/c00ee6f64c69a015a61541325e7d9aed_352499742213171219.png
1599-1414-002-2,EP短片壁纸合集,1599,.png,1599-1414-002-2.png,卢西娅EP壁纸(2560x1080),wallpapers|1599|1414|2|https://act-upload.mihoyo.com/nap-obc-indep/2025/10/21/73751405/ca9d215f69d9e1ceb2b5dc752c7fbce5_8903892869827853211.png,1414,官方壁纸合集\EP短片壁纸合集\卢西娅EP壁纸(2560x1080),官方壁纸合集\EP短片壁纸合集\卢西娅EP壁纸(2560x1080)\1599-1414-002-2.png,unchanged,wallpapers,2,https://act-upload.mihoyo.com/nap-obc-indep/2025/10/21/73751405/ca9d215f69d9e1ceb2b5dc752c7fbce5_8903892869827853211.png
1599-1414-003-3,EP短片壁纸合集,1599,.png,1599-1414-003-3.png,卢西娅EP壁纸(2560x1080),wallpapers|1599|1414|3|https://act-upload.mihoyo.com/nap-obc-indep/2025/10/21/73751405/9c11836d57a3c8b7deee302025c14289_7959161075005559336.png,1414,官方壁纸合集\EP短片壁纸合集\卢西娅EP壁纸(2560x1080),官方壁纸合集\EP短片壁纸合集\卢西娅EP壁纸(2560x1080)\1599-1414-003-3.png,unchanged,wallpapers,3,https://act-upload.mihoyo.com/nap-obc-indep/2025/10/21/73751405/9c11836d57a3c8b7deee302025c14289_7959161075005559336.png
1599-1414-004-4,EP短片壁纸合集,1599,.png,1599-1414-004-4.png,卢西娅EP壁纸(2560x1080),wallpapers|1599|1414|4|https://act-upload.mihoyo.com/nap-obc-indep/2025/10/21/73751405/f5360236562339d63141d13c6b67b7d7_289235801017057504.png,1414,官方壁纸合集\EP短片壁纸合集\卢西娅EP壁纸(2560x1080),官方壁纸合集\EP短片壁纸合集\卢西娅EP壁纸(2560x1080)\1599-1414-004-4.png,unchanged,wallpapers,4,https://act-upload.mihoyo.com/nap-obc-indep/2025/10/21/73751405/f5360236562339d63141d13c6b67b7d7_289235801017057504.png
1599-1414-005-5,EP短片壁纸合集,1599,.png,1599-1414-005-5.png,卢西娅EP壁纸(2560x1080),wallpapers|1599|1414|5|https://act-upload.mihoyo.com/nap-obc-indep/2025/10/21/73751405/05533ba85e18826ca43822be640e0ae3_1476493744955150269.png,1414,官方壁纸合集\EP短片壁纸合集\卢西娅EP壁纸(2560x1080),官方壁纸合集\EP短片壁纸合集\卢西娅EP壁纸(2560x1080)\1599-1414-005-5.png,unchanged,wallpapers,5,https://act-upload.mihoyo.com/nap-obc-indep/2025/10/21/73751405/05533ba85e18826ca43822be640e0ae3_1476493744955150269.png
1599-1414-006-6,EP短片壁纸合集,1599,.png,1599-1414-006-6.png,卢西娅EP壁纸(2560x1080),wallpapers|1599|1414|6|https://act-upload.mihoyo.com/nap-obc-indep/2025/10/21/73751405/436babf1dda32b55581f88d43813f002_74194735102963822.png,1414,官方壁纸合集\EP短片壁纸合集\卢西娅EP壁纸(2560x1080),官方壁纸合集\EP短片壁纸合集\卢西娅EP壁纸(2560x1080)\1599-1414-006-6.png,unchanged,wallpapers,6,https://act-upload.mihoyo.com/nap-obc-indep/2025/10/21/73751405/436babf1dda32b55581f88d43813f002_74194735102963822.png
1599-1414-007-7,EP短片壁纸合集,1599,.png,1599-1414-007-7.png,卢西娅EP壁纸(2560x1080),wallpapers|1599|1414|7|https://act-upload.mihoyo.com/nap-obc-indep/2025/10/21/73751405/9d1e1d825546dbcb8779753a1ef10b5e_6682044276888918840.png,1414,官方壁纸合集\EP短片壁纸合集\卢西娅EP壁纸(2560x1080),官方壁纸合集\EP短片壁纸合集\卢西娅EP壁纸(2560x1080)\1599-1414-007-7.png,unchanged,wallpapers,7,https://act-upload.mihoyo.com/nap-obc-indep/2025/10/21/73751405/9d1e1d825546dbcb8779753a1ef10b5e_6682044276888918840.png
1599-1414-008-8,EP短片壁纸合集,1599,.png,1599-1414-008-8.png,卢西娅EP壁纸(2560x1080),wallpapers|1599|1414|8|https://act-upload.mihoyo.com/nap-obc-indep/2025/10/21/73751405/0d583c7869f972656cb05bedd6d2a651_6931540282871132770.png,1414,官方壁纸合集\EP短片壁纸合集\卢西娅EP壁纸(2560x1080),官方壁纸合集\EP短片壁纸合集\卢西娅EP壁纸(2560x1080)\1599-1414-008-8.png,unchanged,wallpapers,8,https://act-upload.mihoyo.com/nap-obc-indep/2025/10/21/73751405/0d583c7869f972656cb05bedd6d2a651_6931540282871132770.png
1599-1414-009-9,EP短片壁纸合集,1599,.png,1599-1414-009-9.png,卢西娅EP壁纸(2560x1080),wallpapers|1599|1414|9|https://act-upload.mihoyo.com/nap-obc-indep/2025/10/21/73751405/6c1a596a56fd4209750137402609e61e_8848739508027418664.png,1414,官方壁纸合集\EP短片壁纸合集\卢西娅EP壁纸(2560x1080),官方壁纸合集\EP短片壁纸合集\卢西娅EP壁纸(2560x1080)\1599-1414-009-9.png,unchanged,wallpapers,9,https://act-upload.mihoyo.com/nap-obc-indep/2025/10/21/73751405/6c1a596a56fd4209750137402609e61e_8848739508027418664.png
1599-1414-010-10,EP短片壁纸合集,1599,.png,1599-1414-010-10.png,卢西娅EP壁纸(2560x1080),wallpapers|1599|1414|10|https://act-upload.mihoyo.com/nap-obc-indep/2025/10/21/73751405/b9cafc35e568f1b9776a7a0cb74cc082_2134876960955315146.png,1414,官方壁纸合集\EP短片壁纸合集\卢西娅EP壁纸(2560x1080),官方壁纸合集\EP短片壁纸合集\卢西娅EP壁纸(2560x1080)\1599-1414-010-10.png,unchanged,wallpapers,10,https://act-upload.mihoyo.com/nap-obc-indep/2025/10/21/73751405/b9cafc35e568f1b9776a7a0cb74cc082_2134876960955315146.png
1599-1414-011-11,EP短片壁纸合集,1599,.png,1599-1414-011-11.png,卢西娅EP壁纸(2560x1080),wallpapers|1599|1414|11|https://act-upload.mihoyo.com/nap-obc-indep/2025/10/21/73751405/41e893df4bbd955f6e78ae3d14f23bde_8142181342047743171.png,1414,官方壁纸合集\EP短片壁纸合集\卢西娅EP壁纸(2560x1080),官方壁纸合集\EP短片壁纸合集\卢西娅EP壁纸(2560x1080)\1599-1414-011-11.png,unchanged,wallpapers,11,https://act-upload.mihoyo.com/nap-obc-indep/2025/10/21/73751405/41e893df4bbd955f6e78ae3d14f23bde_8142181342047743171.png
1599-1414-012-12,EP短片壁纸合集,1599,.png,1599-1414-012-12.png,卢西娅EP壁纸(2560x1080),wallpapers|1599|1414|12|https://act-upload.mihoyo.com/nap-obc-indep/2025/10/21/73751405/2b5e31e55580f0bc3e2640cd691e451c_3925029520095058994.png,1414,官方壁纸合集\EP短片壁纸合集\卢西娅EP壁纸(2560x1080),官方壁纸合集\EP短片壁纸合集\卢西娅EP壁纸(2560x1080)\1599-1414-012-12.png,unchanged,wallpapers,12,https://act-upload.mihoyo.com/nap-obc-indep/2025/10/21/73751405/2b5e31e55580f0bc3e2640cd691e451c_3925029520095058994.png
1599-1414-013-13,EP短片壁纸合集,1599,.png,1599-1414-013-13.png,卢西娅EP壁纸(2560x1080),wallpapers|1599|1414|13|https://act-upload.mihoyo.com/nap-obc-indep/2025/10/21/73751405/60af0675169eaf46a0c08052c61bdb55_23760672719911390.png,1414,官方壁纸合集\EP短片壁纸合集\卢西娅EP壁纸(2560x1080),官方壁纸合集\EP短片壁纸合集\卢西娅EP壁纸(2560x1080)\1599-1414-013-13.png,unchanged,wallpapers,13,https://act-upload.mihoyo.com/nap-obc-indep/2025/10/21/73751405/60af0675169eaf46a0c08052c61bdb55_23760672719911390.png
1599-1414-014-14,EP短片壁纸合集,1599,.png,1599-1414-014-14.png,卢西娅EP壁纸(2560x1080),wallpapers|1599|1414|14|https://act-upload.mihoyo.com/nap-obc-indep/2025/10/21/73751405/bd4d1d1ada348bb75344db22007f6471_7134946112577119189.png,1414,官方壁纸合集\EP短片壁纸合集\卢西娅EP壁纸(2560x1080),官方壁纸合集\EP短片壁纸合集\卢西娅EP壁纸(2560x1080)\1599-1414-014-14.png,unchanged,wallpapers,14,https://act-upload.mihoyo.com/nap-obc-indep/2025/10/21/73751405/bd4d1d1ada348bb75344db22007f6471_7134946112577119189.png
1599-1414-015-15,EP短片壁纸合集,1599,.png,1599-1414-015-15.png,卢西娅EP壁纸(2560x1080),wallpapers|1599|1414|15|https://act-upload.mihoyo.com/nap-obc-indep/2025/10/21/73751405/fe53272027fc4575afcc05bafdb97e4d_6595793586082147115.png,1414,官方壁纸合集\EP短片壁纸合集\卢西娅EP壁纸(2560x1080),官方壁纸合集\EP短片壁纸合集\卢西娅EP壁纸(2560x1080)\1599-1414-015-15.png,unchanged,wallpapers,15,https://act-upload.mihoyo.com/nap-obc-indep/2025/10/21/73751405/fe53272027fc4575afcc05bafdb97e4d_6595793586082147115.png
1599-1414-016-16,EP短片壁纸合集,1599,.png,1599-1414-016-16.png,卢西娅EP壁纸(2560x1080),wallpapers|1599|1414|16|https://act-upload.mihoyo.com/nap-obc-indep/2025/10/21/73751405/e4febaf66cfc43b9dba3b83c2fc3a9c0_4844886462638539526.png,1414,官方壁纸合集\EP短片壁纸合集\卢西娅EP壁纸(2560x1080),官方壁纸合集\EP短片壁纸合集\卢西娅EP壁纸(2560x1080)\1599-1414-016-16.png,unchanged,wallpapers,16,https://act-upload.mihoyo.com/nap-obc-indep/2025/10/21/73751405/e4febaf66cfc43b9dba3b83c2fc3a9c0_4844886462638539526.png
1599-1414-017-17,EP短片壁纸合集,1599,.png,1599-1414-017-17.png,卢西娅EP壁纸(2560x1080),wallpapers|1599|1414|17|https://act-upload.mihoyo.com/nap-obc-indep/2025/10/21/73751405/13f238e01ea9b52c08f5c860b48d0d0f_859220502848651643.png,1414,官方壁纸合集\EP短片壁纸合集\卢西娅EP壁纸(2560x1080),官方壁纸合集\EP短片壁纸合集\卢西娅EP壁纸(2560x1080)\1599-1414-017-17.png,unchanged,wallpapers,17,https://act-upload.mihoyo.com/nap-obc-indep/2025/10/21/73751405/13f238e01ea9b52c08f5c860b48d0d0f_859220502848651643.png
1599-1414-018-18,EP短片壁纸合集,1599,.png,1599-1414-018-18.png,卢西娅EP壁纸(2560x1080),wallpapers|1599|1414|18|https://act-upload.mihoyo.com/nap-obc-indep/2025/10/21/73751405/9aaa07fc804c7d43473180d289a1278a_1321789488528669841.png,1414,官方壁纸合集\EP短片壁纸合集\卢西娅EP壁纸(2560x1080),官方壁纸合集\EP短片壁纸合集\卢西娅EP壁纸(2560x1080)\1599-1414-018-18.png,unchanged,wallpapers,18,https://act-upload.mihoyo.com/nap-obc-indep/2025/10/21/73751405/9aaa07fc804c7d43473180d289a1278a_1321789488528669841.png
1599-1414-019-19,EP短片壁纸合集,1599,.png,1599-1414-019-19.png,卢西娅EP壁纸(2560x1080),wallpapers|1599|1414|19|https://act-upload.mihoyo.com/nap-obc-indep/2025/10/21/73751405/7eb2d4f3c7a805648aa4f26e843d7579_1976870482528679543.png,1414,官方壁纸合集\EP短片壁纸合集\卢西娅EP壁纸(2560x1080),官方壁纸合集\EP短片壁纸合集\卢西娅EP壁纸(2560x1080)\1599-1414-019-19.png,unchanged,wallpapers,19,https://act-upload.mihoyo.com/nap-obc-indep/2025/10/21/73751405/7eb2d4f3c7a805648aa4f26e843d7579_1976870482528679543.png
1599-1414-020-20,EP短片壁纸合集,1599,.png,1599-1414-020-20.png,卢西娅EP壁纸(2560x1080),wallpapers|1599|1414|20|https://act-upload.mihoyo.com/nap-obc-indep/2025/10/21/73751405/4054d785a168bff8a0f7520c5ce23f32_6413395596574279009.png,1414,官方壁纸合集\EP短片壁纸合集\卢西娅EP壁纸(2560x1080),官方壁纸合集\EP短片壁纸合集\卢西娅EP壁纸(2560x1080)\1599-1414-020-20.png,unchanged,wallpapers,20,https://act-upload.mihoyo.com/nap-obc-indep/2025/10/21/73751405/4054d785a168bff8a0f7520c5ce23f32_6413395596574279009.png
1599-1414-021-21,EP短片壁纸合集,1599,.png,1599-1414-021-21.png,卢西娅EP壁纸(2560x1080),wallpapers|1599|1414|21|https://act-upload.mihoyo.com/nap-obc-indep/2025/10/21/73751405/ca986636a3efb8b38f022c0cfe27427d_73051516040889126.png,1414,官方壁纸合集\EP短片壁纸合集\卢西娅EP壁纸(2560x1080),官方壁纸合集\EP短片壁纸合集\卢西娅EP壁纸(2560x1080)\1599-1414-021-21.png,unchanged,wallpapers,21,https://act-upload.mihoyo.com/nap-obc-indep/2025/10/21/73751405/ca986636a3efb8b38f022c0cfe27427d_73051516040889126.png
1599-1414-022-22,EP短片壁纸合集,1599,.png,1599-1414-022-22.png,卢西娅EP壁纸(2560x1080),wallpapers|1599|1414|22|https://act-upload.mihoyo.com/nap-obc-indep/2025/10/21/73751405/0230ef96feb09107ccd948311856d9d1_6430086259017888364.png,1414,官方壁纸合集\EP短片壁纸合集\卢西娅EP壁纸(2560x1080),官方壁纸合集\EP短片壁纸合集\卢西娅EP壁纸(2560x1080)\1599-1414-022-22.png,unchanged,wallpapers,22,https://act-upload.mihoyo.com/nap-obc-indep/2025/10/21/73751405/0230ef96feb09107ccd948311856d9d1_6430086259017888364.png
1599-1414-023-23,EP短片壁纸合集,1599,.png,1599-1414-023-23.png,卢西娅EP壁纸(2560x1080),wallpapers|1599|1414|23|https://act-upload.mihoyo.com/nap-obc-indep/2025/10/21/73751405/a230ffbd3ee451245d366ca99626d498_422283006826990547.png,1414,官方壁纸合集\EP短片壁纸合集\卢西娅EP壁纸(2560x1080),官方壁纸合集\EP短片壁纸合集\卢西娅EP壁纸(2560x1080)\1599-1414-023-23.png,unchanged,wallpapers,23,https://act-upload.mihoyo.com/nap-obc-indep/2025/10/21/73751405/a230ffbd3ee451245d366ca99626d498_422283006826990547.png
1599-1414-024-24,EP短片壁纸合集,1599,.png,1599-1414-024-24.png,卢西娅EP壁纸(2560x1080),wallpapers|1599|1414|24|https://act-upload.mihoyo.com/nap-obc-indep/2025/10/21/73751405/febf5bb13c2ebef8fec532c4a49830d3_7292728356616722024.png,1414,官方壁纸合集\EP短片壁纸合集\卢西娅EP壁纸(2560x1080),官方壁纸合集\EP短片壁纸合集\卢西娅EP壁纸(2560x1080)\1599-1414-024-24.png,unchanged,wallpapers,24,https://act-upload.mihoyo.com/nap-obc-indep/2025/10/21/73751405/febf5bb13c2ebef8fec532c4a49830d3_7292728356616722024.png
1599-1414-025-25,EP短片壁纸合集,1599,.png,1599-1414-025-25.png,卢西娅EP壁纸(2560x1080),wallpapers|1599|1414|25|https://act-upload.mihoyo.com/nap-obc-indep/2025/10/21/73751405/7a8053f9b3fa53909dc36575eb6e5148_912293914251719750.png,1414,官方壁纸合集\EP短片壁纸合集\卢西娅EP壁纸(2560x1080),官方壁纸合集\EP短片壁纸合集\卢西娅EP壁纸(2560x1080)\1599-1414-025-25.png,unchanged,wallpapers,25,https://act-upload.mihoyo.com/nap-obc-indep/2025/10/21/73751405/7a8053f9b3fa53909dc36575eb6e5148_912293914251719750.png
1599-1414-026-26,EP短片壁纸合集,1599,.png,1599-1414-026-26.png,卢西娅EP壁纸(2560x1080),wallpapers|1599|1414|26|https://act-upload.mihoyo.com/nap-obc-indep/2025/10/21/73751405/6e643b80f612aad43ce873540a609e91_9122160133263671072.png,1414,官方壁纸合集\EP短片壁纸合集\卢西娅EP壁纸(2560x1080),官方壁纸合集\EP短片壁纸合集\卢西娅EP壁纸(2560x1080)\1599-1414-026-26.png,unchanged,wallpapers,26,https://act-upload.mihoyo.com/nap-obc-indep/2025/10/21/73751405/6e643b80f612aad43ce873540a609e91_9122160133263671072.png
1599-1414-027-27,EP短片壁纸合集,1599,.png,1599-1414-027-27.png,卢西娅EP壁纸(2560x1080),wallpapers|1599|1414|27|https://act-upload.mihoyo.com/nap-obc-indep/2025/10/21/73751405/be548d3653d51e89950b3ca352d421d5_8347434015594682339.png,1414,官方壁纸合集\EP短片壁纸合集\卢西娅EP壁纸(2560x1080),官方壁纸合集\EP短片壁纸合集\卢西娅EP壁纸(2560x1080)\1599-1414-027-27.png,unchanged,wallpapers,27,https://act-upload.mihoyo.com/nap-obc-indep/2025/10/21/73751405/be548d3653d51e89950b3ca352d421d5_8347434015594682339.png
1599-1414-028-28,EP短片壁纸合集,1599,.png,1599-1414-028-28.png,卢西娅EP壁纸(2560x1080),wallpapers|1599|1414|28|https://act-upload.mihoyo.com/nap-obc-indep/2025/10/21/73751405/2d0fc42fca9f670040af3da5feb5be46_2649005083087919099.png,1414,官方壁纸合集\EP短片壁纸合集\卢西娅EP壁纸(2560x1080),官方壁纸合集\EP短片壁纸合集\卢西娅EP壁纸(2560x1080)\1599-1414-028-28.png,unchanged,wallpapers,28,https://act-upload.mihoyo.com/nap-obc-indep/2025/10/21/73751405/2d0fc42fca9f670040af3da5feb5be46_2649005083087919099.png
1599-1414-029-29,EP短片壁纸合集,1599,.png,1599-1414-029-29.png,卢西娅EP壁纸(2560x1080),wallpapers|1599|1414|29|https://act-upload.mihoyo.com/nap-obc-indep/2025/10/21/73751405/1304a202537860f455f39404dea65538_8753041258080253571.png,1414,官方壁纸合集\EP短片壁纸合集\卢西娅EP壁纸(2560x1080),官方壁纸合集\EP短片壁纸合集\卢西娅EP壁纸(2560x1080)\1599-1414-029-29.png,unchanged,wallpapers,29,https://act-upload.mihoyo.com/nap-obc-indep/2025/10/21/73751405/1304a202537860f455f39404dea65538_8753041258080253571.png
1599-1414-030-30,EP短片壁纸合集,1599,.png,1599-1414-030-30.png,卢西娅EP壁纸(2560x1080),wallpapers|1599|1414|30|https://act-upload.mihoyo.com/nap-obc-indep/2025/10/21/73751405/0564f89e7dd7b1e6d8b0d168fbbbde62_3043463342453764781.png,1414,官方壁纸合集\EP短片壁纸合集\卢西娅EP壁纸(2560x1080),官方壁纸合集\EP短片壁纸合集\卢西娅EP壁纸(2560x1080)\1599-1414-030-30.png,unchanged,wallpapers,30,https://act-upload.mihoyo.com/nap-obc-indep/2025/10/21/73751405/0564f89e7dd7b1e6d8b0d168fbbbde62_3043463342453764781.png
1599-1414-031-31,EP短片壁纸合集,1599,.png,1599-1414-031-31.png,卢西娅EP壁纸(2560x1080),wallpapers|1599|1414|31|https://act-upload.mihoyo.com/nap-obc-indep/2025/10/21/73751405/d321929105626a5a91fd3d757b0c9221_8985731298150263618.png,1414,官方壁纸合集\EP短片壁纸合集\卢西娅EP壁纸(2560x1080),官方壁纸合集\EP短片壁纸合集\卢西娅EP壁纸(2560x1080)\1599-1414-031-31.png,unchanged,wallpapers,31,https://act-upload.mihoyo.com/nap-obc-indep/2025/10/21/73751405/d321929105626a5a91fd3d757b0c9221_8985731298150263618.png
1599-1414-032-32,EP短片壁纸合集,1599,.png,1599-1414-032-32.png,卢西娅EP壁纸(2560x1080),wallpapers|1599|1414|32|https://act-upload.mihoyo.com/nap-obc-indep/2025/10/21/73751405/7d5ad4cf2fe8c5a2ccb6264e3e95d811_456912782206148033.png,1414,官方壁纸合集\EP短片壁纸合集\卢西娅EP壁纸(2560x1080),官方壁纸合集\EP短片壁纸合集\卢西娅EP壁纸(2560x1080)\1599-1414-032-32.png,unchanged,wallpapers,32,https://act-upload.mihoyo.com/nap-obc-indep/2025/10/21/73751405/7d5ad4cf2fe8c5a2ccb6264e3e95d811_456912782206148033.png
1599-1414-033-33,EP短片壁纸合集,1599,.png,1599-1414-033-33.png,卢西娅EP壁纸(2560x1080),wallpapers|1599|1414|33|https://act-upload.mihoyo.com/nap-obc-indep/2025/10/21/73751405/88324a7247781d3e53181b445ae26368_5756702875808173687.png,1414,官方壁纸合集\EP短片壁纸合集\卢西娅EP壁纸(2560x1080),官方壁纸合集\EP短片壁纸合集\卢西娅EP壁纸(2560x1080)\1599-1414-033-33.png,unchanged,wallpapers,33,https://act-upload.mihoyo.com/nap-obc-indep/2025/10/21/73751405/88324a7247781d3e53181b445ae26368_5756702875808173687.png
1599-1414-034-34,EP短片壁纸合集,1599,.png,1599-1414-034-34.png,卢西娅EP壁纸(2560x1080),wallpapers|1599|1414|34|https://act-upload.mihoyo.com/nap-obc-indep/2025/10/21/73751405/ac0f06078d674964674f8cb5fe058ffd_7270726721923288818.png,1414,官方壁纸合集\EP短片壁纸合集\卢西娅EP壁纸(2560x1080),官方壁纸合集\EP短片壁纸合集\卢西娅EP壁纸(2560x1080)\1599-1414-034-34.png,unchanged,wallpapers,34,https://act-upload.mihoyo.com/nap-obc-indep/2025/10/21/73751405/ac0f06078d674964674f8cb5fe058ffd_7270726721923288818.png
1599-1414-035-35,EP短片壁纸合集,1599,.png,1599-1414-035-35.png,卢西娅EP壁纸(2560x1080),wallpapers|1599|1414|35|https://act-upload.mihoyo.com/nap-obc-indep/2025/10/21/73751405/b9539266e2accae9f39b01105cbce988_1919021850000886073.png,1414,官方壁纸合集\EP短片壁纸合集\卢西娅EP壁纸(2560x1080),官方壁纸合集\EP短片壁纸合集\卢西娅EP壁纸(2560x1080)\1599-1414-035-35.png,unchanged,wallpapers,35,https://act-upload.mihoyo.com/nap-obc-indep/2025/10/21/73751405/b9539266e2accae9f39b01105cbce988_1919021850000886073.png
1599-1414-036-36,EP短片壁纸合集,1599,.png,1599-1414-036-36.png,卢西娅EP壁纸(2560x1080),wallpapers|1599|1414|36|https://act-upload.mihoyo.com/nap-obc-indep/2025/10/21/73751405/9a994bd10f811b038b7cf46489a708a4_5429399296155701933.png,1414,官方壁纸合集\EP短片壁纸合集\卢西娅EP壁纸(2560x1080),官方壁纸合集\EP短片壁纸合集\卢西娅EP壁纸(2560x1080)\1599-1414-036-36.png,unchanged,wallpapers,36,https://act-upload.mihoyo.com/nap-obc-indep/2025/10/21/73751405/9a994bd10f811b038b7cf46489a708a4_5429399296155701933.png
1599-1414-037-37,EP短片壁纸合集,1599,.png,1599-1414-037-37.png,卢西娅EP壁纸(2560x1080),wallpapers|1599|1414|37|https://act-upload.mihoyo.com/nap-obc-indep/2025/10/21/73751405/2e840789bdbf6384f659da50d2d75e38_2080435149756741540.png,1414,官方壁纸合集\EP短片壁纸合集\卢西娅EP壁纸(2560x1080),官方壁纸合集\EP短片壁纸合集\卢西娅EP壁纸(2560x1080)\1599-1414-037-37.png,unchanged,wallpapers,37,https://act-upload.mihoyo.com/nap-obc-indep/2025/10/21/73751405/2e840789bdbf6384f659da50d2d75e38_2080435149756741540.png
1599-1414-038-38,EP短片壁纸合集,1599,.png,1599-1414-038-38.png,卢西娅EP壁纸(2560x1080),wallpapers|1599|1414|38|https://act-upload.mihoyo.com/nap-obc-indep/2025/10/21/73751405/fb1ef7349cca3f9e300c805dd1703cc3_2671128975437876687.png,1414,官方壁纸合集\EP短片壁纸合集\卢西娅EP壁纸(2560x1080),官方壁纸合集\EP短片壁纸合集\卢西娅EP壁纸(2560x1080)\1599-1414-038-38.png,unchanged,wallpapers,38,https://act-upload.mihoyo.com/nap-obc-indep/2025/10/21/73751405/fb1ef7349cca3f9e300c805dd1703cc3_2671128975437876687.png
1599-1414-039-39,EP短片壁纸合集,1599,.png,1599-1414-039-39.png,卢西娅EP壁纸(2560x1080),wallpapers|1599|1414|39|https://act-upload.mihoyo.com/nap-obc-indep/2025/10/21/73751405/a290b518dc05145e5af884dfdae2993f_7164743493176766820.png,1414,官方壁纸合集\EP短片壁纸合集\卢西娅EP壁纸(2560x1080),官方壁纸合集\EP短片壁纸合集\卢西娅EP壁纸(2560x1080)\1599-1414-039-39.png,unchanged,wallpapers,39,https://act-upload.mihoyo.com/nap-obc-indep/2025/10/21/73751405/a290b518dc05145e5af884dfdae2993f_7164743493176766820.png
1599-1414-040-40,EP短片壁纸合集,1599,.png,1599-1414-040-40.png,卢西娅EP壁纸(2560x1080),wallpapers|1599|1414|40|https://act-upload.mihoyo.com/nap-obc-indep/2025/10/21/73751405/a3986ef5549048c944f72701280f514b_3965570769997707558.png,1414,官方壁纸合集\EP短片壁纸合集\卢西娅EP壁纸(2560x1080),官方壁纸合集\EP短片壁纸合集\卢西娅EP壁纸(2560x1080)\1599-1414-040-40.png,unchanged,wallpapers,40,https://act-upload.mihoyo.com/nap-obc-indep/2025/10/21/73751405/a3986ef5549048c944f72701280f514b_3965570769997707558.png
1599-1414-041-41,EP短片壁纸合集,1599,.png,1599-1414-041-41.png,卢西娅EP壁纸(2560x1080),wallpapers|1599|1414|41|https://act-upload.mihoyo.com/nap-obc-indep/2025/10/21/73751405/13c72caa3674940bd9a85fcd62fe7453_2901879938642981615.png,1414,官方壁纸合集\EP短片壁纸合集\卢西娅EP壁纸(2560x1080),官方壁纸合集\EP短片壁纸合集\卢西娅EP壁纸(2560x1080)\1599-1414-041-41.png,unchanged,wallpapers,41,https://act-upload.mihoyo.com/nap-obc-indep/2025/10/21/73751405/13c72caa3674940bd9a85fcd62fe7453_2901879938642981615.png
1599-1414-042-42,EP短片壁纸合集,1599,.png,1599-1414-042-42.png,卢西娅EP壁纸(2560x1080),wallpapers|1599|1414|42|https://act-upload.mihoyo.com/nap-obc-indep/2025/10/21/73751405/037c8162e55b8506badede69921abd20_3731548075301021025.png,1414,官方壁纸合集\EP短片壁纸合集\卢西娅EP壁纸(2560x1080),官方壁纸合集\EP短片壁纸合集\卢西娅EP壁纸(2560x1080)\1599-1414-042-42.png,unchanged,wallpapers,42,https://act-upload.mihoyo.com/nap-obc-indep/2025/10/21/73751405/037c8162e55b8506badede69921abd20_3731548075301021025.png
1599-1414-043-43,EP短片壁纸合集,1599,.png,1599-1414-043-43.png,卢西娅EP壁纸(2560x1080),wallpapers|1599|1414|43|https://act-upload.mihoyo.com/nap-obc-indep/2025/10/21/73751405/29cffca0df2b2da2c3320e3c7be505d0_1806802215033940104.png,1414,官方壁纸合集\EP短片壁纸合集\卢西娅EP壁纸(2560x1080),官方壁纸合集\EP短片壁纸合集\卢西娅EP壁纸(2560x1080)\1599-1414-043-43.png,unchanged,wallpapers,43,https://act-upload.mihoyo.com/nap-obc-indep/2025/10/21/73751405/29cffca0df2b2da2c3320e3c7be505d0_1806802215033940104.png
1599-1414-044-44,EP短片壁纸合集,1599,.png,1599-1414-044-44.png,卢西娅EP壁纸(2560x1080),wallpapers|1599|1414|44|https://act-upload.mihoyo.com/nap-obc-indep/2025/10/21/73751405/fda13e990ccdf8c34750aed14a090d07_4201644383670151390.png,1414,官方壁纸合集\EP短片壁纸合集\卢西娅EP壁纸(2560x1080),官方壁纸合集\EP短片壁纸合集\卢西娅EP壁纸(2560x1080)\1599-1414-044-44.png,unchanged,wallpapers,44,https://act-upload.mihoyo.com/nap-obc-indep/2025/10/21/73751405/fda13e990ccdf8c34750aed14a090d07_4201644383670151390.png
1599-1414-045-45,EP短片壁纸合集,1599,.png,1599-1414-045-45.png,卢西娅EP壁纸(2560x1080),wallpapers|1599|1414|45|https://act-upload.mihoyo.com/nap-obc-indep/2025/10/21/73751405/05567be1d4a8831ab5facf8adb3b87eb_2234000928036087454.png,1414,官方壁纸合集\EP短片壁纸合集\卢西娅EP壁纸(2560x1080),官方壁纸合集\EP短片壁纸合集\卢西娅EP壁纸(2560x1080)\1599-1414-045-45.png,unchanged,wallpapers,45,https://act-upload.mihoyo.com/nap-obc-indep/2025/10/21/73751405/05567be1d4a8831ab5facf8adb3b87eb_2234000928036087454.png
1599-1414-046-46,EP短片壁纸合集,1599,.png,1599-1414-046-46.png,卢西娅EP壁纸(2560x1080),wallpapers|1599|1414|46|https://act-upload.mihoyo.com/nap-obc-indep/2025/10/21/73751405/5f3c9e2d562edb3abd4bfe7c22bdf8f5_624740863174841333.png,1414,官方壁纸合集\EP短片壁纸合集\卢西娅EP壁纸(2560x1080),官方壁纸合集\EP短片壁纸合集\卢西娅EP壁纸(2560x1080)\1599-1414-046-46.png,unchanged,wallpapers,46,https://act-upload.mihoyo.com/nap-obc-indep/2025/10/21/73751405/5f3c9e2d562edb3abd4bfe7c22bdf8f5_624740863174841333.png
1599-1414-047-47,EP短片壁纸合集,1599,.png,1599-1414-047-47.png,卢西娅EP壁纸(2560x1080),wallpapers|1599|1414|47|https://act-upload.mihoyo.com/nap-obc-indep/2025/10/21/73751405/10d10ba29b37fd177299b774811d4b4f_6755466881483563899.png,1414,官方壁纸合集\EP短片壁纸合集\卢西娅EP壁纸(2560x1080),官方壁纸合集\EP短片壁纸合集\卢西娅EP壁纸(2560x1080)\1599-1414-047-47.png,unchanged,wallpapers,47,https://act-upload.mihoyo.com/nap-obc-indep/2025/10/21/73751405/10d10ba29b37fd177299b774811d4b4f_6755466881483563899.png
「厄匹斯极钓大师赛」活动壁纸,动态壁纸合集,1127,.mp4,「厄匹斯极钓大师赛」活动壁纸.mp4,,wallpapers|1127|924|「厄匹斯极钓大师赛」活动壁纸|https://act-upload.mihoyo.com/nap-obc-indep/2025/02/21/76099754/dd53a30b3d7a96d084f88e77c56cf36d_2453874659596811262.mp4,924,官方壁纸合集\动态壁纸合集,官方壁纸合集\动态壁纸合集\「厄匹斯极钓大师赛」活动壁纸.mp4,unchanged,wallpapers,「厄匹斯极钓大师赛」活动壁纸,https://act-upload.mihoyo.com/nap-obc-indep/2025/02/21/76099754/dd53a30b3d7a96d084f88e77c56cf36d_2453874659596811262.mp4
卢西娅「未眠的絮语」直播-动态壁纸Ⅰ,动态壁纸合集,1127,.mp4,卢西娅「未眠的絮语」直播-动态壁纸Ⅰ.mp4,,wallpapers|1127|1403|卢西娅「未眠的絮语」直播-动态壁纸Ⅰ|https://act-upload.mihoyo.com/nap-obc-indep/2025/10/21/73751405/e7bd175aede82acfdabf2b9f30bb699a_6071900828974355725.mp4,1403,官方壁纸合集\动态壁纸合集,官方壁纸合集\动态壁纸合集\卢西娅「未眠的絮语」直播-动态壁纸Ⅰ.mp4,unchanged,wallpapers,卢西娅「未眠的絮语」直播-动态壁纸Ⅰ,https://act-upload.mihoyo.com/nap-obc-indep/2025/10/21/73751405/e7bd175aede82acfdabf2b9f30bb699a_6071900828974355725.mp4
妄想进行时,动态壁纸合集,1127,.mp4,妄想进行时.mp4,,wallpapers|1127|1673|妄想进行时|https://act-upload.mihoyo.com/nap-obc-indep/2026/04/21/73751405/7bd5446d3af0e91c106116f163c75351_4152873131957588510.mp4,1673,官方壁纸合集\动态壁纸合集,官方壁纸合集\动态壁纸合集\妄想进行时.mp4,unchanged,wallpapers,妄想进行时,https://act-upload.mihoyo.com/nap-obc-indep/2026/04/21/73751405/7bd5446d3af0e91c106116f163c75351_4152873131957588510.mp4
卢西娅「未眠的絮语」直播-动态壁纸Ⅱ,动态壁纸合集,1127,.mp4,卢西娅「未眠的絮语」直播-动态壁纸Ⅱ.mp4,,wallpapers|1127|1407|卢西娅「未眠的絮语」直播-动态壁纸Ⅱ|https://act-upload.mihoyo.com/nap-obc-indep/2025/10/21/73751405/24526cd0bf3debd02bbb546c614cb536_6416520530073840074.mp4,1407,官方壁纸合集\动态壁纸合集,官方壁纸合集\动态壁纸合集\卢西娅「未眠的絮语」直播-动态壁纸Ⅱ.mp4,unchanged,wallpapers,卢西娅「未眠的絮语」直播-动态壁纸Ⅱ,https://act-upload.mihoyo.com/nap-obc-indep/2025/10/21/73751405/24526cd0bf3debd02bbb546c614cb536_6416520530073840074.mp4
「嗯呢棋闻录」活动壁纸,动态壁纸合集,1127,.mp4,「嗯呢棋闻录」活动壁纸.mp4,,wallpapers|1127|1236|「嗯呢棋闻录」活动壁纸|https://act-upload.mihoyo.com/nap-obc-indep/2025/08/07/76099754/4edf2893612a1105cd4380ada657a207_187723558528396273.mp4,1236,官方壁纸合集\动态壁纸合集,官方壁纸合集\动态壁纸合集\「嗯呢棋闻录」活动壁纸.mp4,unchanged,wallpapers,「嗯呢棋闻录」活动壁纸,https://act-upload.mihoyo.com/nap-obc-indep/2025/08/07/76099754/4edf2893612a1105cd4380ada657a207_187723558528396273.mp4
卢西娅「未眠的絮语」直播-动态壁纸Ⅲ,动态壁纸合集,1127,.mp4,卢西娅「未眠的絮语」直播-动态壁纸Ⅲ.mp4,,wallpapers|1127|1409|卢西娅「未眠的絮语」直播-动态壁纸Ⅲ|https://act-upload.mihoyo.com/nap-obc-indep/2025/10/21/73751405/9a783162457582fb4847892e587e28fc_1641493292225332358.mp4,1409,官方壁纸合集\动态壁纸合集,官方壁纸合集\动态壁纸合集\卢西娅「未眠的絮语」直播-动态壁纸Ⅲ.mp4,unchanged,wallpapers,卢西娅「未眠的絮语」直播-动态壁纸Ⅲ,https://act-upload.mihoyo.com/nap-obc-indep/2025/10/21/73751405/9a783162457582fb4847892e587e28fc_1641493292225332358.mp4
卢西娅「未眠的絮语」直播-动态壁纸Ⅳ,动态壁纸合集,1127,.mp4,卢西娅「未眠的絮语」直播-动态壁纸Ⅳ.mp4,,wallpapers|1127|1411|卢西娅「未眠的絮语」直播-动态壁纸Ⅳ|https://act-upload.mihoyo.com/nap-obc-indep/2025/10/21/73751405/a34a083a40120ae234a761de804265ad_252853731328677318.mp4,1411,官方壁纸合集\动态壁纸合集,官方壁纸合集\动态壁纸合集\卢西娅「未眠的絮语」直播-动态壁纸Ⅳ.mp4,unchanged,wallpapers,卢西娅「未眠的絮语」直播-动态壁纸Ⅳ,https://act-upload.mihoyo.com/nap-obc-indep/2025/10/21/73751405/a34a083a40120ae234a761de804265ad_252853731328677318.mp4
「若能化作天琴」动态壁纸,动态壁纸合集,1127,.mp4,「若能化作天琴」动态壁纸.mp4,,wallpapers|1127|1401|「若能化作天琴」动态壁纸|https://act-upload.mihoyo.com/nap-obc-indep/2025/10/21/73751405/80f2e6c9a9814146b260476416b37bfb_2088333385159485535.mp4,1401,官方壁纸合集\动态壁纸合集,官方壁纸合集\动态壁纸合集\「若能化作天琴」动态壁纸.mp4,unchanged,wallpapers,「若能化作天琴」动态壁纸,https://act-upload.mihoyo.com/nap-obc-indep/2025/10/21/73751405/80f2e6c9a9814146b260476416b37bfb_2088333385159485535.mp4
1(2560x1080),EP短片壁纸合集,1085,.jpg,1(2560x1080).jpg,零号·安比角色PV&角色展示壁纸,wallpapers|1085|1070|1(2560x1080)|https://act-upload.mihoyo.com/nap-obc-indep/2025/05/13/73751405/1eaee2f2bc380562475009635f9aefe3_3068717576582020024.jpg,1070,官方壁纸合集\EP短片壁纸合集\零号·安比角色PV&角色展示壁纸,官方壁纸合集\EP短片壁纸合集\零号·安比角色PV&角色展示壁纸\1(2560x1080).jpg,unchanged,wallpapers,1(2560x1080),https://act-upload.mihoyo.com/nap-obc-indep/2025/05/13/73751405/1eaee2f2bc380562475009635f9aefe3_3068717576582020024.jpg
1(3840x2160),EP短片壁纸合集,1085,.jpg,1(3840x2160).jpg,零号·安比角色PV&角色展示壁纸,wallpapers|1085|1070|1(3840x2160)|https://act-upload.mihoyo.com/nap-obc-indep/2025/05/13/73751405/2c8d03cc2306c6077f320267657d0dc3_5318925881633242883.jpg,1070,官方壁纸合集\EP短片壁纸合集\零号·安比角色PV&角色展示壁纸,官方壁纸合集\EP短片壁纸合集\零号·安比角色PV&角色展示壁纸\1(3840x2160).jpg,unchanged,wallpapers,1(3840x2160),https://act-upload.mihoyo.com/nap-obc-indep/2025/05/13/73751405/2c8d03cc2306c6077f320267657d0dc3_5318925881633242883.jpg
2(2560x1080),EP短片壁纸合集,1085,.jpg,2(2560x1080).jpg,零号·安比角色PV&角色展示壁纸,wallpapers|1085|1070|2(2560x1080)|https://act-upload.mihoyo.com/nap-obc-indep/2025/05/13/73751405/6006fe2bda225b3df24b62ce1a795b92_8283696531720165248.jpg,1070,官方壁纸合集\EP短片壁纸合集\零号·安比角色PV&角色展示壁纸,官方壁纸合集\EP短片壁纸合集\零号·安比角色PV&角色展示壁纸\2(2560x1080).jpg,unchanged,wallpapers,2(2560x1080),https://act-upload.mihoyo.com/nap-obc-indep/2025/05/13/73751405/6006fe2bda225b3df24b62ce1a795b92_8283696531720165248.jpg
2(3840x2160),EP短片壁纸合集,1085,.jpg,2(3840x2160).jpg,零号·安比角色PV&角色展示壁纸,wallpapers|1085|1070|2(3840x2160)|https://act-upload.mihoyo.com/nap-obc-indep/2025/05/13/73751405/2ef917c8f310a45d8a2b5d9786baba92_8353102090853352018.jpg,1070,官方壁纸合集\EP短片壁纸合集\零号·安比角色PV&角色展示壁纸,官方壁纸合集\EP短片壁纸合集\零号·安比角色PV&角色展示壁纸\2(3840x2160).jpg,unchanged,wallpapers,2(3840x2160),https://act-upload.mihoyo.com/nap-obc-indep/2025/05/13/73751405/2ef917c8f310a45d8a2b5d9786baba92_8353102090853352018.jpg
3(2560x1080),EP短片壁纸合集,1085,.jpg,3(2560x1080).jpg,零号·安比角色PV&角色展示壁纸,wallpapers|1085|1070|3(2560x1080)|https://act-upload.mihoyo.com/nap-obc-indep/2025/05/13/73751405/a0afb9cf5e33bd8660696da997b83604_3373781586343836008.jpg,1070,官方壁纸合集\EP短片壁纸合集\零号·安比角色PV&角色展示壁纸,官方壁纸合集\EP短片壁纸合集\零号·安比角色PV&角色展示壁纸\3(2560x1080).jpg,unchanged,wallpapers,3(2560x1080),https://act-upload.mihoyo.com/nap-obc-indep/2025/05/13/73751405/a0afb9cf5e33bd8660696da997b83604_3373781586343836008.jpg
3(3840x2160),EP短片壁纸合集,1085,.jpg,3(3840x2160).jpg,零号·安比角色PV&角色展示壁纸,wallpapers|1085|1070|3(3840x2160)|https://act-upload.mihoyo.com/nap-obc-indep/2025/05/13/73751405/aca96e2d350df91be2061bf4ef0f30bd_6178656212895686258.jpg,1070,官方壁纸合集\EP短片壁纸合集\零号·安比角色PV&角色展示壁纸,官方壁纸合集\EP短片壁纸合集\零号·安比角色PV&角色展示壁纸\3(3840x2160).jpg,unchanged,wallpapers,3(3840x2160),https://act-upload.mihoyo.com/nap-obc-indep/2025/05/13/73751405/aca96e2d350df91be2061bf4ef0f30bd_6178656212895686258.jpg
4(2560x1080),EP短片壁纸合集,1085,.jpg,4(2560x1080).jpg,零号·安比角色PV&角色展示壁纸,wallpapers|1085|1070|4(2560x1080)|https://act-upload.mihoyo.com/nap-obc-indep/2025/05/13/73751405/ba810af32fd2a0b6a5ac08e244d42261_6435001580335480681.jpg,1070,官方壁纸合集\EP短片壁纸合集\零号·安比角色PV&角色展示壁纸,官方壁纸合集\EP短片壁纸合集\零号·安比角色PV&角色展示壁纸\4(2560x1080).jpg,unchanged,wallpapers,4(2560x1080),https://act-upload.mihoyo.com/nap-obc-indep/2025/05/13/73751405/ba810af32fd2a0b6a5ac08e244d42261_6435001580335480681.jpg
4(3840x2160),EP短片壁纸合集,1085,.jpg,4(3840x2160).jpg,零号·安比角色PV&角色展示壁纸,wallpapers|1085|1070|4(3840x2160)|https://act-upload.mihoyo.com/nap-obc-indep/2025/05/13/73751405/f026b7c39556e634f7b186c7f60eeeb1_7795667241744934092.jpg,1070,官方壁纸合集\EP短片壁纸合集\零号·安比角色PV&角色展示壁纸,官方壁纸合集\EP短片壁纸合集\零号·安比角色PV&角色展示壁纸\4(3840x2160).jpg,unchanged,wallpapers,4(3840x2160),https://act-upload.mihoyo.com/nap-obc-indep/2025/05/13/73751405/f026b7c39556e634f7b186c7f60eeeb1_7795667241744934092.jpg
5(2560x1080),EP短片壁纸合集,1085,.jpg,5(2560x1080).jpg,零号·安比角色PV&角色展示壁纸,wallpapers|1085|1070|5(2560x1080)|https://act-upload.mihoyo.com/nap-obc-indep/2025/05/13/73751405/65b582f37af66f6e3105b7674f360964_6759098670509041661.jpg,1070,官方壁纸合集\EP短片壁纸合集\零号·安比角色PV&角色展示壁纸,官方壁纸合集\EP短片壁纸合集\零号·安比角色PV&角色展示壁纸\5(2560x1080).jpg,unchanged,wallpapers,5(2560x1080),https://act-upload.mihoyo.com/nap-obc-indep/2025/05/13/73751405/65b582f37af66f6e3105b7674f360964_6759098670509041661.jpg
5(3840x2160),EP短片壁纸合集,1085,.jpg,5(3840x2160).jpg,零号·安比角色PV&角色展示壁纸,wallpapers|1085|1070|5(3840x2160)|https://act-upload.mihoyo.com/nap-obc-indep/2025/05/13/73751405/d8fbde8ac4f52c8eae055dc23888f882_3146676423911661918.jpg,1070,官方壁纸合集\EP短片壁纸合集\零号·安比角色PV&角色展示壁纸,官方壁纸合集\EP短片壁纸合集\零号·安比角色PV&角色展示壁纸\5(3840x2160).jpg,unchanged,wallpapers,5(3840x2160),https://act-upload.mihoyo.com/nap-obc-indep/2025/05/13/73751405/d8fbde8ac4f52c8eae055dc23888f882_3146676423911661918.jpg
6(2560x1080),EP短片壁纸合集,1085,.jpg,6(2560x1080).jpg,零号·安比角色PV&角色展示壁纸,wallpapers|1085|1070|6(2560x1080)|https://act-upload.mihoyo.com/nap-obc-indep/2025/05/13/73751405/8f82ed9749c2e8605062fd21be800a2c_8412759271222359223.jpg,1070,官方壁纸合集\EP短片壁纸合集\零号·安比角色PV&角色展示壁纸,官方壁纸合集\EP短片壁纸合集\零号·安比角色PV&角色展示壁纸\6(2560x1080).jpg,unchanged,wallpapers,6(2560x1080),https://act-upload.mihoyo.com/nap-obc-indep/2025/05/13/73751405/8f82ed9749c2e8605062fd21be800a2c_8412759271222359223.jpg
6(3840x2160),EP短片壁纸合集,1085,.jpg,6(3840x2160).jpg,零号·安比角色PV&角色展示壁纸,wallpapers|1085|1070|6(3840x2160)|https://act-upload.mihoyo.com/nap-obc-indep/2025/05/13/73751405/6649acdd7136861d7d8d8885f429de5c_4578807024660678050.jpg,1070,官方壁纸合集\EP短片壁纸合集\零号·安比角色PV&角色展示壁纸,官方壁纸合集\EP短片壁纸合集\零号·安比角色PV&角色展示壁纸\6(3840x2160).jpg,unchanged,wallpapers,6(3840x2160),https://act-upload.mihoyo.com/nap-obc-indep/2025/05/13/73751405/6649acdd7136861d7d8d8885f429de5c_4578807024660678050.jpg
1085-956-001-1,EP短片壁纸合集,1085,.png,1085-956-001-1.png,耀嘉音角色展示&MV壁纸,wallpapers|1085|956|1|https://act-upload.mihoyo.com/nap-obc-indep/2025/02/28/73751405/865377233ad707ea8769e90a062f4228_8644498355537436553.png,956,官方壁纸合集\EP短片壁纸合集\耀嘉音角色展示&MV壁纸,官方壁纸合集\EP短片壁纸合集\耀嘉音角色展示&MV壁纸\1085-956-001-1.png,unchanged,wallpapers,1,https://act-upload.mihoyo.com/nap-obc-indep/2025/02/28/73751405/865377233ad707ea8769e90a062f4228_8644498355537436553.png
1085-956-002-2,EP短片壁纸合集,1085,.png,1085-956-002-2.png,耀嘉音角色展示&MV壁纸,wallpapers|1085|956|2|https://act-upload.mihoyo.com/nap-obc-indep/2025/02/28/73751405/5aba72e1cf895d0ec37f795404475dd7_2440450848947222666.png,956,官方壁纸合集\EP短片壁纸合集\耀嘉音角色展示&MV壁纸,官方壁纸合集\EP短片壁纸合集\耀嘉音角色展示&MV壁纸\1085-956-002-2.png,unchanged,wallpapers,2,https://act-upload.mihoyo.com/nap-obc-indep/2025/02/28/73751405/5aba72e1cf895d0ec37f795404475dd7_2440450848947222666.png
1085-956-003-3,EP短片壁纸合集,1085,.png,1085-956-003-3.png,耀嘉音角色展示&MV壁纸,wallpapers|1085|956|3|https://act-upload.mihoyo.com/nap-obc-indep/2025/02/28/73751405/45ef841c6b813075a0f4777aac6cb33e_8483562389207858617.png,956,官方壁纸合集\EP短片壁纸合集\耀嘉音角色展示&MV壁纸,官方壁纸合集\EP短片壁纸合集\耀嘉音角色展示&MV壁纸\1085-956-003-3.png,unchanged,wallpapers,3,https://act-upload.mihoyo.com/nap-obc-indep/2025/02/28/73751405/45ef841c6b813075a0f4777aac6cb33e_8483562389207858617.png
1085-956-004-4,EP短片壁纸合集,1085,.png,1085-956-004-4.png,耀嘉音角色展示&MV壁纸,wallpapers|1085|956|4|https://act-upload.mihoyo.com/nap-obc-indep/2025/02/28/73751405/021a1901627efa672fbd4928f4202e6a_7020794333828927218.png,956,官方壁纸合集\EP短片壁纸合集\耀嘉音角色展示&MV壁纸,官方壁纸合集\EP短片壁纸合集\耀嘉音角色展示&MV壁纸\1085-956-004-4.png,unchanged,wallpapers,4,https://act-upload.mihoyo.com/nap-obc-indep/2025/02/28/73751405/021a1901627efa672fbd4928f4202e6a_7020794333828927218.png
1085-956-005-5,EP短片壁纸合集,1085,.png,1085-956-005-5.png,耀嘉音角色展示&MV壁纸,wallpapers|1085|956|5|https://act-upload.mihoyo.com/nap-obc-indep/2025/02/28/73751405/77b8bb0d6bd3c1f0ec8a62cabd555ecb_2130893739704118486.png,956,官方壁纸合集\EP短片壁纸合集\耀嘉音角色展示&MV壁纸,官方壁纸合集\EP短片壁纸合集\耀嘉音角色展示&MV壁纸\1085-956-005-5.png,unchanged,wallpapers,5,https://act-upload.mihoyo.com/nap-obc-indep/2025/02/28/73751405/77b8bb0d6bd3c1f0ec8a62cabd555ecb_2130893739704118486.png
1085-956-006-6,EP短片壁纸合集,1085,.png,1085-956-006-6.png,耀嘉音角色展示&MV壁纸,wallpapers|1085|956|6|https://act-upload.mihoyo.com/nap-obc-indep/2025/02/28/73751405/e6366b8da5f6dc3b01b01aed754794f4_1723561175806364338.png,956,官方壁纸合集\EP短片壁纸合集\耀嘉音角色展示&MV壁纸,官方壁纸合集\EP短片壁纸合集\耀嘉音角色展示&MV壁纸\1085-956-006-6.png,unchanged,wallpapers,6,https://act-upload.mihoyo.com/nap-obc-indep/2025/02/28/73751405/e6366b8da5f6dc3b01b01aed754794f4_1723561175806364338.png
1085-956-007-7,EP短片壁纸合集,1085,.png,1085-956-007-7.png,耀嘉音角色展示&MV壁纸,wallpapers|1085|956|7|https://act-upload.mihoyo.com/nap-obc-indep/2025/02/28/73751405/185ef65a5cf9e7a6eacdf1f774e317e5_5214228748167262133.png,956,官方壁纸合集\EP短片壁纸合集\耀嘉音角色展示&MV壁纸,官方壁纸合集\EP短片壁纸合集\耀嘉音角色展示&MV壁纸\1085-956-007-7.png,unchanged,wallpapers,7,https://act-upload.mihoyo.com/nap-obc-indep/2025/02/28/73751405/185ef65a5cf9e7a6eacdf1f774e317e5_5214228748167262133.png
1085-956-008-8,EP短片壁纸合集,1085,.png,1085-956-008-8.png,耀嘉音角色展示&MV壁纸,wallpapers|1085|956|8|https://act-upload.mihoyo.com/nap-obc-indep/2025/02/28/73751405/bd13a29d1f3b80d478f6f745abd04a87_8787853353549219526.png,956,官方壁纸合集\EP短片壁纸合集\耀嘉音角色展示&MV壁纸,官方壁纸合集\EP短片壁纸合集\耀嘉音角色展示&MV壁纸\1085-956-008-8.png,unchanged,wallpapers,8,https://act-upload.mihoyo.com/nap-obc-indep/2025/02/28/73751405/bd13a29d1f3b80d478f6f745abd04a87_8787853353549219526.png
1085-956-009-9,EP短片壁纸合集,1085,.png,1085-956-009-9.png,耀嘉音角色展示&MV壁纸,wallpapers|1085|956|9|https://act-upload.mihoyo.com/nap-obc-indep/2025/02/28/73751405/87932e67f14351b607d7df008ceff53a_2974221239645379839.png,956,官方壁纸合集\EP短片壁纸合集\耀嘉音角色展示&MV壁纸,官方壁纸合集\EP短片壁纸合集\耀嘉音角色展示&MV壁纸\1085-956-009-9.png,unchanged,wallpapers,9,https://act-upload.mihoyo.com/nap-obc-indep/2025/02/28/73751405/87932e67f14351b607d7df008ceff53a_2974221239645379839.png
1085-956-010-10,EP短片壁纸合集,1085,.png,1085-956-010-10.png,耀嘉音角色展示&MV壁纸,wallpapers|1085|956|10|https://act-upload.mihoyo.com/nap-obc-indep/2025/02/28/73751405/89dad3598670ee4d400f7cdafc8ce061_4278621895379865125.png,956,官方壁纸合集\EP短片壁纸合集\耀嘉音角色展示&MV壁纸,官方壁纸合集\EP短片壁纸合集\耀嘉音角色展示&MV壁纸\1085-956-010-10.png,unchanged,wallpapers,10,https://act-upload.mihoyo.com/nap-obc-indep/2025/02/28/73751405/89dad3598670ee4d400f7cdafc8ce061_4278621895379865125.png
1085-956-011-11,EP短片壁纸合集,1085,.png,1085-956-011-11.png,耀嘉音角色展示&MV壁纸,wallpapers|1085|956|11|https://act-upload.mihoyo.com/nap-obc-indep/2025/02/28/73751405/c6e6c0a453d9a749ab036eb07d246518_7545990420508736014.png,956,官方壁纸合集\EP短片壁纸合集\耀嘉音角色展示&MV壁纸,官方壁纸合集\EP短片壁纸合集\耀嘉音角色展示&MV壁纸\1085-956-011-11.png,unchanged,wallpapers,11,https://act-upload.mihoyo.com/nap-obc-indep/2025/02/28/73751405/c6e6c0a453d9a749ab036eb07d246518_7545990420508736014.png
1085-956-012-12,EP短片壁纸合集,1085,.png,1085-956-012-12.png,耀嘉音角色展示&MV壁纸,wallpapers|1085|956|12|https://act-upload.mihoyo.com/nap-obc-indep/2025/02/28/73751405/ed61b36c5cf0dfa3026f7db896ecf4ad_1518445614393833945.png,956,官方壁纸合集\EP短片壁纸合集\耀嘉音角色展示&MV壁纸,官方壁纸合集\EP短片壁纸合集\耀嘉音角色展示&MV壁纸\1085-956-012-12.png,unchanged,wallpapers,12,https://act-upload.mihoyo.com/nap-obc-indep/2025/02/28/73751405/ed61b36c5cf0dfa3026f7db896ecf4ad_1518445614393833945.png
1085-956-013-13,EP短片壁纸合集,1085,.png,1085-956-013-13.png,耀嘉音角色展示&MV壁纸,wallpapers|1085|956|13|https://act-upload.mihoyo.com/nap-obc-indep/2025/02/28/73751405/e0fbf381646a719b7d7195f2a34ae8e7_7875603050312648760.png,956,官方壁纸合集\EP短片壁纸合集\耀嘉音角色展示&MV壁纸,官方壁纸合集\EP短片壁纸合集\耀嘉音角色展示&MV壁纸\1085-956-013-13.png,unchanged,wallpapers,13,https://act-upload.mihoyo.com/nap-obc-indep/2025/02/28/73751405/e0fbf381646a719b7d7195f2a34ae8e7_7875603050312648760.png
1085-956-014-14,EP短片壁纸合集,1085,.png,1085-956-014-14.png,耀嘉音角色展示&MV壁纸,wallpapers|1085|956|14|https://act-upload.mihoyo.com/nap-obc-indep/2025/02/28/73751405/3218591904c6f52180552275677342e6_3949733624235127723.png,956,官方壁纸合集\EP短片壁纸合集\耀嘉音角色展示&MV壁纸,官方壁纸合集\EP短片壁纸合集\耀嘉音角色展示&MV壁纸\1085-956-014-14.png,unchanged,wallpapers,14,https://act-upload.mihoyo.com/nap-obc-indep/2025/02/28/73751405/3218591904c6f52180552275677342e6_3949733624235127723.png
1085-807-001-1,EP短片壁纸合集,1085,.png,1085-807-001-1.png,星见雅EP丨晓,wallpapers|1085|807|1|https://act-upload.mihoyo.com/nap-obc-indep/2025/01/03/73751405/5e362d01fc30cfca782a30dec8914c80_5827628460189377725.png,807,官方壁纸合集\EP短片壁纸合集\星见雅EP丨晓,官方壁纸合集\EP短片壁纸合集\星见雅EP丨晓\1085-807-001-1.png,unchanged,wallpapers,1,https://act-upload.mihoyo.com/nap-obc-indep/2025/01/03/73751405/5e362d01fc30cfca782a30dec8914c80_5827628460189377725.png
1085-807-002-2,EP短片壁纸合集,1085,.png,1085-807-002-2.png,星见雅EP丨晓,wallpapers|1085|807|2|https://act-upload.mihoyo.com/nap-obc-indep/2025/01/03/73751405/215b1fd35e222e2fec7f10659d5eadae_4744041270065831445.png,807,官方壁纸合集\EP短片壁纸合集\星见雅EP丨晓,官方壁纸合集\EP短片壁纸合集\星见雅EP丨晓\1085-807-002-2.png,unchanged,wallpapers,2,https://act-upload.mihoyo.com/nap-obc-indep/2025/01/03/73751405/215b1fd35e222e2fec7f10659d5eadae_4744041270065831445.png
1085-807-003-3,EP短片壁纸合集,1085,.png,1085-807-003-3.png,星见雅EP丨晓,wallpapers|1085|807|3|https://act-upload.mihoyo.com/nap-obc-indep/2025/01/03/73751405/a23d1c410a7e8c01e156d23d0cb5920c_9197029229920456429.png,807,官方壁纸合集\EP短片壁纸合集\星见雅EP丨晓,官方壁纸合集\EP短片壁纸合集\星见雅EP丨晓\1085-807-003-3.png,unchanged,wallpapers,3,https://act-upload.mihoyo.com/nap-obc-indep/2025/01/03/73751405/a23d1c410a7e8c01e156d23d0cb5920c_9197029229920456429.png
1085-807-004-4,EP短片壁纸合集,1085,.png,1085-807-004-4.png,星见雅EP丨晓,wallpapers|1085|807|4|https://act-upload.mihoyo.com/nap-obc-indep/2025/01/03/73751405/bdf9a348f804f633b3447bae4f098f0e_6034731216333987915.png,807,官方壁纸合集\EP短片壁纸合集\星见雅EP丨晓,官方壁纸合集\EP短片壁纸合集\星见雅EP丨晓\1085-807-004-4.png,unchanged,wallpapers,4,https://act-upload.mihoyo.com/nap-obc-indep/2025/01/03/73751405/bdf9a348f804f633b3447bae4f098f0e_6034731216333987915.png
1085-807-005-5,EP短片壁纸合集,1085,.png,1085-807-005-5.png,星见雅EP丨晓,wallpapers|1085|807|5|https://act-upload.mihoyo.com/nap-obc-indep/2025/01/03/73751405/4714221a89fb03bff9823dce59bbb1dd_920642551221018731.png,807,官方壁纸合集\EP短片壁纸合集\星见雅EP丨晓,官方壁纸合集\EP短片壁纸合集\星见雅EP丨晓\1085-807-005-5.png,unchanged,wallpapers,5,https://act-upload.mihoyo.com/nap-obc-indep/2025/01/03/73751405/4714221a89fb03bff9823dce59bbb1dd_920642551221018731.png
1085-807-006-6,EP短片壁纸合集,1085,.png,1085-807-006-6.png,星见雅EP丨晓,wallpapers|1085|807|6|https://act-upload.mihoyo.com/nap-obc-indep/2025/01/03/73751405/c17985e65367574ce5f25ca388df1996_9185058369317838074.png,807,官方壁纸合集\EP短片壁纸合集\星见雅EP丨晓,官方壁纸合集\EP短片壁纸合集\星见雅EP丨晓\1085-807-006-6.png,unchanged,wallpapers,6,https://act-upload.mihoyo.com/nap-obc-indep/2025/01/03/73751405/c17985e65367574ce5f25ca388df1996_9185058369317838074.png
1085-810-001-1,EP短片壁纸合集,1085,.png,1085-810-001-1.png,月城柳EP&PV,wallpapers|1085|810|1|https://act-upload.mihoyo.com/nap-obc-indep/2025/01/03/73751405/5518f1f4cb4a8d784f4b04de73d7a8ce_3476613953870686241.png,810,官方壁纸合集\EP短片壁纸合集\月城柳EP&PV,官方壁纸合集\EP短片壁纸合集\月城柳EP&PV\1085-810-001-1.png,unchanged,wallpapers,1,https://act-upload.mihoyo.com/nap-obc-indep/2025/01/03/73751405/5518f1f4cb4a8d784f4b04de73d7a8ce_3476613953870686241.png
1085-810-002-2,EP短片壁纸合集,1085,.png,1085-810-002-2.png,月城柳EP&PV,wallpapers|1085|810|2|https://act-upload.mihoyo.com/nap-obc-indep/2025/01/03/73751405/7f12bf029b2a77623ee3b2e007dbe24e_7752511480134335700.png,810,官方壁纸合集\EP短片壁纸合集\月城柳EP&PV,官方壁纸合集\EP短片壁纸合集\月城柳EP&PV\1085-810-002-2.png,unchanged,wallpapers,2,https://act-upload.mihoyo.com/nap-obc-indep/2025/01/03/73751405/7f12bf029b2a77623ee3b2e007dbe24e_7752511480134335700.png
1085-810-003-3,EP短片壁纸合集,1085,.png,1085-810-003-3.png,月城柳EP&PV,wallpapers|1085|810|3|https://act-upload.mihoyo.com/nap-obc-indep/2025/01/03/73751405/07479d51f043a5aa648c3d9534e61dfb_7181361994016630044.png,810,官方壁纸合集\EP短片壁纸合集\月城柳EP&PV,官方壁纸合集\EP短片壁纸合集\月城柳EP&PV\1085-810-003-3.png,unchanged,wallpapers,3,https://act-upload.mihoyo.com/nap-obc-indep/2025/01/03/73751405/07479d51f043a5aa648c3d9534e61dfb_7181361994016630044.png
1085-810-004-4,EP短片壁纸合集,1085,.png,1085-810-004-4.png,月城柳EP&PV,wallpapers|1085|810|4|https://act-upload.mihoyo.com/nap-obc-indep/2025/01/03/73751405/9efe0ae9dba43a00bd7ad6bdff8ad531_8900116690431594400.png,810,官方壁纸合集\EP短片壁纸合集\月城柳EP&PV,官方壁纸合集\EP短片壁纸合集\月城柳EP&PV\1085-810-004-4.png,unchanged,wallpapers,4,https://act-upload.mihoyo.com/nap-obc-indep/2025/01/03/73751405/9efe0ae9dba43a00bd7ad6bdff8ad531_8900116690431594400.png
1085-810-005-5,EP短片壁纸合集,1085,.png,1085-810-005-5.png,月城柳EP&PV,wallpapers|1085|810|5|https://act-upload.mihoyo.com/nap-obc-indep/2025/01/03/73751405/2af99a679e26181f4c9408bb94c9caa3_2639540173828044803.png,810,官方壁纸合集\EP短片壁纸合集\月城柳EP&PV,官方壁纸合集\EP短片壁纸合集\月城柳EP&PV\1085-810-005-5.png,unchanged,wallpapers,5,https://act-upload.mihoyo.com/nap-obc-indep/2025/01/03/73751405/2af99a679e26181f4c9408bb94c9caa3_2639540173828044803.png
1085-810-006-6,EP短片壁纸合集,1085,.png,1085-810-006-6.png,月城柳EP&PV,wallpapers|1085|810|6|https://act-upload.mihoyo.com/nap-obc-indep/2025/01/03/73751405/f5747cbc1a315e58dda11a00b8ba1671_3413069782817274211.png,810,官方壁纸合集\EP短片壁纸合集\月城柳EP&PV,官方壁纸合集\EP短片壁纸合集\月城柳EP&PV\1085-810-006-6.png,unchanged,wallpapers,6,https://act-upload.mihoyo.com/nap-obc-indep/2025/01/03/73751405/f5747cbc1a315e58dda11a00b8ba1671_3413069782817274211.png
1085-810-007-7,EP短片壁纸合集,1085,.png,1085-810-007-7.png,月城柳EP&PV,wallpapers|1085|810|7|https://act-upload.mihoyo.com/nap-obc-indep/2025/01/03/73751405/133c7f110043d01c33a229271af3551f_6403742466854680300.png,810,官方壁纸合集\EP短片壁纸合集\月城柳EP&PV,官方壁纸合集\EP短片壁纸合集\月城柳EP&PV\1085-810-007-7.png,unchanged,wallpapers,7,https://act-upload.mihoyo.com/nap-obc-indep/2025/01/03/73751405/133c7f110043d01c33a229271af3551f_6403742466854680300.png
1085-810-008-8,EP短片壁纸合集,1085,.png,1085-810-008-8.png,月城柳EP&PV,wallpapers|1085|810|8|https://act-upload.mihoyo.com/nap-obc-indep/2025/01/03/73751405/62122363ed24608e5e5b9e065910cb76_4499179291680046724.png,810,官方壁纸合集\EP短片壁纸合集\月城柳EP&PV,官方壁纸合集\EP短片壁纸合集\月城柳EP&PV\1085-810-008-8.png,unchanged,wallpapers,8,https://act-upload.mihoyo.com/nap-obc-indep/2025/01/03/73751405/62122363ed24608e5e5b9e065910cb76_4499179291680046724.png
1085-810-009-9,EP短片壁纸合集,1085,.png,1085-810-009-9.png,月城柳EP&PV,wallpapers|1085|810|9|https://act-upload.mihoyo.com/nap-obc-indep/2025/01/03/73751405/790074d1b2cdc2775541f5bfd5536f7c_7582798371313537634.png,810,官方壁纸合集\EP短片壁纸合集\月城柳EP&PV,官方壁纸合集\EP短片壁纸合集\月城柳EP&PV\1085-810-009-9.png,unchanged,wallpapers,9,https://act-upload.mihoyo.com/nap-obc-indep/2025/01/03/73751405/790074d1b2cdc2775541f5bfd5536f7c_7582798371313537634.png
1085-810-010-10,EP短片壁纸合集,1085,.png,1085-810-010-10.png,月城柳EP&PV,wallpapers|1085|810|10|https://act-upload.mihoyo.com/nap-obc-indep/2025/01/03/73751405/23267da534c73a4c637be807a75c2255_2281322258376937407.png,810,官方壁纸合集\EP短片壁纸合集\月城柳EP&PV,官方壁纸合集\EP短片壁纸合集\月城柳EP&PV\1085-810-010-10.png,unchanged,wallpapers,10,https://act-upload.mihoyo.com/nap-obc-indep/2025/01/03/73751405/23267da534c73a4c637be807a75c2255_2281322258376937407.png
1085-810-011-11,EP短片壁纸合集,1085,.png,1085-810-011-11.png,月城柳EP&PV,wallpapers|1085|810|11|https://act-upload.mihoyo.com/nap-obc-indep/2025/01/03/73751405/1cd98c6be6133c860f277d9c7f4befbe_3186159283717500366.png,810,官方壁纸合集\EP短片壁纸合集\月城柳EP&PV,官方壁纸合集\EP短片壁纸合集\月城柳EP&PV\1085-810-011-11.png,unchanged,wallpapers,11,https://act-upload.mihoyo.com/nap-obc-indep/2025/01/03/73751405/1cd98c6be6133c860f277d9c7f4befbe_3186159283717500366.png
1085-810-012-12,EP短片壁纸合集,1085,.png,1085-810-012-12.png,月城柳EP&PV,wallpapers|1085|810|12|https://act-upload.mihoyo.com/nap-obc-indep/2025/01/03/73751405/52813ba09fafb529abf453d05a9ad564_8474574186367458971.png,810,官方壁纸合集\EP短片壁纸合集\月城柳EP&PV,官方壁纸合集\EP短片壁纸合集\月城柳EP&PV\1085-810-012-12.png,unchanged,wallpapers,12,https://act-upload.mihoyo.com/nap-obc-indep/2025/01/03/73751405/52813ba09fafb529abf453d05a9ad564_8474574186367458971.png
1(2560x1080),EP短片壁纸合集,1085,.jpg,1(2560x1080).jpg,浮波柚叶主题壁纸,wallpapers|1085|1232|1(2560x1080)|https://act-upload.mihoyo.com/nap-obc-indep/2025/08/02/73751405/695df378f5ba332c1510c5c280539177_5921153479509165909.jpg,1232,官方壁纸合集\EP短片壁纸合集\浮波柚叶主题壁纸,官方壁纸合集\EP短片壁纸合集\浮波柚叶主题壁纸\1(2560x1080).jpg,unchanged,wallpapers,1(2560x1080),https://act-upload.mihoyo.com/nap-obc-indep/2025/08/02/73751405/695df378f5ba332c1510c5c280539177_5921153479509165909.jpg
1(3840x2160),EP短片壁纸合集,1085,.jpg,1(3840x2160).jpg,浮波柚叶主题壁纸,wallpapers|1085|1232|1(3840x2160)|https://act-upload.mihoyo.com/nap-obc-indep/2025/08/02/73751405/242999c916f60d5788a0726ef459e178_284150384826845117.jpg,1232,官方壁纸合集\EP短片壁纸合集\浮波柚叶主题壁纸,官方壁纸合集\EP短片壁纸合集\浮波柚叶主题壁纸\1(3840x2160).jpg,unchanged,wallpapers,1(3840x2160),https://act-upload.mihoyo.com/nap-obc-indep/2025/08/02/73751405/242999c916f60d5788a0726ef459e178_284150384826845117.jpg
2(2560x1080),EP短片壁纸合集,1085,.jpg,2(2560x1080).jpg,浮波柚叶主题壁纸,wallpapers|1085|1232|2(2560x1080)|https://act-upload.mihoyo.com/nap-obc-indep/2025/08/02/73751405/22fdae8ad6091e9a24350ce914cf7258_5373567397868607793.jpg,1232,官方壁纸合集\EP短片壁纸合集\浮波柚叶主题壁纸,官方壁纸合集\EP短片壁纸合集\浮波柚叶主题壁纸\2(2560x1080).jpg,unchanged,wallpapers,2(2560x1080),https://act-upload.mihoyo.com/nap-obc-indep/2025/08/02/73751405/22fdae8ad6091e9a24350ce914cf7258_5373567397868607793.jpg
2(3840x2160),EP短片壁纸合集,1085,.jpg,2(3840x2160).jpg,浮波柚叶主题壁纸,wallpapers|1085|1232|2(3840x2160)|https://act-upload.mihoyo.com/nap-obc-indep/2025/08/02/73751405/0ab94735469ef22536f6d6f5dd2f407c_2531340787830281790.jpg,1232,官方壁纸合集\EP短片壁纸合集\浮波柚叶主题壁纸,官方壁纸合集\EP短片壁纸合集\浮波柚叶主题壁纸\2(3840x2160).jpg,unchanged,wallpapers,2(3840x2160),https://act-upload.mihoyo.com/nap-obc-indep/2025/08/02/73751405/0ab94735469ef22536f6d6f5dd2f407c_2531340787830281790.jpg
3(2560x1080),EP短片壁纸合集,1085,.jpg,3(2560x1080).jpg,浮波柚叶主题壁纸,wallpapers|1085|1232|3(2560x1080)|https://act-upload.mihoyo.com/nap-obc-indep/2025/08/02/73751405/a1c7835e8e394265714cfd09ccc9ded5_7034813772466660195.jpg,1232,官方壁纸合集\EP短片壁纸合集\浮波柚叶主题壁纸,官方壁纸合集\EP短片壁纸合集\浮波柚叶主题壁纸\3(2560x1080).jpg,unchanged,wallpapers,3(2560x1080),https://act-upload.mihoyo.com/nap-obc-indep/2025/08/02/73751405/a1c7835e8e394265714cfd09ccc9ded5_7034813772466660195.jpg
3(3840x2160),EP短片壁纸合集,1085,.jpg,3(3840x2160).jpg,浮波柚叶主题壁纸,wallpapers|1085|1232|3(3840x2160)|https://act-upload.mihoyo.com/nap-obc-indep/2025/08/02/73751405/2f59960525ad429e722340e501b7f18d_7930277304236842506.jpg,1232,官方壁纸合集\EP短片壁纸合集\浮波柚叶主题壁纸,官方壁纸合集\EP短片壁纸合集\浮波柚叶主题壁纸\3(3840x2160).jpg,unchanged,wallpapers,3(3840x2160),https://act-upload.mihoyo.com/nap-obc-indep/2025/08/02/73751405/2f59960525ad429e722340e501b7f18d_7930277304236842506.jpg
4(2560x1080),EP短片壁纸合集,1085,.jpg,4(2560x1080).jpg,浮波柚叶主题壁纸,wallpapers|1085|1232|4(2560x1080)|https://act-upload.mihoyo.com/nap-obc-indep/2025/08/02/73751405/74c6e3c17412ef37338190800183164a_8336452158873917947.jpg,1232,官方壁纸合集\EP短片壁纸合集\浮波柚叶主题壁纸,官方壁纸合集\EP短片壁纸合集\浮波柚叶主题壁纸\4(2560x1080).jpg,unchanged,wallpapers,4(2560x1080),https://act-upload.mihoyo.com/nap-obc-indep/2025/08/02/73751405/74c6e3c17412ef37338190800183164a_8336452158873917947.jpg
4(3840x2160),EP短片壁纸合集,1085,.jpg,4(3840x2160).jpg,浮波柚叶主题壁纸,wallpapers|1085|1232|4(3840x2160)|https://act-upload.mihoyo.com/nap-obc-indep/2025/08/02/73751405/703795dd64e85323d0188f30ff74e837_4195447760007557196.jpg,1232,官方壁纸合集\EP短片壁纸合集\浮波柚叶主题壁纸,官方壁纸合集\EP短片壁纸合集\浮波柚叶主题壁纸\4(3840x2160).jpg,unchanged,wallpapers,4(3840x2160),https://act-upload.mihoyo.com/nap-obc-indep/2025/08/02/73751405/703795dd64e85323d0188f30ff74e837_4195447760007557196.jpg
5(2560x1080),EP短片壁纸合集,1085,.jpg,5(2560x1080).jpg,浮波柚叶主题壁纸,wallpapers|1085|1232|5(2560x1080)|https://act-upload.mihoyo.com/nap-obc-indep/2025/08/02/73751405/3a7fd8c0f15f6e8978af76cfb9a2d9cb_2383003538935692384.jpg,1232,官方壁纸合集\EP短片壁纸合集\浮波柚叶主题壁纸,官方壁纸合集\EP短片壁纸合集\浮波柚叶主题壁纸\5(2560x1080).jpg,unchanged,wallpapers,5(2560x1080),https://act-upload.mihoyo.com/nap-obc-indep/2025/08/02/73751405/3a7fd8c0f15f6e8978af76cfb9a2d9cb_2383003538935692384.jpg
5(3840x2160),EP短片壁纸合集,1085,.jpg,5(3840x2160).jpg,浮波柚叶主题壁纸,wallpapers|1085|1232|5(3840x2160)|https://act-upload.mihoyo.com/nap-obc-indep/2025/08/02/73751405/4147d349458634e267097e3e70762e7f_826764878049400339.jpg,1232,官方壁纸合集\EP短片壁纸合集\浮波柚叶主题壁纸,官方壁纸合集\EP短片壁纸合集\浮波柚叶主题壁纸\5(3840x2160).jpg,unchanged,wallpapers,5(3840x2160),https://act-upload.mihoyo.com/nap-obc-indep/2025/08/02/73751405/4147d349458634e267097e3e70762e7f_826764878049400339.jpg
6(2560x1080),EP短片壁纸合集,1085,.jpg,6(2560x1080).jpg,浮波柚叶主题壁纸,wallpapers|1085|1232|6(2560x1080)|https://act-upload.mihoyo.com/nap-obc-indep/2025/08/02/73751405/2be7c452ea901ad8a75986e7048eb408_3528025196394642156.jpg,1232,官方壁纸合集\EP短片壁纸合集\浮波柚叶主题壁纸,官方壁纸合集\EP短片壁纸合集\浮波柚叶主题壁纸\6(2560x1080).jpg,unchanged,wallpapers,6(2560x1080),https://act-upload.mihoyo.com/nap-obc-indep/2025/08/02/73751405/2be7c452ea901ad8a75986e7048eb408_3528025196394642156.jpg
6(3840x2160),EP短片壁纸合集,1085,.jpg,6(3840x2160).jpg,浮波柚叶主题壁纸,wallpapers|1085|1232|6(3840x2160)|https://act-upload.mihoyo.com/nap-obc-indep/2025/08/02/73751405/59ccb7f639ef631e42634af407fd51fe_863619721861832523.jpg,1232,官方壁纸合集\EP短片壁纸合集\浮波柚叶主题壁纸,官方壁纸合集\EP短片壁纸合集\浮波柚叶主题壁纸\6(3840x2160).jpg,unchanged,wallpapers,6(3840x2160),https://act-upload.mihoyo.com/nap-obc-indep/2025/08/02/73751405/59ccb7f639ef631e42634af407fd51fe_863619721861832523.jpg
7(2560x1080),EP短片壁纸合集,1085,.jpg,7(2560x1080).jpg,浮波柚叶主题壁纸,wallpapers|1085|1232|7(2560x1080)|https://act-upload.mihoyo.com/nap-obc-indep/2025/08/02/73751405/c3182df6cc04e8b13d55712458381375_8348460638276829518.jpg,1232,官方壁纸合集\EP短片壁纸合集\浮波柚叶主题壁纸,官方壁纸合集\EP短片壁纸合集\浮波柚叶主题壁纸\7(2560x1080).jpg,unchanged,wallpapers,7(2560x1080),https://act-upload.mihoyo.com/nap-obc-indep/2025/08/02/73751405/c3182df6cc04e8b13d55712458381375_8348460638276829518.jpg
7(3840x2160),EP短片壁纸合集,1085,.jpg,7(3840x2160).jpg,浮波柚叶主题壁纸,wallpapers|1085|1232|7(3840x2160)|https://act-upload.mihoyo.com/nap-obc-indep/2025/08/02/73751405/df76e25254c57ebf6c7c887788f40774_1578503946420158061.jpg,1232,官方壁纸合集\EP短片壁纸合集\浮波柚叶主题壁纸,官方壁纸合集\EP短片壁纸合集\浮波柚叶主题壁纸\7(3840x2160).jpg,unchanged,wallpapers,7(3840x2160),https://act-upload.mihoyo.com/nap-obc-indep/2025/08/02/73751405/df76e25254c57ebf6c7c887788f40774_1578503946420158061.jpg
8(2560x1080),EP短片壁纸合集,1085,.jpg,8(2560x1080).jpg,浮波柚叶主题壁纸,wallpapers|1085|1232|8(2560x1080)|https://act-upload.mihoyo.com/nap-obc-indep/2025/08/02/73751405/f0e8b1fbf147175d5cbcf8edc932baa5_7384356040294464847.jpg,1232,官方壁纸合集\EP短片壁纸合集\浮波柚叶主题壁纸,官方壁纸合集\EP短片壁纸合集\浮波柚叶主题壁纸\8(2560x1080).jpg,unchanged,wallpapers,8(2560x1080),https://act-upload.mihoyo.com/nap-obc-indep/2025/08/02/73751405/f0e8b1fbf147175d5cbcf8edc932baa5_7384356040294464847.jpg
8(3840x2160),EP短片壁纸合集,1085,.jpg,8(3840x2160).jpg,浮波柚叶主题壁纸,wallpapers|1085|1232|8(3840x2160)|https://act-upload.mihoyo.com/nap-obc-indep/2025/08/02/73751405/3254b1ecc2e3ba2f2ccea4887e7cf9e2_935631899348807991.jpg,1232,官方壁纸合集\EP短片壁纸合集\浮波柚叶主题壁纸,官方壁纸合集\EP短片壁纸合集\浮波柚叶主题壁纸\8(3840x2160).jpg,unchanged,wallpapers,8(3840x2160),https://act-upload.mihoyo.com/nap-obc-indep/2025/08/02/73751405/3254b1ecc2e3ba2f2ccea4887e7cf9e2_935631899348807991.jpg
9(2560x1080),EP短片壁纸合集,1085,.jpg,9(2560x1080).jpg,浮波柚叶主题壁纸,wallpapers|1085|1232|9(2560x1080)|https://act-upload.mihoyo.com/nap-obc-indep/2025/08/02/73751405/f1b922a3e098024a4a7c1d0d7cd24366_2198277992189297202.jpg,1232,官方壁纸合集\EP短片壁纸合集\浮波柚叶主题壁纸,官方壁纸合集\EP短片壁纸合集\浮波柚叶主题壁纸\9(2560x1080).jpg,unchanged,wallpapers,9(2560x1080),https://act-upload.mihoyo.com/nap-obc-indep/2025/08/02/73751405/f1b922a3e098024a4a7c1d0d7cd24366_2198277992189297202.jpg
9(3840x2160),EP短片壁纸合集,1085,.jpg,9(3840x2160).jpg,浮波柚叶主题壁纸,wallpapers|1085|1232|9(3840x2160)|https://act-upload.mihoyo.com/nap-obc-indep/2025/08/02/73751405/94961d5d6d33df859b1581557cb3be2c_5510081723229343044.jpg,1232,官方壁纸合集\EP短片壁纸合集\浮波柚叶主题壁纸,官方壁纸合集\EP短片壁纸合集\浮波柚叶主题壁纸\9(3840x2160).jpg,unchanged,wallpapers,9(3840x2160),https://act-upload.mihoyo.com/nap-obc-indep/2025/08/02/73751405/94961d5d6d33df859b1581557cb3be2c_5510081723229343044.jpg
10(2560x1080),EP短片壁纸合集,1085,.jpg,10(2560x1080).jpg,浮波柚叶主题壁纸,wallpapers|1085|1232|10(2560x1080)|https://act-upload.mihoyo.com/nap-obc-indep/2025/08/02/73751405/2a2c806fc865a4845f75e798555dcde1_6582877168154699556.jpg,1232,官方壁纸合集\EP短片壁纸合集\浮波柚叶主题壁纸,官方壁纸合集\EP短片壁纸合集\浮波柚叶主题壁纸\10(2560x1080).jpg,unchanged,wallpapers,10(2560x1080),https://act-upload.mihoyo.com/nap-obc-indep/2025/08/02/73751405/2a2c806fc865a4845f75e798555dcde1_6582877168154699556.jpg
10(3840x2160),EP短片壁纸合集,1085,.jpg,10(3840x2160).jpg,浮波柚叶主题壁纸,wallpapers|1085|1232|10(3840x2160)|https://act-upload.mihoyo.com/nap-obc-indep/2025/08/02/73751405/37a31642f997037bcb28a2949817560b_5152207020497065960.jpg,1232,官方壁纸合集\EP短片壁纸合集\浮波柚叶主题壁纸,官方壁纸合集\EP短片壁纸合集\浮波柚叶主题壁纸\10(3840x2160).jpg,unchanged,wallpapers,10(3840x2160),https://act-upload.mihoyo.com/nap-obc-indep/2025/08/02/73751405/37a31642f997037bcb28a2949817560b_5152207020497065960.jpg
11(2560x1080),EP短片壁纸合集,1085,.jpg,11(2560x1080).jpg,浮波柚叶主题壁纸,wallpapers|1085|1232|11(2560x1080)|https://act-upload.mihoyo.com/nap-obc-indep/2025/08/02/73751405/39fcc813c5ee0997289f1d79ba665dbb_3456363928831686513.jpg,1232,官方壁纸合集\EP短片壁纸合集\浮波柚叶主题壁纸,官方壁纸合集\EP短片壁纸合集\浮波柚叶主题壁纸\11(2560x1080).jpg,unchanged,wallpapers,11(2560x1080),https://act-upload.mihoyo.com/nap-obc-indep/2025/08/02/73751405/39fcc813c5ee0997289f1d79ba665dbb_3456363928831686513.jpg
11(3840x2160),EP短片壁纸合集,1085,.jpg,11(3840x2160).jpg,浮波柚叶主题壁纸,wallpapers|1085|1232|11(3840x2160)|https://act-upload.mihoyo.com/nap-obc-indep/2025/08/02/73751405/04811302e30615fa4b2e834dd68b28d8_9016786617925333171.jpg,1232,官方壁纸合集\EP短片壁纸合集\浮波柚叶主题壁纸,官方壁纸合集\EP短片壁纸合集\浮波柚叶主题壁纸\11(3840x2160).jpg,unchanged,wallpapers,11(3840x2160),https://act-upload.mihoyo.com/nap-obc-indep/2025/08/02/73751405/04811302e30615fa4b2e834dd68b28d8_9016786617925333171.jpg
12(2560x1080),EP短片壁纸合集,1085,.jpg,12(2560x1080).jpg,浮波柚叶主题壁纸,wallpapers|1085|1232|12(2560x1080)|https://act-upload.mihoyo.com/nap-obc-indep/2025/08/02/73751405/58925af9b05975a3891ef9e3a90fa6e0_7207149791649938136.jpg,1232,官方壁纸合集\EP短片壁纸合集\浮波柚叶主题壁纸,官方壁纸合集\EP短片壁纸合集\浮波柚叶主题壁纸\12(2560x1080).jpg,unchanged,wallpapers,12(2560x1080),https://act-upload.mihoyo.com/nap-obc-indep/2025/08/02/73751405/58925af9b05975a3891ef9e3a90fa6e0_7207149791649938136.jpg
12(3840x2160),EP短片壁纸合集,1085,.jpg,12(3840x2160).jpg,浮波柚叶主题壁纸,wallpapers|1085|1232|12(3840x2160)|https://act-upload.mihoyo.com/nap-obc-indep/2025/08/02/73751405/8ae581da1482d2ee8a0e37e18ec862d9_2670611779491254023.jpg,1232,官方壁纸合集\EP短片壁纸合集\浮波柚叶主题壁纸,官方壁纸合集\EP短片壁纸合集\浮波柚叶主题壁纸\12(3840x2160).jpg,unchanged,wallpapers,12(3840x2160),https://act-upload.mihoyo.com/nap-obc-indep/2025/08/02/73751405/8ae581da1482d2ee8a0e37e18ec862d9_2670611779491254023.jpg
13(2560x1080),EP短片壁纸合集,1085,.jpg,13(2560x1080).jpg,浮波柚叶主题壁纸,wallpapers|1085|1232|13(2560x1080)|https://act-upload.mihoyo.com/nap-obc-indep/2025/08/02/73751405/4880c42b72c56fee33f5902bc1c02f74_8583881748659453581.jpg,1232,官方壁纸合集\EP短片壁纸合集\浮波柚叶主题壁纸,官方壁纸合集\EP短片壁纸合集\浮波柚叶主题壁纸\13(2560x1080).jpg,unchanged,wallpapers,13(2560x1080),https://act-upload.mihoyo.com/nap-obc-indep/2025/08/02/73751405/4880c42b72c56fee33f5902bc1c02f74_8583881748659453581.jpg
13(3840x2160),EP短片壁纸合集,1085,.jpg,13(3840x2160).jpg,浮波柚叶主题壁纸,wallpapers|1085|1232|13(3840x2160)|https://act-upload.mihoyo.com/nap-obc-indep/2025/08/02/73751405/c4b94e759f3f9532d05f5ab689648737_5521410110940549644.jpg,1232,官方壁纸合集\EP短片壁纸合集\浮波柚叶主题壁纸,官方壁纸合集\EP短片壁纸合集\浮波柚叶主题壁纸\13(3840x2160).jpg,unchanged,wallpapers,13(3840x2160),https://act-upload.mihoyo.com/nap-obc-indep/2025/08/02/73751405/c4b94e759f3f9532d05f5ab689648737_5521410110940549644.jpg
14(2560x1080),EP短片壁纸合集,1085,.jpg,14(2560x1080).jpg,浮波柚叶主题壁纸,wallpapers|1085|1232|14(2560x1080)|https://act-upload.mihoyo.com/nap-obc-indep/2025/08/02/73751405/dd3b4f8d8ad57ea03d76121fde517506_4229371843579470853.jpg,1232,官方壁纸合集\EP短片壁纸合集\浮波柚叶主题壁纸,官方壁纸合集\EP短片壁纸合集\浮波柚叶主题壁纸\14(2560x1080).jpg,unchanged,wallpapers,14(2560x1080),https://act-upload.mihoyo.com/nap-obc-indep/2025/08/02/73751405/dd3b4f8d8ad57ea03d76121fde517506_4229371843579470853.jpg
14(3840x2160),EP短片壁纸合集,1085,.jpg,14(3840x2160).jpg,浮波柚叶主题壁纸,wallpapers|1085|1232|14(3840x2160)|https://act-upload.mihoyo.com/nap-obc-indep/2025/08/02/73751405/4a73b2b412ea82c42c5c50c902efd60c_1984899328813689315.jpg,1232,官方壁纸合集\EP短片壁纸合集\浮波柚叶主题壁纸,官方壁纸合集\EP短片壁纸合集\浮波柚叶主题壁纸\14(3840x2160).jpg,unchanged,wallpapers,14(3840x2160),https://act-upload.mihoyo.com/nap-obc-indep/2025/08/02/73751405/4a73b2b412ea82c42c5c50c902efd60c_1984899328813689315.jpg
15(2560x1080),EP短片壁纸合集,1085,.jpg,15(2560x1080).jpg,浮波柚叶主题壁纸,wallpapers|1085|1232|15(2560x1080)|https://act-upload.mihoyo.com/nap-obc-indep/2025/08/02/73751405/9c53038c45e0b8e3fdf5451742b84343_7332139496312916091.jpg,1232,官方壁纸合集\EP短片壁纸合集\浮波柚叶主题壁纸,官方壁纸合集\EP短片壁纸合集\浮波柚叶主题壁纸\15(2560x1080).jpg,unchanged,wallpapers,15(2560x1080),https://act-upload.mihoyo.com/nap-obc-indep/2025/08/02/73751405/9c53038c45e0b8e3fdf5451742b84343_7332139496312916091.jpg
15(3840x2160),EP短片壁纸合集,1085,.jpg,15(3840x2160).jpg,浮波柚叶主题壁纸,wallpapers|1085|1232|15(3840x2160)|https://act-upload.mihoyo.com/nap-obc-indep/2025/08/02/73751405/246c65a28639e812035ac5481cb5a040_6364993205454330945.jpg,1232,官方壁纸合集\EP短片壁纸合集\浮波柚叶主题壁纸,官方壁纸合集\EP短片壁纸合集\浮波柚叶主题壁纸\15(3840x2160).jpg,unchanged,wallpapers,15(3840x2160),https://act-upload.mihoyo.com/nap-obc-indep/2025/08/02/73751405/246c65a28639e812035ac5481cb5a040_6364993205454330945.jpg
16(2560x1080),EP短片壁纸合集,1085,.jpg,16(2560x1080).jpg,浮波柚叶主题壁纸,wallpapers|1085|1232|16(2560x1080)|https://act-upload.mihoyo.com/nap-obc-indep/2025/08/02/73751405/32607800cb618812d63d593f699193ee_1198968956485533887.jpg,1232,官方壁纸合集\EP短片壁纸合集\浮波柚叶主题壁纸,官方壁纸合集\EP短片壁纸合集\浮波柚叶主题壁纸\16(2560x1080).jpg,unchanged,wallpapers,16(2560x1080),https://act-upload.mihoyo.com/nap-obc-indep/2025/08/02/73751405/32607800cb618812d63d593f699193ee_1198968956485533887.jpg
16(3840x2160),EP短片壁纸合集,1085,.jpg,16(3840x2160).jpg,浮波柚叶主题壁纸,wallpapers|1085|1232|16(3840x2160)|https://act-upload.mihoyo.com/nap-obc-indep/2025/08/02/73751405/28428dafc8d34931698eb583ccd3e838_5862670309515405970.jpg,1232,官方壁纸合集\EP短片壁纸合集\浮波柚叶主题壁纸,官方壁纸合集\EP短片壁纸合集\浮波柚叶主题壁纸\16(3840x2160).jpg,unchanged,wallpapers,16(3840x2160),https://act-upload.mihoyo.com/nap-obc-indep/2025/08/02/73751405/28428dafc8d34931698eb583ccd3e838_5862670309515405970.jpg
17(2560x1080),EP短片壁纸合集,1085,.jpg,17(2560x1080).jpg,浮波柚叶主题壁纸,wallpapers|1085|1232|17(2560x1080)|https://act-upload.mihoyo.com/nap-obc-indep/2025/08/02/73751405/1c0ed76c3503344cbcf0cc4dc3b422e2_2583847946458106732.jpg,1232,官方壁纸合集\EP短片壁纸合集\浮波柚叶主题壁纸,官方壁纸合集\EP短片壁纸合集\浮波柚叶主题壁纸\17(2560x1080).jpg,unchanged,wallpapers,17(2560x1080),https://act-upload.mihoyo.com/nap-obc-indep/2025/08/02/73751405/1c0ed76c3503344cbcf0cc4dc3b422e2_2583847946458106732.jpg
17(3840x2160),EP短片壁纸合集,1085,.jpg,17(3840x2160).jpg,浮波柚叶主题壁纸,wallpapers|1085|1232|17(3840x2160)|https://act-upload.mihoyo.com/nap-obc-indep/2025/08/02/73751405/ef54f895983e541df732a9fcce88adb3_1638431672780927178.jpg,1232,官方壁纸合集\EP短片壁纸合集\浮波柚叶主题壁纸,官方壁纸合集\EP短片壁纸合集\浮波柚叶主题壁纸\17(3840x2160).jpg,unchanged,wallpapers,17(3840x2160),https://act-upload.mihoyo.com/nap-obc-indep/2025/08/02/73751405/ef54f895983e541df732a9fcce88adb3_1638431672780927178.jpg
18(2560x1080),EP短片壁纸合集,1085,.jpg,18(2560x1080).jpg,浮波柚叶主题壁纸,wallpapers|1085|1232|18(2560x1080)|https://act-upload.mihoyo.com/nap-obc-indep/2025/08/02/73751405/e8a5f5762fbd51a5c10fac7a7fc2d43a_2996572930720882070.jpg,1232,官方壁纸合集\EP短片壁纸合集\浮波柚叶主题壁纸,官方壁纸合集\EP短片壁纸合集\浮波柚叶主题壁纸\18(2560x1080).jpg,unchanged,wallpapers,18(2560x1080),https://act-upload.mihoyo.com/nap-obc-indep/2025/08/02/73751405/e8a5f5762fbd51a5c10fac7a7fc2d43a_2996572930720882070.jpg
18(3840x2160),EP短片壁纸合集,1085,.jpg,18(3840x2160).jpg,浮波柚叶主题壁纸,wallpapers|1085|1232|18(3840x2160)|https://act-upload.mihoyo.com/nap-obc-indep/2025/08/02/73751405/0a5244afa765344258dc97f01af1b884_8396479902625173696.jpg,1232,官方壁纸合集\EP短片壁纸合集\浮波柚叶主题壁纸,官方壁纸合集\EP短片壁纸合集\浮波柚叶主题壁纸\18(3840x2160).jpg,unchanged,wallpapers,18(3840x2160),https://act-upload.mihoyo.com/nap-obc-indep/2025/08/02/73751405/0a5244afa765344258dc97f01af1b884_8396479902625173696.jpg
19(2560x1080),EP短片壁纸合集,1085,.jpg,19(2560x1080).jpg,浮波柚叶主题壁纸,wallpapers|1085|1232|19(2560x1080)|https://act-upload.mihoyo.com/nap-obc-indep/2025/08/02/73751405/167a5009c097721a6f848273bc97cc4a_1266526467556520543.jpg,1232,官方壁纸合集\EP短片壁纸合集\浮波柚叶主题壁纸,官方壁纸合集\EP短片壁纸合集\浮波柚叶主题壁纸\19(2560x1080).jpg,unchanged,wallpapers,19(2560x1080),https://act-upload.mihoyo.com/nap-obc-indep/2025/08/02/73751405/167a5009c097721a6f848273bc97cc4a_1266526467556520543.jpg
19(3840x2160),EP短片壁纸合集,1085,.jpg,19(3840x2160).jpg,浮波柚叶主题壁纸,wallpapers|1085|1232|19(3840x2160)|https://act-upload.mihoyo.com/nap-obc-indep/2025/08/02/73751405/5c262fc7bc3ca5f706b0861fc37cba65_360976103775084745.jpg,1232,官方壁纸合集\EP短片壁纸合集\浮波柚叶主题壁纸,官方壁纸合集\EP短片壁纸合集\浮波柚叶主题壁纸\19(3840x2160).jpg,unchanged,wallpapers,19(3840x2160),https://act-upload.mihoyo.com/nap-obc-indep/2025/08/02/73751405/5c262fc7bc3ca5f706b0861fc37cba65_360976103775084745.jpg
20(2560x1080),EP短片壁纸合集,1085,.jpg,20(2560x1080).jpg,浮波柚叶主题壁纸,wallpapers|1085|1232|20(2560x1080)|https://act-upload.mihoyo.com/nap-obc-indep/2025/08/02/73751405/1c003c0acd0e4b9a7d052ffa81c66afb_3174035852155407431.jpg,1232,官方壁纸合集\EP短片壁纸合集\浮波柚叶主题壁纸,官方壁纸合集\EP短片壁纸合集\浮波柚叶主题壁纸\20(2560x1080).jpg,unchanged,wallpapers,20(2560x1080),https://act-upload.mihoyo.com/nap-obc-indep/2025/08/02/73751405/1c003c0acd0e4b9a7d052ffa81c66afb_3174035852155407431.jpg
20(3840x2160),EP短片壁纸合集,1085,.jpg,20(3840x2160).jpg,浮波柚叶主题壁纸,wallpapers|1085|1232|20(3840x2160)|https://act-upload.mihoyo.com/nap-obc-indep/2025/08/02/73751405/82ce7b1bf8044c40199024f124aa3d92_7641121208898414221.jpg,1232,官方壁纸合集\EP短片壁纸合集\浮波柚叶主题壁纸,官方壁纸合集\EP短片壁纸合集\浮波柚叶主题壁纸\20(3840x2160).jpg,unchanged,wallpapers,20(3840x2160),https://act-upload.mihoyo.com/nap-obc-indep/2025/08/02/73751405/82ce7b1bf8044c40199024f124aa3d92_7641121208898414221.jpg
1(2560x1080),EP短片壁纸合集,1085,.jpg,1(2560x1080).jpg,爱丽丝主题壁纸,wallpapers|1085|1273|1(2560x1080)|https://act-upload.mihoyo.com/nap-obc-indep/2025/08/29/73751405/bb54b1be902d536e7b6a1fef3b179c15_870824935839256112.jpg,1273,官方壁纸合集\EP短片壁纸合集\爱丽丝主题壁纸,官方壁纸合集\EP短片壁纸合集\爱丽丝主题壁纸\1(2560x1080).jpg,unchanged,wallpapers,1(2560x1080),https://act-upload.mihoyo.com/nap-obc-indep/2025/08/29/73751405/bb54b1be902d536e7b6a1fef3b179c15_870824935839256112.jpg
1(3840x2160),EP短片壁纸合集,1085,.jpg,1(3840x2160).jpg,爱丽丝主题壁纸,wallpapers|1085|1273|1(3840x2160)|https://act-upload.mihoyo.com/nap-obc-indep/2025/08/29/73751405/626d55d4f2786afcf3458a610ce9f0fb_1110353310297873797.jpg,1273,官方壁纸合集\EP短片壁纸合集\爱丽丝主题壁纸,官方壁纸合集\EP短片壁纸合集\爱丽丝主题壁纸\1(3840x2160).jpg,unchanged,wallpapers,1(3840x2160),https://act-upload.mihoyo.com/nap-obc-indep/2025/08/29/73751405/626d55d4f2786afcf3458a610ce9f0fb_1110353310297873797.jpg
2(2560x1080),EP短片壁纸合集,1085,.jpg,2(2560x1080).jpg,爱丽丝主题壁纸,wallpapers|1085|1273|2(2560x1080)|https://act-upload.mihoyo.com/nap-obc-indep/2025/08/29/73751405/718d216ffe66380d08398f87bb46254f_1361563275078500265.jpg,1273,官方壁纸合集\EP短片壁纸合集\爱丽丝主题壁纸,官方壁纸合集\EP短片壁纸合集\爱丽丝主题壁纸\2(2560x1080).jpg,unchanged,wallpapers,2(2560x1080),https://act-upload.mihoyo.com/nap-obc-indep/2025/08/29/73751405/718d216ffe66380d08398f87bb46254f_1361563275078500265.jpg
2(3840x2160),EP短片壁纸合集,1085,.jpg,2(3840x2160).jpg,爱丽丝主题壁纸,wallpapers|1085|1273|2(3840x2160)|https://act-upload.mihoyo.com/nap-obc-indep/2025/08/29/73751405/29cc46498bbcb7aab091fb467e90fc06_594724714834333119.jpg,1273,官方壁纸合集\EP短片壁纸合集\爱丽丝主题壁纸,官方壁纸合集\EP短片壁纸合集\爱丽丝主题壁纸\2(3840x2160).jpg,unchanged,wallpapers,2(3840x2160),https://act-upload.mihoyo.com/nap-obc-indep/2025/08/29/73751405/29cc46498bbcb7aab091fb467e90fc06_594724714834333119.jpg
3(2560x1080),EP短片壁纸合集,1085,.jpg,3(2560x1080).jpg,爱丽丝主题壁纸,wallpapers|1085|1273|3(2560x1080)|https://act-upload.mihoyo.com/nap-obc-indep/2025/08/29/73751405/2af7362aec58aab7e894aba02526ba38_8326011702764423899.jpg,1273,官方壁纸合集\EP短片壁纸合集\爱丽丝主题壁纸,官方壁纸合集\EP短片壁纸合集\爱丽丝主题壁纸\3(2560x1080).jpg,unchanged,wallpapers,3(2560x1080),https://act-upload.mihoyo.com/nap-obc-indep/2025/08/29/73751405/2af7362aec58aab7e894aba02526ba38_8326011702764423899.jpg
3(3840x2160),EP短片壁纸合集,1085,.jpg,3(3840x2160).jpg,爱丽丝主题壁纸,wallpapers|1085|1273|3(3840x2160)|https://act-upload.mihoyo.com/nap-obc-indep/2025/08/29/73751405/1b0ad26063b8a36efd5576a12c2e8868_4393846856878817117.jpg,1273,官方壁纸合集\EP短片壁纸合集\爱丽丝主题壁纸,官方壁纸合集\EP短片壁纸合集\爱丽丝主题壁纸\3(3840x2160).jpg,unchanged,wallpapers,3(3840x2160),https://act-upload.mihoyo.com/nap-obc-indep/2025/08/29/73751405/1b0ad26063b8a36efd5576a12c2e8868_4393846856878817117.jpg
4(2560x1080),EP短片壁纸合集,1085,.jpg,4(2560x1080).jpg,爱丽丝主题壁纸,wallpapers|1085|1273|4(2560x1080)|https://act-upload.mihoyo.com/nap-obc-indep/2025/08/29/73751405/0f04f565bb119fca9479a0e3b5010033_6953052740792766622.jpg,1273,官方壁纸合集\EP短片壁纸合集\爱丽丝主题壁纸,官方壁纸合集\EP短片壁纸合集\爱丽丝主题壁纸\4(2560x1080).jpg,unchanged,wallpapers,4(2560x1080),https://act-upload.mihoyo.com/nap-obc-indep/2025/08/29/73751405/0f04f565bb119fca9479a0e3b5010033_6953052740792766622.jpg
4(3840x2160),EP短片壁纸合集,1085,.jpg,4(3840x2160).jpg,爱丽丝主题壁纸,wallpapers|1085|1273|4(3840x2160)|https://act-upload.mihoyo.com/nap-obc-indep/2025/08/29/73751405/230bcfd37be6ade440755a18564f024a_5244461474981862911.jpg,1273,官方壁纸合集\EP短片壁纸合集\爱丽丝主题壁纸,官方壁纸合集\EP短片壁纸合集\爱丽丝主题壁纸\4(3840x2160).jpg,unchanged,wallpapers,4(3840x2160),https://act-upload.mihoyo.com/nap-obc-indep/2025/08/29/73751405/230bcfd37be6ade440755a18564f024a_5244461474981862911.jpg
5(2560x1080),EP短片壁纸合集,1085,.jpg,5(2560x1080).jpg,爱丽丝主题壁纸,wallpapers|1085|1273|5(2560x1080)|https://act-upload.mihoyo.com/nap-obc-indep/2025/08/29/73751405/400648433e9a1ac605adcbda61ba3178_7551584856878494836.jpg,1273,官方壁纸合集\EP短片壁纸合集\爱丽丝主题壁纸,官方壁纸合集\EP短片壁纸合集\爱丽丝主题壁纸\5(2560x1080).jpg,unchanged,wallpapers,5(2560x1080),https://act-upload.mihoyo.com/nap-obc-indep/2025/08/29/73751405/400648433e9a1ac605adcbda61ba3178_7551584856878494836.jpg
5(3840x2160),EP短片壁纸合集,1085,.jpg,5(3840x2160).jpg,爱丽丝主题壁纸,wallpapers|1085|1273|5(3840x2160)|https://act-upload.mihoyo.com/nap-obc-indep/2025/08/29/73751405/5fdf43a865b66802bf6c11b5081d843d_7859383562062403095.jpg,1273,官方壁纸合集\EP短片壁纸合集\爱丽丝主题壁纸,官方壁纸合集\EP短片壁纸合集\爱丽丝主题壁纸\5(3840x2160).jpg,unchanged,wallpapers,5(3840x2160),https://act-upload.mihoyo.com/nap-obc-indep/2025/08/29/73751405/5fdf43a865b66802bf6c11b5081d843d_7859383562062403095.jpg
6(2560x1080),EP短片壁纸合集,1085,.jpg,6(2560x1080).jpg,爱丽丝主题壁纸,wallpapers|1085|1273|6(2560x1080)|https://act-upload.mihoyo.com/nap-obc-indep/2025/08/29/73751405/06bfe96d2d0ca9e5bcc77a456f209e17_5075447942535933953.jpg,1273,官方壁纸合集\EP短片壁纸合集\爱丽丝主题壁纸,官方壁纸合集\EP短片壁纸合集\爱丽丝主题壁纸\6(2560x1080).jpg,unchanged,wallpapers,6(2560x1080),https://act-upload.mihoyo.com/nap-obc-indep/2025/08/29/73751405/06bfe96d2d0ca9e5bcc77a456f209e17_5075447942535933953.jpg
6(3840x2160),EP短片壁纸合集,1085,.jpg,6(3840x2160).jpg,爱丽丝主题壁纸,wallpapers|1085|1273|6(3840x2160)|https://act-upload.mihoyo.com/nap-obc-indep/2025/08/29/73751405/b172c0d91cdbec56608f5bafd89eff99_2399405962054854682.jpg,1273,官方壁纸合集\EP短片壁纸合集\爱丽丝主题壁纸,官方壁纸合集\EP短片壁纸合集\爱丽丝主题壁纸\6(3840x2160).jpg,unchanged,wallpapers,6(3840x2160),https://act-upload.mihoyo.com/nap-obc-indep/2025/08/29/73751405/b172c0d91cdbec56608f5bafd89eff99_2399405962054854682.jpg
7(2560x1080),EP短片壁纸合集,1085,.jpg,7(2560x1080).jpg,爱丽丝主题壁纸,wallpapers|1085|1273|7(2560x1080)|https://act-upload.mihoyo.com/nap-obc-indep/2025/08/29/73751405/5081ea545d1ad8f80f8e00a303e3dcf2_6348758429924277357.jpg,1273,官方壁纸合集\EP短片壁纸合集\爱丽丝主题壁纸,官方壁纸合集\EP短片壁纸合集\爱丽丝主题壁纸\7(2560x1080).jpg,unchanged,wallpapers,7(2560x1080),https://act-upload.mihoyo.com/nap-obc-indep/2025/08/29/73751405/5081ea545d1ad8f80f8e00a303e3dcf2_6348758429924277357.jpg
7(3840x2160),EP短片壁纸合集,1085,.jpg,7(3840x2160).jpg,爱丽丝主题壁纸,wallpapers|1085|1273|7(3840x2160)|https://act-upload.mihoyo.com/nap-obc-indep/2025/08/29/73751405/2d35e8f79ea2aa87f9afe0e5935f33fd_7878639331477026083.jpg,1273,官方壁纸合集\EP短片壁纸合集\爱丽丝主题壁纸,官方壁纸合集\EP短片壁纸合集\爱丽丝主题壁纸\7(3840x2160).jpg,unchanged,wallpapers,7(3840x2160),https://act-upload.mihoyo.com/nap-obc-indep/2025/08/29/73751405/2d35e8f79ea2aa87f9afe0e5935f33fd_7878639331477026083.jpg
8(2560x1080),EP短片壁纸合集,1085,.jpg,8(2560x1080).jpg,爱丽丝主题壁纸,wallpapers|1085|1273|8(2560x1080)|https://act-upload.mihoyo.com/nap-obc-indep/2025/08/29/73751405/4d8b89048d4b740984dbfda42c659d3d_2028523937530762378.jpg,1273,官方壁纸合集\EP短片壁纸合集\爱丽丝主题壁纸,官方壁纸合集\EP短片壁纸合集\爱丽丝主题壁纸\8(2560x1080).jpg,unchanged,wallpapers,8(2560x1080),https://act-upload.mihoyo.com/nap-obc-indep/2025/08/29/73751405/4d8b89048d4b740984dbfda42c659d3d_2028523937530762378.jpg
8(3840x2160),EP短片壁纸合集,1085,.jpg,8(3840x2160).jpg,爱丽丝主题壁纸,wallpapers|1085|1273|8(3840x2160)|https://act-upload.mihoyo.com/nap-obc-indep/2025/08/29/73751405/18e6fd182cb4138cb958504ca83ee793_8275801589230258044.jpg,1273,官方壁纸合集\EP短片壁纸合集\爱丽丝主题壁纸,官方壁纸合集\EP短片壁纸合集\爱丽丝主题壁纸\8(3840x2160).jpg,unchanged,wallpapers,8(3840x2160),https://act-upload.mihoyo.com/nap-obc-indep/2025/08/29/73751405/18e6fd182cb4138cb958504ca83ee793_8275801589230258044.jpg
9(2560x1080),EP短片壁纸合集,1085,.jpg,9(2560x1080).jpg,爱丽丝主题壁纸,wallpapers|1085|1273|9(2560x1080)|https://act-upload.mihoyo.com/nap-obc-indep/2025/08/29/73751405/be241a7cbcf3dba6a5bd02c8f3f0e9d8_2982329194412916073.jpg,1273,官方壁纸合集\EP短片壁纸合集\爱丽丝主题壁纸,官方壁纸合集\EP短片壁纸合集\爱丽丝主题壁纸\9(2560x1080).jpg,unchanged,wallpapers,9(2560x1080),https://act-upload.mihoyo.com/nap-obc-indep/2025/08/29/73751405/be241a7cbcf3dba6a5bd02c8f3f0e9d8_2982329194412916073.jpg
9(3840x2160),EP短片壁纸合集,1085,.jpg,9(3840x2160).jpg,爱丽丝主题壁纸,wallpapers|1085|1273|9(3840x2160)|https://act-upload.mihoyo.com/nap-obc-indep/2025/08/29/73751405/f5854e90174eea978f9e3fae1d97ae09_6934725468585165088.jpg,1273,官方壁纸合集\EP短片壁纸合集\爱丽丝主题壁纸,官方壁纸合集\EP短片壁纸合集\爱丽丝主题壁纸\9(3840x2160).jpg,unchanged,wallpapers,9(3840x2160),https://act-upload.mihoyo.com/nap-obc-indep/2025/08/29/73751405/f5854e90174eea978f9e3fae1d97ae09_6934725468585165088.jpg
10(2560x1080),EP短片壁纸合集,1085,.jpg,10(2560x1080).jpg,爱丽丝主题壁纸,wallpapers|1085|1273|10(2560x1080)|https://act-upload.mihoyo.com/nap-obc-indep/2025/08/29/73751405/8d2b590de7dfa2cd507a428d0b7b6405_7020504542576363906.jpg,1273,官方壁纸合集\EP短片壁纸合集\爱丽丝主题壁纸,官方壁纸合集\EP短片壁纸合集\爱丽丝主题壁纸\10(2560x1080).jpg,unchanged,wallpapers,10(2560x1080),https://act-upload.mihoyo.com/nap-obc-indep/2025/08/29/73751405/8d2b590de7dfa2cd507a428d0b7b6405_7020504542576363906.jpg
10(3840x2160),EP短片壁纸合集,1085,.jpg,10(3840x2160).jpg,爱丽丝主题壁纸,wallpapers|1085|1273|10(3840x2160)|https://act-upload.mihoyo.com/nap-obc-indep/2025/08/29/73751405/ea3ceed252fcaae767b210b6dcb6b644_2221864039990767105.jpg,1273,官方壁纸合集\EP短片壁纸合集\爱丽丝主题壁纸,官方壁纸合集\EP短片壁纸合集\爱丽丝主题壁纸\10(3840x2160).jpg,unchanged,wallpapers,10(3840x2160),https://act-upload.mihoyo.com/nap-obc-indep/2025/08/29/73751405/ea3ceed252fcaae767b210b6dcb6b644_2221864039990767105.jpg
11(2560x1080),EP短片壁纸合集,1085,.jpg,11(2560x1080).jpg,爱丽丝主题壁纸,wallpapers|1085|1273|11(2560x1080)|https://act-upload.mihoyo.com/nap-obc-indep/2025/08/29/73751405/95d98c1c5e4c61f97dfd1d3d78c23be4_1239323403334755273.jpg,1273,官方壁纸合集\EP短片壁纸合集\爱丽丝主题壁纸,官方壁纸合集\EP短片壁纸合集\爱丽丝主题壁纸\11(2560x1080).jpg,unchanged,wallpapers,11(2560x1080),https://act-upload.mihoyo.com/nap-obc-indep/2025/08/29/73751405/95d98c1c5e4c61f97dfd1d3d78c23be4_1239323403334755273.jpg
11(3840x2160),EP短片壁纸合集,1085,.jpg,11(3840x2160).jpg,爱丽丝主题壁纸,wallpapers|1085|1273|11(3840x2160)|https://act-upload.mihoyo.com/nap-obc-indep/2025/08/29/73751405/454dee011576df09bef598f5d88ad709_3835379239662404666.jpg,1273,官方壁纸合集\EP短片壁纸合集\爱丽丝主题壁纸,官方壁纸合集\EP短片壁纸合集\爱丽丝主题壁纸\11(3840x2160).jpg,unchanged,wallpapers,11(3840x2160),https://act-upload.mihoyo.com/nap-obc-indep/2025/08/29/73751405/454dee011576df09bef598f5d88ad709_3835379239662404666.jpg
12(2560x1080),EP短片壁纸合集,1085,.jpg,12(2560x1080).jpg,爱丽丝主题壁纸,wallpapers|1085|1273|12(2560x1080)|https://act-upload.mihoyo.com/nap-obc-indep/2025/08/29/73751405/2f6f44f2a238c0c8f1e84d5f27ea349d_886338381909177171.jpg,1273,官方壁纸合集\EP短片壁纸合集\爱丽丝主题壁纸,官方壁纸合集\EP短片壁纸合集\爱丽丝主题壁纸\12(2560x1080).jpg,unchanged,wallpapers,12(2560x1080),https://act-upload.mihoyo.com/nap-obc-indep/2025/08/29/73751405/2f6f44f2a238c0c8f1e84d5f27ea349d_886338381909177171.jpg
12(3840x2160),EP短片壁纸合集,1085,.jpg,12(3840x2160).jpg,爱丽丝主题壁纸,wallpapers|1085|1273|12(3840x2160)|https://act-upload.mihoyo.com/nap-obc-indep/2025/08/29/73751405/f346ad6a8906c1ec24c9a19a6e6d49d3_484780288697796067.jpg,1273,官方壁纸合集\EP短片壁纸合集\爱丽丝主题壁纸,官方壁纸合集\EP短片壁纸合集\爱丽丝主题壁纸\12(3840x2160).jpg,unchanged,wallpapers,12(3840x2160),https://act-upload.mihoyo.com/nap-obc-indep/2025/08/29/73751405/f346ad6a8906c1ec24c9a19a6e6d49d3_484780288697796067.jpg
13(2560x1080),EP短片壁纸合集,1085,.jpg,13(2560x1080).jpg,爱丽丝主题壁纸,wallpapers|1085|1273|13(2560x1080)|https://act-upload.mihoyo.com/nap-obc-indep/2025/08/29/73751405/9af3f425ca50b5b30eb4d8f84c7488af_5369886542179838578.jpg,1273,官方壁纸合集\EP短片壁纸合集\爱丽丝主题壁纸,官方壁纸合集\EP短片壁纸合集\爱丽丝主题壁纸\13(2560x1080).jpg,unchanged,wallpapers,13(2560x1080),https://act-upload.mihoyo.com/nap-obc-indep/2025/08/29/73751405/9af3f425ca50b5b30eb4d8f84c7488af_5369886542179838578.jpg
13(3840x2160),EP短片壁纸合集,1085,.jpg,13(3840x2160).jpg,爱丽丝主题壁纸,wallpapers|1085|1273|13(3840x2160)|https://act-upload.mihoyo.com/nap-obc-indep/2025/08/29/73751405/6ac670ccd1e36558b453f80904891e4b_7256777598531153659.jpg,1273,官方壁纸合集\EP短片壁纸合集\爱丽丝主题壁纸,官方壁纸合集\EP短片壁纸合集\爱丽丝主题壁纸\13(3840x2160).jpg,unchanged,wallpapers,13(3840x2160),https://act-upload.mihoyo.com/nap-obc-indep/2025/08/29/73751405/6ac670ccd1e36558b453f80904891e4b_7256777598531153659.jpg
14(2560x1080),EP短片壁纸合集,1085,.jpg,14(2560x1080).jpg,爱丽丝主题壁纸,wallpapers|1085|1273|14(2560x1080)|https://act-upload.mihoyo.com/nap-obc-indep/2025/08/29/73751405/a9de2932ca06cfe3cdb17c4d7c08bb20_2871245963128162375.jpg,1273,官方壁纸合集\EP短片壁纸合集\爱丽丝主题壁纸,官方壁纸合集\EP短片壁纸合集\爱丽丝主题壁纸\14(2560x1080).jpg,unchanged,wallpapers,14(2560x1080),https://act-upload.mihoyo.com/nap-obc-indep/2025/08/29/73751405/a9de2932ca06cfe3cdb17c4d7c08bb20_2871245963128162375.jpg
14(3840x2160),EP短片壁纸合集,1085,.jpg,14(3840x2160).jpg,爱丽丝主题壁纸,wallpapers|1085|1273|14(3840x2160)|https://act-upload.mihoyo.com/nap-obc-indep/2025/08/29/73751405/693eb6e9a74de363d165008dcc5f1ad5_927630967396239024.jpg,1273,官方壁纸合集\EP短片壁纸合集\爱丽丝主题壁纸,官方壁纸合集\EP短片壁纸合集\爱丽丝主题壁纸\14(3840x2160).jpg,unchanged,wallpapers,14(3840x2160),https://act-upload.mihoyo.com/nap-obc-indep/2025/08/29/73751405/693eb6e9a74de363d165008dcc5f1ad5_927630967396239024.jpg
15(2560x1080),EP短片壁纸合集,1085,.jpg,15(2560x1080).jpg,爱丽丝主题壁纸,wallpapers|1085|1273|15(2560x1080)|https://act-upload.mihoyo.com/nap-obc-indep/2025/08/29/73751405/47fc2d331da7d5d408ebc36caf40d46c_1524182813168445307.jpg,1273,官方壁纸合集\EP短片壁纸合集\爱丽丝主题壁纸,官方壁纸合集\EP短片壁纸合集\爱丽丝主题壁纸\15(2560x1080).jpg,unchanged,wallpapers,15(2560x1080),https://act-upload.mihoyo.com/nap-obc-indep/2025/08/29/73751405/47fc2d331da7d5d408ebc36caf40d46c_1524182813168445307.jpg
15(3840x2160),EP短片壁纸合集,1085,.jpg,15(3840x2160).jpg,爱丽丝主题壁纸,wallpapers|1085|1273|15(3840x2160)|https://act-upload.mihoyo.com/nap-obc-indep/2025/08/29/73751405/a4783bca96868dcd06a580d50576d645_4702199265088647833.jpg,1273,官方壁纸合集\EP短片壁纸合集\爱丽丝主题壁纸,官方壁纸合集\EP短片壁纸合集\爱丽丝主题壁纸\15(3840x2160).jpg,unchanged,wallpapers,15(3840x2160),https://act-upload.mihoyo.com/nap-obc-indep/2025/08/29/73751405/a4783bca96868dcd06a580d50576d645_4702199265088647833.jpg
1(2360x1080),EP短片壁纸合集,1085,.png,1(2360x1080).png,薇薇安角色PV&角色展示壁纸,wallpapers|1085|1094|1(2360x1080)|https://act-upload.mihoyo.com/nap-obc-indep/2025/06/05/73751405/4d7869920c078c0e05959b36cdf523ce_3620558535420696120.png,1094,官方壁纸合集\EP短片壁纸合集\薇薇安角色PV&角色展示壁纸,官方壁纸合集\EP短片壁纸合集\薇薇安角色PV&角色展示壁纸\1(2360x1080).png,unchanged,wallpapers,1(2360x1080),https://act-upload.mihoyo.com/nap-obc-indep/2025/06/05/73751405/4d7869920c078c0e05959b36cdf523ce_3620558535420696120.png
1(3840x2160),EP短片壁纸合集,1085,.png,1(3840x2160).png,薇薇安角色PV&角色展示壁纸,wallpapers|1085|1094|1(3840x2160)|https://act-upload.mihoyo.com/nap-obc-indep/2025/06/05/73751405/5e988fa07f225ce0eca769a6291f2032_96265698509199698.png,1094,官方壁纸合集\EP短片壁纸合集\薇薇安角色PV&角色展示壁纸,官方壁纸合集\EP短片壁纸合集\薇薇安角色PV&角色展示壁纸\1(3840x2160).png,unchanged,wallpapers,1(3840x2160),https://act-upload.mihoyo.com/nap-obc-indep/2025/06/05/73751405/5e988fa07f225ce0eca769a6291f2032_96265698509199698.png
2(2360x1080),EP短片壁纸合集,1085,.png,2(2360x1080).png,薇薇安角色PV&角色展示壁纸,wallpapers|1085|1094|2(2360x1080)|https://act-upload.mihoyo.com/nap-obc-indep/2025/06/05/73751405/daef8e7c80f5f142e45d1badd5e35ada_6620084820764607645.png,1094,官方壁纸合集\EP短片壁纸合集\薇薇安角色PV&角色展示壁纸,官方壁纸合集\EP短片壁纸合集\薇薇安角色PV&角色展示壁纸\2(2360x1080).png,unchanged,wallpapers,2(2360x1080),https://act-upload.mihoyo.com/nap-obc-indep/2025/06/05/73751405/daef8e7c80f5f142e45d1badd5e35ada_6620084820764607645.png
2(3840x2160),EP短片壁纸合集,1085,.png,2(3840x2160).png,薇薇安角色PV&角色展示壁纸,wallpapers|1085|1094|2(3840x2160)|https://act-upload.mihoyo.com/nap-obc-indep/2025/06/05/73751405/055d305e7dfa76c4db67a341f5aeebf9_3565376363300081389.png,1094,官方壁纸合集\EP短片壁纸合集\薇薇安角色PV&角色展示壁纸,官方壁纸合集\EP短片壁纸合集\薇薇安角色PV&角色展示壁纸\2(3840x2160).png,unchanged,wallpapers,2(3840x2160),https://act-upload.mihoyo.com/nap-obc-indep/2025/06/05/73751405/055d305e7dfa76c4db67a341f5aeebf9_3565376363300081389.png
3(2360x1080),EP短片壁纸合集,1085,.png,3(2360x1080).png,薇薇安角色PV&角色展示壁纸,wallpapers|1085|1094|3(2360x1080)|https://act-upload.mihoyo.com/nap-obc-indep/2025/06/05/73751405/d3fe8e1b26326f8fe7fdf4394ef028fc_8449506972840419839.png,1094,官方壁纸合集\EP短片壁纸合集\薇薇安角色PV&角色展示壁纸,官方壁纸合集\EP短片壁纸合集\薇薇安角色PV&角色展示壁纸\3(2360x1080).png,unchanged,wallpapers,3(2360x1080),https://act-upload.mihoyo.com/nap-obc-indep/2025/06/05/73751405/d3fe8e1b26326f8fe7fdf4394ef028fc_8449506972840419839.png
3(3840x2160),EP短片壁纸合集,1085,.png,3(3840x2160).png,薇薇安角色PV&角色展示壁纸,wallpapers|1085|1094|3(3840x2160)|https://act-upload.mihoyo.com/nap-obc-indep/2025/06/05/73751405/194d540305f7aa0927fda6dc5ceecbcf_5568595070481690575.png,1094,官方壁纸合集\EP短片壁纸合集\薇薇安角色PV&角色展示壁纸,官方壁纸合集\EP短片壁纸合集\薇薇安角色PV&角色展示壁纸\3(3840x2160).png,unchanged,wallpapers,3(3840x2160),https://act-upload.mihoyo.com/nap-obc-indep/2025/06/05/73751405/194d540305f7aa0927fda6dc5ceecbcf_5568595070481690575.png
4(2360x1080),EP短片壁纸合集,1085,.png,4(2360x1080).png,薇薇安角色PV&角色展示壁纸,wallpapers|1085|1094|4(2360x1080)|https://act-upload.mihoyo.com/nap-obc-indep/2025/06/05/73751405/df1bc0afc9da7b1ff0ef939ffdc976b7_7617746296761851730.png,1094,官方壁纸合集\EP短片壁纸合集\薇薇安角色PV&角色展示壁纸,官方壁纸合集\EP短片壁纸合集\薇薇安角色PV&角色展示壁纸\4(2360x1080).png,unchanged,wallpapers,4(2360x1080),https://act-upload.mihoyo.com/nap-obc-indep/2025/06/05/73751405/df1bc0afc9da7b1ff0ef939ffdc976b7_7617746296761851730.png
4(3840x2160),EP短片壁纸合集,1085,.png,4(3840x2160).png,薇薇安角色PV&角色展示壁纸,wallpapers|1085|1094|4(3840x2160)|https://act-upload.mihoyo.com/nap-obc-indep/2025/06/05/73751405/728f8660bcc031d28fc511d182d66c48_3267685304567360930.png,1094,官方壁纸合集\EP短片壁纸合集\薇薇安角色PV&角色展示壁纸,官方壁纸合集\EP短片壁纸合集\薇薇安角色PV&角色展示壁纸\4(3840x2160).png,unchanged,wallpapers,4(3840x2160),https://act-upload.mihoyo.com/nap-obc-indep/2025/06/05/73751405/728f8660bcc031d28fc511d182d66c48_3267685304567360930.png
5(2360x1080),EP短片壁纸合集,1085,.png,5(2360x1080).png,薇薇安角色PV&角色展示壁纸,wallpapers|1085|1094|5(2360x1080)|https://act-upload.mihoyo.com/nap-obc-indep/2025/06/05/73751405/547a83a97d535bd932497c4f604f72c9_8413428085077484616.png,1094,官方壁纸合集\EP短片壁纸合集\薇薇安角色PV&角色展示壁纸,官方壁纸合集\EP短片壁纸合集\薇薇安角色PV&角色展示壁纸\5(2360x1080).png,unchanged,wallpapers,5(2360x1080),https://act-upload.mihoyo.com/nap-obc-indep/2025/06/05/73751405/547a83a97d535bd932497c4f604f72c9_8413428085077484616.png
5(3840x2160),EP短片壁纸合集,1085,.png,5(3840x2160).png,薇薇安角色PV&角色展示壁纸,wallpapers|1085|1094|5(3840x2160)|https://act-upload.mihoyo.com/nap-obc-indep/2025/06/05/73751405/cb7c91d21c3c1383bbdd725ce9c521b3_8198825907070773703.png,1094,官方壁纸合集\EP短片壁纸合集\薇薇安角色PV&角色展示壁纸,官方壁纸合集\EP短片壁纸合集\薇薇安角色PV&角色展示壁纸\5(3840x2160).png,unchanged,wallpapers,5(3840x2160),https://act-upload.mihoyo.com/nap-obc-indep/2025/06/05/73751405/cb7c91d21c3c1383bbdd725ce9c521b3_8198825907070773703.png
6(2360x1080),EP短片壁纸合集,1085,.png,6(2360x1080).png,薇薇安角色PV&角色展示壁纸,wallpapers|1085|1094|6(2360x1080)|https://act-upload.mihoyo.com/nap-obc-indep/2025/06/05/73751405/9fbca02006177e60d43e7ee51b74595e_6128151440396715421.png,1094,官方壁纸合集\EP短片壁纸合集\薇薇安角色PV&角色展示壁纸,官方壁纸合集\EP短片壁纸合集\薇薇安角色PV&角色展示壁纸\6(2360x1080).png,unchanged,wallpapers,6(2360x1080),https://act-upload.mihoyo.com/nap-obc-indep/2025/06/05/73751405/9fbca02006177e60d43e7ee51b74595e_6128151440396715421.png
6(3840x2160),EP短片壁纸合集,1085,.png,6(3840x2160).png,薇薇安角色PV&角色展示壁纸,wallpapers|1085|1094|6(3840x2160)|https://act-upload.mihoyo.com/nap-obc-indep/2025/06/05/73751405/54b252056d0e535a488b4789d7d13faa_3674834664991763724.png,1094,官方壁纸合集\EP短片壁纸合集\薇薇安角色PV&角色展示壁纸,官方壁纸合集\EP短片壁纸合集\薇薇安角色PV&角色展示壁纸\6(3840x2160).png,unchanged,wallpapers,6(3840x2160),https://act-upload.mihoyo.com/nap-obc-indep/2025/06/05/73751405/54b252056d0e535a488b4789d7d13faa_3674834664991763724.png
7(2360x1080),EP短片壁纸合集,1085,.png,7(2360x1080).png,薇薇安角色PV&角色展示壁纸,wallpapers|1085|1094|7(2360x1080)|https://act-upload.mihoyo.com/nap-obc-indep/2025/06/05/73751405/912a6043c96c00bae99073263adf1fbb_4557957178314515212.png,1094,官方壁纸合集\EP短片壁纸合集\薇薇安角色PV&角色展示壁纸,官方壁纸合集\EP短片壁纸合集\薇薇安角色PV&角色展示壁纸\7(2360x1080).png,unchanged,wallpapers,7(2360x1080),https://act-upload.mihoyo.com/nap-obc-indep/2025/06/05/73751405/912a6043c96c00bae99073263adf1fbb_4557957178314515212.png
7(3840x2160),EP短片壁纸合集,1085,.png,7(3840x2160).png,薇薇安角色PV&角色展示壁纸,wallpapers|1085|1094|7(3840x2160)|https://act-upload.mihoyo.com/nap-obc-indep/2025/06/05/73751405/027f7967b31d53d5af23951487fb914c_8356432976306479481.png,1094,官方壁纸合集\EP短片壁纸合集\薇薇安角色PV&角色展示壁纸,官方壁纸合集\EP短片壁纸合集\薇薇安角色PV&角色展示壁纸\7(3840x2160).png,unchanged,wallpapers,7(3840x2160),https://act-upload.mihoyo.com/nap-obc-indep/2025/06/05/73751405/027f7967b31d53d5af23951487fb914c_8356432976306479481.png
1085-1094-015-8,EP短片壁纸合集,1085,.png,1085-1094-015-8.png,薇薇安角色PV&角色展示壁纸,wallpapers|1085|1094|8|https://act-upload.mihoyo.com/nap-obc-indep/2025/06/05/73751405/fb17d8c929ef2edc61fde3753f76fe3f_7367463547394274671.png,1094,官方壁纸合集\EP短片壁纸合集\薇薇安角色PV&角色展示壁纸,官方壁纸合集\EP短片壁纸合集\薇薇安角色PV&角色展示壁纸\1085-1094-015-8.png,unchanged,wallpapers,8,https://act-upload.mihoyo.com/nap-obc-indep/2025/06/05/73751405/fb17d8c929ef2edc61fde3753f76fe3f_7367463547394274671.png
1085-1094-016-9,EP短片壁纸合集,1085,.png,1085-1094-016-9.png,薇薇安角色PV&角色展示壁纸,wallpapers|1085|1094|9|https://act-upload.mihoyo.com/nap-obc-indep/2025/06/05/73751405/0e346b96fc7649c591e76c2f4c15c062_954202988513273092.png,1094,官方壁纸合集\EP短片壁纸合集\薇薇安角色PV&角色展示壁纸,官方壁纸合集\EP短片壁纸合集\薇薇安角色PV&角色展示壁纸\1085-1094-016-9.png,unchanged,wallpapers,9,https://act-upload.mihoyo.com/nap-obc-indep/2025/06/05/73751405/0e346b96fc7649c591e76c2f4c15c062_954202988513273092.png
1085-1094-017-10,EP短片壁纸合集,1085,.png,1085-1094-017-10.png,薇薇安角色PV&角色展示壁纸,wallpapers|1085|1094|10|https://act-upload.mihoyo.com/nap-obc-indep/2025/06/05/73751405/d5816919b9a282388178f30abea0b85a_3089990716058897102.png,1094,官方壁纸合集\EP短片壁纸合集\薇薇安角色PV&角色展示壁纸,官方壁纸合集\EP短片壁纸合集\薇薇安角色PV&角色展示壁纸\1085-1094-017-10.png,unchanged,wallpapers,10,https://act-upload.mihoyo.com/nap-obc-indep/2025/06/05/73751405/d5816919b9a282388178f30abea0b85a_3089990716058897102.png
1085-1094-018-11,EP短片壁纸合集,1085,.png,1085-1094-018-11.png,薇薇安角色PV&角色展示壁纸,wallpapers|1085|1094|11|https://act-upload.mihoyo.com/nap-obc-indep/2025/06/05/73751405/ae4aa38222e28d06b3642b39fc8098ee_8235741391567554713.png,1094,官方壁纸合集\EP短片壁纸合集\薇薇安角色PV&角色展示壁纸,官方壁纸合集\EP短片壁纸合集\薇薇安角色PV&角色展示壁纸\1085-1094-018-11.png,unchanged,wallpapers,11,https://act-upload.mihoyo.com/nap-obc-indep/2025/06/05/73751405/ae4aa38222e28d06b3642b39fc8098ee_8235741391567554713.png
1(2560x1080),EP短片壁纸合集,1085,.jpg,1(2560x1080).jpg,「扳机」角色PV&角色展示壁纸,wallpapers|1085|1071|1(2560x1080)|https://act-upload.mihoyo.com/nap-obc-indep/2025/05/13/73751405/b80ba3b117a1fc548d7badc19acd0084_4047335723114996744.jpg,1071,官方壁纸合集\EP短片壁纸合集\「扳机」角色PV&角色展示壁纸,官方壁纸合集\EP短片壁纸合集\「扳机」角色PV&角色展示壁纸\1(2560x1080).jpg,unchanged,wallpapers,1(2560x1080),https://act-upload.mihoyo.com/nap-obc-indep/2025/05/13/73751405/b80ba3b117a1fc548d7badc19acd0084_4047335723114996744.jpg
1(3840x2160),EP短片壁纸合集,1085,.jpg,1(3840x2160).jpg,「扳机」角色PV&角色展示壁纸,wallpapers|1085|1071|1(3840x2160)|https://act-upload.mihoyo.com/nap-obc-indep/2025/05/13/73751405/0e9376a7391cbccf8de7a74408989370_8813904478802220015.jpg,1071,官方壁纸合集\EP短片壁纸合集\「扳机」角色PV&角色展示壁纸,官方壁纸合集\EP短片壁纸合集\「扳机」角色PV&角色展示壁纸\1(3840x2160).jpg,unchanged,wallpapers,1(3840x2160),https://act-upload.mihoyo.com/nap-obc-indep/2025/05/13/73751405/0e9376a7391cbccf8de7a74408989370_8813904478802220015.jpg
2(2560x1080),EP短片壁纸合集,1085,.jpg,2(2560x1080).jpg,「扳机」角色PV&角色展示壁纸,wallpapers|1085|1071|2(2560x1080)|https://act-upload.mihoyo.com/nap-obc-indep/2025/05/13/73751405/167852333fcee3dcb15437541523e1a4_1401619355572780230.jpg,1071,官方壁纸合集\EP短片壁纸合集\「扳机」角色PV&角色展示壁纸,官方壁纸合集\EP短片壁纸合集\「扳机」角色PV&角色展示壁纸\2(2560x1080).jpg,unchanged,wallpapers,2(2560x1080),https://act-upload.mihoyo.com/nap-obc-indep/2025/05/13/73751405/167852333fcee3dcb15437541523e1a4_1401619355572780230.jpg
2(3840x2160),EP短片壁纸合集,1085,.jpg,2(3840x2160).jpg,「扳机」角色PV&角色展示壁纸,wallpapers|1085|1071|2(3840x2160)|https://act-upload.mihoyo.com/nap-obc-indep/2025/05/13/73751405/6ce09272e8955e7bf63f23b0a171d854_5997362786736428008.jpg,1071,官方壁纸合集\EP短片壁纸合集\「扳机」角色PV&角色展示壁纸,官方壁纸合集\EP短片壁纸合集\「扳机」角色PV&角色展示壁纸\2(3840x2160).jpg,unchanged,wallpapers,2(3840x2160),https://act-upload.mihoyo.com/nap-obc-indep/2025/05/13/73751405/6ce09272e8955e7bf63f23b0a171d854_5997362786736428008.jpg
3(2560x1080),EP短片壁纸合集,1085,.jpg,3(2560x1080).jpg,「扳机」角色PV&角色展示壁纸,wallpapers|1085|1071|3(2560x1080)|https://act-upload.mihoyo.com/nap-obc-indep/2025/05/13/73751405/4adef812e9e2f18d7cc75f08dab2c45c_2909918594993630657.jpg,1071,官方壁纸合集\EP短片壁纸合集\「扳机」角色PV&角色展示壁纸,官方壁纸合集\EP短片壁纸合集\「扳机」角色PV&角色展示壁纸\3(2560x1080).jpg,unchanged,wallpapers,3(2560x1080),https://act-upload.mihoyo.com/nap-obc-indep/2025/05/13/73751405/4adef812e9e2f18d7cc75f08dab2c45c_2909918594993630657.jpg
3(3840x2160),EP短片壁纸合集,1085,.jpg,3(3840x2160).jpg,「扳机」角色PV&角色展示壁纸,wallpapers|1085|1071|3(3840x2160)|https://act-upload.mihoyo.com/nap-obc-indep/2025/05/13/73751405/edbe9c731d7b052ef21cb1802ac1d490_2426855108027477823.jpg,1071,官方壁纸合集\EP短片壁纸合集\「扳机」角色PV&角色展示壁纸,官方壁纸合集\EP短片壁纸合集\「扳机」角色PV&角色展示壁纸\3(3840x2160).jpg,unchanged,wallpapers,3(3840x2160),https://act-upload.mihoyo.com/nap-obc-indep/2025/05/13/73751405/edbe9c731d7b052ef21cb1802ac1d490_2426855108027477823.jpg
4(2560x1080),EP短片壁纸合集,1085,.jpg,4(2560x1080).jpg,「扳机」角色PV&角色展示壁纸,wallpapers|1085|1071|4(2560x1080)|https://act-upload.mihoyo.com/nap-obc-indep/2025/05/13/73751405/5a6196d9c2af7bfeb6d45783960c6e46_4183579904802498642.jpg,1071,官方壁纸合集\EP短片壁纸合集\「扳机」角色PV&角色展示壁纸,官方壁纸合集\EP短片壁纸合集\「扳机」角色PV&角色展示壁纸\4(2560x1080).jpg,unchanged,wallpapers,4(2560x1080),https://act-upload.mihoyo.com/nap-obc-indep/2025/05/13/73751405/5a6196d9c2af7bfeb6d45783960c6e46_4183579904802498642.jpg
4(3840x2160),EP短片壁纸合集,1085,.jpg,4(3840x2160).jpg,「扳机」角色PV&角色展示壁纸,wallpapers|1085|1071|4(3840x2160)|https://act-upload.mihoyo.com/nap-obc-indep/2025/05/13/73751405/6564185c39fb9075fa3a4d79f373c182_5920469940063445714.jpg,1071,官方壁纸合集\EP短片壁纸合集\「扳机」角色PV&角色展示壁纸,官方壁纸合集\EP短片壁纸合集\「扳机」角色PV&角色展示壁纸\4(3840x2160).jpg,unchanged,wallpapers,4(3840x2160),https://act-upload.mihoyo.com/nap-obc-indep/2025/05/13/73751405/6564185c39fb9075fa3a4d79f373c182_5920469940063445714.jpg
5(2560x1080),EP短片壁纸合集,1085,.jpg,5(2560x1080).jpg,「扳机」角色PV&角色展示壁纸,wallpapers|1085|1071|5(2560x1080)|https://act-upload.mihoyo.com/nap-obc-indep/2025/05/13/73751405/89b145a7a11972003c762c63ceff3f76_5449400166989835925.jpg,1071,官方壁纸合集\EP短片壁纸合集\「扳机」角色PV&角色展示壁纸,官方壁纸合集\EP短片壁纸合集\「扳机」角色PV&角色展示壁纸\5(2560x1080).jpg,unchanged,wallpapers,5(2560x1080),https://act-upload.mihoyo.com/nap-obc-indep/2025/05/13/73751405/89b145a7a11972003c762c63ceff3f76_5449400166989835925.jpg
5(3840x2160),EP短片壁纸合集,1085,.jpg,5(3840x2160).jpg,「扳机」角色PV&角色展示壁纸,wallpapers|1085|1071|5(3840x2160)|https://act-upload.mihoyo.com/nap-obc-indep/2025/05/13/73751405/4297fcbfc387ec080a43b4ebb79fd9ea_6694457948844210558.jpg,1071,官方壁纸合集\EP短片壁纸合集\「扳机」角色PV&角色展示壁纸,官方壁纸合集\EP短片壁纸合集\「扳机」角色PV&角色展示壁纸\5(3840x2160).jpg,unchanged,wallpapers,5(3840x2160),https://act-upload.mihoyo.com/nap-obc-indep/2025/05/13/73751405/4297fcbfc387ec080a43b4ebb79fd9ea_6694457948844210558.jpg
6(2560x1080),EP短片壁纸合集,1085,.jpg,6(2560x1080).jpg,「扳机」角色PV&角色展示壁纸,wallpapers|1085|1071|6(2560x1080)|https://act-upload.mihoyo.com/nap-obc-indep/2025/05/13/73751405/eb241c8acc72f75407211e712cf18643_8569645513652692435.jpg,1071,官方壁纸合集\EP短片壁纸合集\「扳机」角色PV&角色展示壁纸,官方壁纸合集\EP短片壁纸合集\「扳机」角色PV&角色展示壁纸\6(2560x1080).jpg,unchanged,wallpapers,6(2560x1080),https://act-upload.mihoyo.com/nap-obc-indep/2025/05/13/73751405/eb241c8acc72f75407211e712cf18643_8569645513652692435.jpg
6(3840x2160),EP短片壁纸合集,1085,.jpg,6(3840x2160).jpg,「扳机」角色PV&角色展示壁纸,wallpapers|1085|1071|6(3840x2160)|https://act-upload.mihoyo.com/nap-obc-indep/2025/05/13/73751405/29d621fca8bb947fba7542df52750b2d_3916629047068638222.jpg,1071,官方壁纸合集\EP短片壁纸合集\「扳机」角色PV&角色展示壁纸,官方壁纸合集\EP短片壁纸合集\「扳机」角色PV&角色展示壁纸\6(3840x2160).jpg,unchanged,wallpapers,6(3840x2160),https://act-upload.mihoyo.com/nap-obc-indep/2025/05/13/73751405/29d621fca8bb947fba7542df52750b2d_3916629047068638222.jpg
7(2560x1080),EP短片壁纸合集,1085,.jpg,7(2560x1080).jpg,「扳机」角色PV&角色展示壁纸,wallpapers|1085|1071|7(2560x1080)|https://act-upload.mihoyo.com/nap-obc-indep/2025/05/13/73751405/4d249042afd33a1229b43b9835059686_9018525556974735823.jpg,1071,官方壁纸合集\EP短片壁纸合集\「扳机」角色PV&角色展示壁纸,官方壁纸合集\EP短片壁纸合集\「扳机」角色PV&角色展示壁纸\7(2560x1080).jpg,unchanged,wallpapers,7(2560x1080),https://act-upload.mihoyo.com/nap-obc-indep/2025/05/13/73751405/4d249042afd33a1229b43b9835059686_9018525556974735823.jpg
7(3840x2160),EP短片壁纸合集,1085,.jpg,7(3840x2160).jpg,「扳机」角色PV&角色展示壁纸,wallpapers|1085|1071|7(3840x2160)|https://act-upload.mihoyo.com/nap-obc-indep/2025/05/13/73751405/2a8f836c46bada3e658f2e050ec629ce_8978268616427702999.jpg,1071,官方壁纸合集\EP短片壁纸合集\「扳机」角色PV&角色展示壁纸,官方壁纸合集\EP短片壁纸合集\「扳机」角色PV&角色展示壁纸\7(3840x2160).jpg,unchanged,wallpapers,7(3840x2160),https://act-upload.mihoyo.com/nap-obc-indep/2025/05/13/73751405/2a8f836c46bada3e658f2e050ec629ce_8978268616427702999.jpg
8(2560x1080),EP短片壁纸合集,1085,.jpg,8(2560x1080).jpg,「扳机」角色PV&角色展示壁纸,wallpapers|1085|1071|8(2560x1080)|https://act-upload.mihoyo.com/nap-obc-indep/2025/05/13/73751405/bcfd128c8405ea291839822fa2fa5079_755913579083504999.jpg,1071,官方壁纸合集\EP短片壁纸合集\「扳机」角色PV&角色展示壁纸,官方壁纸合集\EP短片壁纸合集\「扳机」角色PV&角色展示壁纸\8(2560x1080).jpg,unchanged,wallpapers,8(2560x1080),https://act-upload.mihoyo.com/nap-obc-indep/2025/05/13/73751405/bcfd128c8405ea291839822fa2fa5079_755913579083504999.jpg
8(3840x2160),EP短片壁纸合集,1085,.jpg,8(3840x2160).jpg,「扳机」角色PV&角色展示壁纸,wallpapers|1085|1071|8(3840x2160)|https://act-upload.mihoyo.com/nap-obc-indep/2025/05/13/73751405/1dc5751548f24461dc7daccfe5c11d3f_171505373582271863.jpg,1071,官方壁纸合集\EP短片壁纸合集\「扳机」角色PV&角色展示壁纸,官方壁纸合集\EP短片壁纸合集\「扳机」角色PV&角色展示壁纸\8(3840x2160).jpg,unchanged,wallpapers,8(3840x2160),https://act-upload.mihoyo.com/nap-obc-indep/2025/05/13/73751405/1dc5751548f24461dc7daccfe5c11d3f_171505373582271863.jpg
9(2560x1080),EP短片壁纸合集,1085,.jpg,9(2560x1080).jpg,「扳机」角色PV&角色展示壁纸,wallpapers|1085|1071|9(2560x1080)|https://act-upload.mihoyo.com/nap-obc-indep/2025/05/13/73751405/244d919c551313f8ff8eb392a9bc53e0_1035701299093767352.jpg,1071,官方壁纸合集\EP短片壁纸合集\「扳机」角色PV&角色展示壁纸,官方壁纸合集\EP短片壁纸合集\「扳机」角色PV&角色展示壁纸\9(2560x1080).jpg,unchanged,wallpapers,9(2560x1080),https://act-upload.mihoyo.com/nap-obc-indep/2025/05/13/73751405/244d919c551313f8ff8eb392a9bc53e0_1035701299093767352.jpg
9(3840x2160),EP短片壁纸合集,1085,.jpg,9(3840x2160).jpg,「扳机」角色PV&角色展示壁纸,wallpapers|1085|1071|9(3840x2160)|https://act-upload.mihoyo.com/nap-obc-indep/2025/05/13/73751405/311d49958538eb7eae99355e662e9184_1074886577045191141.jpg,1071,官方壁纸合集\EP短片壁纸合集\「扳机」角色PV&角色展示壁纸,官方壁纸合集\EP短片壁纸合集\「扳机」角色PV&角色展示壁纸\9(3840x2160).jpg,unchanged,wallpapers,9(3840x2160),https://act-upload.mihoyo.com/nap-obc-indep/2025/05/13/73751405/311d49958538eb7eae99355e662e9184_1074886577045191141.jpg
1085-806-001-1,EP短片壁纸合集,1085,.png,1085-806-001-1.png,浅羽悠真EP丨绘本,wallpapers|1085|806|1|https://act-upload.mihoyo.com/nap-obc-indep/2025/01/03/73751405/57f4a0d636b1c5493c59d7d3a9c8f385_4111020710854585667.png,806,官方壁纸合集\EP短片壁纸合集\浅羽悠真EP丨绘本,官方壁纸合集\EP短片壁纸合集\浅羽悠真EP丨绘本\1085-806-001-1.png,unchanged,wallpapers,1,https://act-upload.mihoyo.com/nap-obc-indep/2025/01/03/73751405/57f4a0d636b1c5493c59d7d3a9c8f385_4111020710854585667.png
1085-806-002-2,EP短片壁纸合集,1085,.png,1085-806-002-2.png,浅羽悠真EP丨绘本,wallpapers|1085|806|2|https://act-upload.mihoyo.com/nap-obc-indep/2025/01/03/73751405/ef95f964270ed71d90c6e59c684673c2_3283056530290853704.png,806,官方壁纸合集\EP短片壁纸合集\浅羽悠真EP丨绘本,官方壁纸合集\EP短片壁纸合集\浅羽悠真EP丨绘本\1085-806-002-2.png,unchanged,wallpapers,2,https://act-upload.mihoyo.com/nap-obc-indep/2025/01/03/73751405/ef95f964270ed71d90c6e59c684673c2_3283056530290853704.png
1085-806-003-3,EP短片壁纸合集,1085,.png,1085-806-003-3.png,浅羽悠真EP丨绘本,wallpapers|1085|806|3|https://act-upload.mihoyo.com/nap-obc-indep/2025/01/03/73751405/c21e92086e9c0a58d3f8a87669371f36_1175673705395124672.png,806,官方壁纸合集\EP短片壁纸合集\浅羽悠真EP丨绘本,官方壁纸合集\EP短片壁纸合集\浅羽悠真EP丨绘本\1085-806-003-3.png,unchanged,wallpapers,3,https://act-upload.mihoyo.com/nap-obc-indep/2025/01/03/73751405/c21e92086e9c0a58d3f8a87669371f36_1175673705395124672.png
1085-806-004-4,EP短片壁纸合集,1085,.png,1085-806-004-4.png,浅羽悠真EP丨绘本,wallpapers|1085|806|4|https://act-upload.mihoyo.com/nap-obc-indep/2025/01/03/73751405/4d45334e5d0a6921e5700d2e0dddc738_8979820476444256603.png,806,官方壁纸合集\EP短片壁纸合集\浅羽悠真EP丨绘本,官方壁纸合集\EP短片壁纸合集\浅羽悠真EP丨绘本\1085-806-004-4.png,unchanged,wallpapers,4,https://act-upload.mihoyo.com/nap-obc-indep/2025/01/03/73751405/4d45334e5d0a6921e5700d2e0dddc738_8979820476444256603.png
1085-806-005-5,EP短片壁纸合集,1085,.png,1085-806-005-5.png,浅羽悠真EP丨绘本,wallpapers|1085|806|5|https://act-upload.mihoyo.com/nap-obc-indep/2025/01/03/73751405/5be972be8fe7586160a8c720aa7b0340_6081509768981898638.png,806,官方壁纸合集\EP短片壁纸合集\浅羽悠真EP丨绘本,官方壁纸合集\EP短片壁纸合集\浅羽悠真EP丨绘本\1085-806-005-5.png,unchanged,wallpapers,5,https://act-upload.mihoyo.com/nap-obc-indep/2025/01/03/73751405/5be972be8fe7586160a8c720aa7b0340_6081509768981898638.png
1085-806-006-6,EP短片壁纸合集,1085,.png,1085-806-006-6.png,浅羽悠真EP丨绘本,wallpapers|1085|806|6|https://act-upload.mihoyo.com/nap-obc-indep/2025/01/03/73751405/8088c8fe6b77f8c82a6388caf2b55937_4924553478841360019.png,806,官方壁纸合集\EP短片壁纸合集\浅羽悠真EP丨绘本,官方壁纸合集\EP短片壁纸合集\浅羽悠真EP丨绘本\1085-806-006-6.png,unchanged,wallpapers,6,https://act-upload.mihoyo.com/nap-obc-indep/2025/01/03/73751405/8088c8fe6b77f8c82a6388caf2b55937_4924553478841360019.png
1085-806-007-7,EP短片壁纸合集,1085,.png,1085-806-007-7.png,浅羽悠真EP丨绘本,wallpapers|1085|806|7|https://act-upload.mihoyo.com/nap-obc-indep/2025/01/03/73751405/099962a0d642d84411178b0ea64bb1c0_7862316338217215312.png,806,官方壁纸合集\EP短片壁纸合集\浅羽悠真EP丨绘本,官方壁纸合集\EP短片壁纸合集\浅羽悠真EP丨绘本\1085-806-007-7.png,unchanged,wallpapers,7,https://act-upload.mihoyo.com/nap-obc-indep/2025/01/03/73751405/099962a0d642d84411178b0ea64bb1c0_7862316338217215312.png
1085-806-008-8,EP短片壁纸合集,1085,.png,1085-806-008-8.png,浅羽悠真EP丨绘本,wallpapers|1085|806|8|https://act-upload.mihoyo.com/nap-obc-indep/2025/01/03/73751405/3b25476ce49cae94dd6c90e3e082ef7e_5024966261278680273.png,806,官方壁纸合集\EP短片壁纸合集\浅羽悠真EP丨绘本,官方壁纸合集\EP短片壁纸合集\浅羽悠真EP丨绘本\1085-806-008-8.png,unchanged,wallpapers,8,https://act-upload.mihoyo.com/nap-obc-indep/2025/01/03/73751405/3b25476ce49cae94dd6c90e3e082ef7e_5024966261278680273.png
1085-806-009-9,EP短片壁纸合集,1085,.png,1085-806-009-9.png,浅羽悠真EP丨绘本,wallpapers|1085|806|9|https://act-upload.mihoyo.com/nap-obc-indep/2025/01/03/73751405/2b601ad879d380a4ba98b8b647d462d9_4582510377597901886.png,806,官方壁纸合集\EP短片壁纸合集\浅羽悠真EP丨绘本,官方壁纸合集\EP短片壁纸合集\浅羽悠真EP丨绘本\1085-806-009-9.png,unchanged,wallpapers,9,https://act-upload.mihoyo.com/nap-obc-indep/2025/01/03/73751405/2b601ad879d380a4ba98b8b647d462d9_4582510377597901886.png
1(2560x1080),EP短片壁纸合集,1085,.jpg,1(2560x1080).jpg,「席德」主题壁纸,wallpapers|1085|1317|1(2560x1080)|https://act-upload.mihoyo.com/nap-obc-indep/2025/09/10/73751405/0eb53a3302c5f6feeaa75be0816e6a44_4405781932585444433.jpg,1317,官方壁纸合集\EP短片壁纸合集\「席德」主题壁纸,官方壁纸合集\EP短片壁纸合集\「席德」主题壁纸\1(2560x1080).jpg,unchanged,wallpapers,1(2560x1080),https://act-upload.mihoyo.com/nap-obc-indep/2025/09/10/73751405/0eb53a3302c5f6feeaa75be0816e6a44_4405781932585444433.jpg
1(3840x2160),EP短片壁纸合集,1085,.jpg,1(3840x2160).jpg,「席德」主题壁纸,wallpapers|1085|1317|1(3840x2160)|https://act-upload.mihoyo.com/nap-obc-indep/2025/09/10/73751405/95f760aed9b360b7edee07b8bdb65357_9213032113856428582.jpg,1317,官方壁纸合集\EP短片壁纸合集\「席德」主题壁纸,官方壁纸合集\EP短片壁纸合集\「席德」主题壁纸\1(3840x2160).jpg,unchanged,wallpapers,1(3840x2160),https://act-upload.mihoyo.com/nap-obc-indep/2025/09/10/73751405/95f760aed9b360b7edee07b8bdb65357_9213032113856428582.jpg
2(2560x1080),EP短片壁纸合集,1085,.jpg,2(2560x1080).jpg,「席德」主题壁纸,wallpapers|1085|1317|2(2560x1080)|https://act-upload.mihoyo.com/nap-obc-indep/2025/09/10/73751405/3b9e069de29540e8d29b9a1dc6de9060_6309617456867758765.jpg,1317,官方壁纸合集\EP短片壁纸合集\「席德」主题壁纸,官方壁纸合集\EP短片壁纸合集\「席德」主题壁纸\2(2560x1080).jpg,unchanged,wallpapers,2(2560x1080),https://act-upload.mihoyo.com/nap-obc-indep/2025/09/10/73751405/3b9e069de29540e8d29b9a1dc6de9060_6309617456867758765.jpg
2(3840x2160),EP短片壁纸合集,1085,.jpg,2(3840x2160).jpg,「席德」主题壁纸,wallpapers|1085|1317|2(3840x2160)|https://act-upload.mihoyo.com/nap-obc-indep/2025/09/10/73751405/d3846e667ec7b89336245dc317c0cb81_8565117759887305246.jpg,1317,官方壁纸合集\EP短片壁纸合集\「席德」主题壁纸,官方壁纸合集\EP短片壁纸合集\「席德」主题壁纸\2(3840x2160).jpg,unchanged,wallpapers,2(3840x2160),https://act-upload.mihoyo.com/nap-obc-indep/2025/09/10/73751405/d3846e667ec7b89336245dc317c0cb81_8565117759887305246.jpg
3(2560x1080),EP短片壁纸合集,1085,.jpg,3(2560x1080).jpg,「席德」主题壁纸,wallpapers|1085|1317|3(2560x1080)|https://act-upload.mihoyo.com/nap-obc-indep/2025/09/10/73751405/0d49f3d5ab6d9114af968e5c3719b487_3563334675349801833.jpg,1317,官方壁纸合集\EP短片壁纸合集\「席德」主题壁纸,官方壁纸合集\EP短片壁纸合集\「席德」主题壁纸\3(2560x1080).jpg,unchanged,wallpapers,3(2560x1080),https://act-upload.mihoyo.com/nap-obc-indep/2025/09/10/73751405/0d49f3d5ab6d9114af968e5c3719b487_3563334675349801833.jpg
3(3840x2160),EP短片壁纸合集,1085,.jpg,3(3840x2160).jpg,「席德」主题壁纸,wallpapers|1085|1317|3(3840x2160)|https://act-upload.mihoyo.com/nap-obc-indep/2025/09/10/73751405/f22f83e40d783c1a56bf5e8d7a915fb0_539085381711675715.jpg,1317,官方壁纸合集\EP短片壁纸合集\「席德」主题壁纸,官方壁纸合集\EP短片壁纸合集\「席德」主题壁纸\3(3840x2160).jpg,unchanged,wallpapers,3(3840x2160),https://act-upload.mihoyo.com/nap-obc-indep/2025/09/10/73751405/f22f83e40d783c1a56bf5e8d7a915fb0_539085381711675715.jpg
4(2560x1080),EP短片壁纸合集,1085,.jpg,4(2560x1080).jpg,「席德」主题壁纸,wallpapers|1085|1317|4(2560x1080)|https://act-upload.mihoyo.com/nap-obc-indep/2025/09/10/73751405/ff43c706345b35bfcbce4d96fad7b150_7844713630507230848.jpg,1317,官方壁纸合集\EP短片壁纸合集\「席德」主题壁纸,官方壁纸合集\EP短片壁纸合集\「席德」主题壁纸\4(2560x1080).jpg,unchanged,wallpapers,4(2560x1080),https://act-upload.mihoyo.com/nap-obc-indep/2025/09/10/73751405/ff43c706345b35bfcbce4d96fad7b150_7844713630507230848.jpg
4(3840x2160),EP短片壁纸合集,1085,.jpg,4(3840x2160).jpg,「席德」主题壁纸,wallpapers|1085|1317|4(3840x2160)|https://act-upload.mihoyo.com/nap-obc-indep/2025/09/10/73751405/9143249bca4e8f421786bd643db66c8b_7478335206798339757.jpg,1317,官方壁纸合集\EP短片壁纸合集\「席德」主题壁纸,官方壁纸合集\EP短片壁纸合集\「席德」主题壁纸\4(3840x2160).jpg,unchanged,wallpapers,4(3840x2160),https://act-upload.mihoyo.com/nap-obc-indep/2025/09/10/73751405/9143249bca4e8f421786bd643db66c8b_7478335206798339757.jpg
5(2560x1080),EP短片壁纸合集,1085,.jpg,5(2560x1080).jpg,「席德」主题壁纸,wallpapers|1085|1317|5(2560x1080)|https://act-upload.mihoyo.com/nap-obc-indep/2025/09/10/73751405/254075433d1251cca1d769ffd3f03ff2_780921429170342803.jpg,1317,官方壁纸合集\EP短片壁纸合集\「席德」主题壁纸,官方壁纸合集\EP短片壁纸合集\「席德」主题壁纸\5(2560x1080).jpg,unchanged,wallpapers,5(2560x1080),https://act-upload.mihoyo.com/nap-obc-indep/2025/09/10/73751405/254075433d1251cca1d769ffd3f03ff2_780921429170342803.jpg
5(3840x2160),EP短片壁纸合集,1085,.jpg,5(3840x2160).jpg,「席德」主题壁纸,wallpapers|1085|1317|5(3840x2160)|https://act-upload.mihoyo.com/nap-obc-indep/2025/09/10/73751405/947285b62d01df2258f06fcb89a2270b_1993945946511959979.jpg,1317,官方壁纸合集\EP短片壁纸合集\「席德」主题壁纸,官方壁纸合集\EP短片壁纸合集\「席德」主题壁纸\5(3840x2160).jpg,unchanged,wallpapers,5(3840x2160),https://act-upload.mihoyo.com/nap-obc-indep/2025/09/10/73751405/947285b62d01df2258f06fcb89a2270b_1993945946511959979.jpg
6(2560x1080),EP短片壁纸合集,1085,.jpg,6(2560x1080).jpg,「席德」主题壁纸,wallpapers|1085|1317|6(2560x1080)|https://act-upload.mihoyo.com/nap-obc-indep/2025/09/10/73751405/5a2e3b694f8d3928244024ba44b74c06_4319986385205698261.jpg,1317,官方壁纸合集\EP短片壁纸合集\「席德」主题壁纸,官方壁纸合集\EP短片壁纸合集\「席德」主题壁纸\6(2560x1080).jpg,unchanged,wallpapers,6(2560x1080),https://act-upload.mihoyo.com/nap-obc-indep/2025/09/10/73751405/5a2e3b694f8d3928244024ba44b74c06_4319986385205698261.jpg
6(3840x2160),EP短片壁纸合集,1085,.jpg,6(3840x2160).jpg,「席德」主题壁纸,wallpapers|1085|1317|6(3840x2160)|https://act-upload.mihoyo.com/nap-obc-indep/2025/09/10/73751405/48f8eb5d07fbcffba147a235abf3f442_659139094093565840.jpg,1317,官方壁纸合集\EP短片壁纸合集\「席德」主题壁纸,官方壁纸合集\EP短片壁纸合集\「席德」主题壁纸\6(3840x2160).jpg,unchanged,wallpapers,6(3840x2160),https://act-upload.mihoyo.com/nap-obc-indep/2025/09/10/73751405/48f8eb5d07fbcffba147a235abf3f442_659139094093565840.jpg
7(2560x1080),EP短片壁纸合集,1085,.jpg,7(2560x1080).jpg,「席德」主题壁纸,wallpapers|1085|1317|7(2560x1080)|https://act-upload.mihoyo.com/nap-obc-indep/2025/09/10/73751405/f8255ce98d5a6375212942b6ed502ee2_5674173491106698585.jpg,1317,官方壁纸合集\EP短片壁纸合集\「席德」主题壁纸,官方壁纸合集\EP短片壁纸合集\「席德」主题壁纸\7(2560x1080).jpg,unchanged,wallpapers,7(2560x1080),https://act-upload.mihoyo.com/nap-obc-indep/2025/09/10/73751405/f8255ce98d5a6375212942b6ed502ee2_5674173491106698585.jpg
7(3840x2160),EP短片壁纸合集,1085,.jpg,7(3840x2160).jpg,「席德」主题壁纸,wallpapers|1085|1317|7(3840x2160)|https://act-upload.mihoyo.com/nap-obc-indep/2025/09/10/73751405/c3cd0e9a4a752bf630e0b84cbaad08f7_958073311039080735.jpg,1317,官方壁纸合集\EP短片壁纸合集\「席德」主题壁纸,官方壁纸合集\EP短片壁纸合集\「席德」主题壁纸\7(3840x2160).jpg,unchanged,wallpapers,7(3840x2160),https://act-upload.mihoyo.com/nap-obc-indep/2025/09/10/73751405/c3cd0e9a4a752bf630e0b84cbaad08f7_958073311039080735.jpg
8(2560x1080),EP短片壁纸合集,1085,.jpg,8(2560x1080).jpg,「席德」主题壁纸,wallpapers|1085|1317|8(2560x1080)|https://act-upload.mihoyo.com/nap-obc-indep/2025/09/10/73751405/1e145814825c35a3e529fc11e42695eb_1866391573761699548.jpg,1317,官方壁纸合集\EP短片壁纸合集\「席德」主题壁纸,官方壁纸合集\EP短片壁纸合集\「席德」主题壁纸\8(2560x1080).jpg,unchanged,wallpapers,8(2560x1080),https://act-upload.mihoyo.com/nap-obc-indep/2025/09/10/73751405/1e145814825c35a3e529fc11e42695eb_1866391573761699548.jpg
8(3840x2160),EP短片壁纸合集,1085,.jpg,8(3840x2160).jpg,「席德」主题壁纸,wallpapers|1085|1317|8(3840x2160)|https://act-upload.mihoyo.com/nap-obc-indep/2025/09/10/73751405/f466c3d872d4bc0d046af4f57dec0ad0_499047443564697585.jpg,1317,官方壁纸合集\EP短片壁纸合集\「席德」主题壁纸,官方壁纸合集\EP短片壁纸合集\「席德」主题壁纸\8(3840x2160).jpg,unchanged,wallpapers,8(3840x2160),https://act-upload.mihoyo.com/nap-obc-indep/2025/09/10/73751405/f466c3d872d4bc0d046af4f57dec0ad0_499047443564697585.jpg
9(2560x1080),EP短片壁纸合集,1085,.jpg,9(2560x1080).jpg,「席德」主题壁纸,wallpapers|1085|1317|9(2560x1080)|https://act-upload.mihoyo.com/nap-obc-indep/2025/09/10/73751405/263b628bdf4881dd1d407381d99fda47_1474175145175472094.jpg,1317,官方壁纸合集\EP短片壁纸合集\「席德」主题壁纸,官方壁纸合集\EP短片壁纸合集\「席德」主题壁纸\9(2560x1080).jpg,unchanged,wallpapers,9(2560x1080),https://act-upload.mihoyo.com/nap-obc-indep/2025/09/10/73751405/263b628bdf4881dd1d407381d99fda47_1474175145175472094.jpg
9(3840x2160),EP短片壁纸合集,1085,.jpg,9(3840x2160).jpg,「席德」主题壁纸,wallpapers|1085|1317|9(3840x2160)|https://act-upload.mihoyo.com/nap-obc-indep/2025/09/10/73751405/51f0e28719f03ee7ed55b57e358ba39b_6341930390944833336.jpg,1317,官方壁纸合集\EP短片壁纸合集\「席德」主题壁纸,官方壁纸合集\EP短片壁纸合集\「席德」主题壁纸\9(3840x2160).jpg,unchanged,wallpapers,9(3840x2160),https://act-upload.mihoyo.com/nap-obc-indep/2025/09/10/73751405/51f0e28719f03ee7ed55b57e358ba39b_6341930390944833336.jpg
10(2560x1080),EP短片壁纸合集,1085,.jpg,10(2560x1080).jpg,「席德」主题壁纸,wallpapers|1085|1317|10(2560x1080)|https://act-upload.mihoyo.com/nap-obc-indep/2025/09/10/73751405/4cbcedb99ac08bb82b26dcb5edd0195c_5875791060776022973.jpg,1317,官方壁纸合集\EP短片壁纸合集\「席德」主题壁纸,官方壁纸合集\EP短片壁纸合集\「席德」主题壁纸\10(2560x1080).jpg,unchanged,wallpapers,10(2560x1080),https://act-upload.mihoyo.com/nap-obc-indep/2025/09/10/73751405/4cbcedb99ac08bb82b26dcb5edd0195c_5875791060776022973.jpg
10(3840x2160),EP短片壁纸合集,1085,.jpg,10(3840x2160).jpg,「席德」主题壁纸,wallpapers|1085|1317|10(3840x2160)|https://act-upload.mihoyo.com/nap-obc-indep/2025/09/10/73751405/4a977bbf6247afb65fb12a233273297c_651092189805874456.jpg,1317,官方壁纸合集\EP短片壁纸合集\「席德」主题壁纸,官方壁纸合集\EP短片壁纸合集\「席德」主题壁纸\10(3840x2160).jpg,unchanged,wallpapers,10(3840x2160),https://act-upload.mihoyo.com/nap-obc-indep/2025/09/10/73751405/4a977bbf6247afb65fb12a233273297c_651092189805874456.jpg
11(2560x1080),EP短片壁纸合集,1085,.jpg,11(2560x1080).jpg,「席德」主题壁纸,wallpapers|1085|1317|11(2560x1080)|https://act-upload.mihoyo.com/nap-obc-indep/2025/09/10/73751405/e0866368de17d382764a519f3e7ec9de_8529473739099922162.jpg,1317,官方壁纸合集\EP短片壁纸合集\「席德」主题壁纸,官方壁纸合集\EP短片壁纸合集\「席德」主题壁纸\11(2560x1080).jpg,unchanged,wallpapers,11(2560x1080),https://act-upload.mihoyo.com/nap-obc-indep/2025/09/10/73751405/e0866368de17d382764a519f3e7ec9de_8529473739099922162.jpg
11(3840x2160),EP短片壁纸合集,1085,.jpg,11(3840x2160).jpg,「席德」主题壁纸,wallpapers|1085|1317|11(3840x2160)|https://act-upload.mihoyo.com/nap-obc-indep/2025/09/10/73751405/b52ff7ed2eb8d6b3cefec34898d00b53_6954618294618775808.jpg,1317,官方壁纸合集\EP短片壁纸合集\「席德」主题壁纸,官方壁纸合集\EP短片壁纸合集\「席德」主题壁纸\11(3840x2160).jpg,unchanged,wallpapers,11(3840x2160),https://act-upload.mihoyo.com/nap-obc-indep/2025/09/10/73751405/b52ff7ed2eb8d6b3cefec34898d00b53_6954618294618775808.jpg
12(2560x1080),EP短片壁纸合集,1085,.jpg,12(2560x1080).jpg,「席德」主题壁纸,wallpapers|1085|1317|12(2560x1080)|https://act-upload.mihoyo.com/nap-obc-indep/2025/09/10/73751405/b4ecb03524bec8559c2be39648c846ce_1659179932091271687.jpg,1317,官方壁纸合集\EP短片壁纸合集\「席德」主题壁纸,官方壁纸合集\EP短片壁纸合集\「席德」主题壁纸\12(2560x1080).jpg,unchanged,wallpapers,12(2560x1080),https://act-upload.mihoyo.com/nap-obc-indep/2025/09/10/73751405/b4ecb03524bec8559c2be39648c846ce_1659179932091271687.jpg
12(3840x2160),EP短片壁纸合集,1085,.jpg,12(3840x2160).jpg,「席德」主题壁纸,wallpapers|1085|1317|12(3840x2160)|https://act-upload.mihoyo.com/nap-obc-indep/2025/09/10/73751405/5def3e7e094f9c711e62820b4da8de86_7138795711282214695.jpg,1317,官方壁纸合集\EP短片壁纸合集\「席德」主题壁纸,官方壁纸合集\EP短片壁纸合集\「席德」主题壁纸\12(3840x2160).jpg,unchanged,wallpapers,12(3840x2160),https://act-upload.mihoyo.com/nap-obc-indep/2025/09/10/73751405/5def3e7e094f9c711e62820b4da8de86_7138795711282214695.jpg
13(2560x1080),EP短片壁纸合集,1085,.jpg,13(2560x1080).jpg,「席德」主题壁纸,wallpapers|1085|1317|13(2560x1080)|https://act-upload.mihoyo.com/nap-obc-indep/2025/09/10/73751405/9ab0ad16fbe2d14c3eb940be54ed0887_4666927239975328079.jpg,1317,官方壁纸合集\EP短片壁纸合集\「席德」主题壁纸,官方壁纸合集\EP短片壁纸合集\「席德」主题壁纸\13(2560x1080).jpg,unchanged,wallpapers,13(2560x1080),https://act-upload.mihoyo.com/nap-obc-indep/2025/09/10/73751405/9ab0ad16fbe2d14c3eb940be54ed0887_4666927239975328079.jpg
13(3840x2160),EP短片壁纸合集,1085,.jpg,13(3840x2160).jpg,「席德」主题壁纸,wallpapers|1085|1317|13(3840x2160)|https://act-upload.mihoyo.com/nap-obc-indep/2025/09/10/73751405/959f9d2333e04fbcdc25ff3a13162ee2_4646199108330484778.jpg,1317,官方壁纸合集\EP短片壁纸合集\「席德」主题壁纸,官方壁纸合集\EP短片壁纸合集\「席德」主题壁纸\13(3840x2160).jpg,unchanged,wallpapers,13(3840x2160),https://act-upload.mihoyo.com/nap-obc-indep/2025/09/10/73751405/959f9d2333e04fbcdc25ff3a13162ee2_4646199108330484778.jpg
14(2560x1080),EP短片壁纸合集,1085,.jpg,14(2560x1080).jpg,「席德」主题壁纸,wallpapers|1085|1317|14(2560x1080)|https://act-upload.mihoyo.com/nap-obc-indep/2025/09/10/73751405/81deac5cb6dcf0f54e6d2a9535c91fc7_2351906516263223690.jpg,1317,官方壁纸合集\EP短片壁纸合集\「席德」主题壁纸,官方壁纸合集\EP短片壁纸合集\「席德」主题壁纸\14(2560x1080).jpg,unchanged,wallpapers,14(2560x1080),https://act-upload.mihoyo.com/nap-obc-indep/2025/09/10/73751405/81deac5cb6dcf0f54e6d2a9535c91fc7_2351906516263223690.jpg
14(3840x2160),EP短片壁纸合集,1085,.jpg,14(3840x2160).jpg,「席德」主题壁纸,wallpapers|1085|1317|14(3840x2160)|https://act-upload.mihoyo.com/nap-obc-indep/2025/09/10/73751405/8b429e4e5b79646d34ca7b5b69495c52_649595098937587169.jpg,1317,官方壁纸合集\EP短片壁纸合集\「席德」主题壁纸,官方壁纸合集\EP短片壁纸合集\「席德」主题壁纸\14(3840x2160).jpg,unchanged,wallpapers,14(3840x2160),https://act-upload.mihoyo.com/nap-obc-indep/2025/09/10/73751405/8b429e4e5b79646d34ca7b5b69495c52_649595098937587169.jpg
15(2560x1080),EP短片壁纸合集,1085,.jpg,15(2560x1080).jpg,「席德」主题壁纸,wallpapers|1085|1317|15(2560x1080)|https://act-upload.mihoyo.com/nap-obc-indep/2025/09/10/73751405/391b8a4a1fd8706cf6e2c69034d8aedc_8817483555551878003.jpg,1317,官方壁纸合集\EP短片壁纸合集\「席德」主题壁纸,官方壁纸合集\EP短片壁纸合集\「席德」主题壁纸\15(2560x1080).jpg,unchanged,wallpapers,15(2560x1080),https://act-upload.mihoyo.com/nap-obc-indep/2025/09/10/73751405/391b8a4a1fd8706cf6e2c69034d8aedc_8817483555551878003.jpg
15(3840x2160),EP短片壁纸合集,1085,.jpg,15(3840x2160).jpg,「席德」主题壁纸,wallpapers|1085|1317|15(3840x2160)|https://act-upload.mihoyo.com/nap-obc-indep/2025/09/10/73751405/377965943aa7cbaf31984505ce0c08e5_8456667493603364647.jpg,1317,官方壁纸合集\EP短片壁纸合集\「席德」主题壁纸,官方壁纸合集\EP短片壁纸合集\「席德」主题壁纸\15(3840x2160).jpg,unchanged,wallpapers,15(3840x2160),https://act-upload.mihoyo.com/nap-obc-indep/2025/09/10/73751405/377965943aa7cbaf31984505ce0c08e5_8456667493603364647.jpg
16(2560x1080),EP短片壁纸合集,1085,.jpg,16(2560x1080).jpg,「席德」主题壁纸,wallpapers|1085|1317|16(2560x1080)|https://act-upload.mihoyo.com/nap-obc-indep/2025/09/10/73751405/499b2b4ac1f74affa5f6fd606a2e29a4_2887567584542050674.jpg,1317,官方壁纸合集\EP短片壁纸合集\「席德」主题壁纸,官方壁纸合集\EP短片壁纸合集\「席德」主题壁纸\16(2560x1080).jpg,unchanged,wallpapers,16(2560x1080),https://act-upload.mihoyo.com/nap-obc-indep/2025/09/10/73751405/499b2b4ac1f74affa5f6fd606a2e29a4_2887567584542050674.jpg
16(3840x2160),EP短片壁纸合集,1085,.jpg,16(3840x2160).jpg,「席德」主题壁纸,wallpapers|1085|1317|16(3840x2160)|https://act-upload.mihoyo.com/nap-obc-indep/2025/09/10/73751405/a7e0fc3e2246eda44d5d2d2fe3099361_2833573281147236035.jpg,1317,官方壁纸合集\EP短片壁纸合集\「席德」主题壁纸,官方壁纸合集\EP短片壁纸合集\「席德」主题壁纸\16(3840x2160).jpg,unchanged,wallpapers,16(3840x2160),https://act-upload.mihoyo.com/nap-obc-indep/2025/09/10/73751405/a7e0fc3e2246eda44d5d2d2fe3099361_2833573281147236035.jpg
17(2560x1080),EP短片壁纸合集,1085,.jpg,17(2560x1080).jpg,「席德」主题壁纸,wallpapers|1085|1317|17(2560x1080)|https://act-upload.mihoyo.com/nap-obc-indep/2025/09/10/73751405/2e14c8a94a4cd85e49b736c664fb0b2d_4879971155693928217.jpg,1317,官方壁纸合集\EP短片壁纸合集\「席德」主题壁纸,官方壁纸合集\EP短片壁纸合集\「席德」主题壁纸\17(2560x1080).jpg,unchanged,wallpapers,17(2560x1080),https://act-upload.mihoyo.com/nap-obc-indep/2025/09/10/73751405/2e14c8a94a4cd85e49b736c664fb0b2d_4879971155693928217.jpg
17(3840x2160),EP短片壁纸合集,1085,.jpg,17(3840x2160).jpg,「席德」主题壁纸,wallpapers|1085|1317|17(3840x2160)|https://act-upload.mihoyo.com/nap-obc-indep/2025/09/10/73751405/055022aab8594e37c349811b24e0d953_7169235416147635033.jpg,1317,官方壁纸合集\EP短片壁纸合集\「席德」主题壁纸,官方壁纸合集\EP短片壁纸合集\「席德」主题壁纸\17(3840x2160).jpg,unchanged,wallpapers,17(3840x2160),https://act-upload.mihoyo.com/nap-obc-indep/2025/09/10/73751405/055022aab8594e37c349811b24e0d953_7169235416147635033.jpg
18(2560x1080),EP短片壁纸合集,1085,.jpg,18(2560x1080).jpg,「席德」主题壁纸,wallpapers|1085|1317|18(2560x1080)|https://act-upload.mihoyo.com/nap-obc-indep/2025/09/10/73751405/60c95832ac405445b74a9f0e2c6c8fdf_8734870967483494328.jpg,1317,官方壁纸合集\EP短片壁纸合集\「席德」主题壁纸,官方壁纸合集\EP短片壁纸合集\「席德」主题壁纸\18(2560x1080).jpg,unchanged,wallpapers,18(2560x1080),https://act-upload.mihoyo.com/nap-obc-indep/2025/09/10/73751405/60c95832ac405445b74a9f0e2c6c8fdf_8734870967483494328.jpg
18(3840x2160),EP短片壁纸合集,1085,.jpg,18(3840x2160).jpg,「席德」主题壁纸,wallpapers|1085|1317|18(3840x2160)|https://act-upload.mihoyo.com/nap-obc-indep/2025/09/10/73751405/3e8e7e6c58569d84e22d626ae13a9e14_776945557200912455.jpg,1317,官方壁纸合集\EP短片壁纸合集\「席德」主题壁纸,官方壁纸合集\EP短片壁纸合集\「席德」主题壁纸\18(3840x2160).jpg,unchanged,wallpapers,18(3840x2160),https://act-upload.mihoyo.com/nap-obc-indep/2025/09/10/73751405/3e8e7e6c58569d84e22d626ae13a9e14_776945557200912455.jpg
19(2560x1080),EP短片壁纸合集,1085,.jpg,19(2560x1080).jpg,「席德」主题壁纸,wallpapers|1085|1317|19(2560x1080)|https://act-upload.mihoyo.com/nap-obc-indep/2025/09/10/73751405/824f183ff8423bc4a62a5218ab99c6ee_6151303537237924392.jpg,1317,官方壁纸合集\EP短片壁纸合集\「席德」主题壁纸,官方壁纸合集\EP短片壁纸合集\「席德」主题壁纸\19(2560x1080).jpg,unchanged,wallpapers,19(2560x1080),https://act-upload.mihoyo.com/nap-obc-indep/2025/09/10/73751405/824f183ff8423bc4a62a5218ab99c6ee_6151303537237924392.jpg
19(3840x2160),EP短片壁纸合集,1085,.jpg,19(3840x2160).jpg,「席德」主题壁纸,wallpapers|1085|1317|19(3840x2160)|https://act-upload.mihoyo.com/nap-obc-indep/2025/09/10/73751405/5337c57e9937f0a0f77223d08d59d5bc_4473029881247737653.jpg,1317,官方壁纸合集\EP短片壁纸合集\「席德」主题壁纸,官方壁纸合集\EP短片壁纸合集\「席德」主题壁纸\19(3840x2160).jpg,unchanged,wallpapers,19(3840x2160),https://act-upload.mihoyo.com/nap-obc-indep/2025/09/10/73751405/5337c57e9937f0a0f77223d08d59d5bc_4473029881247737653.jpg
20(2560x1080),EP短片壁纸合集,1085,.jpg,20(2560x1080).jpg,「席德」主题壁纸,wallpapers|1085|1317|20(2560x1080)|https://act-upload.mihoyo.com/nap-obc-indep/2025/09/10/73751405/038eea34458fe72a93a6f49f34540033_5587984974578287204.jpg,1317,官方壁纸合集\EP短片壁纸合集\「席德」主题壁纸,官方壁纸合集\EP短片壁纸合集\「席德」主题壁纸\20(2560x1080).jpg,unchanged,wallpapers,20(2560x1080),https://act-upload.mihoyo.com/nap-obc-indep/2025/09/10/73751405/038eea34458fe72a93a6f49f34540033_5587984974578287204.jpg
20(3840x2160),EP短片壁纸合集,1085,.jpg,20(3840x2160).jpg,「席德」主题壁纸,wallpapers|1085|1317|20(3840x2160)|https://act-upload.mihoyo.com/nap-obc-indep/2025/09/10/73751405/ce5934d12b7c0d50eab4e36eb2e5cf53_1928682227683899582.jpg,1317,官方壁纸合集\EP短片壁纸合集\「席德」主题壁纸,官方壁纸合集\EP短片壁纸合集\「席德」主题壁纸\20(3840x2160).jpg,unchanged,wallpapers,20(3840x2160),https://act-upload.mihoyo.com/nap-obc-indep/2025/09/10/73751405/ce5934d12b7c0d50eab4e36eb2e5cf53_1928682227683899582.jpg
21(2560x1080),EP短片壁纸合集,1085,.jpg,21(2560x1080).jpg,「席德」主题壁纸,wallpapers|1085|1317|21(2560x1080)|https://act-upload.mihoyo.com/nap-obc-indep/2025/09/10/73751405/24174aff7b525a7f7f57eec29c042c06_6516891912323000283.jpg,1317,官方壁纸合集\EP短片壁纸合集\「席德」主题壁纸,官方壁纸合集\EP短片壁纸合集\「席德」主题壁纸\21(2560x1080).jpg,unchanged,wallpapers,21(2560x1080),https://act-upload.mihoyo.com/nap-obc-indep/2025/09/10/73751405/24174aff7b525a7f7f57eec29c042c06_6516891912323000283.jpg
21(3840x2160),EP短片壁纸合集,1085,.jpg,21(3840x2160).jpg,「席德」主题壁纸,wallpapers|1085|1317|21(3840x2160)|https://act-upload.mihoyo.com/nap-obc-indep/2025/09/10/73751405/aea06c65feef24eaa061d4ad33764faf_620759659061136814.jpg,1317,官方壁纸合集\EP短片壁纸合集\「席德」主题壁纸,官方壁纸合集\EP短片壁纸合集\「席德」主题壁纸\21(3840x2160).jpg,unchanged,wallpapers,21(3840x2160),https://act-upload.mihoyo.com/nap-obc-indep/2025/09/10/73751405/aea06c65feef24eaa061d4ad33764faf_620759659061136814.jpg
22(2560x1080),EP短片壁纸合集,1085,.jpg,22(2560x1080).jpg,「席德」主题壁纸,wallpapers|1085|1317|22(2560x1080)|https://act-upload.mihoyo.com/nap-obc-indep/2025/09/10/73751405/873a1238709409c60cf4dcfaa0dfd4a7_8387726913782863237.jpg,1317,官方壁纸合集\EP短片壁纸合集\「席德」主题壁纸,官方壁纸合集\EP短片壁纸合集\「席德」主题壁纸\22(2560x1080).jpg,unchanged,wallpapers,22(2560x1080),https://act-upload.mihoyo.com/nap-obc-indep/2025/09/10/73751405/873a1238709409c60cf4dcfaa0dfd4a7_8387726913782863237.jpg
22(3840x2160),EP短片壁纸合集,1085,.jpg,22(3840x2160).jpg,「席德」主题壁纸,wallpapers|1085|1317|22(3840x2160)|https://act-upload.mihoyo.com/nap-obc-indep/2025/09/10/73751405/2851695807b03773358bd6d9a7736b64_4162739302487556436.jpg,1317,官方壁纸合集\EP短片壁纸合集\「席德」主题壁纸,官方壁纸合集\EP短片壁纸合集\「席德」主题壁纸\22(3840x2160).jpg,unchanged,wallpapers,22(3840x2160),https://act-upload.mihoyo.com/nap-obc-indep/2025/09/10/73751405/2851695807b03773358bd6d9a7736b64_4162739302487556436.jpg
23(2560x1080),EP短片壁纸合集,1085,.jpg,23(2560x1080).jpg,「席德」主题壁纸,wallpapers|1085|1317|23(2560x1080)|https://act-upload.mihoyo.com/nap-obc-indep/2025/09/10/73751405/7338a37ae223f84426721381f62c9f25_5976642043100531665.jpg,1317,官方壁纸合集\EP短片壁纸合集\「席德」主题壁纸,官方壁纸合集\EP短片壁纸合集\「席德」主题壁纸\23(2560x1080).jpg,unchanged,wallpapers,23(2560x1080),https://act-upload.mihoyo.com/nap-obc-indep/2025/09/10/73751405/7338a37ae223f84426721381f62c9f25_5976642043100531665.jpg
23(3840x2160),EP短片壁纸合集,1085,.jpg,23(3840x2160).jpg,「席德」主题壁纸,wallpapers|1085|1317|23(3840x2160)|https://act-upload.mihoyo.com/nap-obc-indep/2025/09/10/73751405/204cf3f054d82acab3cbe244ce83d86e_1513026489563884932.jpg,1317,官方壁纸合集\EP短片壁纸合集\「席德」主题壁纸,官方壁纸合集\EP短片壁纸合集\「席德」主题壁纸\23(3840x2160).jpg,unchanged,wallpapers,23(3840x2160),https://act-upload.mihoyo.com/nap-obc-indep/2025/09/10/73751405/204cf3f054d82acab3cbe244ce83d86e_1513026489563884932.jpg
24(2560x1080),EP短片壁纸合集,1085,.jpg,24(2560x1080).jpg,「席德」主题壁纸,wallpapers|1085|1317|24(2560x1080)|https://act-upload.mihoyo.com/nap-obc-indep/2025/09/10/73751405/dee493fa45f107a420b2f766e33e5480_7058677610761284467.jpg,1317,官方壁纸合集\EP短片壁纸合集\「席德」主题壁纸,官方壁纸合集\EP短片壁纸合集\「席德」主题壁纸\24(2560x1080).jpg,unchanged,wallpapers,24(2560x1080),https://act-upload.mihoyo.com/nap-obc-indep/2025/09/10/73751405/dee493fa45f107a420b2f766e33e5480_7058677610761284467.jpg
24(3840x2160),EP短片壁纸合集,1085,.jpg,24(3840x2160).jpg,「席德」主题壁纸,wallpapers|1085|1317|24(3840x2160)|https://act-upload.mihoyo.com/nap-obc-indep/2025/09/10/73751405/53fb056b7be7d1fbcff8ed3eaecd77be_5645379752102146480.jpg,1317,官方壁纸合集\EP短片壁纸合集\「席德」主题壁纸,官方壁纸合集\EP短片壁纸合集\「席德」主题壁纸\24(3840x2160).jpg,unchanged,wallpapers,24(3840x2160),https://act-upload.mihoyo.com/nap-obc-indep/2025/09/10/73751405/53fb056b7be7d1fbcff8ed3eaecd77be_5645379752102146480.jpg
25(2560x1080),EP短片壁纸合集,1085,.jpg,25(2560x1080).jpg,「席德」主题壁纸,wallpapers|1085|1317|25(2560x1080)|https://act-upload.mihoyo.com/nap-obc-indep/2025/09/10/73751405/18f0ac6cb9a6340c145743400c831510_8578739398323761063.jpg,1317,官方壁纸合集\EP短片壁纸合集\「席德」主题壁纸,官方壁纸合集\EP短片壁纸合集\「席德」主题壁纸\25(2560x1080).jpg,unchanged,wallpapers,25(2560x1080),https://act-upload.mihoyo.com/nap-obc-indep/2025/09/10/73751405/18f0ac6cb9a6340c145743400c831510_8578739398323761063.jpg
25(3840x2160),EP短片壁纸合集,1085,.jpg,25(3840x2160).jpg,「席德」主题壁纸,wallpapers|1085|1317|25(3840x2160)|https://act-upload.mihoyo.com/nap-obc-indep/2025/09/10/73751405/ee8fe3613724e133a45cd5e7eafc9dd1_1939720819998466727.jpg,1317,官方壁纸合集\EP短片壁纸合集\「席德」主题壁纸,官方壁纸合集\EP短片壁纸合集\「席德」主题壁纸\25(3840x2160).jpg,unchanged,wallpapers,25(3840x2160),https://act-upload.mihoyo.com/nap-obc-indep/2025/09/10/73751405/ee8fe3613724e133a45cd5e7eafc9dd1_1939720819998466727.jpg
26(2560x1080),EP短片壁纸合集,1085,.jpg,26(2560x1080).jpg,「席德」主题壁纸,wallpapers|1085|1317|26(2560x1080)|https://act-upload.mihoyo.com/nap-obc-indep/2025/09/10/73751405/760ee0e805688590a3d97ac104e24afd_3214183305883209171.jpg,1317,官方壁纸合集\EP短片壁纸合集\「席德」主题壁纸,官方壁纸合集\EP短片壁纸合集\「席德」主题壁纸\26(2560x1080).jpg,unchanged,wallpapers,26(2560x1080),https://act-upload.mihoyo.com/nap-obc-indep/2025/09/10/73751405/760ee0e805688590a3d97ac104e24afd_3214183305883209171.jpg
26(3840x2160),EP短片壁纸合集,1085,.jpg,26(3840x2160).jpg,「席德」主题壁纸,wallpapers|1085|1317|26(3840x2160)|https://act-upload.mihoyo.com/nap-obc-indep/2025/09/10/73751405/027cd159311c734deb011e0e020b6a8c_7488781930695115863.jpg,1317,官方壁纸合集\EP短片壁纸合集\「席德」主题壁纸,官方壁纸合集\EP短片壁纸合集\「席德」主题壁纸\26(3840x2160).jpg,unchanged,wallpapers,26(3840x2160),https://act-upload.mihoyo.com/nap-obc-indep/2025/09/10/73751405/027cd159311c734deb011e0e020b6a8c_7488781930695115863.jpg
27(2560x1080),EP短片壁纸合集,1085,.jpg,27(2560x1080).jpg,「席德」主题壁纸,wallpapers|1085|1317|27(2560x1080)|https://act-upload.mihoyo.com/nap-obc-indep/2025/09/10/73751405/3cb03170d64da5ce5a1a7500bc98dbd2_5481113191319100509.jpg,1317,官方壁纸合集\EP短片壁纸合集\「席德」主题壁纸,官方壁纸合集\EP短片壁纸合集\「席德」主题壁纸\27(2560x1080).jpg,unchanged,wallpapers,27(2560x1080),https://act-upload.mihoyo.com/nap-obc-indep/2025/09/10/73751405/3cb03170d64da5ce5a1a7500bc98dbd2_5481113191319100509.jpg
27(3840x2160),EP短片壁纸合集,1085,.jpg,27(3840x2160).jpg,「席德」主题壁纸,wallpapers|1085|1317|27(3840x2160)|https://act-upload.mihoyo.com/nap-obc-indep/2025/09/10/73751405/c25f8a99d76668f4262656a6e4a3360d_4724599086579720466.jpg,1317,官方壁纸合集\EP短片壁纸合集\「席德」主题壁纸,官方壁纸合集\EP短片壁纸合集\「席德」主题壁纸\27(3840x2160).jpg,unchanged,wallpapers,27(3840x2160),https://act-upload.mihoyo.com/nap-obc-indep/2025/09/10/73751405/c25f8a99d76668f4262656a6e4a3360d_4724599086579720466.jpg
28(2560x1080),EP短片壁纸合集,1085,.jpg,28(2560x1080).jpg,「席德」主题壁纸,wallpapers|1085|1317|28(2560x1080)|https://act-upload.mihoyo.com/nap-obc-indep/2025/09/10/73751405/57dc63cd85bac99d2ac9046f195dd445_5627176953801415326.jpg,1317,官方壁纸合集\EP短片壁纸合集\「席德」主题壁纸,官方壁纸合集\EP短片壁纸合集\「席德」主题壁纸\28(2560x1080).jpg,unchanged,wallpapers,28(2560x1080),https://act-upload.mihoyo.com/nap-obc-indep/2025/09/10/73751405/57dc63cd85bac99d2ac9046f195dd445_5627176953801415326.jpg
28(3840x2160),EP短片壁纸合集,1085,.jpg,28(3840x2160).jpg,「席德」主题壁纸,wallpapers|1085|1317|28(3840x2160)|https://act-upload.mihoyo.com/nap-obc-indep/2025/09/10/73751405/6743450d3c9ae1a0a550837f16fd341e_8720172842076109667.jpg,1317,官方壁纸合集\EP短片壁纸合集\「席德」主题壁纸,官方壁纸合集\EP短片壁纸合集\「席德」主题壁纸\28(3840x2160).jpg,unchanged,wallpapers,28(3840x2160),https://act-upload.mihoyo.com/nap-obc-indep/2025/09/10/73751405/6743450d3c9ae1a0a550837f16fd341e_8720172842076109667.jpg
29(2560x1080),EP短片壁纸合集,1085,.jpg,29(2560x1080).jpg,「席德」主题壁纸,wallpapers|1085|1317|29(2560x1080)|https://act-upload.mihoyo.com/nap-obc-indep/2025/09/10/73751405/50ec96bda6b61a7962081d674adc168b_334024045099767812.jpg,1317,官方壁纸合集\EP短片壁纸合集\「席德」主题壁纸,官方壁纸合集\EP短片壁纸合集\「席德」主题壁纸\29(2560x1080).jpg,unchanged,wallpapers,29(2560x1080),https://act-upload.mihoyo.com/nap-obc-indep/2025/09/10/73751405/50ec96bda6b61a7962081d674adc168b_334024045099767812.jpg
29(3840x2160),EP短片壁纸合集,1085,.jpg,29(3840x2160).jpg,「席德」主题壁纸,wallpapers|1085|1317|29(3840x2160)|https://act-upload.mihoyo.com/nap-obc-indep/2025/09/10/73751405/3e150dc9df1390031c0b25f4af77b1d3_6476372727509714999.jpg,1317,官方壁纸合集\EP短片壁纸合集\「席德」主题壁纸,官方壁纸合集\EP短片壁纸合集\「席德」主题壁纸\29(3840x2160).jpg,unchanged,wallpapers,29(3840x2160),https://act-upload.mihoyo.com/nap-obc-indep/2025/09/10/73751405/3e150dc9df1390031c0b25f4af77b1d3_6476372727509714999.jpg
30(2560x1080),EP短片壁纸合集,1085,.jpg,30(2560x1080).jpg,「席德」主题壁纸,wallpapers|1085|1317|30(2560x1080)|https://act-upload.mihoyo.com/nap-obc-indep/2025/09/10/73751405/11bc69f422e1f77089b01da69eff0e01_402588044305086640.jpg,1317,官方壁纸合集\EP短片壁纸合集\「席德」主题壁纸,官方壁纸合集\EP短片壁纸合集\「席德」主题壁纸\30(2560x1080).jpg,unchanged,wallpapers,30(2560x1080),https://act-upload.mihoyo.com/nap-obc-indep/2025/09/10/73751405/11bc69f422e1f77089b01da69eff0e01_402588044305086640.jpg
30(3840x2160),EP短片壁纸合集,1085,.jpg,30(3840x2160).jpg,「席德」主题壁纸,wallpapers|1085|1317|30(3840x2160)|https://act-upload.mihoyo.com/nap-obc-indep/2025/09/10/73751405/9636aa2cd62a16e354126183c67a3b5d_8648616479394314855.jpg,1317,官方壁纸合集\EP短片壁纸合集\「席德」主题壁纸,官方壁纸合集\EP短片壁纸合集\「席德」主题壁纸\30(3840x2160).jpg,unchanged,wallpapers,30(3840x2160),https://act-upload.mihoyo.com/nap-obc-indep/2025/09/10/73751405/9636aa2cd62a16e354126183c67a3b5d_8648616479394314855.jpg
31(2560x1080),EP短片壁纸合集,1085,.jpg,31(2560x1080).jpg,「席德」主题壁纸,wallpapers|1085|1317|31(2560x1080)|https://act-upload.mihoyo.com/nap-obc-indep/2025/09/10/73751405/32cb47bfad6867d4f90e784e70851d5a_8665234741132488851.jpg,1317,官方壁纸合集\EP短片壁纸合集\「席德」主题壁纸,官方壁纸合集\EP短片壁纸合集\「席德」主题壁纸\31(2560x1080).jpg,unchanged,wallpapers,31(2560x1080),https://act-upload.mihoyo.com/nap-obc-indep/2025/09/10/73751405/32cb47bfad6867d4f90e784e70851d5a_8665234741132488851.jpg
31(3840x2160),EP短片壁纸合集,1085,.jpg,31(3840x2160).jpg,「席德」主题壁纸,wallpapers|1085|1317|31(3840x2160)|https://act-upload.mihoyo.com/nap-obc-indep/2025/09/10/73751405/51c31dd64e412938e23b3829faa96942_8612237926094865075.jpg,1317,官方壁纸合集\EP短片壁纸合集\「席德」主题壁纸,官方壁纸合集\EP短片壁纸合集\「席德」主题壁纸\31(3840x2160).jpg,unchanged,wallpapers,31(3840x2160),https://act-upload.mihoyo.com/nap-obc-indep/2025/09/10/73751405/51c31dd64e412938e23b3829faa96942_8612237926094865075.jpg
32(2560x1080),EP短片壁纸合集,1085,.jpg,32(2560x1080).jpg,「席德」主题壁纸,wallpapers|1085|1317|32(2560x1080)|https://act-upload.mihoyo.com/nap-obc-indep/2025/09/10/73751405/ef22258eb7e84685f6c181dd60de80cb_1513117846619494467.jpg,1317,官方壁纸合集\EP短片壁纸合集\「席德」主题壁纸,官方壁纸合集\EP短片壁纸合集\「席德」主题壁纸\32(2560x1080).jpg,unchanged,wallpapers,32(2560x1080),https://act-upload.mihoyo.com/nap-obc-indep/2025/09/10/73751405/ef22258eb7e84685f6c181dd60de80cb_1513117846619494467.jpg
32(3840x2160),EP短片壁纸合集,1085,.jpg,32(3840x2160).jpg,「席德」主题壁纸,wallpapers|1085|1317|32(3840x2160)|https://act-upload.mihoyo.com/nap-obc-indep/2025/09/10/73751405/cfe7fe4f400063a2a7c159cb87514ac6_7368858817284176061.jpg,1317,官方壁纸合集\EP短片壁纸合集\「席德」主题壁纸,官方壁纸合集\EP短片壁纸合集\「席德」主题壁纸\32(3840x2160).jpg,unchanged,wallpapers,32(3840x2160),https://act-upload.mihoyo.com/nap-obc-indep/2025/09/10/73751405/cfe7fe4f400063a2a7c159cb87514ac6_7368858817284176061.jpg
33(2560x1080),EP短片壁纸合集,1085,.jpg,33(2560x1080).jpg,「席德」主题壁纸,wallpapers|1085|1317|33(2560x1080)|https://act-upload.mihoyo.com/nap-obc-indep/2025/09/10/73751405/f605ac99a314473cc88c19b0fd31f60f_71684861296912434.jpg,1317,官方壁纸合集\EP短片壁纸合集\「席德」主题壁纸,官方壁纸合集\EP短片壁纸合集\「席德」主题壁纸\33(2560x1080).jpg,unchanged,wallpapers,33(2560x1080),https://act-upload.mihoyo.com/nap-obc-indep/2025/09/10/73751405/f605ac99a314473cc88c19b0fd31f60f_71684861296912434.jpg
33(3840x2160),EP短片壁纸合集,1085,.jpg,33(3840x2160).jpg,「席德」主题壁纸,wallpapers|1085|1317|33(3840x2160)|https://act-upload.mihoyo.com/nap-obc-indep/2025/09/10/73751405/56f0a0917aaff80e3cad7fb71d5dbb2a_2868402545544169464.jpg,1317,官方壁纸合集\EP短片壁纸合集\「席德」主题壁纸,官方壁纸合集\EP短片壁纸合集\「席德」主题壁纸\33(3840x2160).jpg,unchanged,wallpapers,33(3840x2160),https://act-upload.mihoyo.com/nap-obc-indep/2025/09/10/73751405/56f0a0917aaff80e3cad7fb71d5dbb2a_2868402545544169464.jpg
34(2560x1080),EP短片壁纸合集,1085,.jpg,34(2560x1080).jpg,「席德」主题壁纸,wallpapers|1085|1317|34(2560x1080)|https://act-upload.mihoyo.com/nap-obc-indep/2025/09/10/73751405/93d29e3e5c667f2e010808c233814dce_7986810454151291375.jpg,1317,官方壁纸合集\EP短片壁纸合集\「席德」主题壁纸,官方壁纸合集\EP短片壁纸合集\「席德」主题壁纸\34(2560x1080).jpg,unchanged,wallpapers,34(2560x1080),https://act-upload.mihoyo.com/nap-obc-indep/2025/09/10/73751405/93d29e3e5c667f2e010808c233814dce_7986810454151291375.jpg
34(3840x2160),EP短片壁纸合集,1085,.jpg,34(3840x2160).jpg,「席德」主题壁纸,wallpapers|1085|1317|34(3840x2160)|https://act-upload.mihoyo.com/nap-obc-indep/2025/09/10/73751405/a94065f6b6197a5b7c491938fca4dfc7_1745335718641635079.jpg,1317,官方壁纸合集\EP短片壁纸合集\「席德」主题壁纸,官方壁纸合集\EP短片壁纸合集\「席德」主题壁纸\34(3840x2160).jpg,unchanged,wallpapers,34(3840x2160),https://act-upload.mihoyo.com/nap-obc-indep/2025/09/10/73751405/a94065f6b6197a5b7c491938fca4dfc7_1745335718641635079.jpg
35(2560x1080),EP短片壁纸合集,1085,.jpg,35(2560x1080).jpg,「席德」主题壁纸,wallpapers|1085|1317|35(2560x1080)|https://act-upload.mihoyo.com/nap-obc-indep/2025/09/10/73751405/de5721332bb2186bc1ecc86caafe1ec7_5793894189767030812.jpg,1317,官方壁纸合集\EP短片壁纸合集\「席德」主题壁纸,官方壁纸合集\EP短片壁纸合集\「席德」主题壁纸\35(2560x1080).jpg,unchanged,wallpapers,35(2560x1080),https://act-upload.mihoyo.com/nap-obc-indep/2025/09/10/73751405/de5721332bb2186bc1ecc86caafe1ec7_5793894189767030812.jpg
35(3840x2160),EP短片壁纸合集,1085,.jpg,35(3840x2160).jpg,「席德」主题壁纸,wallpapers|1085|1317|35(3840x2160)|https://act-upload.mihoyo.com/nap-obc-indep/2025/09/10/73751405/d2e4fe44beae1007b644401e3f490473_6239428282973442706.jpg,1317,官方壁纸合集\EP短片壁纸合集\「席德」主题壁纸,官方壁纸合集\EP短片壁纸合集\「席德」主题壁纸\35(3840x2160).jpg,unchanged,wallpapers,35(3840x2160),https://act-upload.mihoyo.com/nap-obc-indep/2025/09/10/73751405/d2e4fe44beae1007b644401e3f490473_6239428282973442706.jpg
36(2560x1080),EP短片壁纸合集,1085,.jpg,36(2560x1080).jpg,「席德」主题壁纸,wallpapers|1085|1317|36(2560x1080)|https://act-upload.mihoyo.com/nap-obc-indep/2025/09/10/73751405/ab5e329dee666a4c7723cace1219c507_9086181978818289901.jpg,1317,官方壁纸合集\EP短片壁纸合集\「席德」主题壁纸,官方壁纸合集\EP短片壁纸合集\「席德」主题壁纸\36(2560x1080).jpg,unchanged,wallpapers,36(2560x1080),https://act-upload.mihoyo.com/nap-obc-indep/2025/09/10/73751405/ab5e329dee666a4c7723cace1219c507_9086181978818289901.jpg
36(3840x2160),EP短片壁纸合集,1085,.jpg,36(3840x2160).jpg,「席德」主题壁纸,wallpapers|1085|1317|36(3840x2160)|https://act-upload.mihoyo.com/nap-obc-indep/2025/09/10/73751405/f61054bc3f4f7740766e725700846132_6741056283185418012.jpg,1317,官方壁纸合集\EP短片壁纸合集\「席德」主题壁纸,官方壁纸合集\EP短片壁纸合集\「席德」主题壁纸\36(3840x2160).jpg,unchanged,wallpapers,36(3840x2160),https://act-upload.mihoyo.com/nap-obc-indep/2025/09/10/73751405/f61054bc3f4f7740766e725700846132_6741056283185418012.jpg
1(1920x1080),EP短片壁纸合集,1085,.png,1(1920x1080).png,仪玄主题壁纸,wallpapers|1085|1159|1(1920x1080)|https://act-upload.mihoyo.com/nap-obc-indep/2025/06/20/73751405/e8918b20562accc317d8cd59258b9421_4334073690506330338.png,1159,官方壁纸合集\EP短片壁纸合集\仪玄主题壁纸,官方壁纸合集\EP短片壁纸合集\仪玄主题壁纸\1(1920x1080).png,unchanged,wallpapers,1(1920x1080),https://act-upload.mihoyo.com/nap-obc-indep/2025/06/20/73751405/e8918b20562accc317d8cd59258b9421_4334073690506330338.png
1(2560x1080),EP短片壁纸合集,1085,.png,1(2560x1080).png,仪玄主题壁纸,wallpapers|1085|1159|1(2560x1080)|https://act-upload.mihoyo.com/nap-obc-indep/2025/06/20/73751405/e5f30a342ad054580c08452e21e5f30c_637014036832671750.png,1159,官方壁纸合集\EP短片壁纸合集\仪玄主题壁纸,官方壁纸合集\EP短片壁纸合集\仪玄主题壁纸\1(2560x1080).png,unchanged,wallpapers,1(2560x1080),https://act-upload.mihoyo.com/nap-obc-indep/2025/06/20/73751405/e5f30a342ad054580c08452e21e5f30c_637014036832671750.png
2(1920x1080),EP短片壁纸合集,1085,.png,2(1920x1080).png,仪玄主题壁纸,wallpapers|1085|1159|2(1920x1080)|https://act-upload.mihoyo.com/nap-obc-indep/2025/06/20/73751405/365f126a26d79bf11937ea9c5ccee441_2121600381678147001.png,1159,官方壁纸合集\EP短片壁纸合集\仪玄主题壁纸,官方壁纸合集\EP短片壁纸合集\仪玄主题壁纸\2(1920x1080).png,unchanged,wallpapers,2(1920x1080),https://act-upload.mihoyo.com/nap-obc-indep/2025/06/20/73751405/365f126a26d79bf11937ea9c5ccee441_2121600381678147001.png
2(2560x1080),EP短片壁纸合集,1085,.png,2(2560x1080).png,仪玄主题壁纸,wallpapers|1085|1159|2(2560x1080)|https://act-upload.mihoyo.com/nap-obc-indep/2025/06/20/73751405/cd352df75f7179c4ea662bcbadb05524_8600263423235573557.png,1159,官方壁纸合集\EP短片壁纸合集\仪玄主题壁纸,官方壁纸合集\EP短片壁纸合集\仪玄主题壁纸\2(2560x1080).png,unchanged,wallpapers,2(2560x1080),https://act-upload.mihoyo.com/nap-obc-indep/2025/06/20/73751405/cd352df75f7179c4ea662bcbadb05524_8600263423235573557.png
3(1920x1080),EP短片壁纸合集,1085,.png,3(1920x1080).png,仪玄主题壁纸,wallpapers|1085|1159|3(1920x1080)|https://act-upload.mihoyo.com/nap-obc-indep/2025/06/20/73751405/aec07b27706a682d21d73989fd3f252f_1594567900990397060.png,1159,官方壁纸合集\EP短片壁纸合集\仪玄主题壁纸,官方壁纸合集\EP短片壁纸合集\仪玄主题壁纸\3(1920x1080).png,unchanged,wallpapers,3(1920x1080),https://act-upload.mihoyo.com/nap-obc-indep/2025/06/20/73751405/aec07b27706a682d21d73989fd3f252f_1594567900990397060.png
3(2560x1080),EP短片壁纸合集,1085,.png,3(2560x1080).png,仪玄主题壁纸,wallpapers|1085|1159|3(2560x1080)|https://act-upload.mihoyo.com/nap-obc-indep/2025/06/20/73751405/c536a8a5bd2d1b53602bd19012b787fd_3178715714400852902.png,1159,官方壁纸合集\EP短片壁纸合集\仪玄主题壁纸,官方壁纸合集\EP短片壁纸合集\仪玄主题壁纸\3(2560x1080).png,unchanged,wallpapers,3(2560x1080),https://act-upload.mihoyo.com/nap-obc-indep/2025/06/20/73751405/c536a8a5bd2d1b53602bd19012b787fd_3178715714400852902.png
4(1920x1080),EP短片壁纸合集,1085,.png,4(1920x1080).png,仪玄主题壁纸,wallpapers|1085|1159|4(1920x1080)|https://act-upload.mihoyo.com/nap-obc-indep/2025/06/20/73751405/91777bed7008041be23d9b2ea5b8671a_99478887520925258.png,1159,官方壁纸合集\EP短片壁纸合集\仪玄主题壁纸,官方壁纸合集\EP短片壁纸合集\仪玄主题壁纸\4(1920x1080).png,unchanged,wallpapers,4(1920x1080),https://act-upload.mihoyo.com/nap-obc-indep/2025/06/20/73751405/91777bed7008041be23d9b2ea5b8671a_99478887520925258.png
4(2560x1080),EP短片壁纸合集,1085,.png,4(2560x1080).png,仪玄主题壁纸,wallpapers|1085|1159|4(2560x1080)|https://act-upload.mihoyo.com/nap-obc-indep/2025/06/20/73751405/036357e9d5b04b9813c9c79ab5eaeeff_9082926917302403203.png,1159,官方壁纸合集\EP短片壁纸合集\仪玄主题壁纸,官方壁纸合集\EP短片壁纸合集\仪玄主题壁纸\4(2560x1080).png,unchanged,wallpapers,4(2560x1080),https://act-upload.mihoyo.com/nap-obc-indep/2025/06/20/73751405/036357e9d5b04b9813c9c79ab5eaeeff_9082926917302403203.png
5(1920x1080),EP短片壁纸合集,1085,.png,5(1920x1080).png,仪玄主题壁纸,wallpapers|1085|1159|5(1920x1080)|https://act-upload.mihoyo.com/nap-obc-indep/2025/06/20/73751405/4fee707cdec935506e6c936a4acd8f02_2753204681400523159.png,1159,官方壁纸合集\EP短片壁纸合集\仪玄主题壁纸,官方壁纸合集\EP短片壁纸合集\仪玄主题壁纸\5(1920x1080).png,unchanged,wallpapers,5(1920x1080),https://act-upload.mihoyo.com/nap-obc-indep/2025/06/20/73751405/4fee707cdec935506e6c936a4acd8f02_2753204681400523159.png
5(2560x1080),EP短片壁纸合集,1085,.png,5(2560x1080).png,仪玄主题壁纸,wallpapers|1085|1159|5(2560x1080)|https://act-upload.mihoyo.com/nap-obc-indep/2025/06/20/73751405/8880b9c632900aaeede95de7b6df9eb0_4677118498223769035.png,1159,官方壁纸合集\EP短片壁纸合集\仪玄主题壁纸,官方壁纸合集\EP短片壁纸合集\仪玄主题壁纸\5(2560x1080).png,unchanged,wallpapers,5(2560x1080),https://act-upload.mihoyo.com/nap-obc-indep/2025/06/20/73751405/8880b9c632900aaeede95de7b6df9eb0_4677118498223769035.png
6(2560x1080),EP短片壁纸合集,1085,.png,6(2560x1080).png,仪玄主题壁纸,wallpapers|1085|1159|6(2560x1080)|https://act-upload.mihoyo.com/nap-obc-indep/2025/06/20/73751405/116435c809b8d79819e7a1c8af7de55d_5506907768677730806.png,1159,官方壁纸合集\EP短片壁纸合集\仪玄主题壁纸,官方壁纸合集\EP短片壁纸合集\仪玄主题壁纸\6(2560x1080).png,unchanged,wallpapers,6(2560x1080),https://act-upload.mihoyo.com/nap-obc-indep/2025/06/20/73751405/116435c809b8d79819e7a1c8af7de55d_5506907768677730806.png
6(3840x2160),EP短片壁纸合集,1085,.png,6(3840x2160).png,仪玄主题壁纸,wallpapers|1085|1159|6(3840x2160)|https://act-upload.mihoyo.com/nap-obc-indep/2025/06/20/73751405/4951ec7ee5c06136c4cfa9609f65bfa1_92848355918894068.png,1159,官方壁纸合集\EP短片壁纸合集\仪玄主题壁纸,官方壁纸合集\EP短片壁纸合集\仪玄主题壁纸\6(3840x2160).png,unchanged,wallpapers,6(3840x2160),https://act-upload.mihoyo.com/nap-obc-indep/2025/06/20/73751405/4951ec7ee5c06136c4cfa9609f65bfa1_92848355918894068.png
7(2560x1080),EP短片壁纸合集,1085,.png,7(2560x1080).png,仪玄主题壁纸,wallpapers|1085|1159|7(2560x1080)|https://act-upload.mihoyo.com/nap-obc-indep/2025/06/20/73751405/ac4111f8fbd8d18ccdb700266e47b64e_4545501521766105491.png,1159,官方壁纸合集\EP短片壁纸合集\仪玄主题壁纸,官方壁纸合集\EP短片壁纸合集\仪玄主题壁纸\7(2560x1080).png,unchanged,wallpapers,7(2560x1080),https://act-upload.mihoyo.com/nap-obc-indep/2025/06/20/73751405/ac4111f8fbd8d18ccdb700266e47b64e_4545501521766105491.png
7(3840x2160),EP短片壁纸合集,1085,.png,7(3840x2160).png,仪玄主题壁纸,wallpapers|1085|1159|7(3840x2160)|https://act-upload.mihoyo.com/nap-obc-indep/2025/06/20/73751405/a70238207b63d001e6dc36cd34778a8e_1584742958144211317.png,1159,官方壁纸合集\EP短片壁纸合集\仪玄主题壁纸,官方壁纸合集\EP短片壁纸合集\仪玄主题壁纸\7(3840x2160).png,unchanged,wallpapers,7(3840x2160),https://act-upload.mihoyo.com/nap-obc-indep/2025/06/20/73751405/a70238207b63d001e6dc36cd34778a8e_1584742958144211317.png
8(2560x1080),EP短片壁纸合集,1085,.png,8(2560x1080).png,仪玄主题壁纸,wallpapers|1085|1159|8(2560x1080)|https://act-upload.mihoyo.com/nap-obc-indep/2025/06/20/73751405/025f171c00fd8fe4d39bb7a6344782e4_4734423830154436712.png,1159,官方壁纸合集\EP短片壁纸合集\仪玄主题壁纸,官方壁纸合集\EP短片壁纸合集\仪玄主题壁纸\8(2560x1080).png,unchanged,wallpapers,8(2560x1080),https://act-upload.mihoyo.com/nap-obc-indep/2025/06/20/73751405/025f171c00fd8fe4d39bb7a6344782e4_4734423830154436712.png
8(3840x2160),EP短片壁纸合集,1085,.png,8(3840x2160).png,仪玄主题壁纸,wallpapers|1085|1159|8(3840x2160)|https://act-upload.mihoyo.com/nap-obc-indep/2025/06/20/73751405/fdc30a51b5022f835ef04ca483211c9e_2647418491409019469.png,1159,官方壁纸合集\EP短片壁纸合集\仪玄主题壁纸,官方壁纸合集\EP短片壁纸合集\仪玄主题壁纸\8(3840x2160).png,unchanged,wallpapers,8(3840x2160),https://act-upload.mihoyo.com/nap-obc-indep/2025/06/20/73751405/fdc30a51b5022f835ef04ca483211c9e_2647418491409019469.png
9(2560x1080),EP短片壁纸合集,1085,.png,9(2560x1080).png,仪玄主题壁纸,wallpapers|1085|1159|9(2560x1080)|https://act-upload.mihoyo.com/nap-obc-indep/2025/06/20/73751405/a50e5ff265c932aa77a474a16a2d2650_6803151409101350039.png,1159,官方壁纸合集\EP短片壁纸合集\仪玄主题壁纸,官方壁纸合集\EP短片壁纸合集\仪玄主题壁纸\9(2560x1080).png,unchanged,wallpapers,9(2560x1080),https://act-upload.mihoyo.com/nap-obc-indep/2025/06/20/73751405/a50e5ff265c932aa77a474a16a2d2650_6803151409101350039.png
9(3840x2160),EP短片壁纸合集,1085,.png,9(3840x2160).png,仪玄主题壁纸,wallpapers|1085|1159|9(3840x2160)|https://act-upload.mihoyo.com/nap-obc-indep/2025/06/20/73751405/f903310d0ad333aadc3d94b05e0c0edc_2669332199127221430.png,1159,官方壁纸合集\EP短片壁纸合集\仪玄主题壁纸,官方壁纸合集\EP短片壁纸合集\仪玄主题壁纸\9(3840x2160).png,unchanged,wallpapers,9(3840x2160),https://act-upload.mihoyo.com/nap-obc-indep/2025/06/20/73751405/f903310d0ad333aadc3d94b05e0c0edc_2669332199127221430.png
10(2560x1080),EP短片壁纸合集,1085,.png,10(2560x1080).png,仪玄主题壁纸,wallpapers|1085|1159|10(2560x1080)|https://act-upload.mihoyo.com/nap-obc-indep/2025/06/20/73751405/e78861183d96874e9836e949d042eb95_6148424406707945160.png,1159,官方壁纸合集\EP短片壁纸合集\仪玄主题壁纸,官方壁纸合集\EP短片壁纸合集\仪玄主题壁纸\10(2560x1080).png,unchanged,wallpapers,10(2560x1080),https://act-upload.mihoyo.com/nap-obc-indep/2025/06/20/73751405/e78861183d96874e9836e949d042eb95_6148424406707945160.png
10(3840x2160),EP短片壁纸合集,1085,.png,10(3840x2160).png,仪玄主题壁纸,wallpapers|1085|1159|10(3840x2160)|https://act-upload.mihoyo.com/nap-obc-indep/2025/06/20/73751405/a3165b6f5cef9df5f198f8c3845bdef8_8026185326183128641.png,1159,官方壁纸合集\EP短片壁纸合集\仪玄主题壁纸,官方壁纸合集\EP短片壁纸合集\仪玄主题壁纸\10(3840x2160).png,unchanged,wallpapers,10(3840x2160),https://act-upload.mihoyo.com/nap-obc-indep/2025/06/20/73751405/a3165b6f5cef9df5f198f8c3845bdef8_8026185326183128641.png
11(2560x1080),EP短片壁纸合集,1085,.png,11(2560x1080).png,仪玄主题壁纸,wallpapers|1085|1159|11(2560x1080)|https://act-upload.mihoyo.com/nap-obc-indep/2025/06/20/73751405/4852aaf977598e4cdba1484af831444d_9170842894717737374.png,1159,官方壁纸合集\EP短片壁纸合集\仪玄主题壁纸,官方壁纸合集\EP短片壁纸合集\仪玄主题壁纸\11(2560x1080).png,unchanged,wallpapers,11(2560x1080),https://act-upload.mihoyo.com/nap-obc-indep/2025/06/20/73751405/4852aaf977598e4cdba1484af831444d_9170842894717737374.png
11(3840x2160),EP短片壁纸合集,1085,.png,11(3840x2160).png,仪玄主题壁纸,wallpapers|1085|1159|11(3840x2160)|https://act-upload.mihoyo.com/nap-obc-indep/2025/06/20/73751405/fcf6484b1b8275fb320c72465de04502_421831907131398456.png,1159,官方壁纸合集\EP短片壁纸合集\仪玄主题壁纸,官方壁纸合集\EP短片壁纸合集\仪玄主题壁纸\11(3840x2160).png,unchanged,wallpapers,11(3840x2160),https://act-upload.mihoyo.com/nap-obc-indep/2025/06/20/73751405/fcf6484b1b8275fb320c72465de04502_421831907131398456.png
12(2560x1080),EP短片壁纸合集,1085,.png,12(2560x1080).png,仪玄主题壁纸,wallpapers|1085|1159|12(2560x1080)|https://act-upload.mihoyo.com/nap-obc-indep/2025/06/20/73751405/c247d09e658aa88dd58b126d8bd47fd6_3061019949401539391.png,1159,官方壁纸合集\EP短片壁纸合集\仪玄主题壁纸,官方壁纸合集\EP短片壁纸合集\仪玄主题壁纸\12(2560x1080).png,unchanged,wallpapers,12(2560x1080),https://act-upload.mihoyo.com/nap-obc-indep/2025/06/20/73751405/c247d09e658aa88dd58b126d8bd47fd6_3061019949401539391.png
12(3840x2160),EP短片壁纸合集,1085,.png,12(3840x2160).png,仪玄主题壁纸,wallpapers|1085|1159|12(3840x2160)|https://act-upload.mihoyo.com/nap-obc-indep/2025/06/20/73751405/f9da92a475490d4874792c00be0a133b_6293184260359231567.png,1159,官方壁纸合集\EP短片壁纸合集\仪玄主题壁纸,官方壁纸合集\EP短片壁纸合集\仪玄主题壁纸\12(3840x2160).png,unchanged,wallpapers,12(3840x2160),https://act-upload.mihoyo.com/nap-obc-indep/2025/06/20/73751405/f9da92a475490d4874792c00be0a133b_6293184260359231567.png
13(2560x1080),EP短片壁纸合集,1085,.png,13(2560x1080).png,仪玄主题壁纸,wallpapers|1085|1159|13(2560x1080)|https://act-upload.mihoyo.com/nap-obc-indep/2025/06/20/73751405/29255fb7babc112e6ff8022703c19883_2659777339836117131.png,1159,官方壁纸合集\EP短片壁纸合集\仪玄主题壁纸,官方壁纸合集\EP短片壁纸合集\仪玄主题壁纸\13(2560x1080).png,unchanged,wallpapers,13(2560x1080),https://act-upload.mihoyo.com/nap-obc-indep/2025/06/20/73751405/29255fb7babc112e6ff8022703c19883_2659777339836117131.png
13(3840x2160),EP短片壁纸合集,1085,.png,13(3840x2160).png,仪玄主题壁纸,wallpapers|1085|1159|13(3840x2160)|https://act-upload.mihoyo.com/nap-obc-indep/2025/06/20/73751405/324824aa295a29589d1425fbbe4cd59e_2714554271651695798.png,1159,官方壁纸合集\EP短片壁纸合集\仪玄主题壁纸,官方壁纸合集\EP短片壁纸合集\仪玄主题壁纸\13(3840x2160).png,unchanged,wallpapers,13(3840x2160),https://act-upload.mihoyo.com/nap-obc-indep/2025/06/20/73751405/324824aa295a29589d1425fbbe4cd59e_2714554271651695798.png
14(2560x1080),EP短片壁纸合集,1085,.png,14(2560x1080).png,仪玄主题壁纸,wallpapers|1085|1159|14(2560x1080)|https://act-upload.mihoyo.com/nap-obc-indep/2025/06/20/73751405/be01ae20cd94f318d728a1f314bc4986_1775011921773608903.png,1159,官方壁纸合集\EP短片壁纸合集\仪玄主题壁纸,官方壁纸合集\EP短片壁纸合集\仪玄主题壁纸\14(2560x1080).png,unchanged,wallpapers,14(2560x1080),https://act-upload.mihoyo.com/nap-obc-indep/2025/06/20/73751405/be01ae20cd94f318d728a1f314bc4986_1775011921773608903.png
14(3840x2160),EP短片壁纸合集,1085,.png,14(3840x2160).png,仪玄主题壁纸,wallpapers|1085|1159|14(3840x2160)|https://act-upload.mihoyo.com/nap-obc-indep/2025/06/20/73751405/fe4adfb91166bdb1a4844a1e99f508a0_6446090414251789183.png,1159,官方壁纸合集\EP短片壁纸合集\仪玄主题壁纸,官方壁纸合集\EP短片壁纸合集\仪玄主题壁纸\14(3840x2160).png,unchanged,wallpapers,14(3840x2160),https://act-upload.mihoyo.com/nap-obc-indep/2025/06/20/73751405/fe4adfb91166bdb1a4844a1e99f508a0_6446090414251789183.png
15(2560x1080),EP短片壁纸合集,1085,.png,15(2560x1080).png,仪玄主题壁纸,wallpapers|1085|1159|15(2560x1080)|https://act-upload.mihoyo.com/nap-obc-indep/2025/06/20/73751405/d4cb878789d47d58f1bbc33926a3dd67_1325698600549311286.png,1159,官方壁纸合集\EP短片壁纸合集\仪玄主题壁纸,官方壁纸合集\EP短片壁纸合集\仪玄主题壁纸\15(2560x1080).png,unchanged,wallpapers,15(2560x1080),https://act-upload.mihoyo.com/nap-obc-indep/2025/06/20/73751405/d4cb878789d47d58f1bbc33926a3dd67_1325698600549311286.png
15(3840x2160),EP短片壁纸合集,1085,.png,15(3840x2160).png,仪玄主题壁纸,wallpapers|1085|1159|15(3840x2160)|https://act-upload.mihoyo.com/nap-obc-indep/2025/06/20/73751405/5dec235f577d59a959b245cf2ab8ac24_2579398904864026346.png,1159,官方壁纸合集\EP短片壁纸合集\仪玄主题壁纸,官方壁纸合集\EP短片壁纸合集\仪玄主题壁纸\15(3840x2160).png,unchanged,wallpapers,15(3840x2160),https://act-upload.mihoyo.com/nap-obc-indep/2025/06/20/73751405/5dec235f577d59a959b245cf2ab8ac24_2579398904864026346.png
16(2560x1080),EP短片壁纸合集,1085,.png,16(2560x1080).png,仪玄主题壁纸,wallpapers|1085|1159|16(2560x1080)|https://act-upload.mihoyo.com/nap-obc-indep/2025/06/20/73751405/2552a5ba666a66ea73605a15c5e6b18d_6470487887713475377.png,1159,官方壁纸合集\EP短片壁纸合集\仪玄主题壁纸,官方壁纸合集\EP短片壁纸合集\仪玄主题壁纸\16(2560x1080).png,unchanged,wallpapers,16(2560x1080),https://act-upload.mihoyo.com/nap-obc-indep/2025/06/20/73751405/2552a5ba666a66ea73605a15c5e6b18d_6470487887713475377.png
16(3840x2160),EP短片壁纸合集,1085,.png,16(3840x2160).png,仪玄主题壁纸,wallpapers|1085|1159|16(3840x2160)|https://act-upload.mihoyo.com/nap-obc-indep/2025/06/20/73751405/7ba27a7f228aebb0777702a0e2dd3086_1598233320961724964.png,1159,官方壁纸合集\EP短片壁纸合集\仪玄主题壁纸,官方壁纸合集\EP短片壁纸合集\仪玄主题壁纸\16(3840x2160).png,unchanged,wallpapers,16(3840x2160),https://act-upload.mihoyo.com/nap-obc-indep/2025/06/20/73751405/7ba27a7f228aebb0777702a0e2dd3086_1598233320961724964.png
17(2560x1080),EP短片壁纸合集,1085,.png,17(2560x1080).png,仪玄主题壁纸,wallpapers|1085|1159|17(2560x1080)|https://act-upload.mihoyo.com/nap-obc-indep/2025/06/20/73751405/3be9120ea265ee5d97d14349e76e6cee_4800264071733922534.png,1159,官方壁纸合集\EP短片壁纸合集\仪玄主题壁纸,官方壁纸合集\EP短片壁纸合集\仪玄主题壁纸\17(2560x1080).png,unchanged,wallpapers,17(2560x1080),https://act-upload.mihoyo.com/nap-obc-indep/2025/06/20/73751405/3be9120ea265ee5d97d14349e76e6cee_4800264071733922534.png
17(3840x2160),EP短片壁纸合集,1085,.png,17(3840x2160).png,仪玄主题壁纸,wallpapers|1085|1159|17(3840x2160)|https://act-upload.mihoyo.com/nap-obc-indep/2025/06/20/73751405/37d8e5d21909c2217701bf53fb51f83e_5554280127777141862.png,1159,官方壁纸合集\EP短片壁纸合集\仪玄主题壁纸,官方壁纸合集\EP短片壁纸合集\仪玄主题壁纸\17(3840x2160).png,unchanged,wallpapers,17(3840x2160),https://act-upload.mihoyo.com/nap-obc-indep/2025/06/20/73751405/37d8e5d21909c2217701bf53fb51f83e_5554280127777141862.png
1085-957-001-1,EP短片壁纸合集,1085,.png,1085-957-001-1.png,伊芙琳角色展示&EP壁纸,wallpapers|1085|957|1|https://act-upload.mihoyo.com/nap-obc-indep/2025/02/28/73751405/c334f432b23eeb458954350cc8fe6b95_7507435977725929816.png,957,官方壁纸合集\EP短片壁纸合集\伊芙琳角色展示&EP壁纸,官方壁纸合集\EP短片壁纸合集\伊芙琳角色展示&EP壁纸\1085-957-001-1.png,unchanged,wallpapers,1,https://act-upload.mihoyo.com/nap-obc-indep/2025/02/28/73751405/c334f432b23eeb458954350cc8fe6b95_7507435977725929816.png
1085-957-002-2,EP短片壁纸合集,1085,.png,1085-957-002-2.png,伊芙琳角色展示&EP壁纸,wallpapers|1085|957|2|https://act-upload.mihoyo.com/nap-obc-indep/2025/02/28/73751405/eed7daa343076c5ac651b4b0f56aec99_1930753113303038666.png,957,官方壁纸合集\EP短片壁纸合集\伊芙琳角色展示&EP壁纸,官方壁纸合集\EP短片壁纸合集\伊芙琳角色展示&EP壁纸\1085-957-002-2.png,unchanged,wallpapers,2,https://act-upload.mihoyo.com/nap-obc-indep/2025/02/28/73751405/eed7daa343076c5ac651b4b0f56aec99_1930753113303038666.png
1085-957-003-3,EP短片壁纸合集,1085,.png,1085-957-003-3.png,伊芙琳角色展示&EP壁纸,wallpapers|1085|957|3|https://act-upload.mihoyo.com/nap-obc-indep/2025/02/28/73751405/3ac6e9a207c0829ed81dd2347b5f4229_4632667396578266626.png,957,官方壁纸合集\EP短片壁纸合集\伊芙琳角色展示&EP壁纸,官方壁纸合集\EP短片壁纸合集\伊芙琳角色展示&EP壁纸\1085-957-003-3.png,unchanged,wallpapers,3,https://act-upload.mihoyo.com/nap-obc-indep/2025/02/28/73751405/3ac6e9a207c0829ed81dd2347b5f4229_4632667396578266626.png
1085-957-004-4,EP短片壁纸合集,1085,.png,1085-957-004-4.png,伊芙琳角色展示&EP壁纸,wallpapers|1085|957|4|https://act-upload.mihoyo.com/nap-obc-indep/2025/02/28/73751405/b7ba03de1aa168b906c2f63288076155_7636405682470158862.png,957,官方壁纸合集\EP短片壁纸合集\伊芙琳角色展示&EP壁纸,官方壁纸合集\EP短片壁纸合集\伊芙琳角色展示&EP壁纸\1085-957-004-4.png,unchanged,wallpapers,4,https://act-upload.mihoyo.com/nap-obc-indep/2025/02/28/73751405/b7ba03de1aa168b906c2f63288076155_7636405682470158862.png
1085-957-005-5,EP短片壁纸合集,1085,.png,1085-957-005-5.png,伊芙琳角色展示&EP壁纸,wallpapers|1085|957|5|https://act-upload.mihoyo.com/nap-obc-indep/2025/02/28/73751405/2bd8b7e6ba01e9f7a9e2324e2c75eaed_8099910983545149806.png,957,官方壁纸合集\EP短片壁纸合集\伊芙琳角色展示&EP壁纸,官方壁纸合集\EP短片壁纸合集\伊芙琳角色展示&EP壁纸\1085-957-005-5.png,unchanged,wallpapers,5,https://act-upload.mihoyo.com/nap-obc-indep/2025/02/28/73751405/2bd8b7e6ba01e9f7a9e2324e2c75eaed_8099910983545149806.png
1085-957-006-6,EP短片壁纸合集,1085,.png,1085-957-006-6.png,伊芙琳角色展示&EP壁纸,wallpapers|1085|957|6|https://act-upload.mihoyo.com/nap-obc-indep/2025/02/28/73751405/3c0535acf649cfc5bf12752dc15f56bc_6802794669646730992.png,957,官方壁纸合集\EP短片壁纸合集\伊芙琳角色展示&EP壁纸,官方壁纸合集\EP短片壁纸合集\伊芙琳角色展示&EP壁纸\1085-957-006-6.png,unchanged,wallpapers,6,https://act-upload.mihoyo.com/nap-obc-indep/2025/02/28/73751405/3c0535acf649cfc5bf12752dc15f56bc_6802794669646730992.png
1085-957-007-7,EP短片壁纸合集,1085,.png,1085-957-007-7.png,伊芙琳角色展示&EP壁纸,wallpapers|1085|957|7|https://act-upload.mihoyo.com/nap-obc-indep/2025/02/28/73751405/1e582357ed7522d2afec6392f9504b80_6326811993527912672.png,957,官方壁纸合集\EP短片壁纸合集\伊芙琳角色展示&EP壁纸,官方壁纸合集\EP短片壁纸合集\伊芙琳角色展示&EP壁纸\1085-957-007-7.png,unchanged,wallpapers,7,https://act-upload.mihoyo.com/nap-obc-indep/2025/02/28/73751405/1e582357ed7522d2afec6392f9504b80_6326811993527912672.png
1085-957-008-8,EP短片壁纸合集,1085,.png,1085-957-008-8.png,伊芙琳角色展示&EP壁纸,wallpapers|1085|957|8|https://act-upload.mihoyo.com/nap-obc-indep/2025/02/28/73751405/7fa13257abe043e97ec4d8d98c5113cc_5635127331531177111.png,957,官方壁纸合集\EP短片壁纸合集\伊芙琳角色展示&EP壁纸,官方壁纸合集\EP短片壁纸合集\伊芙琳角色展示&EP壁纸\1085-957-008-8.png,unchanged,wallpapers,8,https://act-upload.mihoyo.com/nap-obc-indep/2025/02/28/73751405/7fa13257abe043e97ec4d8d98c5113cc_5635127331531177111.png
1085-957-009-9,EP短片壁纸合集,1085,.png,1085-957-009-9.png,伊芙琳角色展示&EP壁纸,wallpapers|1085|957|9|https://act-upload.mihoyo.com/nap-obc-indep/2025/02/28/73751405/5dc6a0c83c4082d69232772eb1fcc48e_6933655998610916037.png,957,官方壁纸合集\EP短片壁纸合集\伊芙琳角色展示&EP壁纸,官方壁纸合集\EP短片壁纸合集\伊芙琳角色展示&EP壁纸\1085-957-009-9.png,unchanged,wallpapers,9,https://act-upload.mihoyo.com/nap-obc-indep/2025/02/28/73751405/5dc6a0c83c4082d69232772eb1fcc48e_6933655998610916037.png
1085-957-010-10,EP短片壁纸合集,1085,.png,1085-957-010-10.png,伊芙琳角色展示&EP壁纸,wallpapers|1085|957|10|https://act-upload.mihoyo.com/nap-obc-indep/2025/02/28/73751405/54eff649b50458920d8e3ec0139efa54_6130331900558955105.png,957,官方壁纸合集\EP短片壁纸合集\伊芙琳角色展示&EP壁纸,官方壁纸合集\EP短片壁纸合集\伊芙琳角色展示&EP壁纸\1085-957-010-10.png,unchanged,wallpapers,10,https://act-upload.mihoyo.com/nap-obc-indep/2025/02/28/73751405/54eff649b50458920d8e3ec0139efa54_6130331900558955105.png
1085-957-011-11,EP短片壁纸合集,1085,.png,1085-957-011-11.png,伊芙琳角色展示&EP壁纸,wallpapers|1085|957|11|https://act-upload.mihoyo.com/nap-obc-indep/2025/02/28/73751405/454f690938d74a4eccd0a8815e08fbf9_452163553699149252.png,957,官方壁纸合集\EP短片壁纸合集\伊芙琳角色展示&EP壁纸,官方壁纸合集\EP短片壁纸合集\伊芙琳角色展示&EP壁纸\1085-957-011-11.png,unchanged,wallpapers,11,https://act-upload.mihoyo.com/nap-obc-indep/2025/02/28/73751405/454f690938d74a4eccd0a8815e08fbf9_452163553699149252.png
1085-957-012-12,EP短片壁纸合集,1085,.png,1085-957-012-12.png,伊芙琳角色展示&EP壁纸,wallpapers|1085|957|12|https://act-upload.mihoyo.com/nap-obc-indep/2025/02/28/73751405/839175e01c08488f51dac73d5e667955_6061336424767946184.png,957,官方壁纸合集\EP短片壁纸合集\伊芙琳角色展示&EP壁纸,官方壁纸合集\EP短片壁纸合集\伊芙琳角色展示&EP壁纸\1085-957-012-12.png,unchanged,wallpapers,12,https://act-upload.mihoyo.com/nap-obc-indep/2025/02/28/73751405/839175e01c08488f51dac73d5e667955_6061336424767946184.png
1085-957-013-13,EP短片壁纸合集,1085,.png,1085-957-013-13.png,伊芙琳角色展示&EP壁纸,wallpapers|1085|957|13|https://act-upload.mihoyo.com/nap-obc-indep/2025/02/28/73751405/2c2d81f86d4d0afa8c8bb2c0a40c0674_6843764407548826435.png,957,官方壁纸合集\EP短片壁纸合集\伊芙琳角色展示&EP壁纸,官方壁纸合集\EP短片壁纸合集\伊芙琳角色展示&EP壁纸\1085-957-013-13.png,unchanged,wallpapers,13,https://act-upload.mihoyo.com/nap-obc-indep/2025/02/28/73751405/2c2d81f86d4d0afa8c8bb2c0a40c0674_6843764407548826435.png
1085-957-014-14,EP短片壁纸合集,1085,.png,1085-957-014-14.png,伊芙琳角色展示&EP壁纸,wallpapers|1085|957|14|https://act-upload.mihoyo.com/nap-obc-indep/2025/02/28/73751405/25628f5e6984454d1f54d50705a8f62a_2534276073032087857.png,957,官方壁纸合集\EP短片壁纸合集\伊芙琳角色展示&EP壁纸,官方壁纸合集\EP短片壁纸合集\伊芙琳角色展示&EP壁纸\1085-957-014-14.png,unchanged,wallpapers,14,https://act-upload.mihoyo.com/nap-obc-indep/2025/02/28/73751405/25628f5e6984454d1f54d50705a8f62a_2534276073032087857.png
1085-957-015-15,EP短片壁纸合集,1085,.png,1085-957-015-15.png,伊芙琳角色展示&EP壁纸,wallpapers|1085|957|15|https://act-upload.mihoyo.com/nap-obc-indep/2025/02/28/73751405/8960b24da02f06ca5361bc03fc8f8655_7949352101770453830.png,957,官方壁纸合集\EP短片壁纸合集\伊芙琳角色展示&EP壁纸,官方壁纸合集\EP短片壁纸合集\伊芙琳角色展示&EP壁纸\1085-957-015-15.png,unchanged,wallpapers,15,https://act-upload.mihoyo.com/nap-obc-indep/2025/02/28/73751405/8960b24da02f06ca5361bc03fc8f8655_7949352101770453830.png
1085-957-016-16,EP短片壁纸合集,1085,.png,1085-957-016-16.png,伊芙琳角色展示&EP壁纸,wallpapers|1085|957|16|https://act-upload.mihoyo.com/nap-obc-indep/2025/02/28/73751405/695fa2bafe833c3f3d4e5e8ab13cb202_1174537399138662028.png,957,官方壁纸合集\EP短片壁纸合集\伊芙琳角色展示&EP壁纸,官方壁纸合集\EP短片壁纸合集\伊芙琳角色展示&EP壁纸\1085-957-016-16.png,unchanged,wallpapers,16,https://act-upload.mihoyo.com/nap-obc-indep/2025/02/28/73751405/695fa2bafe833c3f3d4e5e8ab13cb202_1174537399138662028.png
1085-957-017-17,EP短片壁纸合集,1085,.png,1085-957-017-17.png,伊芙琳角色展示&EP壁纸,wallpapers|1085|957|17|https://act-upload.mihoyo.com/nap-obc-indep/2025/02/28/73751405/0ad6fcf369f86f1d26dcb953ecbc91bc_8969401193864127832.png,957,官方壁纸合集\EP短片壁纸合集\伊芙琳角色展示&EP壁纸,官方壁纸合集\EP短片壁纸合集\伊芙琳角色展示&EP壁纸\1085-957-017-17.png,unchanged,wallpapers,17,https://act-upload.mihoyo.com/nap-obc-indep/2025/02/28/73751405/0ad6fcf369f86f1d26dcb953ecbc91bc_8969401193864127832.png
1085-957-018-18,EP短片壁纸合集,1085,.png,1085-957-018-18.png,伊芙琳角色展示&EP壁纸,wallpapers|1085|957|18|https://act-upload.mihoyo.com/nap-obc-indep/2025/02/28/73751405/6ff9237146af4002c74bf570d83b4042_2390003231126320069.png,957,官方壁纸合集\EP短片壁纸合集\伊芙琳角色展示&EP壁纸,官方壁纸合集\EP短片壁纸合集\伊芙琳角色展示&EP壁纸\1085-957-018-18.png,unchanged,wallpapers,18,https://act-upload.mihoyo.com/nap-obc-indep/2025/02/28/73751405/6ff9237146af4002c74bf570d83b4042_2390003231126320069.png
1085-957-019-19,EP短片壁纸合集,1085,.png,1085-957-019-19.png,伊芙琳角色展示&EP壁纸,wallpapers|1085|957|19|https://act-upload.mihoyo.com/nap-obc-indep/2025/02/28/73751405/1e4db5d9c6fd3ebddc89b69773344e2e_7718816994289439051.png,957,官方壁纸合集\EP短片壁纸合集\伊芙琳角色展示&EP壁纸,官方壁纸合集\EP短片壁纸合集\伊芙琳角色展示&EP壁纸\1085-957-019-19.png,unchanged,wallpapers,19,https://act-upload.mihoyo.com/nap-obc-indep/2025/02/28/73751405/1e4db5d9c6fd3ebddc89b69773344e2e_7718816994289439051.png
1085-808-001-1,EP短片壁纸合集,1085,.png,1085-808-001-1.png,星见雅丨成为英雄的旅程,wallpapers|1085|808|1|https://act-upload.mihoyo.com/nap-obc-indep/2025/01/03/73751405/23b5b4a4c3e4ff711cbc2fab1228f736_1887151726038785141.png,808,官方壁纸合集\EP短片壁纸合集\星见雅丨成为英雄的旅程,官方壁纸合集\EP短片壁纸合集\星见雅丨成为英雄的旅程\1085-808-001-1.png,unchanged,wallpapers,1,https://act-upload.mihoyo.com/nap-obc-indep/2025/01/03/73751405/23b5b4a4c3e4ff711cbc2fab1228f736_1887151726038785141.png
1085-808-002-2,EP短片壁纸合集,1085,.png,1085-808-002-2.png,星见雅丨成为英雄的旅程,wallpapers|1085|808|2|https://act-upload.mihoyo.com/nap-obc-indep/2025/01/03/73751405/e222a296a4d521097dbd0991bd9b504a_2387358358312124678.png,808,官方壁纸合集\EP短片壁纸合集\星见雅丨成为英雄的旅程,官方壁纸合集\EP短片壁纸合集\星见雅丨成为英雄的旅程\1085-808-002-2.png,unchanged,wallpapers,2,https://act-upload.mihoyo.com/nap-obc-indep/2025/01/03/73751405/e222a296a4d521097dbd0991bd9b504a_2387358358312124678.png
1085-808-003-3,EP短片壁纸合集,1085,.png,1085-808-003-3.png,星见雅丨成为英雄的旅程,wallpapers|1085|808|3|https://act-upload.mihoyo.com/nap-obc-indep/2025/01/03/73751405/cca353a2938cf95b463fba74e5d8f19e_6544123697785132166.png,808,官方壁纸合集\EP短片壁纸合集\星见雅丨成为英雄的旅程,官方壁纸合集\EP短片壁纸合集\星见雅丨成为英雄的旅程\1085-808-003-3.png,unchanged,wallpapers,3,https://act-upload.mihoyo.com/nap-obc-indep/2025/01/03/73751405/cca353a2938cf95b463fba74e5d8f19e_6544123697785132166.png
1085-808-004-4,EP短片壁纸合集,1085,.png,1085-808-004-4.png,星见雅丨成为英雄的旅程,wallpapers|1085|808|4|https://act-upload.mihoyo.com/nap-obc-indep/2025/01/03/73751405/9b2eb90b320b1e3d634a6cc693b3d116_1565712682434926246.png,808,官方壁纸合集\EP短片壁纸合集\星见雅丨成为英雄的旅程,官方壁纸合集\EP短片壁纸合集\星见雅丨成为英雄的旅程\1085-808-004-4.png,unchanged,wallpapers,4,https://act-upload.mihoyo.com/nap-obc-indep/2025/01/03/73751405/9b2eb90b320b1e3d634a6cc693b3d116_1565712682434926246.png
1085-808-005-5,EP短片壁纸合集,1085,.png,1085-808-005-5.png,星见雅丨成为英雄的旅程,wallpapers|1085|808|5|https://act-upload.mihoyo.com/nap-obc-indep/2025/01/03/73751405/67b5f87d34f6971ff0597a56fe79a80e_4448094884512103303.png,808,官方壁纸合集\EP短片壁纸合集\星见雅丨成为英雄的旅程,官方壁纸合集\EP短片壁纸合集\星见雅丨成为英雄的旅程\1085-808-005-5.png,unchanged,wallpapers,5,https://act-upload.mihoyo.com/nap-obc-indep/2025/01/03/73751405/67b5f87d34f6971ff0597a56fe79a80e_4448094884512103303.png
1085-808-006-6,EP短片壁纸合集,1085,.png,1085-808-006-6.png,星见雅丨成为英雄的旅程,wallpapers|1085|808|6|https://act-upload.mihoyo.com/nap-obc-indep/2025/01/03/73751405/08a0fb8189c3b642e9fff942f3242457_1445799109479088395.png,808,官方壁纸合集\EP短片壁纸合集\星见雅丨成为英雄的旅程,官方壁纸合集\EP短片壁纸合集\星见雅丨成为英雄的旅程\1085-808-006-6.png,unchanged,wallpapers,6,https://act-upload.mihoyo.com/nap-obc-indep/2025/01/03/73751405/08a0fb8189c3b642e9fff942f3242457_1445799109479088395.png
1085-808-007-7,EP短片壁纸合集,1085,.png,1085-808-007-7.png,星见雅丨成为英雄的旅程,wallpapers|1085|808|7|https://act-upload.mihoyo.com/nap-obc-indep/2025/01/03/73751405/69c774149202275cdeeebb442ec9b8f1_5310538052508168909.png,808,官方壁纸合集\EP短片壁纸合集\星见雅丨成为英雄的旅程,官方壁纸合集\EP短片壁纸合集\星见雅丨成为英雄的旅程\1085-808-007-7.png,unchanged,wallpapers,7,https://act-upload.mihoyo.com/nap-obc-indep/2025/01/03/73751405/69c774149202275cdeeebb442ec9b8f1_5310538052508168909.png
1085-812-001-1,EP短片壁纸合集,1085,.png,1085-812-001-1.png,简PV丨逮捕,wallpapers|1085|812|1|https://act-upload.mihoyo.com/nap-obc-indep/2025/01/03/73751405/665abff219de47fff6e8493dabbd9e9f_1626683546083693226.png,812,官方壁纸合集\EP短片壁纸合集\简PV丨逮捕,官方壁纸合集\EP短片壁纸合集\简PV丨逮捕\1085-812-001-1.png,unchanged,wallpapers,1,https://act-upload.mihoyo.com/nap-obc-indep/2025/01/03/73751405/665abff219de47fff6e8493dabbd9e9f_1626683546083693226.png
1085-812-002-2,EP短片壁纸合集,1085,.png,1085-812-002-2.png,简PV丨逮捕,wallpapers|1085|812|2|https://act-upload.mihoyo.com/nap-obc-indep/2025/01/03/73751405/1d5b59f52a01457975a5a7ce1212d79d_7489864058516477228.png,812,官方壁纸合集\EP短片壁纸合集\简PV丨逮捕,官方壁纸合集\EP短片壁纸合集\简PV丨逮捕\1085-812-002-2.png,unchanged,wallpapers,2,https://act-upload.mihoyo.com/nap-obc-indep/2025/01/03/73751405/1d5b59f52a01457975a5a7ce1212d79d_7489864058516477228.png
1085-812-003-3,EP短片壁纸合集,1085,.png,1085-812-003-3.png,简PV丨逮捕,wallpapers|1085|812|3|https://act-upload.mihoyo.com/nap-obc-indep/2025/01/03/73751405/6ae687f8ae82d0ad7ee92acf2cfd3175_6230622489365010474.png,812,官方壁纸合集\EP短片壁纸合集\简PV丨逮捕,官方壁纸合集\EP短片壁纸合集\简PV丨逮捕\1085-812-003-3.png,unchanged,wallpapers,3,https://act-upload.mihoyo.com/nap-obc-indep/2025/01/03/73751405/6ae687f8ae82d0ad7ee92acf2cfd3175_6230622489365010474.png
1(3840×2160),EP短片壁纸合集,1085,.jpg,1(3840×2160).jpg,橘福福主题壁纸,wallpapers|1085|1177|1(3840×2160)|https://act-upload.mihoyo.com/nap-obc-indep/2025/07/04/73751405/3922eb292ddef9777c322797c12183d7_4567059835256912031.jpg,1177,官方壁纸合集\EP短片壁纸合集\橘福福主题壁纸,官方壁纸合集\EP短片壁纸合集\橘福福主题壁纸\1(3840×2160).jpg,unchanged,wallpapers,1(3840×2160),https://act-upload.mihoyo.com/nap-obc-indep/2025/07/04/73751405/3922eb292ddef9777c322797c12183d7_4567059835256912031.jpg
1(2560×1080),EP短片壁纸合集,1085,.jpg,1(2560×1080).jpg,橘福福主题壁纸,wallpapers|1085|1177|1(2560×1080)|https://act-upload.mihoyo.com/nap-obc-indep/2025/07/04/73751405/6df9e3acdd5b2e294d0c67f50b42cea1_9124302553950787264.jpg,1177,官方壁纸合集\EP短片壁纸合集\橘福福主题壁纸,官方壁纸合集\EP短片壁纸合集\橘福福主题壁纸\1(2560×1080).jpg,unchanged,wallpapers,1(2560×1080),https://act-upload.mihoyo.com/nap-obc-indep/2025/07/04/73751405/6df9e3acdd5b2e294d0c67f50b42cea1_9124302553950787264.jpg
2(3840×2160),EP短片壁纸合集,1085,.jpg,2(3840×2160).jpg,橘福福主题壁纸,wallpapers|1085|1177|2(3840×2160)|https://act-upload.mihoyo.com/nap-obc-indep/2025/07/04/73751405/aef7e8b9d79f50a68dd30d02527d27e7_5695199043013135282.jpg,1177,官方壁纸合集\EP短片壁纸合集\橘福福主题壁纸,官方壁纸合集\EP短片壁纸合集\橘福福主题壁纸\2(3840×2160).jpg,unchanged,wallpapers,2(3840×2160),https://act-upload.mihoyo.com/nap-obc-indep/2025/07/04/73751405/aef7e8b9d79f50a68dd30d02527d27e7_5695199043013135282.jpg
2(2560×1080),EP短片壁纸合集,1085,.jpg,2(2560×1080).jpg,橘福福主题壁纸,wallpapers|1085|1177|2(2560×1080)|https://act-upload.mihoyo.com/nap-obc-indep/2025/07/04/73751405/e3f945645b55070ca954ed0e56dfdb6b_4640227987251534430.jpg,1177,官方壁纸合集\EP短片壁纸合集\橘福福主题壁纸,官方壁纸合集\EP短片壁纸合集\橘福福主题壁纸\2(2560×1080).jpg,unchanged,wallpapers,2(2560×1080),https://act-upload.mihoyo.com/nap-obc-indep/2025/07/04/73751405/e3f945645b55070ca954ed0e56dfdb6b_4640227987251534430.jpg
3(3840×2160),EP短片壁纸合集,1085,.jpg,3(3840×2160).jpg,橘福福主题壁纸,wallpapers|1085|1177|3(3840×2160)|https://act-upload.mihoyo.com/nap-obc-indep/2025/07/04/73751405/9cc19f8c773bcb8f418b828b7fede06f_855616967371120500.jpg,1177,官方壁纸合集\EP短片壁纸合集\橘福福主题壁纸,官方壁纸合集\EP短片壁纸合集\橘福福主题壁纸\3(3840×2160).jpg,unchanged,wallpapers,3(3840×2160),https://act-upload.mihoyo.com/nap-obc-indep/2025/07/04/73751405/9cc19f8c773bcb8f418b828b7fede06f_855616967371120500.jpg
3(2560×1080),EP短片壁纸合集,1085,.jpg,3(2560×1080).jpg,橘福福主题壁纸,wallpapers|1085|1177|3(2560×1080)|https://act-upload.mihoyo.com/nap-obc-indep/2025/07/04/73751405/b76aad570bef48a1407c261946133188_1067998014616562212.jpg,1177,官方壁纸合集\EP短片壁纸合集\橘福福主题壁纸,官方壁纸合集\EP短片壁纸合集\橘福福主题壁纸\3(2560×1080).jpg,unchanged,wallpapers,3(2560×1080),https://act-upload.mihoyo.com/nap-obc-indep/2025/07/04/73751405/b76aad570bef48a1407c261946133188_1067998014616562212.jpg
4(3840×2160),EP短片壁纸合集,1085,.jpg,4(3840×2160).jpg,橘福福主题壁纸,wallpapers|1085|1177|4(3840×2160)|https://act-upload.mihoyo.com/nap-obc-indep/2025/07/04/73751405/3f856780985e0ff4fdb7c2ab52fbcb03_8579972357600250329.jpg,1177,官方壁纸合集\EP短片壁纸合集\橘福福主题壁纸,官方壁纸合集\EP短片壁纸合集\橘福福主题壁纸\4(3840×2160).jpg,unchanged,wallpapers,4(3840×2160),https://act-upload.mihoyo.com/nap-obc-indep/2025/07/04/73751405/3f856780985e0ff4fdb7c2ab52fbcb03_8579972357600250329.jpg
4(2560×1080),EP短片壁纸合集,1085,.jpg,4(2560×1080).jpg,橘福福主题壁纸,wallpapers|1085|1177|4(2560×1080)|https://act-upload.mihoyo.com/nap-obc-indep/2025/07/04/73751405/e2b1fad8f9442f4526af33bb0fde2772_2062820434368149636.jpg,1177,官方壁纸合集\EP短片壁纸合集\橘福福主题壁纸,官方壁纸合集\EP短片壁纸合集\橘福福主题壁纸\4(2560×1080).jpg,unchanged,wallpapers,4(2560×1080),https://act-upload.mihoyo.com/nap-obc-indep/2025/07/04/73751405/e2b1fad8f9442f4526af33bb0fde2772_2062820434368149636.jpg
5(3840×2160),EP短片壁纸合集,1085,.jpg,5(3840×2160).jpg,橘福福主题壁纸,wallpapers|1085|1177|5(3840×2160)|https://act-upload.mihoyo.com/nap-obc-indep/2025/07/04/73751405/96189c04b85965fa7c166fe4207a18a2_3619421185252227657.jpg,1177,官方壁纸合集\EP短片壁纸合集\橘福福主题壁纸,官方壁纸合集\EP短片壁纸合集\橘福福主题壁纸\5(3840×2160).jpg,unchanged,wallpapers,5(3840×2160),https://act-upload.mihoyo.com/nap-obc-indep/2025/07/04/73751405/96189c04b85965fa7c166fe4207a18a2_3619421185252227657.jpg
5(2560×1080),EP短片壁纸合集,1085,.jpg,5(2560×1080).jpg,橘福福主题壁纸,wallpapers|1085|1177|5(2560×1080)|https://act-upload.mihoyo.com/nap-obc-indep/2025/07/04/73751405/d548123c7c5281e96922cc3adca534d1_808269964398747492.jpg,1177,官方壁纸合集\EP短片壁纸合集\橘福福主题壁纸,官方壁纸合集\EP短片壁纸合集\橘福福主题壁纸\5(2560×1080).jpg,unchanged,wallpapers,5(2560×1080),https://act-upload.mihoyo.com/nap-obc-indep/2025/07/04/73751405/d548123c7c5281e96922cc3adca534d1_808269964398747492.jpg
6(3840×2160),EP短片壁纸合集,1085,.jpg,6(3840×2160).jpg,橘福福主题壁纸,wallpapers|1085|1177|6(3840×2160)|https://act-upload.mihoyo.com/nap-obc-indep/2025/07/04/73751405/f84a8940030bb9a8219c33bbddf35374_3953416825682045983.jpg,1177,官方壁纸合集\EP短片壁纸合集\橘福福主题壁纸,官方壁纸合集\EP短片壁纸合集\橘福福主题壁纸\6(3840×2160).jpg,unchanged,wallpapers,6(3840×2160),https://act-upload.mihoyo.com/nap-obc-indep/2025/07/04/73751405/f84a8940030bb9a8219c33bbddf35374_3953416825682045983.jpg
6(2560×1080),EP短片壁纸合集,1085,.jpg,6(2560×1080).jpg,橘福福主题壁纸,wallpapers|1085|1177|6(2560×1080)|https://act-upload.mihoyo.com/nap-obc-indep/2025/07/04/73751405/e2f254afeda7d878e86bafc8025708fc_22772774572563252.jpg,1177,官方壁纸合集\EP短片壁纸合集\橘福福主题壁纸,官方壁纸合集\EP短片壁纸合集\橘福福主题壁纸\6(2560×1080).jpg,unchanged,wallpapers,6(2560×1080),https://act-upload.mihoyo.com/nap-obc-indep/2025/07/04/73751405/e2f254afeda7d878e86bafc8025708fc_22772774572563252.jpg
7(3840×2160),EP短片壁纸合集,1085,.jpg,7(3840×2160).jpg,橘福福主题壁纸,wallpapers|1085|1177|7(3840×2160)|https://act-upload.mihoyo.com/nap-obc-indep/2025/07/04/73751405/f849ab8003faaf225f32f0ab414bc186_3997343283294126008.jpg,1177,官方壁纸合集\EP短片壁纸合集\橘福福主题壁纸,官方壁纸合集\EP短片壁纸合集\橘福福主题壁纸\7(3840×2160).jpg,unchanged,wallpapers,7(3840×2160),https://act-upload.mihoyo.com/nap-obc-indep/2025/07/04/73751405/f849ab8003faaf225f32f0ab414bc186_3997343283294126008.jpg
7(2560×1080),EP短片壁纸合集,1085,.jpg,7(2560×1080).jpg,橘福福主题壁纸,wallpapers|1085|1177|7(2560×1080)|https://act-upload.mihoyo.com/nap-obc-indep/2025/07/04/73751405/14ffec6c287b611b0cf87c646592a8a7_5446648751145862468.jpg,1177,官方壁纸合集\EP短片壁纸合集\橘福福主题壁纸,官方壁纸合集\EP短片壁纸合集\橘福福主题壁纸\7(2560×1080).jpg,unchanged,wallpapers,7(2560×1080),https://act-upload.mihoyo.com/nap-obc-indep/2025/07/04/73751405/14ffec6c287b611b0cf87c646592a8a7_5446648751145862468.jpg
8(3840×2160),EP短片壁纸合集,1085,.jpg,8(3840×2160).jpg,橘福福主题壁纸,wallpapers|1085|1177|8(3840×2160)|https://act-upload.mihoyo.com/nap-obc-indep/2025/07/04/73751405/00a1882fa4b864e366d6a588921a3e02_4788098988882065650.jpg,1177,官方壁纸合集\EP短片壁纸合集\橘福福主题壁纸,官方壁纸合集\EP短片壁纸合集\橘福福主题壁纸\8(3840×2160).jpg,unchanged,wallpapers,8(3840×2160),https://act-upload.mihoyo.com/nap-obc-indep/2025/07/04/73751405/00a1882fa4b864e366d6a588921a3e02_4788098988882065650.jpg
8(2560×1080),EP短片壁纸合集,1085,.jpg,8(2560×1080).jpg,橘福福主题壁纸,wallpapers|1085|1177|8(2560×1080)|https://act-upload.mihoyo.com/nap-obc-indep/2025/07/04/73751405/888c4ac10d3c3912947cc44e56e79175_6420979718184653167.jpg,1177,官方壁纸合集\EP短片壁纸合集\橘福福主题壁纸,官方壁纸合集\EP短片壁纸合集\橘福福主题壁纸\8(2560×1080).jpg,unchanged,wallpapers,8(2560×1080),https://act-upload.mihoyo.com/nap-obc-indep/2025/07/04/73751405/888c4ac10d3c3912947cc44e56e79175_6420979718184653167.jpg
9(3840×2160),EP短片壁纸合集,1085,.jpg,9(3840×2160).jpg,橘福福主题壁纸,wallpapers|1085|1177|9(3840×2160)|https://act-upload.mihoyo.com/nap-obc-indep/2025/07/04/73751405/8e55cacd8f12fd1e862e83b609e14441_1578015946695233893.jpg,1177,官方壁纸合集\EP短片壁纸合集\橘福福主题壁纸,官方壁纸合集\EP短片壁纸合集\橘福福主题壁纸\9(3840×2160).jpg,unchanged,wallpapers,9(3840×2160),https://act-upload.mihoyo.com/nap-obc-indep/2025/07/04/73751405/8e55cacd8f12fd1e862e83b609e14441_1578015946695233893.jpg
9(2560×1080),EP短片壁纸合集,1085,.jpg,9(2560×1080).jpg,橘福福主题壁纸,wallpapers|1085|1177|9(2560×1080)|https://act-upload.mihoyo.com/nap-obc-indep/2025/07/04/73751405/151ea050d1d94bb8016a2e2d28b0699d_500736394162615345.jpg,1177,官方壁纸合集\EP短片壁纸合集\橘福福主题壁纸,官方壁纸合集\EP短片壁纸合集\橘福福主题壁纸\9(2560×1080).jpg,unchanged,wallpapers,9(2560×1080),https://act-upload.mihoyo.com/nap-obc-indep/2025/07/04/73751405/151ea050d1d94bb8016a2e2d28b0699d_500736394162615345.jpg
10(3840×2160),EP短片壁纸合集,1085,.jpg,10(3840×2160).jpg,橘福福主题壁纸,wallpapers|1085|1177|10(3840×2160)|https://act-upload.mihoyo.com/nap-obc-indep/2025/07/04/73751405/3f06e0c4229e67b3056f16bfbf79265c_8618392777487755410.jpg,1177,官方壁纸合集\EP短片壁纸合集\橘福福主题壁纸,官方壁纸合集\EP短片壁纸合集\橘福福主题壁纸\10(3840×2160).jpg,unchanged,wallpapers,10(3840×2160),https://act-upload.mihoyo.com/nap-obc-indep/2025/07/04/73751405/3f06e0c4229e67b3056f16bfbf79265c_8618392777487755410.jpg
10(2560×1080),EP短片壁纸合集,1085,.jpg,10(2560×1080).jpg,橘福福主题壁纸,wallpapers|1085|1177|10(2560×1080)|https://act-upload.mihoyo.com/nap-obc-indep/2025/07/04/73751405/dadc756a4e1364fdfeb50adbb99869ef_4848729108683216218.jpg,1177,官方壁纸合集\EP短片壁纸合集\橘福福主题壁纸,官方壁纸合集\EP短片壁纸合集\橘福福主题壁纸\10(2560×1080).jpg,unchanged,wallpapers,10(2560×1080),https://act-upload.mihoyo.com/nap-obc-indep/2025/07/04/73751405/dadc756a4e1364fdfeb50adbb99869ef_4848729108683216218.jpg
1085-1177-021-11,EP短片壁纸合集,1085,.png,1085-1177-021-11.png,橘福福主题壁纸,wallpapers|1085|1177|11|https://act-upload.mihoyo.com/nap-obc-indep/2025/07/04/73751405/c00712fb0f656878a53644902ebdee47_7901655361383764400.png,1177,官方壁纸合集\EP短片壁纸合集\橘福福主题壁纸,官方壁纸合集\EP短片壁纸合集\橘福福主题壁纸\1085-1177-021-11.png,unchanged,wallpapers,11,https://act-upload.mihoyo.com/nap-obc-indep/2025/07/04/73751405/c00712fb0f656878a53644902ebdee47_7901655361383764400.png
1085-1177-022-12,EP短片壁纸合集,1085,.png,1085-1177-022-12.png,橘福福主题壁纸,wallpapers|1085|1177|12|https://act-upload.mihoyo.com/nap-obc-indep/2025/07/04/73751405/65ebdf8d2206d3430074d60c4ffcf1d9_1467011226854992671.png,1177,官方壁纸合集\EP短片壁纸合集\橘福福主题壁纸,官方壁纸合集\EP短片壁纸合集\橘福福主题壁纸\1085-1177-022-12.png,unchanged,wallpapers,12,https://act-upload.mihoyo.com/nap-obc-indep/2025/07/04/73751405/65ebdf8d2206d3430074d60c4ffcf1d9_1467011226854992671.png
1085-1177-023-13,EP短片壁纸合集,1085,.png,1085-1177-023-13.png,橘福福主题壁纸,wallpapers|1085|1177|13|https://act-upload.mihoyo.com/nap-obc-indep/2025/07/04/73751405/8a6ae911fbff75a19544e3ecbdbfb05b_782552332237814313.png,1177,官方壁纸合集\EP短片壁纸合集\橘福福主题壁纸,官方壁纸合集\EP短片壁纸合集\橘福福主题壁纸\1085-1177-023-13.png,unchanged,wallpapers,13,https://act-upload.mihoyo.com/nap-obc-indep/2025/07/04/73751405/8a6ae911fbff75a19544e3ecbdbfb05b_782552332237814313.png
1085-1177-024-14,EP短片壁纸合集,1085,.png,1085-1177-024-14.png,橘福福主题壁纸,wallpapers|1085|1177|14|https://act-upload.mihoyo.com/nap-obc-indep/2025/07/04/73751405/c90b2f746f3893a069fb7fe150c6b86e_7317190809351398465.png,1177,官方壁纸合集\EP短片壁纸合集\橘福福主题壁纸,官方壁纸合集\EP短片壁纸合集\橘福福主题壁纸\1085-1177-024-14.png,unchanged,wallpapers,14,https://act-upload.mihoyo.com/nap-obc-indep/2025/07/04/73751405/c90b2f746f3893a069fb7fe150c6b86e_7317190809351398465.png
1085-1177-025-15,EP短片壁纸合集,1085,.png,1085-1177-025-15.png,橘福福主题壁纸,wallpapers|1085|1177|15|https://act-upload.mihoyo.com/nap-obc-indep/2025/07/04/73751405/c6355f6fc5bd97a7e90cf45dc92c2616_8051235663309779040.png,1177,官方壁纸合集\EP短片壁纸合集\橘福福主题壁纸,官方壁纸合集\EP短片壁纸合集\橘福福主题壁纸\1085-1177-025-15.png,unchanged,wallpapers,15,https://act-upload.mihoyo.com/nap-obc-indep/2025/07/04/73751405/c6355f6fc5bd97a7e90cf45dc92c2616_8051235663309779040.png
1085-1177-026-16,EP短片壁纸合集,1085,.png,1085-1177-026-16.png,橘福福主题壁纸,wallpapers|1085|1177|16|https://act-upload.mihoyo.com/nap-obc-indep/2025/07/04/73751405/3d6096e5ae2858af67e17af817e35d14_7802941367422801374.png,1177,官方壁纸合集\EP短片壁纸合集\橘福福主题壁纸,官方壁纸合集\EP短片壁纸合集\橘福福主题壁纸\1085-1177-026-16.png,unchanged,wallpapers,16,https://act-upload.mihoyo.com/nap-obc-indep/2025/07/04/73751405/3d6096e5ae2858af67e17af817e35d14_7802941367422801374.png
1085-1177-027-17,EP短片壁纸合集,1085,.png,1085-1177-027-17.png,橘福福主题壁纸,wallpapers|1085|1177|17|https://act-upload.mihoyo.com/nap-obc-indep/2025/07/04/73751405/988ffce6764866dd6baeb663c51ef805_8366554470592433830.png,1177,官方壁纸合集\EP短片壁纸合集\橘福福主题壁纸,官方壁纸合集\EP短片壁纸合集\橘福福主题壁纸\1085-1177-027-17.png,unchanged,wallpapers,17,https://act-upload.mihoyo.com/nap-obc-indep/2025/07/04/73751405/988ffce6764866dd6baeb663c51ef805_8366554470592433830.png
1085-1177-028-18,EP短片壁纸合集,1085,.png,1085-1177-028-18.png,橘福福主题壁纸,wallpapers|1085|1177|18|https://act-upload.mihoyo.com/nap-obc-indep/2025/07/04/73751405/b51b3bb0419ee420bca2035384788142_6290754654225032234.png,1177,官方壁纸合集\EP短片壁纸合集\橘福福主题壁纸,官方壁纸合集\EP短片壁纸合集\橘福福主题壁纸\1085-1177-028-18.png,unchanged,wallpapers,18,https://act-upload.mihoyo.com/nap-obc-indep/2025/07/04/73751405/b51b3bb0419ee420bca2035384788142_6290754654225032234.png
1085-1177-029-19,EP短片壁纸合集,1085,.png,1085-1177-029-19.png,橘福福主题壁纸,wallpapers|1085|1177|19|https://act-upload.mihoyo.com/nap-obc-indep/2025/07/04/73751405/06f7a50becf06c6d92f4527a11f842a6_5770023907558204369.png,1177,官方壁纸合集\EP短片壁纸合集\橘福福主题壁纸,官方壁纸合集\EP短片壁纸合集\橘福福主题壁纸\1085-1177-029-19.png,unchanged,wallpapers,19,https://act-upload.mihoyo.com/nap-obc-indep/2025/07/04/73751405/06f7a50becf06c6d92f4527a11f842a6_5770023907558204369.png
1085-1177-030-20,EP短片壁纸合集,1085,.png,1085-1177-030-20.png,橘福福主题壁纸,wallpapers|1085|1177|20|https://act-upload.mihoyo.com/nap-obc-indep/2025/07/04/73751405/65dea66616e5a18a7595a221805524c1_7943624129616711797.png,1177,官方壁纸合集\EP短片壁纸合集\橘福福主题壁纸,官方壁纸合集\EP短片壁纸合集\橘福福主题壁纸\1085-1177-030-20.png,unchanged,wallpapers,20,https://act-upload.mihoyo.com/nap-obc-indep/2025/07/04/73751405/65dea66616e5a18a7595a221805524c1_7943624129616711797.png
1085-1177-031-21,EP短片壁纸合集,1085,.png,1085-1177-031-21.png,橘福福主题壁纸,wallpapers|1085|1177|21|https://act-upload.mihoyo.com/nap-obc-indep/2025/07/04/73751405/35fbbd968467d75762da75a2cb42eac1_2185662286033048246.png,1177,官方壁纸合集\EP短片壁纸合集\橘福福主题壁纸,官方壁纸合集\EP短片壁纸合集\橘福福主题壁纸\1085-1177-031-21.png,unchanged,wallpapers,21,https://act-upload.mihoyo.com/nap-obc-indep/2025/07/04/73751405/35fbbd968467d75762da75a2cb42eac1_2185662286033048246.png
1085-1177-032-22,EP短片壁纸合集,1085,.png,1085-1177-032-22.png,橘福福主题壁纸,wallpapers|1085|1177|22|https://act-upload.mihoyo.com/nap-obc-indep/2025/07/04/73751405/380f938533ea1b133dad9774caecdd16_1089594505418317069.png,1177,官方壁纸合集\EP短片壁纸合集\橘福福主题壁纸,官方壁纸合集\EP短片壁纸合集\橘福福主题壁纸\1085-1177-032-22.png,unchanged,wallpapers,22,https://act-upload.mihoyo.com/nap-obc-indep/2025/07/04/73751405/380f938533ea1b133dad9774caecdd16_1089594505418317069.png
1085-1177-033-23,EP短片壁纸合集,1085,.png,1085-1177-033-23.png,橘福福主题壁纸,wallpapers|1085|1177|23|https://act-upload.mihoyo.com/nap-obc-indep/2025/07/04/73751405/9ecc9ad403de3b74470487e4bdea163f_8962857568127350508.png,1177,官方壁纸合集\EP短片壁纸合集\橘福福主题壁纸,官方壁纸合集\EP短片壁纸合集\橘福福主题壁纸\1085-1177-033-23.png,unchanged,wallpapers,23,https://act-upload.mihoyo.com/nap-obc-indep/2025/07/04/73751405/9ecc9ad403de3b74470487e4bdea163f_8962857568127350508.png
1085-1177-034-24,EP短片壁纸合集,1085,.png,1085-1177-034-24.png,橘福福主题壁纸,wallpapers|1085|1177|24|https://act-upload.mihoyo.com/nap-obc-indep/2025/07/04/73751405/962a8ee296cfc7e6ba3a9a1705bff6af_1684495665592495199.png,1177,官方壁纸合集\EP短片壁纸合集\橘福福主题壁纸,官方壁纸合集\EP短片壁纸合集\橘福福主题壁纸\1085-1177-034-24.png,unchanged,wallpapers,24,https://act-upload.mihoyo.com/nap-obc-indep/2025/07/04/73751405/962a8ee296cfc7e6ba3a9a1705bff6af_1684495665592495199.png
1085-1177-035-25,EP短片壁纸合集,1085,.png,1085-1177-035-25.png,橘福福主题壁纸,wallpapers|1085|1177|25|https://act-upload.mihoyo.com/nap-obc-indep/2025/07/04/73751405/2f88823c83bdbd79052a3163333f444b_3989701261471866632.png,1177,官方壁纸合集\EP短片壁纸合集\橘福福主题壁纸,官方壁纸合集\EP短片壁纸合集\橘福福主题壁纸\1085-1177-035-25.png,unchanged,wallpapers,25,https://act-upload.mihoyo.com/nap-obc-indep/2025/07/04/73751405/2f88823c83bdbd79052a3163333f444b_3989701261471866632.png
1085-1177-036-26,EP短片壁纸合集,1085,.png,1085-1177-036-26.png,橘福福主题壁纸,wallpapers|1085|1177|26|https://act-upload.mihoyo.com/nap-obc-indep/2025/07/04/73751405/7bc9ba3868fd062009ab91cbf4464e51_8518586288101041017.png,1177,官方壁纸合集\EP短片壁纸合集\橘福福主题壁纸,官方壁纸合集\EP短片壁纸合集\橘福福主题壁纸\1085-1177-036-26.png,unchanged,wallpapers,26,https://act-upload.mihoyo.com/nap-obc-indep/2025/07/04/73751405/7bc9ba3868fd062009ab91cbf4464e51_8518586288101041017.png
1085-809-001-1,EP短片壁纸合集,1085,.png,1085-809-001-1.png,莱特EP丨Fearless,wallpapers|1085|809|1|https://act-upload.mihoyo.com/nap-obc-indep/2025/01/03/73751405/b416bcafa4d94480c3ecf8b9db14cde6_2852130597252432203.png,809,官方壁纸合集\EP短片壁纸合集\莱特EP丨Fearless,官方壁纸合集\EP短片壁纸合集\莱特EP丨Fearless\1085-809-001-1.png,unchanged,wallpapers,1,https://act-upload.mihoyo.com/nap-obc-indep/2025/01/03/73751405/b416bcafa4d94480c3ecf8b9db14cde6_2852130597252432203.png
1085-809-002-2,EP短片壁纸合集,1085,.png,1085-809-002-2.png,莱特EP丨Fearless,wallpapers|1085|809|2|https://act-upload.mihoyo.com/nap-obc-indep/2025/01/03/73751405/e8ecc13443fc05277b6b847b5ef26980_7562464424429797191.png,809,官方壁纸合集\EP短片壁纸合集\莱特EP丨Fearless,官方壁纸合集\EP短片壁纸合集\莱特EP丨Fearless\1085-809-002-2.png,unchanged,wallpapers,2,https://act-upload.mihoyo.com/nap-obc-indep/2025/01/03/73751405/e8ecc13443fc05277b6b847b5ef26980_7562464424429797191.png
1085-809-003-3,EP短片壁纸合集,1085,.png,1085-809-003-3.png,莱特EP丨Fearless,wallpapers|1085|809|3|https://act-upload.mihoyo.com/nap-obc-indep/2025/01/03/73751405/cc0182d5ee5bd4ae01fbce6f05ad4a86_5823299262138758832.png,809,官方壁纸合集\EP短片壁纸合集\莱特EP丨Fearless,官方壁纸合集\EP短片壁纸合集\莱特EP丨Fearless\1085-809-003-3.png,unchanged,wallpapers,3,https://act-upload.mihoyo.com/nap-obc-indep/2025/01/03/73751405/cc0182d5ee5bd4ae01fbce6f05ad4a86_5823299262138758832.png
1085-809-004-4,EP短片壁纸合集,1085,.png,1085-809-004-4.png,莱特EP丨Fearless,wallpapers|1085|809|4|https://act-upload.mihoyo.com/nap-obc-indep/2025/01/07/76099754/e963862a0dbcab4faaaeb2f9de28f9eb_1887970918805850158.png,809,官方壁纸合集\EP短片壁纸合集\莱特EP丨Fearless,官方壁纸合集\EP短片壁纸合集\莱特EP丨Fearless\1085-809-004-4.png,unchanged,wallpapers,4,https://act-upload.mihoyo.com/nap-obc-indep/2025/01/07/76099754/e963862a0dbcab4faaaeb2f9de28f9eb_1887970918805850158.png
1085-809-005-5,EP短片壁纸合集,1085,.png,1085-809-005-5.png,莱特EP丨Fearless,wallpapers|1085|809|5|https://act-upload.mihoyo.com/nap-obc-indep/2025/01/03/73751405/da54d612e22a98100a93053bac240b04_5915293908448023185.png,809,官方壁纸合集\EP短片壁纸合集\莱特EP丨Fearless,官方壁纸合集\EP短片壁纸合集\莱特EP丨Fearless\1085-809-005-5.png,unchanged,wallpapers,5,https://act-upload.mihoyo.com/nap-obc-indep/2025/01/03/73751405/da54d612e22a98100a93053bac240b04_5915293908448023185.png
1085-809-006-6,EP短片壁纸合集,1085,.png,1085-809-006-6.png,莱特EP丨Fearless,wallpapers|1085|809|6|https://act-upload.mihoyo.com/nap-obc-indep/2025/01/03/73751405/18d37003c9277c5e06ccaabe53d935cb_191166226867302647.png,809,官方壁纸合集\EP短片壁纸合集\莱特EP丨Fearless,官方壁纸合集\EP短片壁纸合集\莱特EP丨Fearless\1085-809-006-6.png,unchanged,wallpapers,6,https://act-upload.mihoyo.com/nap-obc-indep/2025/01/03/73751405/18d37003c9277c5e06ccaabe53d935cb_191166226867302647.png
1085-809-007-7,EP短片壁纸合集,1085,.png,1085-809-007-7.png,莱特EP丨Fearless,wallpapers|1085|809|7|https://act-upload.mihoyo.com/nap-obc-indep/2025/01/03/73751405/819f6a65be9834b2a82e08036ddd3691_965172692699292101.png,809,官方壁纸合集\EP短片壁纸合集\莱特EP丨Fearless,官方壁纸合集\EP短片壁纸合集\莱特EP丨Fearless\1085-809-007-7.png,unchanged,wallpapers,7,https://act-upload.mihoyo.com/nap-obc-indep/2025/01/03/73751405/819f6a65be9834b2a82e08036ddd3691_965172692699292101.png
1085-809-008-8,EP短片壁纸合集,1085,.png,1085-809-008-8.png,莱特EP丨Fearless,wallpapers|1085|809|8|https://act-upload.mihoyo.com/nap-obc-indep/2025/01/03/73751405/35fc5c95ad5ea87e807e7d7cc425c595_4681502396504377580.png,809,官方壁纸合集\EP短片壁纸合集\莱特EP丨Fearless,官方壁纸合集\EP短片壁纸合集\莱特EP丨Fearless\1085-809-008-8.png,unchanged,wallpapers,8,https://act-upload.mihoyo.com/nap-obc-indep/2025/01/03/73751405/35fc5c95ad5ea87e807e7d7cc425c595_4681502396504377580.png
1085-809-009-9,EP短片壁纸合集,1085,.png,1085-809-009-9.png,莱特EP丨Fearless,wallpapers|1085|809|9|https://act-upload.mihoyo.com/nap-obc-indep/2025/01/03/73751405/9375ea23833dcdcf99267c7719c1132c_8285381891167787632.png,809,官方壁纸合集\EP短片壁纸合集\莱特EP丨Fearless,官方壁纸合集\EP短片壁纸合集\莱特EP丨Fearless\1085-809-009-9.png,unchanged,wallpapers,9,https://act-upload.mihoyo.com/nap-obc-indep/2025/01/03/73751405/9375ea23833dcdcf99267c7719c1132c_8285381891167787632.png
1085-809-010-10,EP短片壁纸合集,1085,.png,1085-809-010-10.png,莱特EP丨Fearless,wallpapers|1085|809|10|https://act-upload.mihoyo.com/nap-obc-indep/2025/01/03/73751405/fbf8f95e32c4406c68672a5660fa87a7_9072973090821589523.png,809,官方壁纸合集\EP短片壁纸合集\莱特EP丨Fearless,官方壁纸合集\EP短片壁纸合集\莱特EP丨Fearless\1085-809-010-10.png,unchanged,wallpapers,10,https://act-upload.mihoyo.com/nap-obc-indep/2025/01/03/73751405/fbf8f95e32c4406c68672a5660fa87a7_9072973090821589523.png
1085-809-011-11,EP短片壁纸合集,1085,.png,1085-809-011-11.png,莱特EP丨Fearless,wallpapers|1085|809|11|https://act-upload.mihoyo.com/nap-obc-indep/2025/01/03/73751405/e3d8ae58d4e6ddeec51c6f5250a90547_839589249974638841.png,809,官方壁纸合集\EP短片壁纸合集\莱特EP丨Fearless,官方壁纸合集\EP短片壁纸合集\莱特EP丨Fearless\1085-809-011-11.png,unchanged,wallpapers,11,https://act-upload.mihoyo.com/nap-obc-indep/2025/01/03/73751405/e3d8ae58d4e6ddeec51c6f5250a90547_839589249974638841.png
1085-809-012-12,EP短片壁纸合集,1085,.png,1085-809-012-12.png,莱特EP丨Fearless,wallpapers|1085|809|12|https://act-upload.mihoyo.com/nap-obc-indep/2025/01/03/73751405/c572e77170509810bea9283290bc7332_6378896176646085874.png,809,官方壁纸合集\EP短片壁纸合集\莱特EP丨Fearless,官方壁纸合集\EP短片壁纸合集\莱特EP丨Fearless\1085-809-012-12.png,unchanged,wallpapers,12,https://act-upload.mihoyo.com/nap-obc-indep/2025/01/03/73751405/c572e77170509810bea9283290bc7332_6378896176646085874.png
1085-811-001-1,EP短片壁纸合集,1085,.png,1085-811-001-1.png,凯撒EP&PV,wallpapers|1085|811|1|https://act-upload.mihoyo.com/nap-obc-indep/2025/01/03/73751405/060a7618204693319bc831c26a091008_4107533906168976648.png,811,官方壁纸合集\EP短片壁纸合集\凯撒EP&PV,官方壁纸合集\EP短片壁纸合集\凯撒EP&PV\1085-811-001-1.png,unchanged,wallpapers,1,https://act-upload.mihoyo.com/nap-obc-indep/2025/01/03/73751405/060a7618204693319bc831c26a091008_4107533906168976648.png
1085-811-002-2,EP短片壁纸合集,1085,.png,1085-811-002-2.png,凯撒EP&PV,wallpapers|1085|811|2|https://act-upload.mihoyo.com/nap-obc-indep/2025/01/03/73751405/ee48282d8181c5b2952a8238bd4fb139_8021537471369432345.png,811,官方壁纸合集\EP短片壁纸合集\凯撒EP&PV,官方壁纸合集\EP短片壁纸合集\凯撒EP&PV\1085-811-002-2.png,unchanged,wallpapers,2,https://act-upload.mihoyo.com/nap-obc-indep/2025/01/03/73751405/ee48282d8181c5b2952a8238bd4fb139_8021537471369432345.png
1085-811-003-3,EP短片壁纸合集,1085,.png,1085-811-003-3.png,凯撒EP&PV,wallpapers|1085|811|3|https://act-upload.mihoyo.com/nap-obc-indep/2025/01/03/73751405/94c4c99855c68fe17b25b1c040809d92_643536601699349443.png,811,官方壁纸合集\EP短片壁纸合集\凯撒EP&PV,官方壁纸合集\EP短片壁纸合集\凯撒EP&PV\1085-811-003-3.png,unchanged,wallpapers,3,https://act-upload.mihoyo.com/nap-obc-indep/2025/01/03/73751405/94c4c99855c68fe17b25b1c040809d92_643536601699349443.png
1085-811-004-4,EP短片壁纸合集,1085,.png,1085-811-004-4.png,凯撒EP&PV,wallpapers|1085|811|4|https://act-upload.mihoyo.com/nap-obc-indep/2025/01/03/73751405/65eca728ee731f48ffe72128c1a40614_6359565063738800611.png,811,官方壁纸合集\EP短片壁纸合集\凯撒EP&PV,官方壁纸合集\EP短片壁纸合集\凯撒EP&PV\1085-811-004-4.png,unchanged,wallpapers,4,https://act-upload.mihoyo.com/nap-obc-indep/2025/01/03/73751405/65eca728ee731f48ffe72128c1a40614_6359565063738800611.png
1085-811-005-5,EP短片壁纸合集,1085,.png,1085-811-005-5.png,凯撒EP&PV,wallpapers|1085|811|5|https://act-upload.mihoyo.com/nap-obc-indep/2025/01/03/73751405/68e2f8ff1431efe5122b32239723c4db_2571006853411584520.png,811,官方壁纸合集\EP短片壁纸合集\凯撒EP&PV,官方壁纸合集\EP短片壁纸合集\凯撒EP&PV\1085-811-005-5.png,unchanged,wallpapers,5,https://act-upload.mihoyo.com/nap-obc-indep/2025/01/03/73751405/68e2f8ff1431efe5122b32239723c4db_2571006853411584520.png
1085-811-006-6,EP短片壁纸合集,1085,.png,1085-811-006-6.png,凯撒EP&PV,wallpapers|1085|811|6|https://act-upload.mihoyo.com/nap-obc-indep/2025/01/03/73751405/ad8fc1a65e21ebcfec9d53c2c22a2b75_7430568606632292963.png,811,官方壁纸合集\EP短片壁纸合集\凯撒EP&PV,官方壁纸合集\EP短片壁纸合集\凯撒EP&PV\1085-811-006-6.png,unchanged,wallpapers,6,https://act-upload.mihoyo.com/nap-obc-indep/2025/01/03/73751405/ad8fc1a65e21ebcfec9d53c2c22a2b75_7430568606632292963.png
1085-811-007-7,EP短片壁纸合集,1085,.png,1085-811-007-7.png,凯撒EP&PV,wallpapers|1085|811|7|https://act-upload.mihoyo.com/nap-obc-indep/2025/01/03/73751405/77666235be6cdb807881fadf0b783952_5814196481532856610.png,811,官方壁纸合集\EP短片壁纸合集\凯撒EP&PV,官方壁纸合集\EP短片壁纸合集\凯撒EP&PV\1085-811-007-7.png,unchanged,wallpapers,7,https://act-upload.mihoyo.com/nap-obc-indep/2025/01/03/73751405/77666235be6cdb807881fadf0b783952_5814196481532856610.png
1085-811-008-8,EP短片壁纸合集,1085,.png,1085-811-008-8.png,凯撒EP&PV,wallpapers|1085|811|8|https://act-upload.mihoyo.com/nap-obc-indep/2025/01/03/73751405/60349173d09f2766b04a965a4c265be5_8522061414094279972.png,811,官方壁纸合集\EP短片壁纸合集\凯撒EP&PV,官方壁纸合集\EP短片壁纸合集\凯撒EP&PV\1085-811-008-8.png,unchanged,wallpapers,8,https://act-upload.mihoyo.com/nap-obc-indep/2025/01/03/73751405/60349173d09f2766b04a965a4c265be5_8522061414094279972.png
1085-811-009-9,EP短片壁纸合集,1085,.png,1085-811-009-9.png,凯撒EP&PV,wallpapers|1085|811|9|https://act-upload.mihoyo.com/nap-obc-indep/2025/01/03/73751405/5373a86a81bb033095cf9531da71a911_5241198628004182226.png,811,官方壁纸合集\EP短片壁纸合集\凯撒EP&PV,官方壁纸合集\EP短片壁纸合集\凯撒EP&PV\1085-811-009-9.png,unchanged,wallpapers,9,https://act-upload.mihoyo.com/nap-obc-indep/2025/01/03/73751405/5373a86a81bb033095cf9531da71a911_5241198628004182226.png
1085-811-010-10,EP短片壁纸合集,1085,.png,1085-811-010-10.png,凯撒EP&PV,wallpapers|1085|811|10|https://act-upload.mihoyo.com/nap-obc-indep/2025/01/03/73751405/93f6966f4d7b7536c9f4b6bb23b26747_692466365262375656.png,811,官方壁纸合集\EP短片壁纸合集\凯撒EP&PV,官方壁纸合集\EP短片壁纸合集\凯撒EP&PV\1085-811-010-10.png,unchanged,wallpapers,10,https://act-upload.mihoyo.com/nap-obc-indep/2025/01/03/73751405/93f6966f4d7b7536c9f4b6bb23b26747_692466365262375656.png
1085-811-011-11,EP短片壁纸合集,1085,.png,1085-811-011-11.png,凯撒EP&PV,wallpapers|1085|811|11|https://act-upload.mihoyo.com/nap-obc-indep/2025/01/03/73751405/318f7ade59365d70f4d09b28f5399ec6_85438321184703889.png,811,官方壁纸合集\EP短片壁纸合集\凯撒EP&PV,官方壁纸合集\EP短片壁纸合集\凯撒EP&PV\1085-811-011-11.png,unchanged,wallpapers,11,https://act-upload.mihoyo.com/nap-obc-indep/2025/01/03/73751405/318f7ade59365d70f4d09b28f5399ec6_85438321184703889.png
1085-811-012-12,EP短片壁纸合集,1085,.png,1085-811-012-12.png,凯撒EP&PV,wallpapers|1085|811|12|https://act-upload.mihoyo.com/nap-obc-indep/2025/01/03/73751405/bb208561af9797cb4db1e5f7bf342eab_8649435012290621243.png,811,官方壁纸合集\EP短片壁纸合集\凯撒EP&PV,官方壁纸合集\EP短片壁纸合集\凯撒EP&PV\1085-811-012-12.png,unchanged,wallpapers,12,https://act-upload.mihoyo.com/nap-obc-indep/2025/01/03/73751405/bb208561af9797cb4db1e5f7bf342eab_8649435012290621243.png
1085-811-013-13,EP短片壁纸合集,1085,.png,1085-811-013-13.png,凯撒EP&PV,wallpapers|1085|811|13|https://act-upload.mihoyo.com/nap-obc-indep/2025/01/03/73751405/f167f9093895c0e9306f9967828badcc_6007770488570620830.png,811,官方壁纸合集\EP短片壁纸合集\凯撒EP&PV,官方壁纸合集\EP短片壁纸合集\凯撒EP&PV\1085-811-013-13.png,unchanged,wallpapers,13,https://act-upload.mihoyo.com/nap-obc-indep/2025/01/03/73751405/f167f9093895c0e9306f9967828badcc_6007770488570620830.png
1085-813-001-1,EP短片壁纸合集,1085,.png,1085-813-001-1.png,青衣MV丨红透晚烟青,wallpapers|1085|813|1|https://act-upload.mihoyo.com/nap-obc-indep/2025/01/03/73751405/5a6fb019acede5a40cc59437a366aada_8345300315776893817.png,813,官方壁纸合集\EP短片壁纸合集\青衣MV丨红透晚烟青,官方壁纸合集\EP短片壁纸合集\青衣MV丨红透晚烟青\1085-813-001-1.png,unchanged,wallpapers,1,https://act-upload.mihoyo.com/nap-obc-indep/2025/01/03/73751405/5a6fb019acede5a40cc59437a366aada_8345300315776893817.png
1085-813-002-2,EP短片壁纸合集,1085,.png,1085-813-002-2.png,青衣MV丨红透晚烟青,wallpapers|1085|813|2|https://act-upload.mihoyo.com/nap-obc-indep/2025/01/03/73751405/98a262dbac0e9db10bd3c06a98ec4692_3043288098674192421.png,813,官方壁纸合集\EP短片壁纸合集\青衣MV丨红透晚烟青,官方壁纸合集\EP短片壁纸合集\青衣MV丨红透晚烟青\1085-813-002-2.png,unchanged,wallpapers,2,https://act-upload.mihoyo.com/nap-obc-indep/2025/01/03/73751405/98a262dbac0e9db10bd3c06a98ec4692_3043288098674192421.png
1085-813-003-3,EP短片壁纸合集,1085,.png,1085-813-003-3.png,青衣MV丨红透晚烟青,wallpapers|1085|813|3|https://act-upload.mihoyo.com/nap-obc-indep/2025/01/03/73751405/f81c58c679dbac4503573fd4e910ffb0_8822243063033080021.png,813,官方壁纸合集\EP短片壁纸合集\青衣MV丨红透晚烟青,官方壁纸合集\EP短片壁纸合集\青衣MV丨红透晚烟青\1085-813-003-3.png,unchanged,wallpapers,3,https://act-upload.mihoyo.com/nap-obc-indep/2025/01/03/73751405/f81c58c679dbac4503573fd4e910ffb0_8822243063033080021.png
1085-813-004-4,EP短片壁纸合集,1085,.png,1085-813-004-4.png,青衣MV丨红透晚烟青,wallpapers|1085|813|4|https://act-upload.mihoyo.com/nap-obc-indep/2025/01/03/73751405/83f8a326029e81f0a45e33c1cf1dc47d_1907319303789865925.png,813,官方壁纸合集\EP短片壁纸合集\青衣MV丨红透晚烟青,官方壁纸合集\EP短片壁纸合集\青衣MV丨红透晚烟青\1085-813-004-4.png,unchanged,wallpapers,4,https://act-upload.mihoyo.com/nap-obc-indep/2025/01/03/73751405/83f8a326029e81f0a45e33c1cf1dc47d_1907319303789865925.png
1085-813-005-5,EP短片壁纸合集,1085,.png,1085-813-005-5.png,青衣MV丨红透晚烟青,wallpapers|1085|813|5|https://act-upload.mihoyo.com/nap-obc-indep/2025/01/03/73751405/559e45f78f347dc8aa83ff3128f1f7fd_706491508277537321.png,813,官方壁纸合集\EP短片壁纸合集\青衣MV丨红透晚烟青,官方壁纸合集\EP短片壁纸合集\青衣MV丨红透晚烟青\1085-813-005-5.png,unchanged,wallpapers,5,https://act-upload.mihoyo.com/nap-obc-indep/2025/01/03/73751405/559e45f78f347dc8aa83ff3128f1f7fd_706491508277537321.png
1085-813-006-6,EP短片壁纸合集,1085,.png,1085-813-006-6.png,青衣MV丨红透晚烟青,wallpapers|1085|813|6|https://act-upload.mihoyo.com/nap-obc-indep/2025/01/03/73751405/5b1e24e935cdca5a4bfcb94001755801_1623549924865937839.png,813,官方壁纸合集\EP短片壁纸合集\青衣MV丨红透晚烟青,官方壁纸合集\EP短片壁纸合集\青衣MV丨红透晚烟青\1085-813-006-6.png,unchanged,wallpapers,6,https://act-upload.mihoyo.com/nap-obc-indep/2025/01/03/73751405/5b1e24e935cdca5a4bfcb94001755801_1623549924865937839.png
1085-813-007-7,EP短片壁纸合集,1085,.jpg,1085-813-007-7.jpg,青衣MV丨红透晚烟青,wallpapers|1085|813|7|https://act-upload.mihoyo.com/nap-obc-indep/2025/01/03/73751405/5eb5b1a07ff0588e8b8d678df4f95f95_8958329253509657555.jpg,813,官方壁纸合集\EP短片壁纸合集\青衣MV丨红透晚烟青,官方壁纸合集\EP短片壁纸合集\青衣MV丨红透晚烟青\1085-813-007-7.jpg,unchanged,wallpapers,7,https://act-upload.mihoyo.com/nap-obc-indep/2025/01/03/73751405/5eb5b1a07ff0588e8b8d678df4f95f95_8958329253509657555.jpg
1085-813-008-8,EP短片壁纸合集,1085,.jpg,1085-813-008-8.jpg,青衣MV丨红透晚烟青,wallpapers|1085|813|8|https://act-upload.mihoyo.com/nap-obc-indep/2025/01/03/73751405/4d2cf2a3d14f942d8d990a62d8387370_8297453295616837584.jpg,813,官方壁纸合集\EP短片壁纸合集\青衣MV丨红透晚烟青,官方壁纸合集\EP短片壁纸合集\青衣MV丨红透晚烟青\1085-813-008-8.jpg,unchanged,wallpapers,8,https://act-upload.mihoyo.com/nap-obc-indep/2025/01/03/73751405/4d2cf2a3d14f942d8d990a62d8387370_8297453295616837584.jpg
1085-813-009-9,EP短片壁纸合集,1085,.jpg,1085-813-009-9.jpg,青衣MV丨红透晚烟青,wallpapers|1085|813|9|https://act-upload.mihoyo.com/nap-obc-indep/2025/01/03/73751405/1ce2e3f4c27c262e12f62ddf1c2fd263_8714175763532408766.jpg,813,官方壁纸合集\EP短片壁纸合集\青衣MV丨红透晚烟青,官方壁纸合集\EP短片壁纸合集\青衣MV丨红透晚烟青\1085-813-009-9.jpg,unchanged,wallpapers,9,https://act-upload.mihoyo.com/nap-obc-indep/2025/01/03/73751405/1ce2e3f4c27c262e12f62ddf1c2fd263_8714175763532408766.jpg
1(2360x1080),EP短片壁纸合集,1085,.png,1(2360x1080).png,雨果EP壁纸,wallpapers|1085|1095|1(2360x1080)|https://act-upload.mihoyo.com/nap-obc-indep/2025/06/05/73751405/34771ac2c7e0cf3649d6d3b0734b49f3_998435142805285186.png,1095,官方壁纸合集\EP短片壁纸合集\雨果EP壁纸,官方壁纸合集\EP短片壁纸合集\雨果EP壁纸\1(2360x1080).png,unchanged,wallpapers,1(2360x1080),https://act-upload.mihoyo.com/nap-obc-indep/2025/06/05/73751405/34771ac2c7e0cf3649d6d3b0734b49f3_998435142805285186.png
1(3840x2160),EP短片壁纸合集,1085,.png,1(3840x2160).png,雨果EP壁纸,wallpapers|1085|1095|1(3840x2160)|https://act-upload.mihoyo.com/nap-obc-indep/2025/06/05/73751405/551f4972a416dfe7d04acee2d0a407f1_3212247114040889477.png,1095,官方壁纸合集\EP短片壁纸合集\雨果EP壁纸,官方壁纸合集\EP短片壁纸合集\雨果EP壁纸\1(3840x2160).png,unchanged,wallpapers,1(3840x2160),https://act-upload.mihoyo.com/nap-obc-indep/2025/06/05/73751405/551f4972a416dfe7d04acee2d0a407f1_3212247114040889477.png
2(2360x1080),EP短片壁纸合集,1085,.png,2(2360x1080).png,雨果EP壁纸,wallpapers|1085|1095|2(2360x1080)|https://act-upload.mihoyo.com/nap-obc-indep/2025/06/05/73751405/a2af414c603885604a99a55b99c3cee6_8477174116652822243.png,1095,官方壁纸合集\EP短片壁纸合集\雨果EP壁纸,官方壁纸合集\EP短片壁纸合集\雨果EP壁纸\2(2360x1080).png,unchanged,wallpapers,2(2360x1080),https://act-upload.mihoyo.com/nap-obc-indep/2025/06/05/73751405/a2af414c603885604a99a55b99c3cee6_8477174116652822243.png
2(3840x2160),EP短片壁纸合集,1085,.png,2(3840x2160).png,雨果EP壁纸,wallpapers|1085|1095|2(3840x2160)|https://act-upload.mihoyo.com/nap-obc-indep/2025/06/05/73751405/cf2be249224004100cebbf5c5ed0a7de_6129634581619817027.png,1095,官方壁纸合集\EP短片壁纸合集\雨果EP壁纸,官方壁纸合集\EP短片壁纸合集\雨果EP壁纸\2(3840x2160).png,unchanged,wallpapers,2(3840x2160),https://act-upload.mihoyo.com/nap-obc-indep/2025/06/05/73751405/cf2be249224004100cebbf5c5ed0a7de_6129634581619817027.png
3(2360x1080),EP短片壁纸合集,1085,.png,3(2360x1080).png,雨果EP壁纸,wallpapers|1085|1095|3(2360x1080)|https://act-upload.mihoyo.com/nap-obc-indep/2025/06/05/73751405/6de8af88f5298b59a41ae77227c5e14e_5794550002100586647.png,1095,官方壁纸合集\EP短片壁纸合集\雨果EP壁纸,官方壁纸合集\EP短片壁纸合集\雨果EP壁纸\3(2360x1080).png,unchanged,wallpapers,3(2360x1080),https://act-upload.mihoyo.com/nap-obc-indep/2025/06/05/73751405/6de8af88f5298b59a41ae77227c5e14e_5794550002100586647.png
3(3840x2160),EP短片壁纸合集,1085,.png,3(3840x2160).png,雨果EP壁纸,wallpapers|1085|1095|3(3840x2160)|https://act-upload.mihoyo.com/nap-obc-indep/2025/06/05/73751405/b6a58e145e2358d3b1a22f8d9af60704_4452009362625733811.png,1095,官方壁纸合集\EP短片壁纸合集\雨果EP壁纸,官方壁纸合集\EP短片壁纸合集\雨果EP壁纸\3(3840x2160).png,unchanged,wallpapers,3(3840x2160),https://act-upload.mihoyo.com/nap-obc-indep/2025/06/05/73751405/b6a58e145e2358d3b1a22f8d9af60704_4452009362625733811.png
4(2360x1080),EP短片壁纸合集,1085,.png,4(2360x1080).png,雨果EP壁纸,wallpapers|1085|1095|4(2360x1080)|https://act-upload.mihoyo.com/nap-obc-indep/2025/06/05/73751405/2a70c85d621c6eb57fdf745de7f47c51_5921060661792400362.png,1095,官方壁纸合集\EP短片壁纸合集\雨果EP壁纸,官方壁纸合集\EP短片壁纸合集\雨果EP壁纸\4(2360x1080).png,unchanged,wallpapers,4(2360x1080),https://act-upload.mihoyo.com/nap-obc-indep/2025/06/05/73751405/2a70c85d621c6eb57fdf745de7f47c51_5921060661792400362.png
4(3840x2160),EP短片壁纸合集,1085,.png,4(3840x2160).png,雨果EP壁纸,wallpapers|1085|1095|4(3840x2160)|https://act-upload.mihoyo.com/nap-obc-indep/2025/06/05/73751405/44d28bcb5ec41df9e98c2828b547a34a_5821968340039179581.png,1095,官方壁纸合集\EP短片壁纸合集\雨果EP壁纸,官方壁纸合集\EP短片壁纸合集\雨果EP壁纸\4(3840x2160).png,unchanged,wallpapers,4(3840x2160),https://act-upload.mihoyo.com/nap-obc-indep/2025/06/05/73751405/44d28bcb5ec41df9e98c2828b547a34a_5821968340039179581.png
5(2360x1080),EP短片壁纸合集,1085,.png,5(2360x1080).png,雨果EP壁纸,wallpapers|1085|1095|5(2360x1080)|https://act-upload.mihoyo.com/nap-obc-indep/2025/06/05/73751405/e4ca599788356bdf9e5eb962b11202b4_3983419454610969323.png,1095,官方壁纸合集\EP短片壁纸合集\雨果EP壁纸,官方壁纸合集\EP短片壁纸合集\雨果EP壁纸\5(2360x1080).png,unchanged,wallpapers,5(2360x1080),https://act-upload.mihoyo.com/nap-obc-indep/2025/06/05/73751405/e4ca599788356bdf9e5eb962b11202b4_3983419454610969323.png
5(3840x2160),EP短片壁纸合集,1085,.png,5(3840x2160).png,雨果EP壁纸,wallpapers|1085|1095|5(3840x2160)|https://act-upload.mihoyo.com/nap-obc-indep/2025/06/05/73751405/b50168108661be4f46cce25560bcc1f2_4492781455405067512.png,1095,官方壁纸合集\EP短片壁纸合集\雨果EP壁纸,官方壁纸合集\EP短片壁纸合集\雨果EP壁纸\5(3840x2160).png,unchanged,wallpapers,5(3840x2160),https://act-upload.mihoyo.com/nap-obc-indep/2025/06/05/73751405/b50168108661be4f46cce25560bcc1f2_4492781455405067512.png
6(2360x1080),EP短片壁纸合集,1085,.png,6(2360x1080).png,雨果EP壁纸,wallpapers|1085|1095|6(2360x1080)|https://act-upload.mihoyo.com/nap-obc-indep/2025/06/05/73751405/5382b8b8b22f2fd96559648715e72194_3564863529234234767.png,1095,官方壁纸合集\EP短片壁纸合集\雨果EP壁纸,官方壁纸合集\EP短片壁纸合集\雨果EP壁纸\6(2360x1080).png,unchanged,wallpapers,6(2360x1080),https://act-upload.mihoyo.com/nap-obc-indep/2025/06/05/73751405/5382b8b8b22f2fd96559648715e72194_3564863529234234767.png
6(3840x2160),EP短片壁纸合集,1085,.png,6(3840x2160).png,雨果EP壁纸,wallpapers|1085|1095|6(3840x2160)|https://act-upload.mihoyo.com/nap-obc-indep/2025/06/05/73751405/f844eaba6cd5a378c3c30b4b1e4e7cd7_7589145566385361726.png,1095,官方壁纸合集\EP短片壁纸合集\雨果EP壁纸,官方壁纸合集\EP短片壁纸合集\雨果EP壁纸\6(3840x2160).png,unchanged,wallpapers,6(3840x2160),https://act-upload.mihoyo.com/nap-obc-indep/2025/06/05/73751405/f844eaba6cd5a378c3c30b4b1e4e7cd7_7589145566385361726.png
7(2360x1080),EP短片壁纸合集,1085,.png,7(2360x1080).png,雨果EP壁纸,wallpapers|1085|1095|7(2360x1080)|https://act-upload.mihoyo.com/nap-obc-indep/2025/06/05/73751405/7f261b080e12ecdde8c1c6aa99e41073_828667338056404228.png,1095,官方壁纸合集\EP短片壁纸合集\雨果EP壁纸,官方壁纸合集\EP短片壁纸合集\雨果EP壁纸\7(2360x1080).png,unchanged,wallpapers,7(2360x1080),https://act-upload.mihoyo.com/nap-obc-indep/2025/06/05/73751405/7f261b080e12ecdde8c1c6aa99e41073_828667338056404228.png
7(3840x2160),EP短片壁纸合集,1085,.png,7(3840x2160).png,雨果EP壁纸,wallpapers|1085|1095|7(3840x2160)|https://act-upload.mihoyo.com/nap-obc-indep/2025/06/05/73751405/d49a6e841dd745d9f569df741e52b73a_7865957532582578239.png,1095,官方壁纸合集\EP短片壁纸合集\雨果EP壁纸,官方壁纸合集\EP短片壁纸合集\雨果EP壁纸\7(3840x2160).png,unchanged,wallpapers,7(3840x2160),https://act-upload.mihoyo.com/nap-obc-indep/2025/06/05/73751405/d49a6e841dd745d9f569df741e52b73a_7865957532582578239.png
8(2360x1080),EP短片壁纸合集,1085,.png,8(2360x1080).png,雨果EP壁纸,wallpapers|1085|1095|8(2360x1080)|https://act-upload.mihoyo.com/nap-obc-indep/2025/06/05/73751405/c757ebd1a0767b9274207e75b1bbdee8_5831061323321321039.png,1095,官方壁纸合集\EP短片壁纸合集\雨果EP壁纸,官方壁纸合集\EP短片壁纸合集\雨果EP壁纸\8(2360x1080).png,unchanged,wallpapers,8(2360x1080),https://act-upload.mihoyo.com/nap-obc-indep/2025/06/05/73751405/c757ebd1a0767b9274207e75b1bbdee8_5831061323321321039.png
8(3840x2160),EP短片壁纸合集,1085,.png,8(3840x2160).png,雨果EP壁纸,wallpapers|1085|1095|8(3840x2160)|https://act-upload.mihoyo.com/nap-obc-indep/2025/06/05/73751405/4869695a0b4a6dbf75a6f7a1e3e5612e_2041075422930003209.png,1095,官方壁纸合集\EP短片壁纸合集\雨果EP壁纸,官方壁纸合集\EP短片壁纸合集\雨果EP壁纸\8(3840x2160).png,unchanged,wallpapers,8(3840x2160),https://act-upload.mihoyo.com/nap-obc-indep/2025/06/05/73751405/4869695a0b4a6dbf75a6f7a1e3e5612e_2041075422930003209.png
9(2360x1080),EP短片壁纸合集,1085,.png,9(2360x1080).png,雨果EP壁纸,wallpapers|1085|1095|9(2360x1080)|https://act-upload.mihoyo.com/nap-obc-indep/2025/06/05/73751405/3125141bc1832fe96cde420cf2bccd6f_6737312063644864939.png,1095,官方壁纸合集\EP短片壁纸合集\雨果EP壁纸,官方壁纸合集\EP短片壁纸合集\雨果EP壁纸\9(2360x1080).png,unchanged,wallpapers,9(2360x1080),https://act-upload.mihoyo.com/nap-obc-indep/2025/06/05/73751405/3125141bc1832fe96cde420cf2bccd6f_6737312063644864939.png
9(3840x2160),EP短片壁纸合集,1085,.png,9(3840x2160).png,雨果EP壁纸,wallpapers|1085|1095|9(3840x2160)|https://act-upload.mihoyo.com/nap-obc-indep/2025/06/05/73751405/f364a54793d0e4181d89a8c440ed7003_3328170918357325830.png,1095,官方壁纸合集\EP短片壁纸合集\雨果EP壁纸,官方壁纸合集\EP短片壁纸合集\雨果EP壁纸\9(3840x2160).png,unchanged,wallpapers,9(3840x2160),https://act-upload.mihoyo.com/nap-obc-indep/2025/06/05/73751405/f364a54793d0e4181d89a8c440ed7003_3328170918357325830.png
老朋友，新委托！,影像档案壁纸合集,1084,.jpg,老朋友，新委托！.jpg,影像档案,wallpapers|1084|814|老朋友，新委托！|https://act-upload.mihoyo.com/nap-obc-indep/2026/04/20/73751405/e39c51c0a110e11db8db4fc51697f4ec_4772911379721097124.jpg,814,官方壁纸合集\影像档案壁纸合集\影像档案,官方壁纸合集\影像档案壁纸合集\影像档案\老朋友，新委托！.jpg,unchanged,wallpapers,老朋友，新委托！,https://act-upload.mihoyo.com/nap-obc-indep/2026/04/20/73751405/e39c51c0a110e11db8db4fc51697f4ec_4772911379721097124.jpg
出击！差评大作战,影像档案壁纸合集,1084,.jpg,出击！差评大作战.jpg,影像档案,wallpapers|1084|814|出击！差评大作战|https://act-upload.mihoyo.com/nap-obc-indep/2026/04/20/73751405/ba1c2167f751ee39ea4dfdd1c5d95e8e_6371595169862632025.jpg,814,官方壁纸合集\影像档案壁纸合集\影像档案,官方壁纸合集\影像档案壁纸合集\影像档案\出击！差评大作战.jpg,unchanged,wallpapers,出击！差评大作战,https://act-upload.mihoyo.com/nap-obc-indep/2026/04/20/73751405/ba1c2167f751ee39ea4dfdd1c5d95e8e_6371595169862632025.jpg
灾潮特遣分队,影像档案壁纸合集,1084,.jpg,灾潮特遣分队.jpg,影像档案,wallpapers|1084|814|灾潮特遣分队|https://act-upload.mihoyo.com/nap-obc-indep/2026/04/20/73751405/76986ca995abf499238fbd485a01eab0_6034032803218883820.jpg,814,官方壁纸合集\影像档案壁纸合集\影像档案,官方壁纸合集\影像档案壁纸合集\影像档案\灾潮特遣分队.jpg,unchanged,wallpapers,灾潮特遣分队,https://act-upload.mihoyo.com/nap-obc-indep/2026/04/20/73751405/76986ca995abf499238fbd485a01eab0_6034032803218883820.jpg
滚烫寻鲜记,影像档案壁纸合集,1084,.jpg,滚烫寻鲜记.jpg,影像档案,wallpapers|1084|814|滚烫寻鲜记|https://act-upload.mihoyo.com/nap-obc-indep/2026/04/20/73751405/5c3512472ef806a3e8ef214ac8d5eeed_7674089889800860841.jpg,814,官方壁纸合集\影像档案壁纸合集\影像档案,官方壁纸合集\影像档案壁纸合集\影像档案\滚烫寻鲜记.jpg,unchanged,wallpapers,滚烫寻鲜记,https://act-upload.mihoyo.com/nap-obc-indep/2026/04/20/73751405/5c3512472ef806a3e8ef214ac8d5eeed_7674089889800860841.jpg
新·艾利都日落时 上,影像档案壁纸合集,1084,.jpg,新·艾利都日落时 上.jpg,影像档案,wallpapers|1084|814|新·艾利都日落时 上|https://act-upload.mihoyo.com/nap-obc-indep/2026/04/20/73751405/df26a6140e397e315b7b34cfd0c047e4_870085849656259616.jpg,814,官方壁纸合集\影像档案壁纸合集\影像档案,官方壁纸合集\影像档案壁纸合集\影像档案\新·艾利都日落时 上.jpg,unchanged,wallpapers,新·艾利都日落时 上,https://act-upload.mihoyo.com/nap-obc-indep/2026/04/20/73751405/df26a6140e397e315b7b34cfd0c047e4_870085849656259616.jpg
「福」至沓来,影像档案壁纸合集,1084,.jpg,「福」至沓来.jpg,影像档案,wallpapers|1084|814|「福」至沓来|https://act-upload.mihoyo.com/nap-obc-indep/2026/03/13/73751405/13865fa31fb4360643f46701d3a5fe21_6742219213541180533.jpg,814,官方壁纸合集\影像档案壁纸合集\影像档案,官方壁纸合集\影像档案壁纸合集\影像档案\「福」至沓来.jpg,unchanged,wallpapers,「福」至沓来,https://act-upload.mihoyo.com/nap-obc-indep/2026/03/13/73751405/13865fa31fb4360643f46701d3a5fe21_6742219213541180533.jpg
临界推演：千面终局,影像档案壁纸合集,1084,.jpg,临界推演：千面终局.jpg,影像档案,wallpapers|1084|814|临界推演：千面终局|https://act-upload.mihoyo.com/nap-obc-indep/2026/03/13/73751405/c16c1938a169414858562a89d35b0024_946519114352607969.jpg,814,官方壁纸合集\影像档案壁纸合集\影像档案,官方壁纸合集\影像档案壁纸合集\影像档案\临界推演：千面终局.jpg,unchanged,wallpapers,临界推演：千面终局,https://act-upload.mihoyo.com/nap-obc-indep/2026/03/13/73751405/c16c1938a169414858562a89d35b0024_946519114352607969.jpg
引力映叙时光,影像档案壁纸合集,1084,.jpg,引力映叙时光.jpg,影像档案,wallpapers|1084|814|引力映叙时光|https://act-upload.mihoyo.com/nap-obc-indep/2026/03/13/73751405/35ca55eab84c968abad1e082abf7c22d_7242853262150145042.jpg,814,官方壁纸合集\影像档案壁纸合集\影像档案,官方壁纸合集\影像档案壁纸合集\影像档案\引力映叙时光.jpg,unchanged,wallpapers,引力映叙时光,https://act-upload.mihoyo.com/nap-obc-indep/2026/03/13/73751405/35ca55eab84c968abad1e082abf7c22d_7242853262150145042.jpg
妄想协鸣于此刻,影像档案壁纸合集,1084,.jpg,妄想协鸣于此刻.jpg,影像档案,wallpapers|1084|814|妄想协鸣于此刻|https://act-upload.mihoyo.com/nap-obc-indep/2026/03/13/73751405/ab0d422ac9057b69239bdc0eecbfcee9_78748982159431249.jpg,814,官方壁纸合集\影像档案壁纸合集\影像档案,官方壁纸合集\影像档案壁纸合集\影像档案\妄想协鸣于此刻.jpg,unchanged,wallpapers,妄想协鸣于此刻,https://act-upload.mihoyo.com/nap-obc-indep/2026/03/13/73751405/ab0d422ac9057b69239bdc0eecbfcee9_78748982159431249.jpg
「妄想」特典,影像档案壁纸合集,1084,.jpg,「妄想」特典.jpg,影像档案,wallpapers|1084|814|「妄想」特典|https://act-upload.mihoyo.com/nap-obc-indep/2026/03/13/73751405/857daa1d7393a32304efa2a77de0a68d_3740859871904248549.jpg,814,官方壁纸合集\影像档案壁纸合集\影像档案,官方壁纸合集\影像档案壁纸合集\影像档案\「妄想」特典.jpg,unchanged,wallpapers,「妄想」特典,https://act-upload.mihoyo.com/nap-obc-indep/2026/03/13/73751405/857daa1d7393a32304efa2a77de0a68d_3740859871904248549.jpg
旧梦的安可曲,影像档案壁纸合集,1084,.jpg,旧梦的安可曲.jpg,影像档案,wallpapers|1084|814|旧梦的安可曲|https://act-upload.mihoyo.com/nap-obc-indep/2026/03/13/73751405/01cab1c8210e25c5c01b807fedf02e9e_177995639296893782.jpg,814,官方壁纸合集\影像档案壁纸合集\影像档案,官方壁纸合集\影像档案壁纸合集\影像档案\旧梦的安可曲.jpg,unchanged,wallpapers,旧梦的安可曲,https://act-upload.mihoyo.com/nap-obc-indep/2026/03/13/73751405/01cab1c8210e25c5c01b807fedf02e9e_177995639296893782.jpg
虚狩加冕之时,影像档案壁纸合集,1084,.jpg,虚狩加冕之时.jpg,影像档案,wallpapers|1084|814|虚狩加冕之时|https://act-upload.mihoyo.com/nap-obc-indep/2026/01/09/73751405/bbcf75db914068678a3493cdd9456dc7_6759817806512391520.jpg,814,官方壁纸合集\影像档案壁纸合集\影像档案,官方壁纸合集\影像档案壁纸合集\影像档案\虚狩加冕之时.jpg,unchanged,wallpapers,虚狩加冕之时,https://act-upload.mihoyo.com/nap-obc-indep/2026/01/09/73751405/bbcf75db914068678a3493cdd9456dc7_6759817806512391520.jpg
连携调查：神之迷宫,影像档案壁纸合集,1084,.jpg,连携调查：神之迷宫.jpg,影像档案,wallpapers|1084|814|连携调查：神之迷宫|https://act-upload.mihoyo.com/nap-obc-indep/2026/01/09/73751405/a0cb918e9a03721670819c95167e560e_5342124555151423938.jpg,814,官方壁纸合集\影像档案壁纸合集\影像档案,官方壁纸合集\影像档案壁纸合集\影像档案\连携调查：神之迷宫.jpg,unchanged,wallpapers,连携调查：神之迷宫,https://act-upload.mihoyo.com/nap-obc-indep/2026/01/09/73751405/a0cb918e9a03721670819c95167e560e_5342124555151423938.jpg
集结委托回归丽都2.5,影像档案壁纸合集,1084,.jpg,集结委托回归丽都2.5.jpg,影像档案,wallpapers|1084|814|集结委托回归丽都2.5|https://act-upload.mihoyo.com/nap-obc-indep/2026/01/09/73751405/55edb54ae11efe239d2a8680640b8dbe_1962021005964036689.jpg,814,官方壁纸合集\影像档案壁纸合集\影像档案,官方壁纸合集\影像档案壁纸合集\影像档案\集结委托回归丽都2.5.jpg,unchanged,wallpapers,集结委托回归丽都2.5,https://act-upload.mihoyo.com/nap-obc-indep/2026/01/09/73751405/55edb54ae11efe239d2a8680640b8dbe_1962021005964036689.jpg
心愿代投站,影像档案壁纸合集,1084,.jpg,心愿代投站.jpg,影像档案,wallpapers|1084|814|心愿代投站|https://act-upload.mihoyo.com/nap-obc-indep/2026/01/09/73751405/980eed21f308ce257e78091192924a7d_3323037831940067672.jpg,814,官方壁纸合集\影像档案壁纸合集\影像档案,官方壁纸合集\影像档案壁纸合集\影像档案\心愿代投站.jpg,unchanged,wallpapers,心愿代投站,https://act-upload.mihoyo.com/nap-obc-indep/2026/01/09/73751405/980eed21f308ce257e78091192924a7d_3323037831940067672.jpg
天使与缪斯妄想,影像档案壁纸合集,1084,.jpg,天使与缪斯妄想.jpg,影像档案,wallpapers|1084|814|天使与缪斯妄想|https://act-upload.mihoyo.com/nap-obc-indep/2026/01/09/73751405/fe30552a42cd11f2f32426ff26ec0696_6035057954606401672.jpg,814,官方壁纸合集\影像档案壁纸合集\影像档案,官方壁纸合集\影像档案壁纸合集\影像档案\天使与缪斯妄想.jpg,unchanged,wallpapers,天使与缪斯妄想,https://act-upload.mihoyo.com/nap-obc-indep/2026/01/09/73751405/fe30552a42cd11f2f32426ff26ec0696_6035057954606401672.jpg
潜影暗流交锋,影像档案壁纸合集,1084,.jpg,潜影暗流交锋.jpg,影像档案,wallpapers|1084|814|潜影暗流交锋|https://act-upload.mihoyo.com/nap-obc-indep/2026/01/09/73751405/be89464527bafce2855e881a58043299_4819639598307129139.jpg,814,官方壁纸合集\影像档案壁纸合集\影像档案,官方壁纸合集\影像档案壁纸合集\影像档案\潜影暗流交锋.jpg,unchanged,wallpapers,潜影暗流交锋,https://act-upload.mihoyo.com/nap-obc-indep/2026/01/09/73751405/be89464527bafce2855e881a58043299_4819639598307129139.jpg
空明寻剑录,影像档案壁纸合集,1084,.jpg,空明寻剑录.jpg,影像档案,wallpapers|1084|814|空明寻剑录|https://act-upload.mihoyo.com/nap-obc-indep/2026/01/09/73751405/dd850652ffe752a537058ed5e23c6b8d_194361984816138873.jpg,814,官方壁纸合集\影像档案壁纸合集\影像档案,官方壁纸合集\影像档案壁纸合集\影像档案\空明寻剑录.jpg,unchanged,wallpapers,空明寻剑录,https://act-upload.mihoyo.com/nap-obc-indep/2026/01/09/73751405/dd850652ffe752a537058ed5e23c6b8d_194361984816138873.jpg
微光引灯时,影像档案壁纸合集,1084,.jpg,微光引灯时.jpg,影像档案,wallpapers|1084|814|微光引灯时|https://act-upload.mihoyo.com/nap-obc-indep/2026/01/09/73751405/3cc799102cd8f5662d6da0d40378c103_8644162858928082568.jpg,814,官方壁纸合集\影像档案壁纸合集\影像档案,官方壁纸合集\影像档案壁纸合集\影像档案\微光引灯时.jpg,unchanged,wallpapers,微光引灯时,https://act-upload.mihoyo.com/nap-obc-indep/2026/01/09/73751405/3cc799102cd8f5662d6da0d40378c103_8644162858928082568.jpg
流光札记,影像档案壁纸合集,1084,.jpg,流光札记.jpg,影像档案,wallpapers|1084|814|流光札记|https://act-upload.mihoyo.com/nap-obc-indep/2026/01/05/73751405/b129b95111881c7c68950399d7710577_7607241114979913653.jpg,814,官方壁纸合集\影像档案壁纸合集\影像档案,官方壁纸合集\影像档案壁纸合集\影像档案\流光札记.jpg,unchanged,wallpapers,流光札记,https://act-upload.mihoyo.com/nap-obc-indep/2026/01/05/73751405/b129b95111881c7c68950399d7710577_7607241114979913653.jpg
兔子小姐百分百,影像档案壁纸合集,1084,.jpg,兔子小姐百分百.jpg,影像档案,wallpapers|1084|814|兔子小姐百分百|https://act-upload.mihoyo.com/nap-obc-indep/2026/01/05/73751405/9aa02c3bba8dd26e4ef27e431c422497_2005928270316130883.jpg,814,官方壁纸合集\影像档案壁纸合集\影像档案,官方壁纸合集\影像档案壁纸合集\影像档案\兔子小姐百分百.jpg,unchanged,wallpapers,兔子小姐百分百,https://act-upload.mihoyo.com/nap-obc-indep/2026/01/05/73751405/9aa02c3bba8dd26e4ef27e431c422497_2005928270316130883.jpg
将临未抵的深渊2,影像档案壁纸合集,1084,.jpg,将临未抵的深渊2.jpg,影像档案,wallpapers|1084|814|将临未抵的深渊2|https://act-upload.mihoyo.com/nap-obc-indep/2026/01/05/73751405/81ebeacee834aff09e69055e678ed5a2_883908986439910290.jpg,814,官方壁纸合集\影像档案壁纸合集\影像档案,官方壁纸合集\影像档案壁纸合集\影像档案\将临未抵的深渊2.jpg,unchanged,wallpapers,将临未抵的深渊2,https://act-upload.mihoyo.com/nap-obc-indep/2026/01/05/73751405/81ebeacee834aff09e69055e678ed5a2_883908986439910290.jpg
将临未抵的深渊1,影像档案壁纸合集,1084,.png,将临未抵的深渊1.png,影像档案,wallpapers|1084|814|将临未抵的深渊1|https://act-upload.mihoyo.com/nap-obc-indep/2025/11/20/73751405/3e530c0ac1feed826a2a77302bbba36f_1411725532386137109.png,814,官方壁纸合集\影像档案壁纸合集\影像档案,官方壁纸合集\影像档案壁纸合集\影像档案\将临未抵的深渊1.png,unchanged,wallpapers,将临未抵的深渊1,https://act-upload.mihoyo.com/nap-obc-indep/2025/11/20/73751405/3e530c0ac1feed826a2a77302bbba36f_1411725532386137109.png
解忧轶事录,影像档案壁纸合集,1084,.jpg,解忧轶事录.jpg,影像档案,wallpapers|1084|814|解忧轶事录|https://act-upload.mihoyo.com/nap-obc-indep/2025/11/12/73751405/b0a96ffe746f96035306c535e616538c_2421156445982438221.jpg,814,官方壁纸合集\影像档案壁纸合集\影像档案,官方壁纸合集\影像档案壁纸合集\影像档案\解忧轶事录.jpg,unchanged,wallpapers,解忧轶事录,https://act-upload.mihoyo.com/nap-obc-indep/2025/11/12/73751405/b0a96ffe746f96035306c535e616538c_2421156445982438221.jpg
残梦未尽之时Ⅱ,影像档案壁纸合集,1084,.jpg,残梦未尽之时Ⅱ.jpg,影像档案,wallpapers|1084|814|残梦未尽之时Ⅱ|https://act-upload.mihoyo.com/nap-obc-indep/2025/11/12/73751405/2b9e17a7fbe2bc10cdd36ddbefb7bdaf_6282313519999292514.jpg,814,官方壁纸合集\影像档案壁纸合集\影像档案,官方壁纸合集\影像档案壁纸合集\影像档案\残梦未尽之时Ⅱ.jpg,unchanged,wallpapers,残梦未尽之时Ⅱ,https://act-upload.mihoyo.com/nap-obc-indep/2025/11/12/73751405/2b9e17a7fbe2bc10cdd36ddbefb7bdaf_6282313519999292514.jpg
残梦未尽之时Ⅰ,影像档案壁纸合集,1084,.jpg,残梦未尽之时Ⅰ.jpg,影像档案,wallpapers|1084|814|残梦未尽之时Ⅰ|https://act-upload.mihoyo.com/nap-obc-indep/2025/11/12/73751405/233c4d2defd510edf3cd71fa5af7c4a8_2707473942403418901.jpg,814,官方壁纸合集\影像档案壁纸合集\影像档案,官方壁纸合集\影像档案壁纸合集\影像档案\残梦未尽之时Ⅰ.jpg,unchanged,wallpapers,残梦未尽之时Ⅰ,https://act-upload.mihoyo.com/nap-obc-indep/2025/11/12/73751405/233c4d2defd510edf3cd71fa5af7c4a8_2707473942403418901.jpg
失梦者奇谭,影像档案壁纸合集,1084,.jpg,失梦者奇谭.jpg,影像档案,wallpapers|1084|814|失梦者奇谭|https://act-upload.mihoyo.com/nap-obc-indep/2025/11/12/73751405/9ffe1bd6f5f7a4296231d7a35066fa8e_7189852143185986773.jpg,814,官方壁纸合集\影像档案壁纸合集\影像档案,官方壁纸合集\影像档案壁纸合集\影像档案\失梦者奇谭.jpg,unchanged,wallpapers,失梦者奇谭,https://act-upload.mihoyo.com/nap-obc-indep/2025/11/12/73751405/9ffe1bd6f5f7a4296231d7a35066fa8e_7189852143185986773.jpg
可曾记得梦,影像档案壁纸合集,1084,.png,可曾记得梦.png,影像档案,wallpapers|1084|814|可曾记得梦|https://act-upload.mihoyo.com/nap-obc-indep/2025/10/15/73751405/6958490f86e9dce9c8a7e72f3f66d194_7377088118482215093.png,814,官方壁纸合集\影像档案壁纸合集\影像档案,官方壁纸合集\影像档案壁纸合集\影像档案\可曾记得梦.png,unchanged,wallpapers,可曾记得梦,https://act-upload.mihoyo.com/nap-obc-indep/2025/10/15/73751405/6958490f86e9dce9c8a7e72f3f66d194_7377088118482215093.png
不要温和地走入那良夜,影像档案壁纸合集,1084,.jpg,不要温和地走入那良夜.jpg,影像档案,wallpapers|1084|814|不要温和地走入那良夜|https://act-upload.mihoyo.com/nap-obc-indep/2025/09/28/73751405/e82d3168fde354c21776e127fb60f799_1931501264886487016.jpg,814,官方壁纸合集\影像档案壁纸合集\影像档案,官方壁纸合集\影像档案壁纸合集\影像档案\不要温和地走入那良夜.jpg,unchanged,wallpapers,不要温和地走入那良夜,https://act-upload.mihoyo.com/nap-obc-indep/2025/09/28/73751405/e82d3168fde354c21776e127fb60f799_1931501264886487016.jpg
奇花异旅,影像档案壁纸合集,1084,.png,奇花异旅.png,影像档案,wallpapers|1084|814|奇花异旅|https://act-upload.mihoyo.com/nap-obc-indep/2025/09/08/73751405/b10c1e289a6283a4e36c2a15c860a625_128235214657349152.png,814,官方壁纸合集\影像档案壁纸合集\影像档案,官方壁纸合集\影像档案壁纸合集\影像档案\奇花异旅.png,unchanged,wallpapers,奇花异旅,https://act-upload.mihoyo.com/nap-obc-indep/2025/09/08/73751405/b10c1e289a6283a4e36c2a15c860a625_128235214657349152.png
迟吟的浪涌,影像档案壁纸合集,1084,.jpg,迟吟的浪涌.jpg,影像档案,wallpapers|1084|814|迟吟的浪涌|https://act-upload.mihoyo.com/nap-obc-indep/2025/07/18/73751405/128dfa5c8b1b87c114220c71850895ec_8062900359712158275.jpg,814,官方壁纸合集\影像档案壁纸合集\影像档案,官方壁纸合集\影像档案壁纸合集\影像档案\迟吟的浪涌.jpg,unchanged,wallpapers,迟吟的浪涌,https://act-upload.mihoyo.com/nap-obc-indep/2025/07/18/73751405/128dfa5c8b1b87c114220c71850895ec_8062900359712158275.jpg
仲夏游梦绮谭,影像档案壁纸合集,1084,.jpg,仲夏游梦绮谭.jpg,影像档案,wallpapers|1084|814|仲夏游梦绮谭|https://act-upload.mihoyo.com/nap-obc-indep/2025/07/18/73751405/d4437ddbea692fd84804e612ea903e60_3431417073152765908.jpg,814,官方壁纸合集\影像档案壁纸合集\影像档案,官方壁纸合集\影像档案壁纸合集\影像档案\仲夏游梦绮谭.jpg,unchanged,wallpapers,仲夏游梦绮谭,https://act-upload.mihoyo.com/nap-obc-indep/2025/07/18/73751405/d4437ddbea692fd84804e612ea903e60_3431417073152765908.jpg
虎啸有风生,影像档案壁纸合集,1084,.jpg,虎啸有风生.jpg,影像档案,wallpapers|1084|814|虎啸有风生|https://act-upload.mihoyo.com/nap-obc-indep/2025/07/04/73751405/37746f9d8de093b229189b251f97e341_3477645101573184721.jpg,814,官方壁纸合集\影像档案壁纸合集\影像档案,官方壁纸合集\影像档案壁纸合集\影像档案\虎啸有风生.jpg,unchanged,wallpapers,虎啸有风生,https://act-upload.mihoyo.com/nap-obc-indep/2025/07/04/73751405/37746f9d8de093b229189b251f97e341_3477645101573184721.jpg
云霞同归处,影像档案壁纸合集,1084,.jpg,云霞同归处.jpg,影像档案,wallpapers|1084|814|云霞同归处|https://act-upload.mihoyo.com/nap-obc-indep/2025/07/04/73751405/dac3e819caf76e9b3ebdaca338f3ada0_7028718373786210757.jpg,814,官方壁纸合集\影像档案壁纸合集\影像档案,官方壁纸合集\影像档案壁纸合集\影像档案\云霞同归处.jpg,unchanged,wallpapers,云霞同归处,https://act-upload.mihoyo.com/nap-obc-indep/2025/07/04/73751405/dac3e819caf76e9b3ebdaca338f3ada0_7028718373786210757.jpg
将眼泪与过往一同埋葬（下）,影像档案壁纸合集,1084,.png,将眼泪与过往一同埋葬（下）.png,影像档案,wallpapers|1084|814|将眼泪与过往一同埋葬（下）|https://act-upload.mihoyo.com/nap-obc-indep/2025/06/05/73751405/130c86259a95ee4fc1b208b83fd64c10_5398083172991044404.png,814,官方壁纸合集\影像档案壁纸合集\影像档案,官方壁纸合集\影像档案壁纸合集\影像档案\将眼泪与过往一同埋葬（下）.png,unchanged,wallpapers,将眼泪与过往一同埋葬（下）,https://act-upload.mihoyo.com/nap-obc-indep/2025/06/05/73751405/130c86259a95ee4fc1b208b83fd64c10_5398083172991044404.png
将眼泪与过往一同埋葬（上）,影像档案壁纸合集,1084,.png,将眼泪与过往一同埋葬（上）.png,影像档案,wallpapers|1084|814|将眼泪与过往一同埋葬（上）|https://act-upload.mihoyo.com/nap-obc-indep/2025/06/05/73751405/198f601131f29b9592c35154dd4b36dd_6725792267001003485.png,814,官方壁纸合集\影像档案壁纸合集\影像档案,官方壁纸合集\影像档案壁纸合集\影像档案\将眼泪与过往一同埋葬（上）.png,unchanged,wallpapers,将眼泪与过往一同埋葬（上）,https://act-upload.mihoyo.com/nap-obc-indep/2025/06/05/73751405/198f601131f29b9592c35154dd4b36dd_6725792267001003485.png
目不可及,影像档案壁纸合集,1084,.jpg,目不可及.jpg,影像档案,wallpapers|1084|814|目不可及|https://act-upload.mihoyo.com/nap-obc-indep/2025/05/12/73751405/121f0bb4ee5fe70d49a26e8332c08835_2785425891391714500.jpg,814,官方壁纸合集\影像档案壁纸合集\影像档案,官方壁纸合集\影像档案壁纸合集\影像档案\目不可及.jpg,unchanged,wallpapers,目不可及,https://act-upload.mihoyo.com/nap-obc-indep/2025/05/12/73751405/121f0bb4ee5fe70d49a26e8332c08835_2785425891391714500.jpg
白银的复苏,影像档案壁纸合集,1084,.jpg,白银的复苏.jpg,影像档案,wallpapers|1084|814|白银的复苏|https://act-upload.mihoyo.com/nap-obc-indep/2025/05/12/73751405/b70449eb0d7d5455e6e26ed76930d77e_484093579442165085.jpg,814,官方壁纸合集\影像档案壁纸合集\影像档案,官方壁纸合集\影像档案壁纸合集\影像档案\白银的复苏.jpg,unchanged,wallpapers,白银的复苏,https://act-upload.mihoyo.com/nap-obc-indep/2025/05/12/73751405/b70449eb0d7d5455e6e26ed76930d77e_484093579442165085.jpg
我是艾莲，在忙，有事留言,影像档案壁纸合集,1084,.png,我是艾莲，在忙，有事留言.png,影像档案,wallpapers|1084|814|我是艾莲，在忙，有事留言|https://act-upload.mihoyo.com/nap-obc-indep/2025/03/09/73751405/2c720691edadc770e7489a77ed11c48f_301183886354492176.png,814,官方壁纸合集\影像档案壁纸合集\影像档案,官方壁纸合集\影像档案壁纸合集\影像档案\我是艾莲，在忙，有事留言.png,unchanged,wallpapers,我是艾莲，在忙，有事留言,https://act-upload.mihoyo.com/nap-obc-indep/2025/03/09/73751405/2c720691edadc770e7489a77ed11c48f_301183886354492176.png
闪耀的此刻,影像档案壁纸合集,1084,.png,闪耀的此刻.png,影像档案,wallpapers|1084|814|闪耀的此刻|https://act-upload.mihoyo.com/nap-obc-indep/2025/03/09/73751405/25488d0905085e5c5de301ede67484b9_7495756271859728553.png,814,官方壁纸合集\影像档案壁纸合集\影像档案,官方壁纸合集\影像档案壁纸合集\影像档案\闪耀的此刻.png,unchanged,wallpapers,闪耀的此刻,https://act-upload.mihoyo.com/nap-obc-indep/2025/03/09/73751405/25488d0905085e5c5de301ede67484b9_7495756271859728553.png
轻羽逐风,影像档案壁纸合集,1084,.png,轻羽逐风.png,影像档案,wallpapers|1084|814|轻羽逐风|https://act-upload.mihoyo.com/nap-obc-indep/2025/01/26/73751405/92f0507bcb319a95112b008fe39774e7_6248837513685387949.png,814,官方壁纸合集\影像档案壁纸合集\影像档案,官方壁纸合集\影像档案壁纸合集\影像档案\轻羽逐风.png,unchanged,wallpapers,轻羽逐风,https://act-upload.mihoyo.com/nap-obc-indep/2025/01/26/73751405/92f0507bcb319a95112b008fe39774e7_6248837513685387949.png
星流霆击,影像档案壁纸合集,1084,.png,星流霆击.png,影像档案,wallpapers|1084|814|星流霆击|https://act-upload.mihoyo.com/nap-obc-indep/2025/01/26/73751405/5c0360e4c997af787ef62f1b43b67984_7591084268280819582.png,814,官方壁纸合集\影像档案壁纸合集\影像档案,官方壁纸合集\影像档案壁纸合集\影像档案\星流霆击.png,unchanged,wallpapers,星流霆击,https://act-upload.mihoyo.com/nap-obc-indep/2025/01/26/73751405/5c0360e4c997af787ef62f1b43b67984_7591084268280819582.png
无人喝彩之冠,影像档案壁纸合集,1084,.png,无人喝彩之冠.png,影像档案,wallpapers|1084|814|无人喝彩之冠|https://act-upload.mihoyo.com/nap-obc-indep/2025/01/03/73751405/593e22416ae3607f8938d7ff1ed673a3_8193767712774013822.png,814,官方壁纸合集\影像档案壁纸合集\影像档案,官方壁纸合集\影像档案壁纸合集\影像档案\无人喝彩之冠.png,unchanged,wallpapers,无人喝彩之冠,https://act-upload.mihoyo.com/nap-obc-indep/2025/01/03/73751405/593e22416ae3607f8938d7ff1ed673a3_8193767712774013822.png
虚拟杀机,影像档案壁纸合集,1084,.png,虚拟杀机.png,影像档案,wallpapers|1084|814|虚拟杀机|https://act-upload.mihoyo.com/nap-obc-indep/2025/01/03/73751405/8b5fd3c156cb63dfde82e81084d63220_1420430717021823248.png,814,官方壁纸合集\影像档案壁纸合集\影像档案,官方壁纸合集\影像档案壁纸合集\影像档案\虚拟杀机.png,unchanged,wallpapers,虚拟杀机,https://act-upload.mihoyo.com/nap-obc-indep/2025/01/03/73751405/8b5fd3c156cb63dfde82e81084d63220_1420430717021823248.png
幸运当头,影像档案壁纸合集,1084,.png,幸运当头.png,影像档案,wallpapers|1084|814|幸运当头|https://act-upload.mihoyo.com/nap-obc-indep/2025/01/03/73751405/39a75a4ecfb8876cd7c0b8ed84e5ec5d_186156884427269185.png,814,官方壁纸合集\影像档案壁纸合集\影像档案,官方壁纸合集\影像档案壁纸合集\影像档案\幸运当头.png,unchanged,wallpapers,幸运当头,https://act-upload.mihoyo.com/nap-obc-indep/2025/01/03/73751405/39a75a4ecfb8876cd7c0b8ed84e5ec5d_186156884427269185.png
火狱骑行,影像档案壁纸合集,1084,.png,火狱骑行.png,影像档案,wallpapers|1084|814|火狱骑行|https://act-upload.mihoyo.com/nap-obc-indep/2025/01/03/73751405/8f043776934b1cf37265404ccbd9e3ea_3533899153843088006.png,814,官方壁纸合集\影像档案壁纸合集\影像档案,官方壁纸合集\影像档案壁纸合集\影像档案\火狱骑行.png,unchanged,wallpapers,火狱骑行,https://act-upload.mihoyo.com/nap-obc-indep/2025/01/03/73751405/8f043776934b1cf37265404ccbd9e3ea_3533899153843088006.png
卧底蓝调,影像档案壁纸合集,1084,.png,卧底蓝调.png,影像档案,wallpapers|1084|814|卧底蓝调|https://act-upload.mihoyo.com/nap-obc-indep/2025/01/03/73751405/3375c3beb8c6f2d9514581b6d3a39ff9_6775909772664839685.png,814,官方壁纸合集\影像档案壁纸合集\影像档案,官方壁纸合集\影像档案壁纸合集\影像档案\卧底蓝调.png,unchanged,wallpapers,卧底蓝调,https://act-upload.mihoyo.com/nap-obc-indep/2025/01/03/73751405/3375c3beb8c6f2d9514581b6d3a39ff9_6775909772664839685.png
失踪邦口,影像档案壁纸合集,1084,.png,失踪邦口.png,影像档案,wallpapers|1084|814|失踪邦口|https://act-upload.mihoyo.com/nap-obc-indep/2025/01/03/73751405/ade52f7d10d890507fea8eccfd166ef8_5697292888563153293.png,814,官方壁纸合集\影像档案壁纸合集\影像档案,官方壁纸合集\影像档案壁纸合集\影像档案\失踪邦口.png,unchanged,wallpapers,失踪邦口,https://act-upload.mihoyo.com/nap-obc-indep/2025/01/03/73751405/ade52f7d10d890507fea8eccfd166ef8_5697292888563153293.png
英雄不死于往昔,影像档案壁纸合集,1084,.png,英雄不死于往昔.png,版本前瞻&活动,wallpapers|1084|1137|英雄不死于往昔|https://act-upload.mihoyo.com/nap-obc-indep/2026/04/10/73751405/0995d69641f3111010d2042faa4950aa_6891205373792803779.png,1137,官方壁纸合集\影像档案壁纸合集\版本前瞻&活动,官方壁纸合集\影像档案壁纸合集\版本前瞻&活动\英雄不死于往昔.png,unchanged,wallpapers,英雄不死于往昔,https://act-upload.mihoyo.com/nap-obc-indep/2026/04/10/73751405/0995d69641f3111010d2042faa4950aa_6891205373792803779.png
旧梦的安可曲,影像档案壁纸合集,1084,.png,旧梦的安可曲.png,版本前瞻&活动,wallpapers|1084|1137|旧梦的安可曲|https://act-upload.mihoyo.com/nap-obc-indep/2026/03/08/73751405/8fbd6c286777ec4875a04bb12dbf3435_3775686229299337209.png,1137,官方壁纸合集\影像档案壁纸合集\版本前瞻&活动,官方壁纸合集\影像档案壁纸合集\版本前瞻&活动\旧梦的安可曲.png,unchanged,wallpapers,旧梦的安可曲,https://act-upload.mihoyo.com/nap-obc-indep/2026/03/08/73751405/8fbd6c286777ec4875a04bb12dbf3435_3775686229299337209.png
特别访客：照,影像档案壁纸合集,1084,.jpg,特别访客：照.jpg,版本前瞻&活动,wallpapers|1084|1137|特别访客：照|https://act-upload.mihoyo.com/nap-obc-indep/2026/01/09/73751405/711e022824e5e5f9718c708c374a7f24_703571159196962579.jpg,1137,官方壁纸合集\影像档案壁纸合集\版本前瞻&活动,官方壁纸合集\影像档案壁纸合集\版本前瞻&活动\特别访客：照.jpg,unchanged,wallpapers,特别访客：照,https://act-upload.mihoyo.com/nap-obc-indep/2026/01/09/73751405/711e022824e5e5f9718c708c374a7f24_703571159196962579.jpg
微光引灯时,影像档案壁纸合集,1084,.png,微光引灯时.png,版本前瞻&活动,wallpapers|1084|1137|微光引灯时|https://act-upload.mihoyo.com/nap-obc-indep/2026/01/08/73751405/81f1dacbcb4b7ca9661736bf9346d241_8412677052970361013.png,1137,官方壁纸合集\影像档案壁纸合集\版本前瞻&活动,官方壁纸合集\影像档案壁纸合集\版本前瞻&活动\微光引灯时.png,unchanged,wallpapers,微光引灯时,https://act-upload.mihoyo.com/nap-obc-indep/2026/01/08/73751405/81f1dacbcb4b7ca9661736bf9346d241_8412677052970361013.png
将临未抵的深渊,影像档案壁纸合集,1084,.png,将临未抵的深渊.png,版本前瞻&活动,wallpapers|1084|1137|将临未抵的深渊|https://act-upload.mihoyo.com/nap-obc-indep/2025/12/05/73751405/622d8ef64ecddae56088021c804a994e_3958313221378489805.png,1137,官方壁纸合集\影像档案壁纸合集\版本前瞻&活动,官方壁纸合集\影像档案壁纸合集\版本前瞻&活动\将临未抵的深渊.png,unchanged,wallpapers,将临未抵的深渊,https://act-upload.mihoyo.com/nap-obc-indep/2025/12/05/73751405/622d8ef64ecddae56088021c804a994e_3958313221378489805.png
可曾记得梦,影像档案壁纸合集,1084,.png,可曾记得梦.png,版本前瞻&活动,wallpapers|1084|1137|可曾记得梦|https://act-upload.mihoyo.com/nap-obc-indep/2025/10/20/73751405/e6c4e6f0b7018e1da724c7c74f2ef7b9_1331297612143665762.png,1137,官方壁纸合集\影像档案壁纸合集\版本前瞻&活动,官方壁纸合集\影像档案壁纸合集\版本前瞻&活动\可曾记得梦.png,unchanged,wallpapers,可曾记得梦,https://act-upload.mihoyo.com/nap-obc-indep/2025/10/20/73751405/e6c4e6f0b7018e1da724c7c74f2ef7b9_1331297612143665762.png
不要温和地走入那良夜,影像档案壁纸合集,1084,.png,不要温和地走入那良夜.png,版本前瞻&活动,wallpapers|1084|1137|不要温和地走入那良夜|https://act-upload.mihoyo.com/nap-obc-indep/2025/09/08/73751405/f877187c6b78f5a46aacd7095ed68aca_2688808439164743661.png,1137,官方壁纸合集\影像档案壁纸合集\版本前瞻&活动,官方壁纸合集\影像档案壁纸合集\版本前瞻&活动\不要温和地走入那良夜.png,unchanged,wallpapers,不要温和地走入那良夜,https://act-upload.mihoyo.com/nap-obc-indep/2025/09/08/73751405/f877187c6b78f5a46aacd7095ed68aca_2688808439164743661.png
迟吟的浪涌,影像档案壁纸合集,1084,.jpg,迟吟的浪涌.jpg,版本前瞻&活动,wallpapers|1084|1137|迟吟的浪涌|https://act-upload.mihoyo.com/nap-obc-indep/2025/07/18/73751405/c302696983af067cf6ac58c8f3e71945_5462534525090437437.jpg,1137,官方壁纸合集\影像档案壁纸合集\版本前瞻&活动,官方壁纸合集\影像档案壁纸合集\版本前瞻&活动\迟吟的浪涌.jpg,unchanged,wallpapers,迟吟的浪涌,https://act-upload.mihoyo.com/nap-obc-indep/2025/07/18/73751405/c302696983af067cf6ac58c8f3e71945_5462534525090437437.jpg
云霞同归处,影像档案壁纸合集,1084,.png,云霞同归处.png,版本前瞻&活动,wallpapers|1084|1137|云霞同归处|https://act-upload.mihoyo.com/nap-obc-indep/2025/06/16/73751405/824d57f701504810d0dbf72ce64969da_190307496410556107.png,1137,官方壁纸合集\影像档案壁纸合集\版本前瞻&活动,官方壁纸合集\影像档案壁纸合集\版本前瞻&活动\云霞同归处.png,unchanged,wallpapers,云霞同归处,https://act-upload.mihoyo.com/nap-obc-indep/2025/06/16/73751405/824d57f701504810d0dbf72ce64969da_190307496410556107.png
一周年纪念,影像档案壁纸合集,1084,.png,一周年纪念.png,版本前瞻&活动,wallpapers|1084|1137|一周年纪念|https://act-upload.mihoyo.com/nap-obc-indep/2025/06/16/73751405/1ebec52d0c34481806611c2a7479fbbd_5323812921165606547.png,1137,官方壁纸合集\影像档案壁纸合集\版本前瞻&活动,官方壁纸合集\影像档案壁纸合集\版本前瞻&活动\一周年纪念.png,unchanged,wallpapers,一周年纪念,https://act-upload.mihoyo.com/nap-obc-indep/2025/06/16/73751405/1ebec52d0c34481806611c2a7479fbbd_5323812921165606547.png
XBOX上线,影像档案壁纸合集,1084,.jpg,XBOX上线.jpg,版本前瞻&活动,wallpapers|1084|1137|XBOX上线|https://act-upload.mihoyo.com/nap-obc-indep/2025/06/16/73751405/99ae1d3935707a0261a22e53fe3278c0_475600417416053879.jpg,1137,官方壁纸合集\影像档案壁纸合集\版本前瞻&活动,官方壁纸合集\影像档案壁纸合集\版本前瞻&活动\XBOX上线.jpg,unchanged,wallpapers,XBOX上线,https://act-upload.mihoyo.com/nap-obc-indep/2025/06/16/73751405/99ae1d3935707a0261a22e53fe3278c0_475600417416053879.jpg
将眼泪与过往一同埋葬,影像档案壁纸合集,1084,.jpg,将眼泪与过往一同埋葬.jpg,版本前瞻&活动,wallpapers|1084|1137|将眼泪与过往一同埋葬|https://act-upload.mihoyo.com/nap-obc-indep/2025/06/16/73751405/961b727f677935c64978fe4d87dfcb7f_8002584148885611925.jpg,1137,官方壁纸合集\影像档案壁纸合集\版本前瞻&活动,官方壁纸合集\影像档案壁纸合集\版本前瞻&活动\将眼泪与过往一同埋葬.jpg,unchanged,wallpapers,将眼泪与过往一同埋葬,https://act-upload.mihoyo.com/nap-obc-indep/2025/06/16/73751405/961b727f677935c64978fe4d87dfcb7f_8002584148885611925.jpg
在被遗忘的废墟之上,影像档案壁纸合集,1084,.jpg,在被遗忘的废墟之上.jpg,版本前瞻&活动,wallpapers|1084|1137|在被遗忘的废墟之上|https://act-upload.mihoyo.com/nap-obc-indep/2025/06/16/73751405/09477cae86a161334747751e18e6b8c4_2513350832374306134.jpg,1137,官方壁纸合集\影像档案壁纸合集\版本前瞻&活动,官方壁纸合集\影像档案壁纸合集\版本前瞻&活动\在被遗忘的废墟之上.jpg,unchanged,wallpapers,在被遗忘的废墟之上,https://act-upload.mihoyo.com/nap-obc-indep/2025/06/16/73751405/09477cae86a161334747751e18e6b8c4_2513350832374306134.jpg
闪耀的此刻,影像档案壁纸合集,1084,.jpg,闪耀的此刻.jpg,版本前瞻&活动,wallpapers|1084|1137|闪耀的此刻|https://act-upload.mihoyo.com/nap-obc-indep/2025/06/16/73751405/40c083ac61ebdc63c4f88bd1d0465edc_3519825947814465932.jpg,1137,官方壁纸合集\影像档案壁纸合集\版本前瞻&活动,官方壁纸合集\影像档案壁纸合集\版本前瞻&活动\闪耀的此刻.jpg,unchanged,wallpapers,闪耀的此刻,https://act-upload.mihoyo.com/nap-obc-indep/2025/06/16/73751405/40c083ac61ebdc63c4f88bd1d0465edc_3519825947814465932.jpg
特别访客-悠真,影像档案壁纸合集,1084,.png,特别访客-悠真.png,版本前瞻&活动,wallpapers|1084|1137|特别访客:悠真|https://act-upload.mihoyo.com/nap-obc-indep/2025/06/16/73751405/5a69fe0765647722a4c8fcc56ac06beb_4153445419030238323.png,1137,官方壁纸合集\影像档案壁纸合集\版本前瞻&活动,官方壁纸合集\影像档案壁纸合集\版本前瞻&活动\特别访客-悠真.png,unchanged,wallpapers,特别访客:悠真,https://act-upload.mihoyo.com/nap-obc-indep/2025/06/16/73751405/5a69fe0765647722a4c8fcc56ac06beb_4153445419030238323.png
星流霆击,影像档案壁纸合集,1084,.jpg,星流霆击.jpg,版本前瞻&活动,wallpapers|1084|1137|星流霆击|https://act-upload.mihoyo.com/nap-obc-indep/2025/06/16/73751405/ff0c3ba6567dd68c06d588c7c55bd2fd_1790126937622296157.jpg,1137,官方壁纸合集\影像档案壁纸合集\版本前瞻&活动,官方壁纸合集\影像档案壁纸合集\版本前瞻&活动\星流霆击.jpg,unchanged,wallpapers,星流霆击,https://act-upload.mihoyo.com/nap-obc-indep/2025/06/16/73751405/ff0c3ba6567dd68c06d588c7c55bd2fd_1790126937622296157.jpg
虚拟杀机,影像档案壁纸合集,1084,.jpg,虚拟杀机.jpg,版本前瞻&活动,wallpapers|1084|1137|虚拟杀机|https://act-upload.mihoyo.com/nap-obc-indep/2025/06/16/73751405/672a3bc0f8846c7ddbe6a69ea17fbaca_5082244878360715589.jpg,1137,官方壁纸合集\影像档案壁纸合集\版本前瞻&活动,官方壁纸合集\影像档案壁纸合集\版本前瞻&活动\虚拟杀机.jpg,unchanged,wallpapers,虚拟杀机,https://act-upload.mihoyo.com/nap-obc-indep/2025/06/16/73751405/672a3bc0f8846c7ddbe6a69ea17fbaca_5082244878360715589.jpg
1084-1691-001-1,影像档案壁纸合集,1084,.jpg,1084-1691-001-1.jpg,2.7剧情壁纸,wallpapers|1084|1691|1|https://act-upload.mihoyo.com/nap-obc-indep/2026/04/20/73751405/ff2e2e3380dfe1950c554fd2bd5c45c5_8210767706521954338.jpg,1691,官方壁纸合集\影像档案壁纸合集\2.7剧情壁纸,官方壁纸合集\影像档案壁纸合集\2.7剧情壁纸\1084-1691-001-1.jpg,unchanged,wallpapers,1,https://act-upload.mihoyo.com/nap-obc-indep/2026/04/20/73751405/ff2e2e3380dfe1950c554fd2bd5c45c5_8210767706521954338.jpg
1084-1663-001-1,影像档案壁纸合集,1084,.jpg,1084-1663-001-1.jpg,2.6剧情壁纸,wallpapers|1084|1663|1|https://act-upload.mihoyo.com/nap-obc-indep/2026/03/13/73751405/34a3675a12f49141cfd867a653e8118b_4104553650968525208.jpg,1663,官方壁纸合集\影像档案壁纸合集\2.6剧情壁纸,官方壁纸合集\影像档案壁纸合集\2.6剧情壁纸\1084-1663-001-1.jpg,unchanged,wallpapers,1,https://act-upload.mihoyo.com/nap-obc-indep/2026/03/13/73751405/34a3675a12f49141cfd867a653e8118b_4104553650968525208.jpg
1084-1663-002-2,影像档案壁纸合集,1084,.jpg,1084-1663-002-2.jpg,2.6剧情壁纸,wallpapers|1084|1663|2|https://act-upload.mihoyo.com/nap-obc-indep/2026/03/13/73751405/4091203bb1c1d1751a2822f6c998563e_3840901431082019195.jpg,1663,官方壁纸合集\影像档案壁纸合集\2.6剧情壁纸,官方壁纸合集\影像档案壁纸合集\2.6剧情壁纸\1084-1663-002-2.jpg,unchanged,wallpapers,2,https://act-upload.mihoyo.com/nap-obc-indep/2026/03/13/73751405/4091203bb1c1d1751a2822f6c998563e_3840901431082019195.jpg
1084-1663-003-3,影像档案壁纸合集,1084,.jpg,1084-1663-003-3.jpg,2.6剧情壁纸,wallpapers|1084|1663|3|https://act-upload.mihoyo.com/nap-obc-indep/2026/03/13/73751405/49e3e659ce6810a499e0eb0075f4cf85_5406188350117615504.jpg,1663,官方壁纸合集\影像档案壁纸合集\2.6剧情壁纸,官方壁纸合集\影像档案壁纸合集\2.6剧情壁纸\1084-1663-003-3.jpg,unchanged,wallpapers,3,https://act-upload.mihoyo.com/nap-obc-indep/2026/03/13/73751405/49e3e659ce6810a499e0eb0075f4cf85_5406188350117615504.jpg
1084-1663-004-4,影像档案壁纸合集,1084,.jpg,1084-1663-004-4.jpg,2.6剧情壁纸,wallpapers|1084|1663|4|https://act-upload.mihoyo.com/nap-obc-indep/2026/03/13/73751405/2c302443971ce06958d3d906f8b4c8a6_1355043730123008506.jpg,1663,官方壁纸合集\影像档案壁纸合集\2.6剧情壁纸,官方壁纸合集\影像档案壁纸合集\2.6剧情壁纸\1084-1663-004-4.jpg,unchanged,wallpapers,4,https://act-upload.mihoyo.com/nap-obc-indep/2026/03/13/73751405/2c302443971ce06958d3d906f8b4c8a6_1355043730123008506.jpg
1084-1663-005-5,影像档案壁纸合集,1084,.jpg,1084-1663-005-5.jpg,2.6剧情壁纸,wallpapers|1084|1663|5|https://act-upload.mihoyo.com/nap-obc-indep/2026/03/13/73751405/4885cb999fc3e5874edfc3fce2f3b4e5_6324608467405354206.jpg,1663,官方壁纸合集\影像档案壁纸合集\2.6剧情壁纸,官方壁纸合集\影像档案壁纸合集\2.6剧情壁纸\1084-1663-005-5.jpg,unchanged,wallpapers,5,https://act-upload.mihoyo.com/nap-obc-indep/2026/03/13/73751405/4885cb999fc3e5874edfc3fce2f3b4e5_6324608467405354206.jpg
1084-1663-006-6,影像档案壁纸合集,1084,.jpg,1084-1663-006-6.jpg,2.6剧情壁纸,wallpapers|1084|1663|6|https://act-upload.mihoyo.com/nap-obc-indep/2026/03/13/73751405/36e7eccf8b47eb6d0af762dbb64cbc7f_7657414750193317622.jpg,1663,官方壁纸合集\影像档案壁纸合集\2.6剧情壁纸,官方壁纸合集\影像档案壁纸合集\2.6剧情壁纸\1084-1663-006-6.jpg,unchanged,wallpapers,6,https://act-upload.mihoyo.com/nap-obc-indep/2026/03/13/73751405/36e7eccf8b47eb6d0af762dbb64cbc7f_7657414750193317622.jpg
1084-1663-007-7,影像档案壁纸合集,1084,.jpg,1084-1663-007-7.jpg,2.6剧情壁纸,wallpapers|1084|1663|7|https://act-upload.mihoyo.com/nap-obc-indep/2026/03/13/73751405/6af7260b9d4e99d6cf931aad9ba78061_5036384120297847650.jpg,1663,官方壁纸合集\影像档案壁纸合集\2.6剧情壁纸,官方壁纸合集\影像档案壁纸合集\2.6剧情壁纸\1084-1663-007-7.jpg,unchanged,wallpapers,7,https://act-upload.mihoyo.com/nap-obc-indep/2026/03/13/73751405/6af7260b9d4e99d6cf931aad9ba78061_5036384120297847650.jpg
1084-1663-008-8,影像档案壁纸合集,1084,.jpg,1084-1663-008-8.jpg,2.6剧情壁纸,wallpapers|1084|1663|8|https://act-upload.mihoyo.com/nap-obc-indep/2026/03/13/73751405/ef19565045ba1ca7eafa611fbf2cc6a1_6441677788351684395.jpg,1663,官方壁纸合集\影像档案壁纸合集\2.6剧情壁纸,官方壁纸合集\影像档案壁纸合集\2.6剧情壁纸\1084-1663-008-8.jpg,unchanged,wallpapers,8,https://act-upload.mihoyo.com/nap-obc-indep/2026/03/13/73751405/ef19565045ba1ca7eafa611fbf2cc6a1_6441677788351684395.jpg
1084-1663-009-9,影像档案壁纸合集,1084,.jpg,1084-1663-009-9.jpg,2.6剧情壁纸,wallpapers|1084|1663|9|https://act-upload.mihoyo.com/nap-obc-indep/2026/03/13/73751405/cf662b84f63fd583efc19a371d3ee942_850601623523549687.jpg,1663,官方壁纸合集\影像档案壁纸合集\2.6剧情壁纸,官方壁纸合集\影像档案壁纸合集\2.6剧情壁纸\1084-1663-009-9.jpg,unchanged,wallpapers,9,https://act-upload.mihoyo.com/nap-obc-indep/2026/03/13/73751405/cf662b84f63fd583efc19a371d3ee942_850601623523549687.jpg
1084-1663-010-10,影像档案壁纸合集,1084,.jpg,1084-1663-010-10.jpg,2.6剧情壁纸,wallpapers|1084|1663|10|https://act-upload.mihoyo.com/nap-obc-indep/2026/03/13/73751405/42a0868e9c284bd57cd5c81b1ffa71d0_4202672920097993668.jpg,1663,官方壁纸合集\影像档案壁纸合集\2.6剧情壁纸,官方壁纸合集\影像档案壁纸合集\2.6剧情壁纸\1084-1663-010-10.jpg,unchanged,wallpapers,10,https://act-upload.mihoyo.com/nap-obc-indep/2026/03/13/73751405/42a0868e9c284bd57cd5c81b1ffa71d0_4202672920097993668.jpg
1084-1663-011-11,影像档案壁纸合集,1084,.jpg,1084-1663-011-11.jpg,2.6剧情壁纸,wallpapers|1084|1663|11|https://act-upload.mihoyo.com/nap-obc-indep/2026/03/13/73751405/f3879753fd63961131335f5e3dbfc585_3660634115930139498.jpg,1663,官方壁纸合集\影像档案壁纸合集\2.6剧情壁纸,官方壁纸合集\影像档案壁纸合集\2.6剧情壁纸\1084-1663-011-11.jpg,unchanged,wallpapers,11,https://act-upload.mihoyo.com/nap-obc-indep/2026/03/13/73751405/f3879753fd63961131335f5e3dbfc585_3660634115930139498.jpg
1084-1663-012-12,影像档案壁纸合集,1084,.jpg,1084-1663-012-12.jpg,2.6剧情壁纸,wallpapers|1084|1663|12|https://act-upload.mihoyo.com/nap-obc-indep/2026/03/13/73751405/260082434af08e03407ed7b71a25f593_8505920064913183152.jpg,1663,官方壁纸合集\影像档案壁纸合集\2.6剧情壁纸,官方壁纸合集\影像档案壁纸合集\2.6剧情壁纸\1084-1663-012-12.jpg,unchanged,wallpapers,12,https://act-upload.mihoyo.com/nap-obc-indep/2026/03/13/73751405/260082434af08e03407ed7b71a25f593_8505920064913183152.jpg
1084-1663-013-13,影像档案壁纸合集,1084,.jpg,1084-1663-013-13.jpg,2.6剧情壁纸,wallpapers|1084|1663|13|https://act-upload.mihoyo.com/nap-obc-indep/2026/03/13/73751405/91c83393344a27c8212cc1215cbfd09f_5486635537280414168.jpg,1663,官方壁纸合集\影像档案壁纸合集\2.6剧情壁纸,官方壁纸合集\影像档案壁纸合集\2.6剧情壁纸\1084-1663-013-13.jpg,unchanged,wallpapers,13,https://act-upload.mihoyo.com/nap-obc-indep/2026/03/13/73751405/91c83393344a27c8212cc1215cbfd09f_5486635537280414168.jpg
1084-1663-014-14,影像档案壁纸合集,1084,.png,1084-1663-014-14.png,2.6剧情壁纸,wallpapers|1084|1663|14|https://act-upload.mihoyo.com/nap-obc-indep/2026/04/21/76099754/ce8bb5e5a34af5ab543ec485f5d53263_6083534529740862647.png,1663,官方壁纸合集\影像档案壁纸合集\2.6剧情壁纸,官方壁纸合集\影像档案壁纸合集\2.6剧情壁纸\1084-1663-014-14.png,unchanged,wallpapers,14,https://act-upload.mihoyo.com/nap-obc-indep/2026/04/21/76099754/ce8bb5e5a34af5ab543ec485f5d53263_6083534529740862647.png
1084-1593-001-1,影像档案壁纸合集,1084,.jpg,1084-1593-001-1.jpg,2.5剧情壁纸,wallpapers|1084|1593|1|https://act-upload.mihoyo.com/nap-obc-indep/2026/01/09/73751405/9cba9c1858d68b06206a81241b93b7b4_1733797411729214634.jpg,1593,官方壁纸合集\影像档案壁纸合集\2.5剧情壁纸,官方壁纸合集\影像档案壁纸合集\2.5剧情壁纸\1084-1593-001-1.jpg,unchanged,wallpapers,1,https://act-upload.mihoyo.com/nap-obc-indep/2026/01/09/73751405/9cba9c1858d68b06206a81241b93b7b4_1733797411729214634.jpg
1084-1593-002-2,影像档案壁纸合集,1084,.jpg,1084-1593-002-2.jpg,2.5剧情壁纸,wallpapers|1084|1593|2|https://act-upload.mihoyo.com/nap-obc-indep/2026/01/09/73751405/e639c335bb45b46e4e20a92091bf29e7_5494562922769047933.jpg,1593,官方壁纸合集\影像档案壁纸合集\2.5剧情壁纸,官方壁纸合集\影像档案壁纸合集\2.5剧情壁纸\1084-1593-002-2.jpg,unchanged,wallpapers,2,https://act-upload.mihoyo.com/nap-obc-indep/2026/01/09/73751405/e639c335bb45b46e4e20a92091bf29e7_5494562922769047933.jpg
1084-1593-003-3,影像档案壁纸合集,1084,.jpg,1084-1593-003-3.jpg,2.5剧情壁纸,wallpapers|1084|1593|3|https://act-upload.mihoyo.com/nap-obc-indep/2026/01/09/73751405/413a3868feaaf531e100fa33d78917b4_958869385808758786.jpg,1593,官方壁纸合集\影像档案壁纸合集\2.5剧情壁纸,官方壁纸合集\影像档案壁纸合集\2.5剧情壁纸\1084-1593-003-3.jpg,unchanged,wallpapers,3,https://act-upload.mihoyo.com/nap-obc-indep/2026/01/09/73751405/413a3868feaaf531e100fa33d78917b4_958869385808758786.jpg
1084-1593-004-4,影像档案壁纸合集,1084,.jpg,1084-1593-004-4.jpg,2.5剧情壁纸,wallpapers|1084|1593|4|https://act-upload.mihoyo.com/nap-obc-indep/2026/01/09/73751405/735e68b0ef25909bf2e300995d3ff463_6605101420853093141.jpg,1593,官方壁纸合集\影像档案壁纸合集\2.5剧情壁纸,官方壁纸合集\影像档案壁纸合集\2.5剧情壁纸\1084-1593-004-4.jpg,unchanged,wallpapers,4,https://act-upload.mihoyo.com/nap-obc-indep/2026/01/09/73751405/735e68b0ef25909bf2e300995d3ff463_6605101420853093141.jpg
1084-1593-005-5,影像档案壁纸合集,1084,.jpg,1084-1593-005-5.jpg,2.5剧情壁纸,wallpapers|1084|1593|5|https://act-upload.mihoyo.com/nap-obc-indep/2026/01/09/73751405/b446a98d2c3ea7067740d415bcc974d4_2375516206694312012.jpg,1593,官方壁纸合集\影像档案壁纸合集\2.5剧情壁纸,官方壁纸合集\影像档案壁纸合集\2.5剧情壁纸\1084-1593-005-5.jpg,unchanged,wallpapers,5,https://act-upload.mihoyo.com/nap-obc-indep/2026/01/09/73751405/b446a98d2c3ea7067740d415bcc974d4_2375516206694312012.jpg
1084-1593-006-6,影像档案壁纸合集,1084,.jpg,1084-1593-006-6.jpg,2.5剧情壁纸,wallpapers|1084|1593|6|https://act-upload.mihoyo.com/nap-obc-indep/2026/01/09/73751405/97b4eae8b1cb1b70d054defbe1b63122_7510173301158228649.jpg,1593,官方壁纸合集\影像档案壁纸合集\2.5剧情壁纸,官方壁纸合集\影像档案壁纸合集\2.5剧情壁纸\1084-1593-006-6.jpg,unchanged,wallpapers,6,https://act-upload.mihoyo.com/nap-obc-indep/2026/01/09/73751405/97b4eae8b1cb1b70d054defbe1b63122_7510173301158228649.jpg
1084-1593-007-7,影像档案壁纸合集,1084,.jpg,1084-1593-007-7.jpg,2.5剧情壁纸,wallpapers|1084|1593|7|https://act-upload.mihoyo.com/nap-obc-indep/2026/01/09/73751405/7cd3ca8933514196dd73f59f14390b1a_1367191445723036784.jpg,1593,官方壁纸合集\影像档案壁纸合集\2.5剧情壁纸,官方壁纸合集\影像档案壁纸合集\2.5剧情壁纸\1084-1593-007-7.jpg,unchanged,wallpapers,7,https://act-upload.mihoyo.com/nap-obc-indep/2026/01/09/73751405/7cd3ca8933514196dd73f59f14390b1a_1367191445723036784.jpg
1084-1593-008-8,影像档案壁纸合集,1084,.jpg,1084-1593-008-8.jpg,2.5剧情壁纸,wallpapers|1084|1593|8|https://act-upload.mihoyo.com/nap-obc-indep/2026/01/09/73751405/eee1edf5c9d22e94452a052bafccce3f_3456908936145547979.jpg,1593,官方壁纸合集\影像档案壁纸合集\2.5剧情壁纸,官方壁纸合集\影像档案壁纸合集\2.5剧情壁纸\1084-1593-008-8.jpg,unchanged,wallpapers,8,https://act-upload.mihoyo.com/nap-obc-indep/2026/01/09/73751405/eee1edf5c9d22e94452a052bafccce3f_3456908936145547979.jpg
1084-1593-009-9,影像档案壁纸合集,1084,.jpg,1084-1593-009-9.jpg,2.5剧情壁纸,wallpapers|1084|1593|9|https://act-upload.mihoyo.com/nap-obc-indep/2026/01/09/73751405/0ef9361115ab3f370215874fe636cb1c_1021049845884338256.jpg,1593,官方壁纸合集\影像档案壁纸合集\2.5剧情壁纸,官方壁纸合集\影像档案壁纸合集\2.5剧情壁纸\1084-1593-009-9.jpg,unchanged,wallpapers,9,https://act-upload.mihoyo.com/nap-obc-indep/2026/01/09/73751405/0ef9361115ab3f370215874fe636cb1c_1021049845884338256.jpg
1084-1593-010-10,影像档案壁纸合集,1084,.jpg,1084-1593-010-10.jpg,2.5剧情壁纸,wallpapers|1084|1593|10|https://act-upload.mihoyo.com/nap-obc-indep/2026/01/09/73751405/a980016516724fe2569b9c7bc165a4a3_366199336499285470.jpg,1593,官方壁纸合集\影像档案壁纸合集\2.5剧情壁纸,官方壁纸合集\影像档案壁纸合集\2.5剧情壁纸\1084-1593-010-10.jpg,unchanged,wallpapers,10,https://act-upload.mihoyo.com/nap-obc-indep/2026/01/09/73751405/a980016516724fe2569b9c7bc165a4a3_366199336499285470.jpg
1084-1593-011-11,影像档案壁纸合集,1084,.jpg,1084-1593-011-11.jpg,2.5剧情壁纸,wallpapers|1084|1593|11|https://act-upload.mihoyo.com/nap-obc-indep/2026/01/09/73751405/c4af93f23cb5b13a6fa63efae108e122_6922346854823544751.jpg,1593,官方壁纸合集\影像档案壁纸合集\2.5剧情壁纸,官方壁纸合集\影像档案壁纸合集\2.5剧情壁纸\1084-1593-011-11.jpg,unchanged,wallpapers,11,https://act-upload.mihoyo.com/nap-obc-indep/2026/01/09/73751405/c4af93f23cb5b13a6fa63efae108e122_6922346854823544751.jpg
1084-1593-012-12,影像档案壁纸合集,1084,.jpg,1084-1593-012-12.jpg,2.5剧情壁纸,wallpapers|1084|1593|12|https://act-upload.mihoyo.com/nap-obc-indep/2026/01/09/73751405/7cb8328918bca188066e299e2bfe290e_3736966224635493717.jpg,1593,官方壁纸合集\影像档案壁纸合集\2.5剧情壁纸,官方壁纸合集\影像档案壁纸合集\2.5剧情壁纸\1084-1593-012-12.jpg,unchanged,wallpapers,12,https://act-upload.mihoyo.com/nap-obc-indep/2026/01/09/73751405/7cb8328918bca188066e299e2bfe290e_3736966224635493717.jpg
1084-1593-013-13,影像档案壁纸合集,1084,.jpg,1084-1593-013-13.jpg,2.5剧情壁纸,wallpapers|1084|1593|13|https://act-upload.mihoyo.com/nap-obc-indep/2026/01/09/73751405/8f8cc05af5a839ee95f7118deb21de03_1113965174748336941.jpg,1593,官方壁纸合集\影像档案壁纸合集\2.5剧情壁纸,官方壁纸合集\影像档案壁纸合集\2.5剧情壁纸\1084-1593-013-13.jpg,unchanged,wallpapers,13,https://act-upload.mihoyo.com/nap-obc-indep/2026/01/09/73751405/8f8cc05af5a839ee95f7118deb21de03_1113965174748336941.jpg
1084-1593-014-14,影像档案壁纸合集,1084,.jpg,1084-1593-014-14.jpg,2.5剧情壁纸,wallpapers|1084|1593|14|https://act-upload.mihoyo.com/nap-obc-indep/2026/01/09/73751405/044ba8834d6bbf5066199328ef2a9ef6_7836724293504921236.jpg,1593,官方壁纸合集\影像档案壁纸合集\2.5剧情壁纸,官方壁纸合集\影像档案壁纸合集\2.5剧情壁纸\1084-1593-014-14.jpg,unchanged,wallpapers,14,https://act-upload.mihoyo.com/nap-obc-indep/2026/01/09/73751405/044ba8834d6bbf5066199328ef2a9ef6_7836724293504921236.jpg
1084-1593-015-15,影像档案壁纸合集,1084,.jpg,1084-1593-015-15.jpg,2.5剧情壁纸,wallpapers|1084|1593|15|https://act-upload.mihoyo.com/nap-obc-indep/2026/01/09/73751405/0b5a514c60a8bb70c4aa3a03ba36697f_4129824485488905904.jpg,1593,官方壁纸合集\影像档案壁纸合集\2.5剧情壁纸,官方壁纸合集\影像档案壁纸合集\2.5剧情壁纸\1084-1593-015-15.jpg,unchanged,wallpapers,15,https://act-upload.mihoyo.com/nap-obc-indep/2026/01/09/73751405/0b5a514c60a8bb70c4aa3a03ba36697f_4129824485488905904.jpg
1084-1593-016-16,影像档案壁纸合集,1084,.jpg,1084-1593-016-16.jpg,2.5剧情壁纸,wallpapers|1084|1593|16|https://act-upload.mihoyo.com/nap-obc-indep/2026/01/09/73751405/0c00581b7f2687b3e4cc0ba0553319a8_496094385831066525.jpg,1593,官方壁纸合集\影像档案壁纸合集\2.5剧情壁纸,官方壁纸合集\影像档案壁纸合集\2.5剧情壁纸\1084-1593-016-16.jpg,unchanged,wallpapers,16,https://act-upload.mihoyo.com/nap-obc-indep/2026/01/09/73751405/0c00581b7f2687b3e4cc0ba0553319a8_496094385831066525.jpg
1084-1593-017-17,影像档案壁纸合集,1084,.jpg,1084-1593-017-17.jpg,2.5剧情壁纸,wallpapers|1084|1593|17|https://act-upload.mihoyo.com/nap-obc-indep/2026/01/09/73751405/a68342ca89481ccfb05f2c56a3873b98_7807707841364404588.jpg,1593,官方壁纸合集\影像档案壁纸合集\2.5剧情壁纸,官方壁纸合集\影像档案壁纸合集\2.5剧情壁纸\1084-1593-017-17.jpg,unchanged,wallpapers,17,https://act-upload.mihoyo.com/nap-obc-indep/2026/01/09/73751405/a68342ca89481ccfb05f2c56a3873b98_7807707841364404588.jpg
1084-1593-018-18,影像档案壁纸合集,1084,.jpg,1084-1593-018-18.jpg,2.5剧情壁纸,wallpapers|1084|1593|18|https://act-upload.mihoyo.com/nap-obc-indep/2026/01/09/73751405/00c7a73fc77529485d6e21096070aef0_8538934604112026092.jpg,1593,官方壁纸合集\影像档案壁纸合集\2.5剧情壁纸,官方壁纸合集\影像档案壁纸合集\2.5剧情壁纸\1084-1593-018-18.jpg,unchanged,wallpapers,18,https://act-upload.mihoyo.com/nap-obc-indep/2026/01/09/73751405/00c7a73fc77529485d6e21096070aef0_8538934604112026092.jpg
1084-1576-001-1,影像档案壁纸合集,1084,.jpg,1084-1576-001-1.jpg,2.4剧情壁纸,wallpapers|1084|1576|1|https://act-upload.mihoyo.com/nap-obc-indep/2026/01/05/73751405/f4236b5570936258b2b8c0c990348e10_7393481848852965392.jpg,1576,官方壁纸合集\影像档案壁纸合集\2.4剧情壁纸,官方壁纸合集\影像档案壁纸合集\2.4剧情壁纸\1084-1576-001-1.jpg,unchanged,wallpapers,1,https://act-upload.mihoyo.com/nap-obc-indep/2026/01/05/73751405/f4236b5570936258b2b8c0c990348e10_7393481848852965392.jpg
1084-1576-002-2,影像档案壁纸合集,1084,.jpg,1084-1576-002-2.jpg,2.4剧情壁纸,wallpapers|1084|1576|2|https://act-upload.mihoyo.com/nap-obc-indep/2026/01/05/73751405/f96469dc2960537160ce40ae85c1e26c_8831953252519541152.jpg,1576,官方壁纸合集\影像档案壁纸合集\2.4剧情壁纸,官方壁纸合集\影像档案壁纸合集\2.4剧情壁纸\1084-1576-002-2.jpg,unchanged,wallpapers,2,https://act-upload.mihoyo.com/nap-obc-indep/2026/01/05/73751405/f96469dc2960537160ce40ae85c1e26c_8831953252519541152.jpg
1084-1576-003-3,影像档案壁纸合集,1084,.jpg,1084-1576-003-3.jpg,2.4剧情壁纸,wallpapers|1084|1576|3|https://act-upload.mihoyo.com/nap-obc-indep/2026/01/05/73751405/cdfa250a0bc94fc5e6bac08f8320cf10_3084088951158387769.jpg,1576,官方壁纸合集\影像档案壁纸合集\2.4剧情壁纸,官方壁纸合集\影像档案壁纸合集\2.4剧情壁纸\1084-1576-003-3.jpg,unchanged,wallpapers,3,https://act-upload.mihoyo.com/nap-obc-indep/2026/01/05/73751405/cdfa250a0bc94fc5e6bac08f8320cf10_3084088951158387769.jpg
1084-1576-004-4,影像档案壁纸合集,1084,.jpg,1084-1576-004-4.jpg,2.4剧情壁纸,wallpapers|1084|1576|4|https://act-upload.mihoyo.com/nap-obc-indep/2026/01/05/73751405/2df1f26d2d49a67ebf48c41d24d585c4_2400249970677148211.jpg,1576,官方壁纸合集\影像档案壁纸合集\2.4剧情壁纸,官方壁纸合集\影像档案壁纸合集\2.4剧情壁纸\1084-1576-004-4.jpg,unchanged,wallpapers,4,https://act-upload.mihoyo.com/nap-obc-indep/2026/01/05/73751405/2df1f26d2d49a67ebf48c41d24d585c4_2400249970677148211.jpg
1084-1576-005-5,影像档案壁纸合集,1084,.jpg,1084-1576-005-5.jpg,2.4剧情壁纸,wallpapers|1084|1576|5|https://act-upload.mihoyo.com/nap-obc-indep/2026/01/05/73751405/e8e62e8a3eda1942745fe20fe906893a_5320816406291600183.jpg,1576,官方壁纸合集\影像档案壁纸合集\2.4剧情壁纸,官方壁纸合集\影像档案壁纸合集\2.4剧情壁纸\1084-1576-005-5.jpg,unchanged,wallpapers,5,https://act-upload.mihoyo.com/nap-obc-indep/2026/01/05/73751405/e8e62e8a3eda1942745fe20fe906893a_5320816406291600183.jpg
1084-1576-006-6,影像档案壁纸合集,1084,.jpg,1084-1576-006-6.jpg,2.4剧情壁纸,wallpapers|1084|1576|6|https://act-upload.mihoyo.com/nap-obc-indep/2026/01/05/73751405/c095d55d558d4d157ce4adc86cfe900a_3095961410017675851.jpg,1576,官方壁纸合集\影像档案壁纸合集\2.4剧情壁纸,官方壁纸合集\影像档案壁纸合集\2.4剧情壁纸\1084-1576-006-6.jpg,unchanged,wallpapers,6,https://act-upload.mihoyo.com/nap-obc-indep/2026/01/05/73751405/c095d55d558d4d157ce4adc86cfe900a_3095961410017675851.jpg
1084-1576-007-7,影像档案壁纸合集,1084,.jpg,1084-1576-007-7.jpg,2.4剧情壁纸,wallpapers|1084|1576|7|https://act-upload.mihoyo.com/nap-obc-indep/2026/01/05/73751405/e4d26740fa2721210b2cc41be65dec9e_8691009300362712429.jpg,1576,官方壁纸合集\影像档案壁纸合集\2.4剧情壁纸,官方壁纸合集\影像档案壁纸合集\2.4剧情壁纸\1084-1576-007-7.jpg,unchanged,wallpapers,7,https://act-upload.mihoyo.com/nap-obc-indep/2026/01/05/73751405/e4d26740fa2721210b2cc41be65dec9e_8691009300362712429.jpg
1084-1576-008-8,影像档案壁纸合集,1084,.jpg,1084-1576-008-8.jpg,2.4剧情壁纸,wallpapers|1084|1576|8|https://act-upload.mihoyo.com/nap-obc-indep/2026/01/05/73751405/88f05d8a5d5a490f2c75615e96b4e4de_5242472623103458175.jpg,1576,官方壁纸合集\影像档案壁纸合集\2.4剧情壁纸,官方壁纸合集\影像档案壁纸合集\2.4剧情壁纸\1084-1576-008-8.jpg,unchanged,wallpapers,8,https://act-upload.mihoyo.com/nap-obc-indep/2026/01/05/73751405/88f05d8a5d5a490f2c75615e96b4e4de_5242472623103458175.jpg
1084-1576-009-9,影像档案壁纸合集,1084,.jpg,1084-1576-009-9.jpg,2.4剧情壁纸,wallpapers|1084|1576|9|https://act-upload.mihoyo.com/nap-obc-indep/2026/01/05/73751405/c7097b6ff79e17041052ac0fec5c6671_2873909848571280769.jpg,1576,官方壁纸合集\影像档案壁纸合集\2.4剧情壁纸,官方壁纸合集\影像档案壁纸合集\2.4剧情壁纸\1084-1576-009-9.jpg,unchanged,wallpapers,9,https://act-upload.mihoyo.com/nap-obc-indep/2026/01/05/73751405/c7097b6ff79e17041052ac0fec5c6671_2873909848571280769.jpg
1084-1576-010-10,影像档案壁纸合集,1084,.jpg,1084-1576-010-10.jpg,2.4剧情壁纸,wallpapers|1084|1576|10|https://act-upload.mihoyo.com/nap-obc-indep/2026/01/05/73751405/33d32f76f87f9fc51a4c26f3d0e1958a_6197760638332969958.jpg,1576,官方壁纸合集\影像档案壁纸合集\2.4剧情壁纸,官方壁纸合集\影像档案壁纸合集\2.4剧情壁纸\1084-1576-010-10.jpg,unchanged,wallpapers,10,https://act-upload.mihoyo.com/nap-obc-indep/2026/01/05/73751405/33d32f76f87f9fc51a4c26f3d0e1958a_6197760638332969958.jpg
1084-1576-011-11,影像档案壁纸合集,1084,.jpg,1084-1576-011-11.jpg,2.4剧情壁纸,wallpapers|1084|1576|11|https://act-upload.mihoyo.com/nap-obc-indep/2026/01/05/73751405/3982b3dfd49e37d0fef871c220ad2b1a_5105183838352718287.jpg,1576,官方壁纸合集\影像档案壁纸合集\2.4剧情壁纸,官方壁纸合集\影像档案壁纸合集\2.4剧情壁纸\1084-1576-011-11.jpg,unchanged,wallpapers,11,https://act-upload.mihoyo.com/nap-obc-indep/2026/01/05/73751405/3982b3dfd49e37d0fef871c220ad2b1a_5105183838352718287.jpg
1084-1576-012-12,影像档案壁纸合集,1084,.jpg,1084-1576-012-12.jpg,2.4剧情壁纸,wallpapers|1084|1576|12|https://act-upload.mihoyo.com/nap-obc-indep/2026/01/05/73751405/0a28e18efb2b443c9203b169c14f161d_8322654250663804976.jpg,1576,官方壁纸合集\影像档案壁纸合集\2.4剧情壁纸,官方壁纸合集\影像档案壁纸合集\2.4剧情壁纸\1084-1576-012-12.jpg,unchanged,wallpapers,12,https://act-upload.mihoyo.com/nap-obc-indep/2026/01/05/73751405/0a28e18efb2b443c9203b169c14f161d_8322654250663804976.jpg
1084-1576-013-13,影像档案壁纸合集,1084,.jpg,1084-1576-013-13.jpg,2.4剧情壁纸,wallpapers|1084|1576|13|https://act-upload.mihoyo.com/nap-obc-indep/2026/01/05/73751405/b1c0d3a49752492798726924f2a1abb1_6048897588096662133.jpg,1576,官方壁纸合集\影像档案壁纸合集\2.4剧情壁纸,官方壁纸合集\影像档案壁纸合集\2.4剧情壁纸\1084-1576-013-13.jpg,unchanged,wallpapers,13,https://act-upload.mihoyo.com/nap-obc-indep/2026/01/05/73751405/b1c0d3a49752492798726924f2a1abb1_6048897588096662133.jpg
1084-1576-014-14,影像档案壁纸合集,1084,.jpg,1084-1576-014-14.jpg,2.4剧情壁纸,wallpapers|1084|1576|14|https://act-upload.mihoyo.com/nap-obc-indep/2026/01/05/73751405/4767f980378caac5db6924d7f920e498_6071705454131606451.jpg,1576,官方壁纸合集\影像档案壁纸合集\2.4剧情壁纸,官方壁纸合集\影像档案壁纸合集\2.4剧情壁纸\1084-1576-014-14.jpg,unchanged,wallpapers,14,https://act-upload.mihoyo.com/nap-obc-indep/2026/01/05/73751405/4767f980378caac5db6924d7f920e498_6071705454131606451.jpg
1084-1576-015-15,影像档案壁纸合集,1084,.jpg,1084-1576-015-15.jpg,2.4剧情壁纸,wallpapers|1084|1576|15|https://act-upload.mihoyo.com/nap-obc-indep/2026/01/05/73751405/53941640c094a4eb8ee1fd14ba7ba85a_6669179671889464247.jpg,1576,官方壁纸合集\影像档案壁纸合集\2.4剧情壁纸,官方壁纸合集\影像档案壁纸合集\2.4剧情壁纸\1084-1576-015-15.jpg,unchanged,wallpapers,15,https://act-upload.mihoyo.com/nap-obc-indep/2026/01/05/73751405/53941640c094a4eb8ee1fd14ba7ba85a_6669179671889464247.jpg
1084-1576-016-16,影像档案壁纸合集,1084,.jpg,1084-1576-016-16.jpg,2.4剧情壁纸,wallpapers|1084|1576|16|https://act-upload.mihoyo.com/nap-obc-indep/2026/01/05/73751405/f73ac23e749f3b99a8ec779423531285_4536963326090705842.jpg,1576,官方壁纸合集\影像档案壁纸合集\2.4剧情壁纸,官方壁纸合集\影像档案壁纸合集\2.4剧情壁纸\1084-1576-016-16.jpg,unchanged,wallpapers,16,https://act-upload.mihoyo.com/nap-obc-indep/2026/01/05/73751405/f73ac23e749f3b99a8ec779423531285_4536963326090705842.jpg
1084-1501-001-1,影像档案壁纸合集,1084,.jpg,1084-1501-001-1.jpg,2.3剧情壁纸,wallpapers|1084|1501|1|https://act-upload.mihoyo.com/nap-obc-indep/2025/12/05/73751405/bc5fc5f6dbb570f71335a0c3750e45e9_2834271523990940374.jpg,1501,官方壁纸合集\影像档案壁纸合集\2.3剧情壁纸,官方壁纸合集\影像档案壁纸合集\2.3剧情壁纸\1084-1501-001-1.jpg,unchanged,wallpapers,1,https://act-upload.mihoyo.com/nap-obc-indep/2025/12/05/73751405/bc5fc5f6dbb570f71335a0c3750e45e9_2834271523990940374.jpg
1084-1501-002-2,影像档案壁纸合集,1084,.jpg,1084-1501-002-2.jpg,2.3剧情壁纸,wallpapers|1084|1501|2|https://act-upload.mihoyo.com/nap-obc-indep/2025/12/05/73751405/0740fdb33bba3ed1ecbcf1859bcb3d91_7735157783930710115.jpg,1501,官方壁纸合集\影像档案壁纸合集\2.3剧情壁纸,官方壁纸合集\影像档案壁纸合集\2.3剧情壁纸\1084-1501-002-2.jpg,unchanged,wallpapers,2,https://act-upload.mihoyo.com/nap-obc-indep/2025/12/05/73751405/0740fdb33bba3ed1ecbcf1859bcb3d91_7735157783930710115.jpg
1084-1501-003-3,影像档案壁纸合集,1084,.jpg,1084-1501-003-3.jpg,2.3剧情壁纸,wallpapers|1084|1501|3|https://act-upload.mihoyo.com/nap-obc-indep/2025/12/05/73751405/8bc0164bf51c7a3f989e233fdc02720a_8409574143586445388.jpg,1501,官方壁纸合集\影像档案壁纸合集\2.3剧情壁纸,官方壁纸合集\影像档案壁纸合集\2.3剧情壁纸\1084-1501-003-3.jpg,unchanged,wallpapers,3,https://act-upload.mihoyo.com/nap-obc-indep/2025/12/05/73751405/8bc0164bf51c7a3f989e233fdc02720a_8409574143586445388.jpg
1084-1501-004-4,影像档案壁纸合集,1084,.jpg,1084-1501-004-4.jpg,2.3剧情壁纸,wallpapers|1084|1501|4|https://act-upload.mihoyo.com/nap-obc-indep/2025/12/05/73751405/f1afff7e882b69f607a38aa7631029ba_8316713593230589246.jpg,1501,官方壁纸合集\影像档案壁纸合集\2.3剧情壁纸,官方壁纸合集\影像档案壁纸合集\2.3剧情壁纸\1084-1501-004-4.jpg,unchanged,wallpapers,4,https://act-upload.mihoyo.com/nap-obc-indep/2025/12/05/73751405/f1afff7e882b69f607a38aa7631029ba_8316713593230589246.jpg
1084-1501-005-5,影像档案壁纸合集,1084,.jpg,1084-1501-005-5.jpg,2.3剧情壁纸,wallpapers|1084|1501|5|https://act-upload.mihoyo.com/nap-obc-indep/2025/12/05/73751405/001cda4fe8cc1684328f4d0de4f417a1_4305106186825500046.jpg,1501,官方壁纸合集\影像档案壁纸合集\2.3剧情壁纸,官方壁纸合集\影像档案壁纸合集\2.3剧情壁纸\1084-1501-005-5.jpg,unchanged,wallpapers,5,https://act-upload.mihoyo.com/nap-obc-indep/2025/12/05/73751405/001cda4fe8cc1684328f4d0de4f417a1_4305106186825500046.jpg
1084-1501-006-6,影像档案壁纸合集,1084,.jpg,1084-1501-006-6.jpg,2.3剧情壁纸,wallpapers|1084|1501|6|https://act-upload.mihoyo.com/nap-obc-indep/2025/12/05/73751405/79fcaf6d54df014f6736b8d543a04807_442225630423569502.jpg,1501,官方壁纸合集\影像档案壁纸合集\2.3剧情壁纸,官方壁纸合集\影像档案壁纸合集\2.3剧情壁纸\1084-1501-006-6.jpg,unchanged,wallpapers,6,https://act-upload.mihoyo.com/nap-obc-indep/2025/12/05/73751405/79fcaf6d54df014f6736b8d543a04807_442225630423569502.jpg
1084-1501-007-7,影像档案壁纸合集,1084,.jpg,1084-1501-007-7.jpg,2.3剧情壁纸,wallpapers|1084|1501|7|https://act-upload.mihoyo.com/nap-obc-indep/2025/12/05/73751405/7a33d85ee6acae818f4cb7c6e6155dc6_1887826394928523054.jpg,1501,官方壁纸合集\影像档案壁纸合集\2.3剧情壁纸,官方壁纸合集\影像档案壁纸合集\2.3剧情壁纸\1084-1501-007-7.jpg,unchanged,wallpapers,7,https://act-upload.mihoyo.com/nap-obc-indep/2025/12/05/73751405/7a33d85ee6acae818f4cb7c6e6155dc6_1887826394928523054.jpg
1084-1501-008-8,影像档案壁纸合集,1084,.jpg,1084-1501-008-8.jpg,2.3剧情壁纸,wallpapers|1084|1501|8|https://act-upload.mihoyo.com/nap-obc-indep/2025/12/05/73751405/123a35c8f418d9f1bf87ca5b8b6096a3_5772977619189407291.jpg,1501,官方壁纸合集\影像档案壁纸合集\2.3剧情壁纸,官方壁纸合集\影像档案壁纸合集\2.3剧情壁纸\1084-1501-008-8.jpg,unchanged,wallpapers,8,https://act-upload.mihoyo.com/nap-obc-indep/2025/12/05/73751405/123a35c8f418d9f1bf87ca5b8b6096a3_5772977619189407291.jpg
1084-1501-009-9,影像档案壁纸合集,1084,.jpg,1084-1501-009-9.jpg,2.3剧情壁纸,wallpapers|1084|1501|9|https://act-upload.mihoyo.com/nap-obc-indep/2025/12/05/73751405/b7ae246402c711f7037d49ffc60b166e_6009176813594637448.jpg,1501,官方壁纸合集\影像档案壁纸合集\2.3剧情壁纸,官方壁纸合集\影像档案壁纸合集\2.3剧情壁纸\1084-1501-009-9.jpg,unchanged,wallpapers,9,https://act-upload.mihoyo.com/nap-obc-indep/2025/12/05/73751405/b7ae246402c711f7037d49ffc60b166e_6009176813594637448.jpg
1084-1501-010-10,影像档案壁纸合集,1084,.jpg,1084-1501-010-10.jpg,2.3剧情壁纸,wallpapers|1084|1501|10|https://act-upload.mihoyo.com/nap-obc-indep/2025/12/05/73751405/80c252443aa23009fd851ebc693b6c9e_5102667593586840546.jpg,1501,官方壁纸合集\影像档案壁纸合集\2.3剧情壁纸,官方壁纸合集\影像档案壁纸合集\2.3剧情壁纸\1084-1501-010-10.jpg,unchanged,wallpapers,10,https://act-upload.mihoyo.com/nap-obc-indep/2025/12/05/73751405/80c252443aa23009fd851ebc693b6c9e_5102667593586840546.jpg
咏蛾,过塑手账壁纸合集,718,.png,咏蛾.png,,wallpapers|718|326|咏蛾|https://act-upload.mihoyo.com/nap-obc-indep/2025/02/13/73751405/b2b04705e66df8b03b5fc2d3b1d656d1_4994984409719420498.png,326,官方壁纸合集\过塑手账壁纸合集,官方壁纸合集\过塑手账壁纸合集\咏蛾.png,unchanged,wallpapers,咏蛾,https://act-upload.mihoyo.com/nap-obc-indep/2025/02/13/73751405/b2b04705e66df8b03b5fc2d3b1d656d1_4994984409719420498.png
午后休止符,过塑手账壁纸合集,718,.jpg,午后休止符.jpg,,wallpapers|718|326|午后休止符|https://act-upload.mihoyo.com/nap-obc-indep/2025/01/23/73751405/0cbc862954349c4fc1b25fda6c979990_6893393239248295553.jpg,326,官方壁纸合集\过塑手账壁纸合集,官方壁纸合集\过塑手账壁纸合集\午后休止符.jpg,unchanged,wallpapers,午后休止符,https://act-upload.mihoyo.com/nap-obc-indep/2025/01/23/73751405/0cbc862954349c4fc1b25fda6c979990_6893393239248295553.jpg
真能吃苦,过塑手账壁纸合集,718,.jpg,真能吃苦.jpg,,wallpapers|718|326|真能吃苦|https://act-upload.mihoyo.com/nap-obc-indep/2024/12/26/73751405/d38cb5b543e0cae3d18356a14bba348b_5606591189271673045.jpg,326,官方壁纸合集\过塑手账壁纸合集,官方壁纸合集\过塑手账壁纸合集\真能吃苦.jpg,unchanged,wallpapers,真能吃苦,https://act-upload.mihoyo.com/nap-obc-indep/2024/12/26/73751405/d38cb5b543e0cae3d18356a14bba348b_5606591189271673045.jpg
想很多的一刀,过塑手账壁纸合集,718,.jpg,想很多的一刀.jpg,,wallpapers|718|326|想很多的一刀|https://act-upload.mihoyo.com/nap-obc-indep/2024/12/25/73751405/d5670a6ec46c2ddd5688f0bd04465325_5350662992646993204.jpg,326,官方壁纸合集\过塑手账壁纸合集,官方壁纸合集\过塑手账壁纸合集\想很多的一刀.jpg,unchanged,wallpapers,想很多的一刀,https://act-upload.mihoyo.com/nap-obc-indep/2024/12/25/73751405/d5670a6ec46c2ddd5688f0bd04465325_5350662992646993204.jpg
冠军的滤镜,过塑手账壁纸合集,718,.jpg,冠军的滤镜.jpg,,wallpapers|718|326|冠军的滤镜|https://act-upload.mihoyo.com/nap-obc-indep/2024/11/30/73751405/735dc485098874f1379776762df51be0_1093603798841726751.jpg,326,官方壁纸合集\过塑手账壁纸合集,官方壁纸合集\过塑手账壁纸合集\冠军的滤镜.jpg,unchanged,wallpapers,冠军的滤镜,https://act-upload.mihoyo.com/nap-obc-indep/2024/11/30/73751405/735dc485098874f1379776762df51be0_1093603798841726751.jpg
好吃到跺韵脚,过塑手账壁纸合集,718,.jpg,好吃到跺韵脚.jpg,,wallpapers|718|326|好吃到跺韵脚|https://act-upload.mihoyo.com/nap-obc-indep/2024/11/09/73751405/a497969b1d1207a4200751674994c6f8_8493302412968598441.jpg,326,官方壁纸合集\过塑手账壁纸合集,官方壁纸合集\过塑手账壁纸合集\好吃到跺韵脚.jpg,unchanged,wallpapers,好吃到跺韵脚,https://act-upload.mihoyo.com/nap-obc-indep/2024/11/09/73751405/a497969b1d1207a4200751674994c6f8_8493302412968598441.jpg
时·自律者,过塑手账壁纸合集,718,.jpg,时·自律者.jpg,,wallpapers|718|326|时·自律者|https://act-upload.mihoyo.com/nap-obc-indep/2024/11/08/73751405/029abbc934b20f802680837dee12b1c0_4234979088225563125.jpg,326,官方壁纸合集\过塑手账壁纸合集,官方壁纸合集\过塑手账壁纸合集\时·自律者.jpg,unchanged,wallpapers,时·自律者,https://act-upload.mihoyo.com/nap-obc-indep/2024/11/08/73751405/029abbc934b20f802680837dee12b1c0_4234979088225563125.jpg
釜底抽薪,过塑手账壁纸合集,718,.jpg,釜底抽薪.jpg,,wallpapers|718|326|釜底抽薪|https://act-upload.mihoyo.com/nap-obc-indep/2024/10/18/73751405/224115273734569881ee0266f5ed23ae_8258248074108046775.jpg,326,官方壁纸合集\过塑手账壁纸合集,官方壁纸合集\过塑手账壁纸合集\釜底抽薪.jpg,unchanged,wallpapers,釜底抽薪,https://act-upload.mihoyo.com/nap-obc-indep/2024/10/18/73751405/224115273734569881ee0266f5ed23ae_8258248074108046775.jpg
慵懒不是摆烂,过塑手账壁纸合集,718,.jpg,慵懒不是摆烂.jpg,,wallpapers|718|326|慵懒不是摆烂|https://act-upload.mihoyo.com/nap-obc-indep/2024/10/05/73751405/cbc12fd08c39da8d32971260f0a1338b_4230014956587214584.jpg,326,官方壁纸合集\过塑手账壁纸合集,官方壁纸合集\过塑手账壁纸合集\慵懒不是摆烂.jpg,unchanged,wallpapers,慵懒不是摆烂,https://act-upload.mihoyo.com/nap-obc-indep/2024/10/05/73751405/cbc12fd08c39da8d32971260f0a1338b_4230014956587214584.jpg
草木砖皆兵,过塑手账壁纸合集,718,.jpg,草木砖皆兵.jpg,,wallpapers|718|326|草木砖皆兵|https://act-upload.mihoyo.com/nap-obc-indep/2024/10/04/73751405/dd3c1b833ea1e859f213aeed4c3e5259_9122099801055966129.jpg,326,官方壁纸合集\过塑手账壁纸合集,官方壁纸合集\过塑手账壁纸合集\草木砖皆兵.jpg,unchanged,wallpapers,草木砖皆兵,https://act-upload.mihoyo.com/nap-obc-indep/2024/10/04/73751405/dd3c1b833ea1e859f213aeed4c3e5259_9122099801055966129.jpg
干杯！哪怕是超大悲！,过塑手账壁纸合集,718,.jpg,干杯！哪怕是超大悲！.jpg,,wallpapers|718|326|干杯！哪怕是超大悲！|https://act-upload.mihoyo.com/nap-obc-indep/2024/10/04/73751405/7d6b0c1247afd9c975cf78d71226eb47_3205697294543221057.jpg,326,官方壁纸合集\过塑手账壁纸合集,官方壁纸合集\过塑手账壁纸合集\干杯！哪怕是超大悲！.jpg,unchanged,wallpapers,干杯！哪怕是超大悲！,https://act-upload.mihoyo.com/nap-obc-indep/2024/10/04/73751405/7d6b0c1247afd9c975cf78d71226eb47_3205697294543221057.jpg
成长的烦恼,过塑手账壁纸合集,718,.jpg,成长的烦恼.jpg,,wallpapers|718|326|成长的烦恼|https://act-upload.mihoyo.com/nap-obc-indep/2024/09/09/158441880/35cc325fe7c4864998ecae425148b7ce_5433362226523494196.jpg,326,官方壁纸合集\过塑手账壁纸合集,官方壁纸合集\过塑手账壁纸合集\成长的烦恼.jpg,unchanged,wallpapers,成长的烦恼,https://act-upload.mihoyo.com/nap-obc-indep/2024/09/09/158441880/35cc325fe7c4864998ecae425148b7ce_5433362226523494196.jpg
演鼠的故事,过塑手账壁纸合集,718,.jpg,演鼠的故事.jpg,,wallpapers|718|326|演鼠的故事|https://act-upload.mihoyo.com/nap-obc-indep/2024/09/06/158441880/d77822817da6ba728ba9680162dd627c_1451356357873718598.jpg,326,官方壁纸合集\过塑手账壁纸合集,官方壁纸合集\过塑手账壁纸合集\演鼠的故事.jpg,unchanged,wallpapers,演鼠的故事,https://act-upload.mihoyo.com/nap-obc-indep/2024/09/06/158441880/d77822817da6ba728ba9680162dd627c_1451356357873718598.jpg
鸾铃响处,过塑手账壁纸合集,718,.jpg,鸾铃响处.jpg,,wallpapers|718|326|鸾铃响处|https://act-upload.mihoyo.com/nap-obc-indep/2024/09/06/158441880/019677565ea787df5111fac0949c0ad4_2166219206438670761.jpg,326,官方壁纸合集\过塑手账壁纸合集,官方壁纸合集\过塑手账壁纸合集\鸾铃响处.jpg,unchanged,wallpapers,鸾铃响处,https://act-upload.mihoyo.com/nap-obc-indep/2024/09/06/158441880/019677565ea787df5111fac0949c0ad4_2166219206438670761.jpg
计划就是用来完成的,过塑手账壁纸合集,718,.jpg,计划就是用来完成的.jpg,,wallpapers|718|326|计划就是用来完成的|https://act-upload.mihoyo.com/nap-obc-indep/2024/08/18/158441880/f1539b0f2e3ac3092057b2ebece36d17_3044655020738231590.jpg,326,官方壁纸合集\过塑手账壁纸合集,官方壁纸合集\过塑手账壁纸合集\计划就是用来完成的.jpg,unchanged,wallpapers,计划就是用来完成的,https://act-upload.mihoyo.com/nap-obc-indep/2024/08/18/158441880/f1539b0f2e3ac3092057b2ebece36d17_3044655020738231590.jpg
鲨时间,过塑手账壁纸合集,718,.jpg,鲨时间.jpg,,wallpapers|718|326|鲨时间|https://act-upload.mihoyo.com/nap-obc-indep/2024/08/18/158441880/920ae669045bb032f56a4750d19c7440_2597150419778159734.jpg,326,官方壁纸合集\过塑手账壁纸合集,官方壁纸合集\过塑手账壁纸合集\鲨时间.jpg,unchanged,wallpapers,鲨时间,https://act-upload.mihoyo.com/nap-obc-indep/2024/08/18/158441880/920ae669045bb032f56a4750d19c7440_2597150419778159734.jpg
生活智慧王,过塑手账壁纸合集,718,.jpg,生活智慧王.jpg,,wallpapers|718|326|生活智慧王|https://act-upload.mihoyo.com/nap-obc-indep/2024/08/18/158441880/e6a817290b2011933c9550d897b5d3e5_8543570040299234215.jpg,326,官方壁纸合集\过塑手账壁纸合集,官方壁纸合集\过塑手账壁纸合集\生活智慧王.jpg,unchanged,wallpapers,生活智慧王,https://act-upload.mihoyo.com/nap-obc-indep/2024/08/18/158441880/e6a817290b2011933c9550d897b5d3e5_8543570040299234215.jpg
腥级晚宴,过塑手账壁纸合集,718,.jpg,腥级晚宴.jpg,,wallpapers|718|326|腥级晚宴|https://act-upload.mihoyo.com/nap-obc-indep/2024/08/18/158441880/b4817e90e9a256b17c97b9a59066017c_4736469424854027533.jpg,326,官方壁纸合集\过塑手账壁纸合集,官方壁纸合集\过塑手账壁纸合集\腥级晚宴.jpg,unchanged,wallpapers,腥级晚宴,https://act-upload.mihoyo.com/nap-obc-indep/2024/08/18/158441880/b4817e90e9a256b17c97b9a59066017c_4736469424854027533.jpg
仍有优雅的空间,过塑手账壁纸合集,718,.jpg,仍有优雅的空间.jpg,,wallpapers|718|326|仍有优雅的空间|https://act-upload.mihoyo.com/nap-obc-indep/2024/08/18/158441880/2bb0ec8cf9bc55236cad1d39b396bc5b_3838822263297437747.jpg,326,官方壁纸合集\过塑手账壁纸合集,官方壁纸合集\过塑手账壁纸合集\仍有优雅的空间.jpg,unchanged,wallpapers,仍有优雅的空间,https://act-upload.mihoyo.com/nap-obc-indep/2024/08/18/158441880/2bb0ec8cf9bc55236cad1d39b396bc5b_3838822263297437747.jpg
兄弟爆一下,过塑手账壁纸合集,718,.jpg,兄弟爆一下.jpg,,wallpapers|718|326|兄弟爆一下|https://act-upload.mihoyo.com/nap-obc-indep/2024/08/18/158441880/663f6e3bce5d0cb9481e8765fa96d67a_7928287280836233742.jpg,326,官方壁纸合集\过塑手账壁纸合集,官方壁纸合集\过塑手账壁纸合集\兄弟爆一下.jpg,unchanged,wallpapers,兄弟爆一下,https://act-upload.mihoyo.com/nap-obc-indep/2024/08/18/158441880/663f6e3bce5d0cb9481e8765fa96d67a_7928287280836233742.jpg
借贷必相等,过塑手账壁纸合集,718,.jpg,借贷必相等.jpg,,wallpapers|718|326|借贷必相等|https://act-upload.mihoyo.com/nap-obc-indep/2024/08/18/158441880/0f4f117e54ce5914ce4e9c82c893875b_7318485434597448746.jpg,326,官方壁纸合集\过塑手账壁纸合集,官方壁纸合集\过塑手账壁纸合集\借贷必相等.jpg,unchanged,wallpapers,借贷必相等,https://act-upload.mihoyo.com/nap-obc-indep/2024/08/18/158441880/0f4f117e54ce5914ce4e9c82c893875b_7318485434597448746.jpg
心跳与轴承共轭,过塑手账壁纸合集,718,.jpg,心跳与轴承共轭.jpg,,wallpapers|718|326|心跳与轴承共轭|https://act-upload.mihoyo.com/nap-obc-indep/2024/08/18/158441880/260dc04fae2c3803aec9e3a59662310b_6178079205508183053.jpg,326,官方壁纸合集\过塑手账壁纸合集,官方壁纸合集\过塑手账壁纸合集\心跳与轴承共轭.jpg,unchanged,wallpapers,心跳与轴承共轭,https://act-upload.mihoyo.com/nap-obc-indep/2024/08/18/158441880/260dc04fae2c3803aec9e3a59662310b_6178079205508183053.jpg
烈火熊心,过塑手账壁纸合集,718,.jpg,烈火熊心.jpg,,wallpapers|718|326|烈火熊心|https://act-upload.mihoyo.com/nap-obc-indep/2024/08/18/158441880/7a542b22129d184bb68fc4cf8517c2fa_8583919433218737914.jpg,326,官方壁纸合集\过塑手账壁纸合集,官方壁纸合集\过塑手账壁纸合集\烈火熊心.jpg,unchanged,wallpapers,烈火熊心,https://act-upload.mihoyo.com/nap-obc-indep/2024/08/18/158441880/7a542b22129d184bb68fc4cf8517c2fa_8583919433218737914.jpg
喵喵不用等,过塑手账壁纸合集,718,.jpg,喵喵不用等.jpg,,wallpapers|718|326|喵喵不用等|https://act-upload.mihoyo.com/nap-obc-indep/2024/08/18/158441880/a3be6fe477f333139acb3506ee21f39c_4265253082222264035.jpg,326,官方壁纸合集\过塑手账壁纸合集,官方壁纸合集\过塑手账壁纸合集\喵喵不用等.jpg,unchanged,wallpapers,喵喵不用等,https://act-upload.mihoyo.com/nap-obc-indep/2024/08/18/158441880/a3be6fe477f333139acb3506ee21f39c_4265253082222264035.jpg
本月的第82次演习,过塑手账壁纸合集,718,.jpg,本月的第82次演习.jpg,,wallpapers|718|326|本月的第82次演习|https://act-upload.mihoyo.com/nap-obc-indep/2024/08/18/158441880/ac9c76f050f0036de3e7b9a701d1b2c8_7095968793756376197.jpg,326,官方壁纸合集\过塑手账壁纸合集,官方壁纸合集\过塑手账壁纸合集\本月的第82次演习.jpg,unchanged,wallpapers,本月的第82次演习,https://act-upload.mihoyo.com/nap-obc-indep/2024/08/18/158441880/ac9c76f050f0036de3e7b9a701d1b2c8_7095968793756376197.jpg
拉面的美味秘诀是？,过塑手账壁纸合集,718,.jpg,拉面的美味秘诀是？.jpg,,wallpapers|718|326|拉面的美味秘诀是？|https://act-upload.mihoyo.com/nap-obc-indep/2024/08/18/158441880/fe202b2fad2c66ac958fed9714f9aece_1350628122636199576.jpg,326,官方壁纸合集\过塑手账壁纸合集,官方壁纸合集\过塑手账壁纸合集\拉面的美味秘诀是？.jpg,unchanged,wallpapers,拉面的美味秘诀是？,https://act-upload.mihoyo.com/nap-obc-indep/2024/08/18/158441880/fe202b2fad2c66ac958fed9714f9aece_1350628122636199576.jpg
汉堡，电影，爱,过塑手账壁纸合集,718,.jpg,汉堡，电影，爱.jpg,,wallpapers|718|326|汉堡，电影，爱|https://act-upload.mihoyo.com/nap-obc-indep/2024/08/18/158441880/8adc514293130d8f27fdd084f640a9be_5776804276836882223.jpg,326,官方壁纸合集\过塑手账壁纸合集,官方壁纸合集\过塑手账壁纸合集\汉堡，电影，爱.jpg,unchanged,wallpapers,汉堡，电影，爱,https://act-upload.mihoyo.com/nap-obc-indep/2024/08/18/158441880/8adc514293130d8f27fdd084f640a9be_5776804276836882223.jpg
浅羽悠真篇,丽都放大镜壁纸合集,717,.png,浅羽悠真篇.png,,wallpapers|717|326|浅羽悠真篇|https://act-upload.mihoyo.com/nap-obc-indep/2024/12/21/73751405/e920d41c5288609d24dac465eee4c802_5497904588617659957.png,326,官方壁纸合集\丽都放大镜壁纸合集,官方壁纸合集\丽都放大镜壁纸合集\浅羽悠真篇.png,unchanged,wallpapers,浅羽悠真篇,https://act-upload.mihoyo.com/nap-obc-indep/2024/12/21/73751405/e920d41c5288609d24dac465eee4c802_5497904588617659957.png
星见雅篇,丽都放大镜壁纸合集,717,.png,星见雅篇.png,,wallpapers|717|326|星见雅篇|https://act-upload.mihoyo.com/nap-obc-indep/2024/12/18/73751405/19b52bd328c80457747cd6212cfa3cea_1543088364998558135.png,326,官方壁纸合集\丽都放大镜壁纸合集,官方壁纸合集\丽都放大镜壁纸合集\星见雅篇.png,unchanged,wallpapers,星见雅篇,https://act-upload.mihoyo.com/nap-obc-indep/2024/12/18/73751405/19b52bd328c80457747cd6212cfa3cea_1543088364998558135.png
莱特篇,丽都放大镜壁纸合集,717,.png,莱特篇.png,,wallpapers|717|326|莱特篇|https://act-upload.mihoyo.com/nap-obc-indep/2024/11/27/73751405/b574e1e2e90051e4dc130834f27dbad8_8570166339130614477.png,326,官方壁纸合集\丽都放大镜壁纸合集,官方壁纸合集\丽都放大镜壁纸合集\莱特篇.png,unchanged,wallpapers,莱特篇,https://act-upload.mihoyo.com/nap-obc-indep/2024/11/27/73751405/b574e1e2e90051e4dc130834f27dbad8_8570166339130614477.png
月城柳篇,丽都放大镜壁纸合集,717,.png,月城柳篇.png,,wallpapers|717|326|月城柳篇|https://act-upload.mihoyo.com/nap-obc-indep/2024/11/06/73751405/4a237bcd3bf6eff5bc5a3d0ac146c5bb_5824030449007268676.png,326,官方壁纸合集\丽都放大镜壁纸合集,官方壁纸合集\丽都放大镜壁纸合集\月城柳篇.png,unchanged,wallpapers,月城柳篇,https://act-upload.mihoyo.com/nap-obc-indep/2024/11/06/73751405/4a237bcd3bf6eff5bc5a3d0ac146c5bb_5824030449007268676.png
柏妮思篇,丽都放大镜壁纸合集,717,.png,柏妮思篇.png,,wallpapers|717|326|柏妮思篇|https://act-upload.mihoyo.com/nap-obc-indep/2024/10/18/73751405/494ab919200e74bffb10fea1a8569052_6694466500455295037.png,326,官方壁纸合集\丽都放大镜壁纸合集,官方壁纸合集\丽都放大镜壁纸合集\柏妮思篇.png,unchanged,wallpapers,柏妮思篇,https://act-upload.mihoyo.com/nap-obc-indep/2024/10/18/73751405/494ab919200e74bffb10fea1a8569052_6694466500455295037.png
露西篇,丽都放大镜壁纸合集,717,.png,露西篇.png,,wallpapers|717|326|露西篇|https://act-upload.mihoyo.com/nap-obc-indep/2024/10/09/73751405/7df7708314c9b62046fe9f3627142006_2040185773005695539.png,326,官方壁纸合集\丽都放大镜壁纸合集,官方壁纸合集\丽都放大镜壁纸合集\露西篇.png,unchanged,wallpapers,露西篇,https://act-upload.mihoyo.com/nap-obc-indep/2024/10/09/73751405/7df7708314c9b62046fe9f3627142006_2040185773005695539.png
派派篇,丽都放大镜壁纸合集,717,.png,派派篇.png,,wallpapers|717|326|派派篇|https://act-upload.mihoyo.com/nap-obc-indep/2024/10/03/73751405/174b0e59062759d34fc50aa02b844fca_3101849836411129775.png,326,官方壁纸合集\丽都放大镜壁纸合集,官方壁纸合集\丽都放大镜壁纸合集\派派篇.png,unchanged,wallpapers,派派篇,https://act-upload.mihoyo.com/nap-obc-indep/2024/10/03/73751405/174b0e59062759d34fc50aa02b844fca_3101849836411129775.png
凯撒篇,丽都放大镜壁纸合集,717,.png,凯撒篇.png,,wallpapers|717|326|凯撒篇|https://act-upload.mihoyo.com/nap-obc-indep/2024/10/03/73751405/a62fc6c78116b54a6f2de2341418c1b7_5629111988196771788.png,326,官方壁纸合集\丽都放大镜壁纸合集,官方壁纸合集\丽都放大镜壁纸合集\凯撒篇.png,unchanged,wallpapers,凯撒篇,https://act-upload.mihoyo.com/nap-obc-indep/2024/10/03/73751405/a62fc6c78116b54a6f2de2341418c1b7_5629111988196771788.png
赛斯篇,丽都放大镜壁纸合集,717,.png,赛斯篇.png,,wallpapers|717|326|赛斯篇|https://act-upload.mihoyo.com/nap-obc-indep/2024/09/09/158441880/0914d775a5b504dc2e65911aa99454bf_5748614723347693551.png,326,官方壁纸合集\丽都放大镜壁纸合集,官方壁纸合集\丽都放大镜壁纸合集\赛斯篇.png,unchanged,wallpapers,赛斯篇,https://act-upload.mihoyo.com/nap-obc-indep/2024/09/09/158441880/0914d775a5b504dc2e65911aa99454bf_5748614723347693551.png
简篇,丽都放大镜壁纸合集,717,.png,简篇.png,,wallpapers|717|326|简篇|https://act-upload.mihoyo.com/nap-obc-indep/2024/09/06/158441880/6b8099042aed4dd2d91b1e1844f6bf51_8470525164375085172.png,326,官方壁纸合集\丽都放大镜壁纸合集,官方壁纸合集\丽都放大镜壁纸合集\简篇.png,unchanged,wallpapers,简篇,https://act-upload.mihoyo.com/nap-obc-indep/2024/09/06/158441880/6b8099042aed4dd2d91b1e1844f6bf51_8470525164375085172.png
青衣篇,丽都放大镜壁纸合集,717,.png,青衣篇.png,,wallpapers|717|326|青衣篇|https://act-upload.mihoyo.com/nap-obc-indep/2024/08/18/158441880/14d4c07ab63b8c226575a256054a9b90_6575861770459277355.png,326,官方壁纸合集\丽都放大镜壁纸合集,官方壁纸合集\丽都放大镜壁纸合集\青衣篇.png,unchanged,wallpapers,青衣篇,https://act-upload.mihoyo.com/nap-obc-indep/2024/08/18/158441880/14d4c07ab63b8c226575a256054a9b90_6575861770459277355.png
妮可篇,丽都放大镜壁纸合集,717,.png,妮可篇.png,,wallpapers|717|326|妮可篇|https://act-upload.mihoyo.com/nap-obc-indep/2024/08/18/158441880/426a0ea72f059f5bd4f962e7da33a00e_4324735597094349985.png,326,官方壁纸合集\丽都放大镜壁纸合集,官方壁纸合集\丽都放大镜壁纸合集\妮可篇.png,unchanged,wallpapers,妮可篇,https://act-upload.mihoyo.com/nap-obc-indep/2024/08/18/158441880/426a0ea72f059f5bd4f962e7da33a00e_4324735597094349985.png
安比篇,丽都放大镜壁纸合集,717,.jpg,安比篇.jpg,,wallpapers|717|326|安比篇|https://act-upload.mihoyo.com/nap-obc-indep/2024/08/18/158441880/d60d1c3125a331fbab9bccf007107855_3991212207729591334.jpg,326,官方壁纸合集\丽都放大镜壁纸合集,官方壁纸合集\丽都放大镜壁纸合集\安比篇.jpg,unchanged,wallpapers,安比篇,https://act-upload.mihoyo.com/nap-obc-indep/2024/08/18/158441880/d60d1c3125a331fbab9bccf007107855_3991212207729591334.jpg
朱鸢篇,丽都放大镜壁纸合集,717,.jpg,朱鸢篇.jpg,,wallpapers|717|326|朱鸢篇|https://act-upload.mihoyo.com/nap-obc-indep/2024/08/18/158441880/bb3d2820c7c16ee699ade3b28bda0287_7749211485252630224.jpg,326,官方壁纸合集\丽都放大镜壁纸合集,官方壁纸合集\丽都放大镜壁纸合集\朱鸢篇.jpg,unchanged,wallpapers,朱鸢篇,https://act-upload.mihoyo.com/nap-obc-indep/2024/08/18/158441880/bb3d2820c7c16ee699ade3b28bda0287_7749211485252630224.jpg
艾莲篇,丽都放大镜壁纸合集,717,.png,艾莲篇.png,,wallpapers|717|326|艾莲篇|https://act-upload.mihoyo.com/nap-obc-indep/2024/08/18/158441880/87238b000869020a0c9fdbf8d2f3e0d2_7314611073417024804.png,326,官方壁纸合集\丽都放大镜壁纸合集,官方壁纸合集\丽都放大镜壁纸合集\艾莲篇.png,unchanged,wallpapers,艾莲篇,https://act-upload.mihoyo.com/nap-obc-indep/2024/08/18/158441880/87238b000869020a0c9fdbf8d2f3e0d2_7314611073417024804.png
莱卡恩篇,丽都放大镜壁纸合集,717,.png,莱卡恩篇.png,,wallpapers|717|326|莱卡恩篇|https://act-upload.mihoyo.com/nap-obc-indep/2024/08/18/158441880/3f13ac8685da7ade19fe0eb1d2dc42e1_3849683832891537804.png,326,官方壁纸合集\丽都放大镜壁纸合集,官方壁纸合集\丽都放大镜壁纸合集\莱卡恩篇.png,unchanged,wallpapers,莱卡恩篇,https://act-upload.mihoyo.com/nap-obc-indep/2024/08/18/158441880/3f13ac8685da7ade19fe0eb1d2dc42e1_3849683832891537804.png
丽娜篇,丽都放大镜壁纸合集,717,.png,丽娜篇.png,,wallpapers|717|326|丽娜篇|https://act-upload.mihoyo.com/nap-obc-indep/2024/08/18/158441880/fa293779571f5a852c1b911742fbf4bb_2596624901818731930.png,326,官方壁纸合集\丽都放大镜壁纸合集,官方壁纸合集\丽都放大镜壁纸合集\丽娜篇.png,unchanged,wallpapers,丽娜篇,https://act-upload.mihoyo.com/nap-obc-indep/2024/08/18/158441880/fa293779571f5a852c1b911742fbf4bb_2596624901818731930.png
可琳篇,丽都放大镜壁纸合集,717,.jpg,可琳篇.jpg,,wallpapers|717|326|可琳篇|https://act-upload.mihoyo.com/nap-obc-indep/2024/08/18/158441880/28627b39a9a067f96b66ff53c4140786_861020151328876717.jpg,326,官方壁纸合集\丽都放大镜壁纸合集,官方壁纸合集\丽都放大镜壁纸合集\可琳篇.jpg,unchanged,wallpapers,可琳篇,https://act-upload.mihoyo.com/nap-obc-indep/2024/08/18/158441880/28627b39a9a067f96b66ff53c4140786_861020151328876717.jpg
猫又篇,丽都放大镜壁纸合集,717,.jpg,猫又篇.jpg,,wallpapers|717|326|猫又篇|https://act-upload.mihoyo.com/nap-obc-indep/2024/08/18/158441880/e91c989ca092feed5f7a2d50efda8a2a_8228473825866989203.jpg,326,官方壁纸合集\丽都放大镜壁纸合集,官方壁纸合集\丽都放大镜壁纸合集\猫又篇.jpg,unchanged,wallpapers,猫又篇,https://act-upload.mihoyo.com/nap-obc-indep/2024/08/18/158441880/e91c989ca092feed5f7a2d50efda8a2a_8228473825866989203.jpg
安东篇,丽都放大镜壁纸合集,717,.jpg,安东篇.jpg,,wallpapers|717|326|安东篇|https://act-upload.mihoyo.com/nap-obc-indep/2024/08/18/158441880/4e60fa0d6e4638bf19480e77cc7145b3_8156044336796886861.jpg,326,官方壁纸合集\丽都放大镜壁纸合集,官方壁纸合集\丽都放大镜壁纸合集\安东篇.jpg,unchanged,wallpapers,安东篇,https://act-upload.mihoyo.com/nap-obc-indep/2024/08/18/158441880/4e60fa0d6e4638bf19480e77cc7145b3_8156044336796886861.jpg
本篇,丽都放大镜壁纸合集,717,.jpg,本篇.jpg,,wallpapers|717|326|本篇|https://act-upload.mihoyo.com/nap-obc-indep/2024/08/18/158441880/f386a18dab257ce8f8215561b21a5226_8754187379261041007.jpg,326,官方壁纸合集\丽都放大镜壁纸合集,官方壁纸合集\丽都放大镜壁纸合集\本篇.jpg,unchanged,wallpapers,本篇,https://act-upload.mihoyo.com/nap-obc-indep/2024/08/18/158441880/f386a18dab257ce8f8215561b21a5226_8754187379261041007.jpg
格莉丝篇,丽都放大镜壁纸合集,717,.jpg,格莉丝篇.jpg,,wallpapers|717|326|格莉丝篇|https://act-upload.mihoyo.com/nap-obc-indep/2024/08/18/158441880/6adbd7f1c30d89c74fdadcdce5872f28_8049149817102286184.jpg,326,官方壁纸合集\丽都放大镜壁纸合集,官方壁纸合集\丽都放大镜壁纸合集\格莉丝篇.jpg,unchanged,wallpapers,格莉丝篇,https://act-upload.mihoyo.com/nap-obc-indep/2024/08/18/158441880/6adbd7f1c30d89c74fdadcdce5872f28_8049149817102286184.jpg
珂蕾妲篇,丽都放大镜壁纸合集,717,.jpg,珂蕾妲篇.jpg,,wallpapers|717|326|珂蕾妲篇|https://act-upload.mihoyo.com/nap-obc-indep/2024/08/18/158441880/6c5ea1d00dd7f332ac24ef927d2a8541_5668060333306878036.jpg,326,官方壁纸合集\丽都放大镜壁纸合集,官方壁纸合集\丽都放大镜壁纸合集\珂蕾妲篇.jpg,unchanged,wallpapers,珂蕾妲篇,https://act-upload.mihoyo.com/nap-obc-indep/2024/08/18/158441880/6c5ea1d00dd7f332ac24ef927d2a8541_5668060333306878036.jpg
安比,阵营壁纸合集,689,.png,安比.png,狡兔屋,wallpapers|689|326|安比|https://act-upload.mihoyo.com/nap-obc-indep/2024/08/05/15559334/1755ad6671945e7b0235750394a5541c_8006042100942669289.png,326,官方壁纸合集\阵营壁纸合集\狡兔屋,官方壁纸合集\阵营壁纸合集\狡兔屋\安比.png,unchanged,wallpapers,安比,https://act-upload.mihoyo.com/nap-obc-indep/2024/08/05/15559334/1755ad6671945e7b0235750394a5541c_8006042100942669289.png
比利,阵营壁纸合集,689,.png,比利.png,狡兔屋,wallpapers|689|326|比利|https://act-upload.mihoyo.com/nap-obc-indep/2024/08/05/15559334/d6031776b6796157eb9287cd5acabc7a_172080227122606901.png,326,官方壁纸合集\阵营壁纸合集\狡兔屋,官方壁纸合集\阵营壁纸合集\狡兔屋\比利.png,unchanged,wallpapers,比利,https://act-upload.mihoyo.com/nap-obc-indep/2024/08/05/15559334/d6031776b6796157eb9287cd5acabc7a_172080227122606901.png
妮可,阵营壁纸合集,689,.png,妮可.png,狡兔屋,wallpapers|689|326|妮可|https://act-upload.mihoyo.com/nap-obc-indep/2024/08/05/15559334/59b3bf5d4910c8052733cf2ef9332f40_2123054020750194784.png,326,官方壁纸合集\阵营壁纸合集\狡兔屋,官方壁纸合集\阵营壁纸合集\狡兔屋\妮可.png,unchanged,wallpapers,妮可,https://act-upload.mihoyo.com/nap-obc-indep/2024/08/05/15559334/59b3bf5d4910c8052733cf2ef9332f40_2123054020750194784.png
猫又,阵营壁纸合集,689,.png,猫又.png,狡兔屋,wallpapers|689|326|猫又|https://act-upload.mihoyo.com/nap-obc-indep/2024/08/05/15559334/fa66fb78cc0094dbdd6d02c7dec2cc4a_9033889975965064941.png,326,官方壁纸合集\阵营壁纸合集\狡兔屋,官方壁纸合集\阵营壁纸合集\狡兔屋\猫又.png,unchanged,wallpapers,猫又,https://act-upload.mihoyo.com/nap-obc-indep/2024/08/05/15559334/fa66fb78cc0094dbdd6d02c7dec2cc4a_9033889975965064941.png
狡兔屋1,阵营壁纸合集,689,.png,狡兔屋1.png,狡兔屋,wallpapers|689|326|狡兔屋1|https://act-upload.mihoyo.com/nap-obc-indep/2024/08/05/15559334/5441e19addffdb4bb0480b6302f8a527_8279863501416194065.png,326,官方壁纸合集\阵营壁纸合集\狡兔屋,官方壁纸合集\阵营壁纸合集\狡兔屋\狡兔屋1.png,unchanged,wallpapers,狡兔屋1,https://act-upload.mihoyo.com/nap-obc-indep/2024/08/05/15559334/5441e19addffdb4bb0480b6302f8a527_8279863501416194065.png
狡兔屋2,阵营壁纸合集,689,.png,狡兔屋2.png,狡兔屋,wallpapers|689|326|狡兔屋2|https://act-upload.mihoyo.com/nap-obc-indep/2024/08/05/15559334/48ca0cd1a3d4ac0a49aaad523dc94729_7698313953252619764.png,326,官方壁纸合集\阵营壁纸合集\狡兔屋,官方壁纸合集\阵营壁纸合集\狡兔屋\狡兔屋2.png,unchanged,wallpapers,狡兔屋2,https://act-upload.mihoyo.com/nap-obc-indep/2024/08/05/15559334/48ca0cd1a3d4ac0a49aaad523dc94729_7698313953252619764.png
狡兔屋3,阵营壁纸合集,689,.png,狡兔屋3.png,狡兔屋,wallpapers|689|326|狡兔屋3|https://act-upload.mihoyo.com/nap-obc-indep/2024/08/05/15559334/3ece4fd4aaeb01b462b71e9ce21d1c09_2734110110512052381.png,326,官方壁纸合集\阵营壁纸合集\狡兔屋,官方壁纸合集\阵营壁纸合集\狡兔屋\狡兔屋3.png,unchanged,wallpapers,狡兔屋3,https://act-upload.mihoyo.com/nap-obc-indep/2024/08/05/15559334/3ece4fd4aaeb01b462b71e9ce21d1c09_2734110110512052381.png
狡兔屋4,阵营壁纸合集,689,.png,狡兔屋4.png,狡兔屋,wallpapers|689|326|狡兔屋4|https://act-upload.mihoyo.com/nap-obc-indep/2024/08/06/15559334/363cf6973c98ab858229e356cba67c94_4740310187088592015.png,326,官方壁纸合集\阵营壁纸合集\狡兔屋,官方壁纸合集\阵营壁纸合集\狡兔屋\狡兔屋4.png,unchanged,wallpapers,狡兔屋4,https://act-upload.mihoyo.com/nap-obc-indep/2024/08/06/15559334/363cf6973c98ab858229e356cba67c94_4740310187088592015.png
铃,阵营壁纸合集,689,.png,铃.png,法厄同,wallpapers|689|332|铃|https://act-upload.mihoyo.com/nap-obc-indep/2024/08/05/15559334/1555590a0da39a6c078e0e11fcb86e6b_1394462638575623173.png,332,官方壁纸合集\阵营壁纸合集\法厄同,官方壁纸合集\阵营壁纸合集\法厄同\铃.png,unchanged,wallpapers,铃,https://act-upload.mihoyo.com/nap-obc-indep/2024/08/05/15559334/1555590a0da39a6c078e0e11fcb86e6b_1394462638575623173.png
哲,阵营壁纸合集,689,.png,哲.png,法厄同,wallpapers|689|332|哲|https://act-upload.mihoyo.com/nap-obc-indep/2024/08/05/15559334/5c195f71118a7aacc2e6b48ce45ce407_3730478307705663249.png,332,官方壁纸合集\阵营壁纸合集\法厄同,官方壁纸合集\阵营壁纸合集\法厄同\哲.png,unchanged,wallpapers,哲,https://act-upload.mihoyo.com/nap-obc-indep/2024/08/05/15559334/5c195f71118a7aacc2e6b48ce45ce407_3730478307705663249.png
法厄同1,阵营壁纸合集,689,.png,法厄同1.png,法厄同,wallpapers|689|332|法厄同1|https://act-upload.mihoyo.com/nap-obc-indep/2024/08/05/15559334/392e287d3fe2e2e1e90ed124b716afe8_3322443504265435579.png,332,官方壁纸合集\阵营壁纸合集\法厄同,官方壁纸合集\阵营壁纸合集\法厄同\法厄同1.png,unchanged,wallpapers,法厄同1,https://act-upload.mihoyo.com/nap-obc-indep/2024/08/05/15559334/392e287d3fe2e2e1e90ed124b716afe8_3322443504265435579.png
法厄同2,阵营壁纸合集,689,.png,法厄同2.png,法厄同,wallpapers|689|332|法厄同2|https://act-upload.mihoyo.com/nap-obc-indep/2024/08/05/15559334/b4eabb8a36ce86b96072f859ac148871_1598426648011877748.png,332,官方壁纸合集\阵营壁纸合集\法厄同,官方壁纸合集\阵营壁纸合集\法厄同\法厄同2.png,unchanged,wallpapers,法厄同2,https://act-upload.mihoyo.com/nap-obc-indep/2024/08/05/15559334/b4eabb8a36ce86b96072f859ac148871_1598426648011877748.png
法厄同3,阵营壁纸合集,689,.png,法厄同3.png,法厄同,wallpapers|689|332|法厄同3|https://act-upload.mihoyo.com/nap-obc-indep/2024/08/05/15559334/1972700fc34e39295964107c9925b9a5_8027233744618929584.png,332,官方壁纸合集\阵营壁纸合集\法厄同,官方壁纸合集\阵营壁纸合集\法厄同\法厄同3.png,unchanged,wallpapers,法厄同3,https://act-upload.mihoyo.com/nap-obc-indep/2024/08/05/15559334/1972700fc34e39295964107c9925b9a5_8027233744618929584.png
可琳,阵营壁纸合集,689,.png,可琳.png,维多利亚家政,wallpapers|689|330|可琳|https://act-upload.mihoyo.com/nap-obc-indep/2024/08/05/15559334/68cf48666d6fb7728faae36a712e935a_3511664866388513525.png,330,官方壁纸合集\阵营壁纸合集\维多利亚家政,官方壁纸合集\阵营壁纸合集\维多利亚家政\可琳.png,unchanged,wallpapers,可琳,https://act-upload.mihoyo.com/nap-obc-indep/2024/08/05/15559334/68cf48666d6fb7728faae36a712e935a_3511664866388513525.png
莱卡恩,阵营壁纸合集,689,.png,莱卡恩.png,维多利亚家政,wallpapers|689|330|莱卡恩|https://act-upload.mihoyo.com/nap-obc-indep/2024/08/05/15559334/d9b1d969d327b2d08143ceb26fa6c3d7_3352317724863591995.png,330,官方壁纸合集\阵营壁纸合集\维多利亚家政,官方壁纸合集\阵营壁纸合集\维多利亚家政\莱卡恩.png,unchanged,wallpapers,莱卡恩,https://act-upload.mihoyo.com/nap-obc-indep/2024/08/05/15559334/d9b1d969d327b2d08143ceb26fa6c3d7_3352317724863591995.png
维多利亚家政1,阵营壁纸合集,689,.png,维多利亚家政1.png,维多利亚家政,wallpapers|689|330|维多利亚家政1|https://act-upload.mihoyo.com/nap-obc-indep/2024/08/05/15559334/851cb4fb69eb7cea11658736bd0f520e_5337032848495726714.png,330,官方壁纸合集\阵营壁纸合集\维多利亚家政,官方壁纸合集\阵营壁纸合集\维多利亚家政\维多利亚家政1.png,unchanged,wallpapers,维多利亚家政1,https://act-upload.mihoyo.com/nap-obc-indep/2024/08/05/15559334/851cb4fb69eb7cea11658736bd0f520e_5337032848495726714.png
维多利亚家政2,阵营壁纸合集,689,.png,维多利亚家政2.png,维多利亚家政,wallpapers|689|330|维多利亚家政2|https://act-upload.mihoyo.com/nap-obc-indep/2024/08/05/15559334/b21992d21d5026b79fcc88ef2eecdd23_7303889862213973501.png,330,官方壁纸合集\阵营壁纸合集\维多利亚家政,官方壁纸合集\阵营壁纸合集\维多利亚家政\维多利亚家政2.png,unchanged,wallpapers,维多利亚家政2,https://act-upload.mihoyo.com/nap-obc-indep/2024/08/05/15559334/b21992d21d5026b79fcc88ef2eecdd23_7303889862213973501.png
维多利亚家政3,阵营壁纸合集,689,.png,维多利亚家政3.png,维多利亚家政,wallpapers|689|330|维多利亚家政3|https://act-upload.mihoyo.com/nap-obc-indep/2024/08/05/15559334/5d14ea140d7341fbc8080ce3a92ac1a3_6023164478120184142.png,330,官方壁纸合集\阵营壁纸合集\维多利亚家政,官方壁纸合集\阵营壁纸合集\维多利亚家政\维多利亚家政3.png,unchanged,wallpapers,维多利亚家政3,https://act-upload.mihoyo.com/nap-obc-indep/2024/08/05/15559334/5d14ea140d7341fbc8080ce3a92ac1a3_6023164478120184142.png
维多利亚家政4,阵营壁纸合集,689,.png,维多利亚家政4.png,维多利亚家政,wallpapers|689|330|维多利亚家政4|https://act-upload.mihoyo.com/nap-obc-indep/2024/08/06/15559334/60bc1ddc66b6e91f2ae9254d9cd8f5a3_4572676139372567031.png,330,官方壁纸合集\阵营壁纸合集\维多利亚家政,官方壁纸合集\阵营壁纸合集\维多利亚家政\维多利亚家政4.png,unchanged,wallpapers,维多利亚家政4,https://act-upload.mihoyo.com/nap-obc-indep/2024/08/06/15559334/60bc1ddc66b6e91f2ae9254d9cd8f5a3_4572676139372567031.png
安东,阵营壁纸合集,689,.png,安东.png,白祇重工,wallpapers|689|333|安东|https://act-upload.mihoyo.com/nap-obc-indep/2024/08/05/15559334/a6e028f34a3821de63c79e56fe9d8c4c_8833784150158275992.png,333,官方壁纸合集\阵营壁纸合集\白祇重工,官方壁纸合集\阵营壁纸合集\白祇重工\安东.png,unchanged,wallpapers,安东,https://act-upload.mihoyo.com/nap-obc-indep/2024/08/05/15559334/a6e028f34a3821de63c79e56fe9d8c4c_8833784150158275992.png
本,阵营壁纸合集,689,.png,本.png,白祇重工,wallpapers|689|333|本|https://act-upload.mihoyo.com/nap-obc-indep/2024/08/05/15559334/c9d9b5cf4790aa0b0304f0eea8001fcf_360012681714387619.png,333,官方壁纸合集\阵营壁纸合集\白祇重工,官方壁纸合集\阵营壁纸合集\白祇重工\本.png,unchanged,wallpapers,本,https://act-upload.mihoyo.com/nap-obc-indep/2024/08/05/15559334/c9d9b5cf4790aa0b0304f0eea8001fcf_360012681714387619.png
珂蕾妲,阵营壁纸合集,689,.png,珂蕾妲.png,白祇重工,wallpapers|689|333|珂蕾妲|https://act-upload.mihoyo.com/nap-obc-indep/2024/08/05/15559334/b471fc15624ef32384aa7af12b31898d_638820172639072067.png,333,官方壁纸合集\阵营壁纸合集\白祇重工,官方壁纸合集\阵营壁纸合集\白祇重工\珂蕾妲.png,unchanged,wallpapers,珂蕾妲,https://act-upload.mihoyo.com/nap-obc-indep/2024/08/05/15559334/b471fc15624ef32384aa7af12b31898d_638820172639072067.png
白祇重工1,阵营壁纸合集,689,.png,白祇重工1.png,白祇重工,wallpapers|689|333|白祇重工1|https://act-upload.mihoyo.com/nap-obc-indep/2024/08/05/15559334/58d354949774ee474f55c646dab6de86_5722954165995083491.png,333,官方壁纸合集\阵营壁纸合集\白祇重工,官方壁纸合集\阵营壁纸合集\白祇重工\白祇重工1.png,unchanged,wallpapers,白祇重工1,https://act-upload.mihoyo.com/nap-obc-indep/2024/08/05/15559334/58d354949774ee474f55c646dab6de86_5722954165995083491.png
白祇重工2,阵营壁纸合集,689,.png,白祇重工2.png,白祇重工,wallpapers|689|333|白祇重工2|https://act-upload.mihoyo.com/nap-obc-indep/2024/08/05/15559334/6b0c0de644d0e96a61735b237e488596_7433865415790549479.png,333,官方壁纸合集\阵营壁纸合集\白祇重工,官方壁纸合集\阵营壁纸合集\白祇重工\白祇重工2.png,unchanged,wallpapers,白祇重工2,https://act-upload.mihoyo.com/nap-obc-indep/2024/08/05/15559334/6b0c0de644d0e96a61735b237e488596_7433865415790549479.png
白祇重工3,阵营壁纸合集,689,.png,白祇重工3.png,白祇重工,wallpapers|689|333|白祇重工3|https://act-upload.mihoyo.com/nap-obc-indep/2024/08/06/15559334/8ea00523d2286a393b83457142464719_5900719184349788384.png,333,官方壁纸合集\阵营壁纸合集\白祇重工,官方壁纸合集\阵营壁纸合集\白祇重工\白祇重工3.png,unchanged,wallpapers,白祇重工3,https://act-upload.mihoyo.com/nap-obc-indep/2024/08/06/15559334/8ea00523d2286a393b83457142464719_5900719184349788384.png
白银小队,阵营壁纸合集,689,.jpg,白银小队.jpg,N.E.D.F防卫军,wallpapers|689|979|白银小队|https://act-upload.mihoyo.com/nap-obc-indep/2025/03/15/73751405/cd2f50c903d438f6296573171707b2da_530671120360930436.jpg,979,官方壁纸合集\阵营壁纸合集\N.E.D.F防卫军,官方壁纸合集\阵营壁纸合集\N.E.D.F防卫军\白银小队.jpg,unchanged,wallpapers,白银小队,https://act-upload.mihoyo.com/nap-obc-indep/2025/03/15/73751405/cd2f50c903d438f6296573171707b2da_530671120360930436.jpg
H.S.O.S.6 5,阵营壁纸合集,689,.jpg,H.S.O.S.6 5.jpg,H.S.O.S.6,wallpapers|689|334|H.S.O.S.6 5|https://act-upload.mihoyo.com/nap-obc-indep/2024/12/24/73751405/e1db0491a8e3f0309999e6e91f343639_3001917797154676696.jpg,334,官方壁纸合集\阵营壁纸合集\H.S.O.S.6,官方壁纸合集\阵营壁纸合集\H.S.O.S.6\H.S.O.S.6 5.jpg,unchanged,wallpapers,H.S.O.S.6 5,https://act-upload.mihoyo.com/nap-obc-indep/2024/12/24/73751405/e1db0491a8e3f0309999e6e91f343639_3001917797154676696.jpg
11-59AM丨上班-( 3,阵营壁纸合集,689,.jpg,11-59AM丨上班-( 3.jpg,H.S.O.S.6,wallpapers|689|334|11:59AM丨上班:( 3|https://act-upload.mihoyo.com/nap-obc-indep/2024/12/24/73751405/e90de452e00e94325a5d133e07c932a6_1154796091741832781.jpg,334,官方壁纸合集\阵营壁纸合集\H.S.O.S.6,官方壁纸合集\阵营壁纸合集\H.S.O.S.6\11-59AM丨上班-( 3.jpg,unchanged,wallpapers,11:59AM丨上班:( 3,https://act-upload.mihoyo.com/nap-obc-indep/2024/12/24/73751405/e90de452e00e94325a5d133e07c932a6_1154796091741832781.jpg
11-59AM丨上班-( 2,阵营壁纸合集,689,.jpg,11-59AM丨上班-( 2.jpg,H.S.O.S.6,wallpapers|689|334|11:59AM丨上班:( 2|https://act-upload.mihoyo.com/nap-obc-indep/2024/12/24/73751405/4bf339c4f09f7b6cefe7d84a8c70f042_7370217387562169751.jpg,334,官方壁纸合集\阵营壁纸合集\H.S.O.S.6,官方壁纸合集\阵营壁纸合集\H.S.O.S.6\11-59AM丨上班-( 2.jpg,unchanged,wallpapers,11:59AM丨上班:( 2,https://act-upload.mihoyo.com/nap-obc-indep/2024/12/24/73751405/4bf339c4f09f7b6cefe7d84a8c70f042_7370217387562169751.jpg
11-59AM丨上班-( 1,阵营壁纸合集,689,.jpg,11-59AM丨上班-( 1.jpg,H.S.O.S.6,wallpapers|689|334|11:59AM丨上班:( 1|https://act-upload.mihoyo.com/nap-obc-indep/2024/12/23/73751405/b338ce6048b238cc27b3c7a03f955811_6937002057322302042.jpg,334,官方壁纸合集\阵营壁纸合集\H.S.O.S.6,官方壁纸合集\阵营壁纸合集\H.S.O.S.6\11-59AM丨上班-( 1.jpg,unchanged,wallpapers,11:59AM丨上班:( 1,https://act-upload.mihoyo.com/nap-obc-indep/2024/12/23/73751405/b338ce6048b238cc27b3c7a03f955811_6937002057322302042.jpg
苍角,阵营壁纸合集,689,.png,苍角.png,H.S.O.S.6,wallpapers|689|334|苍角|https://act-upload.mihoyo.com/nap-obc-indep/2024/08/05/15559334/4b54ab09625bf5c857a02dcd4c83cecf_1246104780807350220.png,334,官方壁纸合集\阵营壁纸合集\H.S.O.S.6,官方壁纸合集\阵营壁纸合集\H.S.O.S.6\苍角.png,unchanged,wallpapers,苍角,https://act-upload.mihoyo.com/nap-obc-indep/2024/08/05/15559334/4b54ab09625bf5c857a02dcd4c83cecf_1246104780807350220.png
星见雅,阵营壁纸合集,689,.png,星见雅.png,H.S.O.S.6,wallpapers|689|334|星见雅|https://act-upload.mihoyo.com/nap-obc-indep/2024/08/05/15559334/37055afa3d630776de9ca9d1db7fbb2e_5466786839748699716.png,334,官方壁纸合集\阵营壁纸合集\H.S.O.S.6,官方壁纸合集\阵营壁纸合集\H.S.O.S.6\星见雅.png,unchanged,wallpapers,星见雅,https://act-upload.mihoyo.com/nap-obc-indep/2024/08/05/15559334/37055afa3d630776de9ca9d1db7fbb2e_5466786839748699716.png
H.S.O.S.6 1,阵营壁纸合集,689,.png,H.S.O.S.6 1.png,H.S.O.S.6,wallpapers|689|334|H.S.O.S.6 1|https://act-upload.mihoyo.com/nap-obc-indep/2024/08/05/15559334/c3599c549098faf3a6cd5c599f6eff0c_4053816823172328665.png,334,官方壁纸合集\阵营壁纸合集\H.S.O.S.6,官方壁纸合集\阵营壁纸合集\H.S.O.S.6\H.S.O.S.6 1.png,unchanged,wallpapers,H.S.O.S.6 1,https://act-upload.mihoyo.com/nap-obc-indep/2024/08/05/15559334/c3599c549098faf3a6cd5c599f6eff0c_4053816823172328665.png
H.S.O.S.6 2,阵营壁纸合集,689,.png,H.S.O.S.6 2.png,H.S.O.S.6,wallpapers|689|334|H.S.O.S.6 2|https://act-upload.mihoyo.com/nap-obc-indep/2024/08/05/15559334/dafb6a94f1f99bc7ef0f3e2bdf5418b7_2570092336426196637.png,334,官方壁纸合集\阵营壁纸合集\H.S.O.S.6,官方壁纸合集\阵营壁纸合集\H.S.O.S.6\H.S.O.S.6 2.png,unchanged,wallpapers,H.S.O.S.6 2,https://act-upload.mihoyo.com/nap-obc-indep/2024/08/05/15559334/dafb6a94f1f99bc7ef0f3e2bdf5418b7_2570092336426196637.png
H.S.O.S.6 3,阵营壁纸合集,689,.png,H.S.O.S.6 3.png,H.S.O.S.6,wallpapers|689|334|H.S.O.S.6 3|https://act-upload.mihoyo.com/nap-obc-indep/2024/08/05/15559334/f5ffd4103ccdcb95388642cc8003bd6e_1958789762138348459.png,334,官方壁纸合集\阵营壁纸合集\H.S.O.S.6,官方壁纸合集\阵营壁纸合集\H.S.O.S.6\H.S.O.S.6 3.png,unchanged,wallpapers,H.S.O.S.6 3,https://act-upload.mihoyo.com/nap-obc-indep/2024/08/05/15559334/f5ffd4103ccdcb95388642cc8003bd6e_1958789762138348459.png
H.S.O.S.6 4,阵营壁纸合集,689,.png,H.S.O.S.6 4.png,H.S.O.S.6,wallpapers|689|334|H.S.O.S.6 4|https://act-upload.mihoyo.com/nap-obc-indep/2024/08/06/15559334/5127f82b72ed001094a3656a892bd579_4011168673815476582.png,334,官方壁纸合集\阵营壁纸合集\H.S.O.S.6,官方壁纸合集\阵营壁纸合集\H.S.O.S.6\H.S.O.S.6 4.png,unchanged,wallpapers,H.S.O.S.6 4,https://act-upload.mihoyo.com/nap-obc-indep/2024/08/06/15559334/5127f82b72ed001094a3656a892bd579_4011168673815476582.png
卡吕冬之子1,阵营壁纸合集,689,.png,卡吕冬之子1.png,卡吕冬之子,wallpapers|689|335|卡吕冬之子1|https://act-upload.mihoyo.com/nap-obc-indep/2024/08/06/15559334/676b9bd75123ca600ad21f2f54bde108_9142065519399093459.png,335,官方壁纸合集\阵营壁纸合集\卡吕冬之子,官方壁纸合集\阵营壁纸合集\卡吕冬之子\卡吕冬之子1.png,unchanged,wallpapers,卡吕冬之子1,https://act-upload.mihoyo.com/nap-obc-indep/2024/08/06/15559334/676b9bd75123ca600ad21f2f54bde108_9142065519399093459.png
刑侦特勤组3,阵营壁纸合集,689,.jpg,刑侦特勤组3.jpg,刑侦特勤组,wallpapers|689|336|刑侦特勤组3|https://act-upload.mihoyo.com/nap-obc-indep/2024/12/26/73751405/75176e7f554f3983929fe128ad8322b6_6975657601632703441.jpg,336,官方壁纸合集\阵营壁纸合集\刑侦特勤组,官方壁纸合集\阵营壁纸合集\刑侦特勤组\刑侦特勤组3.jpg,unchanged,wallpapers,刑侦特勤组3,https://act-upload.mihoyo.com/nap-obc-indep/2024/12/26/73751405/75176e7f554f3983929fe128ad8322b6_6975657601632703441.jpg
刑侦特勤组2,阵营壁纸合集,689,.png,刑侦特勤组2.png,刑侦特勤组,wallpapers|689|336|刑侦特勤组2|https://act-upload.mihoyo.com/nap-obc-indep/2024/08/30/76099754/e798dc4eea45707227730971aee8131d_2269920577748577398.png,336,官方壁纸合集\阵营壁纸合集\刑侦特勤组,官方壁纸合集\阵营壁纸合集\刑侦特勤组\刑侦特勤组2.png,unchanged,wallpapers,刑侦特勤组2,https://act-upload.mihoyo.com/nap-obc-indep/2024/08/30/76099754/e798dc4eea45707227730971aee8131d_2269920577748577398.png
刑侦特勤组1,阵营壁纸合集,689,.png,刑侦特勤组1.png,刑侦特勤组,wallpapers|689|336|刑侦特勤组1|https://act-upload.mihoyo.com/nap-obc-indep/2024/08/05/15559334/c87d4541712a5de6e0d28649f9e045c1_7569398432250968745.png,336,官方壁纸合集\阵营壁纸合集\刑侦特勤组,官方壁纸合集\阵营壁纸合集\刑侦特勤组\刑侦特勤组1.png,unchanged,wallpapers,刑侦特勤组1,https://act-upload.mihoyo.com/nap-obc-indep/2024/08/05/15559334/c87d4541712a5de6e0d28649f9e045c1_7569398432250968745.png
天琴座1,阵营壁纸合集,689,.jpg,天琴座1.jpg,天琴座,wallpapers|689|768|天琴座1|https://act-upload.mihoyo.com/nap-obc-indep/2024/12/25/73751405/2ab1e304eff3a5a7db6f6f95544eda88_2025588621587625553.jpg,768,官方壁纸合集\阵营壁纸合集\天琴座,官方壁纸合集\阵营壁纸合集\天琴座\天琴座1.jpg,unchanged,wallpapers,天琴座1,https://act-upload.mihoyo.com/nap-obc-indep/2024/12/25/73751405/2ab1e304eff3a5a7db6f6f95544eda88_2025588621587625553.jpg
爱芮,阵营壁纸合集,689,.png,爱芮.png,妄想天使,wallpapers|689|1606|爱芮|https://act-upload.mihoyo.com/nap-obc-indep/2026/01/30/73751405/ac7b0d1502269f8008143f86c480645a_8926268512280737873.png,1606,官方壁纸合集\阵营壁纸合集\妄想天使,官方壁纸合集\阵营壁纸合集\妄想天使\爱芮.png,unchanged,wallpapers,爱芮,https://act-upload.mihoyo.com/nap-obc-indep/2026/01/30/73751405/ac7b0d1502269f8008143f86c480645a_8926268512280737873.png
千夏,阵营壁纸合集,689,.png,千夏.png,妄想天使,wallpapers|689|1606|千夏|https://act-upload.mihoyo.com/nap-obc-indep/2026/01/30/73751405/94fec4410430a58315140be50e5d5ba4_1610728708288976099.png,1606,官方壁纸合集\阵营壁纸合集\妄想天使,官方壁纸合集\阵营壁纸合集\妄想天使\千夏.png,unchanged,wallpapers,千夏,https://act-upload.mihoyo.com/nap-obc-indep/2026/01/30/73751405/94fec4410430a58315140be50e5d5ba4_1610728708288976099.png
南宫羽,阵营壁纸合集,689,.png,南宫羽.png,妄想天使,wallpapers|689|1606|南宫羽|https://act-upload.mihoyo.com/nap-obc-indep/2026/01/30/73751405/cadfefaee41b4b2044df7ab66aa7654a_661295199426083038.png,1606,官方壁纸合集\阵营壁纸合集\妄想天使,官方壁纸合集\阵营壁纸合集\妄想天使\南宫羽.png,unchanged,wallpapers,南宫羽,https://act-upload.mihoyo.com/nap-obc-indep/2026/01/30/73751405/cadfefaee41b4b2044df7ab66aa7654a_661295199426083038.png
白色情人节,节日壁纸合集,688,.png,白色情人节.png,2026年,wallpapers|688|1560|白色情人节|https://act-upload.mihoyo.com/nap-obc-indep/2026/03/14/73751405/b795d3d2952aba2e1dbbf30d245e4a10_8559868455606401565.png,1560,官方壁纸合集\节日壁纸合集\2026年,官方壁纸合集\节日壁纸合集\2026年\白色情人节.png,unchanged,wallpapers,白色情人节,https://act-upload.mihoyo.com/nap-obc-indep/2026/03/14/73751405/b795d3d2952aba2e1dbbf30d245e4a10_8559868455606401565.png
元宵节,节日壁纸合集,688,.png,元宵节.png,2026年,wallpapers|688|1560|元宵节|https://act-upload.mihoyo.com/nap-obc-indep/2026/03/03/79697369/2dcd7116e980bac6da2f90284f66165a_2254067776815004816.png,1560,官方壁纸合集\节日壁纸合集\2026年,官方壁纸合集\节日壁纸合集\2026年\元宵节.png,unchanged,wallpapers,元宵节,https://act-upload.mihoyo.com/nap-obc-indep/2026/03/03/79697369/2dcd7116e980bac6da2f90284f66165a_2254067776815004816.png
除夕,节日壁纸合集,688,.png,除夕.png,2026年,wallpapers|688|1560|除夕|https://act-upload.mihoyo.com/nap-obc-indep/2026/02/16/79697369/a126f75f4f60602d2c769e0730bea188_512719645521977362.png,1560,官方壁纸合集\节日壁纸合集\2026年,官方壁纸合集\节日壁纸合集\2026年\除夕.png,unchanged,wallpapers,除夕,https://act-upload.mihoyo.com/nap-obc-indep/2026/02/16/79697369/a126f75f4f60602d2c769e0730bea188_512719645521977362.png
情人节,节日壁纸合集,688,.jpg,情人节.jpg,2026年,wallpapers|688|1560|情人节|https://act-upload.mihoyo.com/nap-obc-indep/2026/02/14/15559334/dd88d4e83dd8399c65f0ee4e934421a3_4839848051001647177.jpg,1560,官方壁纸合集\节日壁纸合集\2026年,官方壁纸合集\节日壁纸合集\2026年\情人节.jpg,unchanged,wallpapers,情人节,https://act-upload.mihoyo.com/nap-obc-indep/2026/02/14/15559334/dd88d4e83dd8399c65f0ee4e934421a3_4839848051001647177.jpg
元旦,节日壁纸合集,688,.png,元旦.png,2026年,wallpapers|688|1560|元旦|https://act-upload.mihoyo.com/nap-obc-indep/2026/01/01/73751405/7a044b3348af5491d3e022000d6269cb_5368777798382844588.png,1560,官方壁纸合集\节日壁纸合集\2026年,官方壁纸合集\节日壁纸合集\2026年\元旦.png,unchanged,wallpapers,元旦,https://act-upload.mihoyo.com/nap-obc-indep/2026/01/01/73751405/7a044b3348af5491d3e022000d6269cb_5368777798382844588.png
万圣节,节日壁纸合集,688,.jpeg,万圣节.jpeg,2025年,wallpapers|688|1559|万圣节|https://act-upload.mihoyo.com/nap-obc-indep/2026/01/01/73751405/819f36f0c8122fdb80e240d863ad9667_8679047424173324941.jpeg,1559,官方壁纸合集\节日壁纸合集\2025年,官方壁纸合集\节日壁纸合集\2025年\万圣节.jpeg,unchanged,wallpapers,万圣节,https://act-upload.mihoyo.com/nap-obc-indep/2026/01/01/73751405/819f36f0c8122fdb80e240d863ad9667_8679047424173324941.jpeg
中秋节,节日壁纸合集,688,.png,中秋节.png,2025年,wallpapers|688|1559|中秋节|https://act-upload.mihoyo.com/nap-obc-indep/2026/01/01/73751405/4cad17449f83cef580ebad6b4a7e5385_7518371881367828416.png,1559,官方壁纸合集\节日壁纸合集\2025年,官方壁纸合集\节日壁纸合集\2025年\中秋节.png,unchanged,wallpapers,中秋节,https://act-upload.mihoyo.com/nap-obc-indep/2026/01/01/73751405/4cad17449f83cef580ebad6b4a7e5385_7518371881367828416.png
端午,节日壁纸合集,688,.jpg,端午.jpg,2025年,wallpapers|688|1559|端午|https://act-upload.mihoyo.com/nap-obc-indep/2026/01/01/73751405/841d33796618a25a9ec026229dbc2b87_5293301280299204030.jpg,1559,官方壁纸合集\节日壁纸合集\2025年,官方壁纸合集\节日壁纸合集\2025年\端午.jpg,unchanged,wallpapers,端午,https://act-upload.mihoyo.com/nap-obc-indep/2026/01/01/73751405/841d33796618a25a9ec026229dbc2b87_5293301280299204030.jpg
劳动节,节日壁纸合集,688,.jpg,劳动节.jpg,2025年,wallpapers|688|1559|劳动节|https://act-upload.mihoyo.com/nap-obc-indep/2026/01/01/73751405/e08ff3a4968d377ebbc93469576a498a_4710166903983832935.jpg,1559,官方壁纸合集\节日壁纸合集\2025年,官方壁纸合集\节日壁纸合集\2025年\劳动节.jpg,unchanged,wallpapers,劳动节,https://act-upload.mihoyo.com/nap-obc-indep/2026/01/01/73751405/e08ff3a4968d377ebbc93469576a498a_4710166903983832935.jpg
情人节,节日壁纸合集,688,.jpg,情人节.jpg,2025年,wallpapers|688|1559|情人节|https://act-upload.mihoyo.com/nap-obc-indep/2026/01/01/73751405/22a0344d8408ce8815801e9d487033d3_4580226899210374098.jpg,1559,官方壁纸合集\节日壁纸合集\2025年,官方壁纸合集\节日壁纸合集\2025年\情人节.jpg,unchanged,wallpapers,情人节,https://act-upload.mihoyo.com/nap-obc-indep/2026/01/01/73751405/22a0344d8408ce8815801e9d487033d3_4580226899210374098.jpg
元宵,节日壁纸合集,688,.png,元宵.png,2025年,wallpapers|688|1559|元宵|https://act-upload.mihoyo.com/nap-obc-indep/2026/01/01/73751405/4e6353bf07b3fef5ea74f23e51ee1d2e_399707929365302445.png,1559,官方壁纸合集\节日壁纸合集\2025年,官方壁纸合集\节日壁纸合集\2025年\元宵.png,unchanged,wallpapers,元宵,https://act-upload.mihoyo.com/nap-obc-indep/2026/01/01/73751405/4e6353bf07b3fef5ea74f23e51ee1d2e_399707929365302445.png
除夕2,节日壁纸合集,688,.png,除夕2.png,2025年,wallpapers|688|1559|除夕2|https://act-upload.mihoyo.com/nap-obc-indep/2026/01/01/73751405/1231f947bb298ce8c66d38363c4ae21e_5931284711526374990.png,1559,官方壁纸合集\节日壁纸合集\2025年,官方壁纸合集\节日壁纸合集\2025年\除夕2.png,unchanged,wallpapers,除夕2,https://act-upload.mihoyo.com/nap-obc-indep/2026/01/01/73751405/1231f947bb298ce8c66d38363c4ae21e_5931284711526374990.png
除夕1,节日壁纸合集,688,.jpg,除夕1.jpg,2025年,wallpapers|688|1559|除夕1|https://act-upload.mihoyo.com/nap-obc-indep/2026/01/01/73751405/127db3ddcd9198c544280cf344fefa2b_2760867041337435186.jpg,1559,官方壁纸合集\节日壁纸合集\2025年,官方壁纸合集\节日壁纸合集\2025年\除夕1.jpg,unchanged,wallpapers,除夕1,https://act-upload.mihoyo.com/nap-obc-indep/2026/01/01/73751405/127db3ddcd9198c544280cf344fefa2b_2760867041337435186.jpg
元旦,节日壁纸合集,688,.jpg,元旦.jpg,2025年,wallpapers|688|1559|元旦|https://act-upload.mihoyo.com/nap-obc-indep/2026/01/01/73751405/5c8548de69a8dcfc12804b41376b518e_3771702846681444305.jpg,1559,官方壁纸合集\节日壁纸合集\2025年,官方壁纸合集\节日壁纸合集\2025年\元旦.jpg,unchanged,wallpapers,元旦,https://act-upload.mihoyo.com/nap-obc-indep/2026/01/01/73751405/5c8548de69a8dcfc12804b41376b518e_3771702846681444305.jpg
圣诞节,节日壁纸合集,688,.jpg,圣诞节.jpg,2024年,wallpapers|688|800|圣诞节|https://act-upload.mihoyo.com/nap-obc-indep/2025/01/01/73751405/51a67b23586c9f80a7f7d458fc7d444c_3742031641422046679.jpg,800,官方壁纸合集\节日壁纸合集\2024年,官方壁纸合集\节日壁纸合集\2024年\圣诞节.jpg,unchanged,wallpapers,圣诞节,https://act-upload.mihoyo.com/nap-obc-indep/2025/01/01/73751405/51a67b23586c9f80a7f7d458fc7d444c_3742031641422046679.jpg
冬至,节日壁纸合集,688,.jpg,冬至.jpg,2024年,wallpapers|688|800|冬至|https://act-upload.mihoyo.com/nap-obc-indep/2025/01/01/73751405/eb92bd6fa191bd677448d3d8d161ba58_4701953775988720300.jpg,800,官方壁纸合集\节日壁纸合集\2024年,官方壁纸合集\节日壁纸合集\2024年\冬至.jpg,unchanged,wallpapers,冬至,https://act-upload.mihoyo.com/nap-obc-indep/2025/01/01/73751405/eb92bd6fa191bd677448d3d8d161ba58_4701953775988720300.jpg
万圣节贺图1,节日壁纸合集,688,.jpg,万圣节贺图1.jpg,2024年,wallpapers|688|800|万圣节贺图1|https://act-upload.mihoyo.com/nap-obc-indep/2025/01/01/73751405/ef2e0823bd213f2006f0787d0c871f1f_5913290680613654452.jpg,800,官方壁纸合集\节日壁纸合集\2024年,官方壁纸合集\节日壁纸合集\2024年\万圣节贺图1.jpg,unchanged,wallpapers,万圣节贺图1,https://act-upload.mihoyo.com/nap-obc-indep/2025/01/01/73751405/ef2e0823bd213f2006f0787d0c871f1f_5913290680613654452.jpg
万圣节贺图2,节日壁纸合集,688,.jpg,万圣节贺图2.jpg,2024年,wallpapers|688|800|万圣节贺图2|https://act-upload.mihoyo.com/nap-obc-indep/2025/01/01/73751405/e5b9511880b2b77344c296cc432e6fba_8705149462508801412.jpg,800,官方壁纸合集\节日壁纸合集\2024年,官方壁纸合集\节日壁纸合集\2024年\万圣节贺图2.jpg,unchanged,wallpapers,万圣节贺图2,https://act-upload.mihoyo.com/nap-obc-indep/2025/01/01/73751405/e5b9511880b2b77344c296cc432e6fba_8705149462508801412.jpg
万圣节贺图3,节日壁纸合集,688,.jpg,万圣节贺图3.jpg,2024年,wallpapers|688|800|万圣节贺图3|https://act-upload.mihoyo.com/nap-obc-indep/2025/01/01/73751405/ba2047924a883682231a9f1d46c7f2d6_1133280119832260495.jpg,800,官方壁纸合集\节日壁纸合集\2024年,官方壁纸合集\节日壁纸合集\2024年\万圣节贺图3.jpg,unchanged,wallpapers,万圣节贺图3,https://act-upload.mihoyo.com/nap-obc-indep/2025/01/01/73751405/ba2047924a883682231a9f1d46c7f2d6_1133280119832260495.jpg
万圣节贺图4,节日壁纸合集,688,.jpg,万圣节贺图4.jpg,2024年,wallpapers|688|800|万圣节贺图4|https://act-upload.mihoyo.com/nap-obc-indep/2025/01/01/73751405/ae0fba5cbc6aa64a4691b540ef5f03a7_4020843227753726234.jpg,800,官方壁纸合集\节日壁纸合集\2024年,官方壁纸合集\节日壁纸合集\2024年\万圣节贺图4.jpg,unchanged,wallpapers,万圣节贺图4,https://act-upload.mihoyo.com/nap-obc-indep/2025/01/01/73751405/ae0fba5cbc6aa64a4691b540ef5f03a7_4020843227753726234.jpg
万圣节贺图5,节日壁纸合集,688,.jpg,万圣节贺图5.jpg,2024年,wallpapers|688|800|万圣节贺图5|https://act-upload.mihoyo.com/nap-obc-indep/2025/01/01/73751405/dfeec739732d1fc0a76814c5ca9243a5_2326745960416636824.jpg,800,官方壁纸合集\节日壁纸合集\2024年,官方壁纸合集\节日壁纸合集\2024年\万圣节贺图5.jpg,unchanged,wallpapers,万圣节贺图5,https://act-upload.mihoyo.com/nap-obc-indep/2025/01/01/73751405/dfeec739732d1fc0a76814c5ca9243a5_2326745960416636824.jpg
万圣节贺图6,节日壁纸合集,688,.jpg,万圣节贺图6.jpg,2024年,wallpapers|688|800|万圣节贺图6|https://act-upload.mihoyo.com/nap-obc-indep/2025/01/01/73751405/67859332015ebbd5a4e8e5fd27af2ff5_697736893276345144.jpg,800,官方壁纸合集\节日壁纸合集\2024年,官方壁纸合集\节日壁纸合集\2024年\万圣节贺图6.jpg,unchanged,wallpapers,万圣节贺图6,https://act-upload.mihoyo.com/nap-obc-indep/2025/01/01/73751405/67859332015ebbd5a4e8e5fd27af2ff5_697736893276345144.jpg
万圣节贺图7,节日壁纸合集,688,.jpg,万圣节贺图7.jpg,2024年,wallpapers|688|800|万圣节贺图7|https://act-upload.mihoyo.com/nap-obc-indep/2025/01/01/73751405/8ba6c4e7b8f248f178a3747da1bfed0f_8289711194394789280.jpg,800,官方壁纸合集\节日壁纸合集\2024年,官方壁纸合集\节日壁纸合集\2024年\万圣节贺图7.jpg,unchanged,wallpapers,万圣节贺图7,https://act-upload.mihoyo.com/nap-obc-indep/2025/01/01/73751405/8ba6c4e7b8f248f178a3747da1bfed0f_8289711194394789280.jpg
秋分,节日壁纸合集,688,.jpg,秋分.jpg,2024年,wallpapers|688|800|秋分|https://act-upload.mihoyo.com/nap-obc-indep/2025/01/01/73751405/17a7e181229a6ce1b83be6eb8496b047_4237918413671400611.jpg,800,官方壁纸合集\节日壁纸合集\2024年,官方壁纸合集\节日壁纸合集\2024年\秋分.jpg,unchanged,wallpapers,秋分,https://act-upload.mihoyo.com/nap-obc-indep/2025/01/01/73751405/17a7e181229a6ce1b83be6eb8496b047_4237918413671400611.jpg
中秋,节日壁纸合集,688,.jpg,中秋.jpg,2024年,wallpapers|688|800|中秋|https://act-upload.mihoyo.com/nap-obc-indep/2025/01/01/73751405/835e8807a4ff2cf10a7b7d8003b788e0_719780653768642307.jpg,800,官方壁纸合集\节日壁纸合集\2024年,官方壁纸合集\节日壁纸合集\2024年\中秋.jpg,unchanged,wallpapers,中秋,https://act-upload.mihoyo.com/nap-obc-indep/2025/01/01/73751405/835e8807a4ff2cf10a7b7d8003b788e0_719780653768642307.jpg
夏至,节日壁纸合集,688,.jpeg,夏至.jpeg,2024年,wallpapers|688|800|夏至|https://act-upload.mihoyo.com/nap-obc-indep/2025/01/01/73751405/42ee07ce3bb41c1c264af34739eef059_4572610618347979337.jpeg,800,官方壁纸合集\节日壁纸合集\2024年,官方壁纸合集\节日壁纸合集\2024年\夏至.jpeg,unchanged,wallpapers,夏至,https://act-upload.mihoyo.com/nap-obc-indep/2025/01/01/73751405/42ee07ce3bb41c1c264af34739eef059_4572610618347979337.jpeg
端午,节日壁纸合集,688,.png,端午.png,2024年,wallpapers|688|800|端午|https://act-upload.mihoyo.com/nap-obc-indep/2025/01/01/73751405/d8307316c9e15cdc6eb62ce6b64b8169_4322220181172086663.png,800,官方壁纸合集\节日壁纸合集\2024年,官方壁纸合集\节日壁纸合集\2024年\端午.png,unchanged,wallpapers,端午,https://act-upload.mihoyo.com/nap-obc-indep/2025/01/01/73751405/d8307316c9e15cdc6eb62ce6b64b8169_4322220181172086663.png
劳动节,节日壁纸合集,688,.jpeg,劳动节.jpeg,2024年,wallpapers|688|800|劳动节|https://act-upload.mihoyo.com/nap-obc-indep/2025/01/01/73751405/41748b9c0fd8a32be7faaec55d16f16f_1201108000210808604.jpeg,800,官方壁纸合集\节日壁纸合集\2024年,官方壁纸合集\节日壁纸合集\2024年\劳动节.jpeg,unchanged,wallpapers,劳动节,https://act-upload.mihoyo.com/nap-obc-indep/2025/01/01/73751405/41748b9c0fd8a32be7faaec55d16f16f_1201108000210808604.jpeg
踏春,节日壁纸合集,688,.jpeg,踏春.jpeg,2024年,wallpapers|688|800|踏春|https://act-upload.mihoyo.com/nap-obc-indep/2025/01/01/73751405/bd15a0f4e3655c372eb04bdeb1627036_8133521166885083126.jpeg,800,官方壁纸合集\节日壁纸合集\2024年,官方壁纸合集\节日壁纸合集\2024年\踏春.jpeg,unchanged,wallpapers,踏春,https://act-upload.mihoyo.com/nap-obc-indep/2025/01/01/73751405/bd15a0f4e3655c372eb04bdeb1627036_8133521166885083126.jpeg
元宵,节日壁纸合集,688,.png,元宵.png,2024年,wallpapers|688|800|元宵|https://act-upload.mihoyo.com/nap-obc-indep/2025/01/01/73751405/0590326178070d03b6686140b9c70e32_6776219040282981988.png,800,官方壁纸合集\节日壁纸合集\2024年,官方壁纸合集\节日壁纸合集\2024年\元宵.png,unchanged,wallpapers,元宵,https://act-upload.mihoyo.com/nap-obc-indep/2025/01/01/73751405/0590326178070d03b6686140b9c70e32_6776219040282981988.png
白色情人节,节日壁纸合集,688,.png,白色情人节.png,2024年,wallpapers|688|800|白色情人节|https://act-upload.mihoyo.com/nap-obc-indep/2025/01/01/73751405/68f4f87bd46d5e7f43d0d48c565cdbf6_4026537989267265230.png,800,官方壁纸合集\节日壁纸合集\2024年,官方壁纸合集\节日壁纸合集\2024年\白色情人节.png,unchanged,wallpapers,白色情人节,https://act-upload.mihoyo.com/nap-obc-indep/2025/01/01/73751405/68f4f87bd46d5e7f43d0d48c565cdbf6_4026537989267265230.png
情人节,节日壁纸合集,688,.png,情人节.png,2024年,wallpapers|688|800|情人节|https://act-upload.mihoyo.com/nap-obc-indep/2025/01/01/73751405/1412697bd4c4548ac121dfd289dd1e25_3603750566214305992.png,800,官方壁纸合集\节日壁纸合集\2024年,官方壁纸合集\节日壁纸合集\2024年\情人节.png,unchanged,wallpapers,情人节,https://act-upload.mihoyo.com/nap-obc-indep/2025/01/01/73751405/1412697bd4c4548ac121dfd289dd1e25_3603750566214305992.png
春节,节日壁纸合集,688,.png,春节.png,2024年,wallpapers|688|800|春节|https://act-upload.mihoyo.com/nap-obc-indep/2025/01/01/73751405/bec29098f2784ba7bc1bc5288a4bd5c6_2181164835475828123.png,800,官方壁纸合集\节日壁纸合集\2024年,官方壁纸合集\节日壁纸合集\2024年\春节.png,unchanged,wallpapers,春节,https://act-upload.mihoyo.com/nap-obc-indep/2025/01/01/73751405/bec29098f2784ba7bc1bc5288a4bd5c6_2181164835475828123.png
新年,节日壁纸合集,688,.png,新年.png,2024年,wallpapers|688|800|新年|https://act-upload.mihoyo.com/nap-obc-indep/2025/01/01/73751405/506628c297387e019a4607ed8efcaecf_3258747297544952179.png,800,官方壁纸合集\节日壁纸合集\2024年,官方壁纸合集\节日壁纸合集\2024年\新年.png,unchanged,wallpapers,新年,https://act-upload.mihoyo.com/nap-obc-indep/2025/01/01/73751405/506628c297387e019a4607ed8efcaecf_3258747297544952179.png
新年,节日壁纸合集,688,.png,新年.png,2023年,wallpapers|688|344|新年|https://act-upload.mihoyo.com/nap-obc-indep/2024/08/06/15559334/e073c00bbefe9f2a975826c30f488d9b_2406790588561790858.png,344,官方壁纸合集\节日壁纸合集\2023年,官方壁纸合集\节日壁纸合集\2023年\新年.png,unchanged,wallpapers,新年,https://act-upload.mihoyo.com/nap-obc-indep/2024/08/06/15559334/e073c00bbefe9f2a975826c30f488d9b_2406790588561790858.png
春节,节日壁纸合集,688,.png,春节.png,2023年,wallpapers|688|344|春节|https://act-upload.mihoyo.com/nap-obc-indep/2024/08/06/15559334/068908f6896b048199d19f0e4556f2ee_5560747651653948823.png,344,官方壁纸合集\节日壁纸合集\2023年,官方壁纸合集\节日壁纸合集\2023年\春节.png,unchanged,wallpapers,春节,https://act-upload.mihoyo.com/nap-obc-indep/2024/08/06/15559334/068908f6896b048199d19f0e4556f2ee_5560747651653948823.png
元宵,节日壁纸合集,688,.png,元宵.png,2023年,wallpapers|688|344|元宵|https://act-upload.mihoyo.com/nap-obc-indep/2024/08/06/15559334/c12e866216d0d1b641dceb50739f2ccc_4525090896228356574.png,344,官方壁纸合集\节日壁纸合集\2023年,官方壁纸合集\节日壁纸合集\2023年\元宵.png,unchanged,wallpapers,元宵,https://act-upload.mihoyo.com/nap-obc-indep/2024/08/06/15559334/c12e866216d0d1b641dceb50739f2ccc_4525090896228356574.png
情人节1,节日壁纸合集,688,.png,情人节1.png,2023年,wallpapers|688|344|情人节1|https://act-upload.mihoyo.com/nap-obc-indep/2024/08/06/15559334/be4527c277284eb2966c1b23fa40b978_974694213378925985.png,344,官方壁纸合集\节日壁纸合集\2023年,官方壁纸合集\节日壁纸合集\2023年\情人节1.png,unchanged,wallpapers,情人节1,https://act-upload.mihoyo.com/nap-obc-indep/2024/08/06/15559334/be4527c277284eb2966c1b23fa40b978_974694213378925985.png
情人节2,节日壁纸合集,688,.png,情人节2.png,2023年,wallpapers|688|344|情人节2|https://act-upload.mihoyo.com/nap-obc-indep/2024/08/06/15559334/df6587887871541c7450598276798502_6534910790863573805.png,344,官方壁纸合集\节日壁纸合集\2023年,官方壁纸合集\节日壁纸合集\2023年\情人节2.png,unchanged,wallpapers,情人节2,https://act-upload.mihoyo.com/nap-obc-indep/2024/08/06/15559334/df6587887871541c7450598276798502_6534910790863573805.png
白色情人节1,节日壁纸合集,688,.png,白色情人节1.png,2023年,wallpapers|688|344|白色情人节1|https://act-upload.mihoyo.com/nap-obc-indep/2024/08/06/15559334/a15b3af9937f82610b66af5fec420260_9061445584204060913.png,344,官方壁纸合集\节日壁纸合集\2023年,官方壁纸合集\节日壁纸合集\2023年\白色情人节1.png,unchanged,wallpapers,白色情人节1,https://act-upload.mihoyo.com/nap-obc-indep/2024/08/06/15559334/a15b3af9937f82610b66af5fec420260_9061445584204060913.png
白色情人节2,节日壁纸合集,688,.png,白色情人节2.png,2023年,wallpapers|688|344|白色情人节2|https://act-upload.mihoyo.com/nap-obc-indep/2024/08/06/15559334/5bbf21f1366c846ab1cf42000d320453_7839824369431213452.png,344,官方壁纸合集\节日壁纸合集\2023年,官方壁纸合集\节日壁纸合集\2023年\白色情人节2.png,unchanged,wallpapers,白色情人节2,https://act-upload.mihoyo.com/nap-obc-indep/2024/08/06/15559334/5bbf21f1366c846ab1cf42000d320453_7839824369431213452.png
踏春,节日壁纸合集,688,.png,踏春.png,2023年,wallpapers|688|344|踏春|https://act-upload.mihoyo.com/nap-obc-indep/2024/08/06/15559334/fd4f612da3d919ecb39beee2652ed2a5_7898976827340947651.png,344,官方壁纸合集\节日壁纸合集\2023年,官方壁纸合集\节日壁纸合集\2023年\踏春.png,unchanged,wallpapers,踏春,https://act-upload.mihoyo.com/nap-obc-indep/2024/08/06/15559334/fd4f612da3d919ecb39beee2652ed2a5_7898976827340947651.png
劳动节,节日壁纸合集,688,.png,劳动节.png,2023年,wallpapers|688|344|劳动节|https://act-upload.mihoyo.com/nap-obc-indep/2024/08/06/15559334/b09a63ec112bbe8ccbea54e669716485_7728381816146957864.png,344,官方壁纸合集\节日壁纸合集\2023年,官方壁纸合集\节日壁纸合集\2023年\劳动节.png,unchanged,wallpapers,劳动节,https://act-upload.mihoyo.com/nap-obc-indep/2024/08/06/15559334/b09a63ec112bbe8ccbea54e669716485_7728381816146957864.png
夏至,节日壁纸合集,688,.png,夏至.png,2023年,wallpapers|688|344|夏至|https://act-upload.mihoyo.com/nap-obc-indep/2024/08/06/15559334/d37df9e86188ffbcc964b23f412ceb59_336213521012999259.png,344,官方壁纸合集\节日壁纸合集\2023年,官方壁纸合集\节日壁纸合集\2023年\夏至.png,unchanged,wallpapers,夏至,https://act-upload.mihoyo.com/nap-obc-indep/2024/08/06/15559334/d37df9e86188ffbcc964b23f412ceb59_336213521012999259.png
端午,节日壁纸合集,688,.png,端午.png,2023年,wallpapers|688|344|端午|https://act-upload.mihoyo.com/nap-obc-indep/2024/08/06/15559334/401bf119d131b64977fbea80db7b1ba0_5732608563264121024.png,344,官方壁纸合集\节日壁纸合集\2023年,官方壁纸合集\节日壁纸合集\2023年\端午.png,unchanged,wallpapers,端午,https://act-upload.mihoyo.com/nap-obc-indep/2024/08/06/15559334/401bf119d131b64977fbea80db7b1ba0_5732608563264121024.png
中秋,节日壁纸合集,688,.jpg,中秋.jpg,2023年,wallpapers|688|344|中秋|https://act-upload.mihoyo.com/nap-obc-indep/2024/08/06/15559334/d6e0a442753b63e47bb81ea9f610a4da_3293057859155170454.jpg,344,官方壁纸合集\节日壁纸合集\2023年,官方壁纸合集\节日壁纸合集\2023年\中秋.jpg,unchanged,wallpapers,中秋,https://act-upload.mihoyo.com/nap-obc-indep/2024/08/06/15559334/d6e0a442753b63e47bb81ea9f610a4da_3293057859155170454.jpg
秋分,节日壁纸合集,688,.png,秋分.png,2023年,wallpapers|688|344|秋分|https://act-upload.mihoyo.com/nap-obc-indep/2024/08/06/15559334/ff8bbe42e50173420fc96cb9860d3f89_5941724754908263165.png,344,官方壁纸合集\节日壁纸合集\2023年,官方壁纸合集\节日壁纸合集\2023年\秋分.png,unchanged,wallpapers,秋分,https://act-upload.mihoyo.com/nap-obc-indep/2024/08/06/15559334/ff8bbe42e50173420fc96cb9860d3f89_5941724754908263165.png
冬至,节日壁纸合集,688,.png,冬至.png,2023年,wallpapers|688|344|冬至|https://act-upload.mihoyo.com/nap-obc-indep/2024/08/06/15559334/9167121907f2a3cd5f923d14b6670315_4195107501459351275.png,344,官方壁纸合集\节日壁纸合集\2023年,官方壁纸合集\节日壁纸合集\2023年\冬至.png,unchanged,wallpapers,冬至,https://act-upload.mihoyo.com/nap-obc-indep/2024/08/06/15559334/9167121907f2a3cd5f923d14b6670315_4195107501459351275.png
圣诞节,节日壁纸合集,688,.png,圣诞节.png,2023年,wallpapers|688|344|圣诞节|https://act-upload.mihoyo.com/nap-obc-indep/2024/08/06/15559334/630235ac64e44e5dc31b4d0376c1e6b8_2750415130582964993.png,344,官方壁纸合集\节日壁纸合集\2023年,官方壁纸合集\节日壁纸合集\2023年\圣诞节.png,unchanged,wallpapers,圣诞节,https://act-upload.mihoyo.com/nap-obc-indep/2024/08/06/15559334/630235ac64e44e5dc31b4d0376c1e6b8_2750415130582964993.png
端午,节日壁纸合集,688,.png,端午.png,2022年,wallpapers|688|343|端午|https://act-upload.mihoyo.com/nap-obc-indep/2024/08/09/76099754/2161449d77be35466efc17de69322261_4972659609839676875.png,343,官方壁纸合集\节日壁纸合集\2022年,官方壁纸合集\节日壁纸合集\2022年\端午.png,unchanged,wallpapers,端午,https://act-upload.mihoyo.com/nap-obc-indep/2024/08/09/76099754/2161449d77be35466efc17de69322261_4972659609839676875.png
中秋,节日壁纸合集,688,.png,中秋.png,2022年,wallpapers|688|343|中秋|https://act-upload.mihoyo.com/nap-obc-indep/2024/08/09/76099754/df3111279287a260fc05c3a0b15367f6_6990590518810970334.png,343,官方壁纸合集\节日壁纸合集\2022年,官方壁纸合集\节日壁纸合集\2022年\中秋.png,unchanged,wallpapers,中秋,https://act-upload.mihoyo.com/nap-obc-indep/2024/08/09/76099754/df3111279287a260fc05c3a0b15367f6_6990590518810970334.png
万圣节,节日壁纸合集,688,.jpg,万圣节.jpg,2022年,wallpapers|688|343|万圣节|https://act-upload.mihoyo.com/nap-obc-indep/2024/08/09/76099754/3b0597bc6aa7d304a4ee6d6fb4028f2f_8795592314777232274.jpg,343,官方壁纸合集\节日壁纸合集\2022年,官方壁纸合集\节日壁纸合集\2022年\万圣节.jpg,unchanged,wallpapers,万圣节,https://act-upload.mihoyo.com/nap-obc-indep/2024/08/09/76099754/3b0597bc6aa7d304a4ee6d6fb4028f2f_8795592314777232274.jpg
圣诞节,节日壁纸合集,688,.jpg,圣诞节.jpg,2022年,wallpapers|688|343|圣诞节|https://act-upload.mihoyo.com/nap-obc-indep/2024/08/09/76099754/3c438c6ed2a57266308899d4d03b7b50_3671927519629567500.jpg,343,官方壁纸合集\节日壁纸合集\2022年,官方壁纸合集\节日壁纸合集\2022年\圣诞节.jpg,unchanged,wallpapers,圣诞节,https://act-upload.mihoyo.com/nap-obc-indep/2024/08/09/76099754/3c438c6ed2a57266308899d4d03b7b50_3671927519629567500.jpg
调律测试1,活动壁纸合集,685,.png,调律测试1.png,测试壁纸,wallpapers|685|339|调律测试1|https://act-upload.mihoyo.com/nap-obc-indep/2024/08/06/15559334/4d483e74ea3513187169277337499918_4507641561343672744.png,339,官方壁纸合集\活动壁纸合集\测试壁纸,官方壁纸合集\活动壁纸合集\测试壁纸\调律测试1.png,unchanged,wallpapers,调律测试1,https://act-upload.mihoyo.com/nap-obc-indep/2024/08/06/15559334/4d483e74ea3513187169277337499918_4507641561343672744.png
调律测试2,活动壁纸合集,685,.png,调律测试2.png,测试壁纸,wallpapers|685|339|调律测试2|https://act-upload.mihoyo.com/nap-obc-indep/2024/08/07/160132993/a46e7044b2017147d1bd424f9bed585b_2562368609541598453.png,339,官方壁纸合集\活动壁纸合集\测试壁纸,官方壁纸合集\活动壁纸合集\测试壁纸\调律测试2.png,unchanged,wallpapers,调律测试2,https://act-upload.mihoyo.com/nap-obc-indep/2024/08/07/160132993/a46e7044b2017147d1bd424f9bed585b_2562368609541598453.png
调律测试3,活动壁纸合集,685,.jpg,调律测试3.jpg,测试壁纸,wallpapers|685|339|调律测试3|https://act-upload.mihoyo.com/nap-obc-indep/2024/08/06/76552937/d96f9a34b001a372971762ad88ff624f_2307411996615303147.jpg,339,官方壁纸合集\活动壁纸合集\测试壁纸,官方壁纸合集\活动壁纸合集\测试壁纸\调律测试3.jpg,unchanged,wallpapers,调律测试3,https://act-upload.mihoyo.com/nap-obc-indep/2024/08/06/76552937/d96f9a34b001a372971762ad88ff624f_2307411996615303147.jpg
降噪测试1,活动壁纸合集,685,.jpg,降噪测试1.jpg,测试壁纸,wallpapers|685|339|降噪测试1|https://act-upload.mihoyo.com/nap-obc-indep/2024/08/06/15559334/fc379052dcbbb66821597d06e51ae8e3_7241850659164011652.jpg,339,官方壁纸合集\活动壁纸合集\测试壁纸,官方壁纸合集\活动壁纸合集\测试壁纸\降噪测试1.jpg,unchanged,wallpapers,降噪测试1,https://act-upload.mihoyo.com/nap-obc-indep/2024/08/06/15559334/fc379052dcbbb66821597d06e51ae8e3_7241850659164011652.jpg
降噪测试2,活动壁纸合集,685,.jpeg,降噪测试2.jpeg,测试壁纸,wallpapers|685|339|降噪测试2|https://act-upload.mihoyo.com/nap-obc-indep/2024/08/05/15559334/77cfa1ac2e8ca7a92028c9891febba48_1387313369711524704.jpeg,339,官方壁纸合集\活动壁纸合集\测试壁纸,官方壁纸合集\活动壁纸合集\测试壁纸\降噪测试2.jpeg,unchanged,wallpapers,降噪测试2,https://act-upload.mihoyo.com/nap-obc-indep/2024/08/05/15559334/77cfa1ac2e8ca7a92028c9891febba48_1387313369711524704.jpeg
降噪测试3,活动壁纸合集,685,.jpg,降噪测试3.jpg,测试壁纸,wallpapers|685|339|降噪测试3|https://act-upload.mihoyo.com/nap-obc-indep/2024/08/06/15559334/b4d55383016137324a620163d1191447_8034182787896548575.jpg,339,官方壁纸合集\活动壁纸合集\测试壁纸,官方壁纸合集\活动壁纸合集\测试壁纸\降噪测试3.jpg,unchanged,wallpapers,降噪测试3,https://act-upload.mihoyo.com/nap-obc-indep/2024/08/06/15559334/b4d55383016137324a620163d1191447_8034182787896548575.jpg
喧响测试,活动壁纸合集,685,.jpg,喧响测试.jpg,测试壁纸,wallpapers|685|339|喧响测试|https://act-upload.mihoyo.com/nap-obc-indep/2024/08/06/15559334/7aadd265b3370296971d71c9ea79c854_2800466420307953785.jpg,339,官方壁纸合集\活动壁纸合集\测试壁纸,官方壁纸合集\活动壁纸合集\测试壁纸\喧响测试.jpg,unchanged,wallpapers,喧响测试,https://act-upload.mihoyo.com/nap-obc-indep/2024/08/06/15559334/7aadd265b3370296971d71c9ea79c854_2800466420307953785.jpg
国际服推100万关注贺图,活动壁纸合集,685,.png,国际服推100万关注贺图.png,其他活动,wallpapers|685|340|国际服推100万关注贺图|https://act-upload.mihoyo.com/nap-obc-indep/2025/12/24/160132993/8abb8ed9ce31cb08c4fa46db15aab725_8139612725358439092.png,340,官方壁纸合集\活动壁纸合集\其他活动,官方壁纸合集\活动壁纸合集\其他活动\国际服推100万关注贺图.png,unchanged,wallpapers,国际服推100万关注贺图,https://act-upload.mihoyo.com/nap-obc-indep/2025/12/24/160132993/8abb8ed9ce31cb08c4fa46db15aab725_8139612725358439092.png
海外年度电影节-印尼,活动壁纸合集,685,.jpg,海外年度电影节-印尼.jpg,其他活动,wallpapers|685|340|海外年度电影节-印尼|https://act-upload.mihoyo.com/nap-obc-indep/2025/06/04/160132993/493ea1aa16ab07f4245d4fe9f95d2439_6447520572264144456.jpg,340,官方壁纸合集\活动壁纸合集\其他活动,官方壁纸合集\活动壁纸合集\其他活动\海外年度电影节-印尼.jpg,unchanged,wallpapers,海外年度电影节-印尼,https://act-upload.mihoyo.com/nap-obc-indep/2025/06/04/160132993/493ea1aa16ab07f4245d4fe9f95d2439_6447520572264144456.jpg
海外年度电影节-菲律宾,活动壁纸合集,685,.jpg,海外年度电影节-菲律宾.jpg,其他活动,wallpapers|685|340|海外年度电影节-菲律宾|https://act-upload.mihoyo.com/nap-obc-indep/2025/06/04/160132993/103189528e390f7b97a92bf61fb0e8ee_4806511037871999806.jpg,340,官方壁纸合集\活动壁纸合集\其他活动,官方壁纸合集\活动壁纸合集\其他活动\海外年度电影节-菲律宾.jpg,unchanged,wallpapers,海外年度电影节-菲律宾,https://act-upload.mihoyo.com/nap-obc-indep/2025/06/04/160132993/103189528e390f7b97a92bf61fb0e8ee_4806511037871999806.jpg
海外年度电影节-马来西亚,活动壁纸合集,685,.jpg,海外年度电影节-马来西亚.jpg,其他活动,wallpapers|685|340|海外年度电影节-马来西亚|https://act-upload.mihoyo.com/nap-obc-indep/2025/06/04/160132993/8302c1fc29263629471c979dfae47504_7733068201627633142.jpg,340,官方壁纸合集\活动壁纸合集\其他活动,官方壁纸合集\活动壁纸合集\其他活动\海外年度电影节-马来西亚.jpg,unchanged,wallpapers,海外年度电影节-马来西亚,https://act-upload.mihoyo.com/nap-obc-indep/2025/06/04/160132993/8302c1fc29263629471c979dfae47504_7733068201627633142.jpg
浅羽悠真anan封面4,活动壁纸合集,685,.jpg,浅羽悠真anan封面4.jpg,其他活动,wallpapers|685|340|浅羽悠真anan封面4|https://act-upload.mihoyo.com/nap-obc-indep/2024/12/26/73751405/3b64f647ea078ca5c8bf9b201240b6a6_942488533825683457.jpg,340,官方壁纸合集\活动壁纸合集\其他活动,官方壁纸合集\活动壁纸合集\其他活动\浅羽悠真anan封面4.jpg,unchanged,wallpapers,浅羽悠真anan封面4,https://act-upload.mihoyo.com/nap-obc-indep/2024/12/26/73751405/3b64f647ea078ca5c8bf9b201240b6a6_942488533825683457.jpg
浅羽悠真anan封面3,活动壁纸合集,685,.jpg,浅羽悠真anan封面3.jpg,其他活动,wallpapers|685|340|浅羽悠真anan封面3|https://act-upload.mihoyo.com/nap-obc-indep/2024/12/26/73751405/c91113c3cca3388b5e606cf810a13015_3017253033593808879.jpg,340,官方壁纸合集\活动壁纸合集\其他活动,官方壁纸合集\活动壁纸合集\其他活动\浅羽悠真anan封面3.jpg,unchanged,wallpapers,浅羽悠真anan封面3,https://act-upload.mihoyo.com/nap-obc-indep/2024/12/26/73751405/c91113c3cca3388b5e606cf810a13015_3017253033593808879.jpg
浅羽悠真anan封面2,活动壁纸合集,685,.jpg,浅羽悠真anan封面2.jpg,其他活动,wallpapers|685|340|浅羽悠真anan封面2|https://act-upload.mihoyo.com/nap-obc-indep/2024/12/26/73751405/a413111412b93c6aff9a7b5a89d57f1a_6534096703267763455.jpg,340,官方壁纸合集\活动壁纸合集\其他活动,官方壁纸合集\活动壁纸合集\其他活动\浅羽悠真anan封面2.jpg,unchanged,wallpapers,浅羽悠真anan封面2,https://act-upload.mihoyo.com/nap-obc-indep/2024/12/26/73751405/a413111412b93c6aff9a7b5a89d57f1a_6534096703267763455.jpg
浅羽悠真anan封面1,活动壁纸合集,685,.jpg,浅羽悠真anan封面1.jpg,其他活动,wallpapers|685|340|浅羽悠真anan封面1|https://act-upload.mihoyo.com/nap-obc-indep/2024/12/26/73751405/65e566c4575234d1dfada96f2cce5e0b_9159054880279187383.jpg,340,官方壁纸合集\活动壁纸合集\其他活动,官方壁纸合集\活动壁纸合集\其他活动\浅羽悠真anan封面1.jpg,unchanged,wallpapers,浅羽悠真anan封面1,https://act-upload.mihoyo.com/nap-obc-indep/2024/12/26/73751405/65e566c4575234d1dfada96f2cce5e0b_9159054880279187383.jpg
虚拟偶像,活动壁纸合集,685,.jpeg,虚拟偶像.jpeg,其他活动,wallpapers|685|340|虚拟偶像|https://act-upload.mihoyo.com/nap-obc-indep/2024/08/05/15559334/f8a502e4836f0ff2b237abf0cd369e74_5094178454486948505.jpeg,340,官方壁纸合集\活动壁纸合集\其他活动,官方壁纸合集\活动壁纸合集\其他活动\虚拟偶像.jpeg,unchanged,wallpapers,虚拟偶像,https://act-upload.mihoyo.com/nap-obc-indep/2024/08/05/15559334/f8a502e4836f0ff2b237abf0cd369e74_5094178454486948505.jpeg
2000万预约贺图,活动壁纸合集,685,.png,2000万预约贺图.png,其他活动,wallpapers|685|340|2000万预约贺图|https://act-upload.mihoyo.com/nap-obc-indep/2024/08/05/15559334/c76da033744dbcaa93e1c72a4c845222_6021281763881175277.png,340,官方壁纸合集\活动壁纸合集\其他活动,官方壁纸合集\活动壁纸合集\其他活动\2000万预约贺图.png,unchanged,wallpapers,2000万预约贺图,https://act-upload.mihoyo.com/nap-obc-indep/2024/08/05/15559334/c76da033744dbcaa93e1c72a4c845222_6021281763881175277.png
1000万预约贺图,活动壁纸合集,685,.png,1000万预约贺图.png,其他活动,wallpapers|685|340|1000万预约贺图|https://act-upload.mihoyo.com/nap-obc-indep/2024/08/06/15559334/20ad006594ffa9ffc0a2470a72b3e361_5262897566411414560.png,340,官方壁纸合集\活动壁纸合集\其他活动,官方壁纸合集\活动壁纸合集\其他活动\1000万预约贺图.png,unchanged,wallpapers,1000万预约贺图,https://act-upload.mihoyo.com/nap-obc-indep/2024/08/06/15559334/20ad006594ffa9ffc0a2470a72b3e361_5262897566411414560.png
3000万预约贺图,活动壁纸合集,685,.jpg,3000万预约贺图.jpg,其他活动,wallpapers|685|340|3000万预约贺图|https://act-upload.mihoyo.com/nap-obc-indep/2024/08/06/15559334/733b2291299d5403f7c12c71f3cb82a9_5787194204195073575.jpg,340,官方壁纸合集\活动壁纸合集\其他活动,官方壁纸合集\活动壁纸合集\其他活动\3000万预约贺图.jpg,unchanged,wallpapers,3000万预约贺图,https://act-upload.mihoyo.com/nap-obc-indep/2024/08/06/15559334/733b2291299d5403f7c12c71f3cb82a9_5787194204195073575.jpg
4000万预约贺图,活动壁纸合集,685,.png,4000万预约贺图.png,其他活动,wallpapers|685|340|4000万预约贺图|https://act-upload.mihoyo.com/nap-obc-indep/2024/08/05/15559334/f4e16bdfc387e66840c237b25a3a2f1f_3107135351270954322.png,340,官方壁纸合集\活动壁纸合集\其他活动,官方壁纸合集\活动壁纸合集\其他活动\4000万预约贺图.png,unchanged,wallpapers,4000万预约贺图,https://act-upload.mihoyo.com/nap-obc-indep/2024/08/05/15559334/f4e16bdfc387e66840c237b25a3a2f1f_3107135351270954322.png
B站300万粉丝贺图,活动壁纸合集,685,.jpg,B站300万粉丝贺图.jpg,其他活动,wallpapers|685|340|B站300万粉丝贺图|https://act-upload.mihoyo.com/nap-obc-indep/2024/08/06/15559334/8d14f5cd5df3399322822268ca0408d2_5165686697768530411.jpg,340,官方壁纸合集\活动壁纸合集\其他活动,官方壁纸合集\活动壁纸合集\其他活动\B站300万粉丝贺图.jpg,unchanged,wallpapers,B站300万粉丝贺图,https://act-upload.mihoyo.com/nap-obc-indep/2024/08/06/15559334/8d14f5cd5df3399322822268ca0408d2_5165686697768530411.jpg
B站500万粉丝贺图,活动壁纸合集,685,.jpg,B站500万粉丝贺图.jpg,其他活动,wallpapers|685|340|B站500万粉丝贺图|https://act-upload.mihoyo.com/nap-obc-indep/2024/08/06/15559334/e8ea76b1f7d3101fa65544e8ee5c4c88_7483306783449716420.jpg,340,官方壁纸合集\活动壁纸合集\其他活动,官方壁纸合集\活动壁纸合集\其他活动\B站500万粉丝贺图.jpg,unchanged,wallpapers,B站500万粉丝贺图,https://act-upload.mihoyo.com/nap-obc-indep/2024/08/06/15559334/e8ea76b1f7d3101fa65544e8ee5c4c88_7483306783449716420.jpg
国际服推50万关注贺图,活动壁纸合集,685,.jpg,国际服推50万关注贺图.jpg,其他活动,wallpapers|685|340|国际服推50万关注贺图|https://act-upload.mihoyo.com/nap-obc-indep/2024/08/06/15559334/984b6e1cbcb43cf44dc2b1f52dcf530f_4350644840843543999.jpg,340,官方壁纸合集\活动壁纸合集\其他活动,官方壁纸合集\活动壁纸合集\其他活动\国际服推50万关注贺图.jpg,unchanged,wallpapers,国际服推50万关注贺图,https://act-upload.mihoyo.com/nap-obc-indep/2024/08/06/15559334/984b6e1cbcb43cf44dc2b1f52dcf530f_4350644840843543999.jpg
日推10万关注贺图,活动壁纸合集,685,.jpeg,日推10万关注贺图.jpeg,其他活动,wallpapers|685|340|日推10万关注贺图|https://act-upload.mihoyo.com/nap-obc-indep/2024/08/06/15559334/4e984dfed4d24b16eaa39cc2c1ac1bcd_8813530101106664686.jpeg,340,官方壁纸合集\活动壁纸合集\其他活动,官方壁纸合集\活动壁纸合集\其他活动\日推10万关注贺图.jpeg,unchanged,wallpapers,日推10万关注贺图,https://act-upload.mihoyo.com/nap-obc-indep/2024/08/06/15559334/4e984dfed4d24b16eaa39cc2c1ac1bcd_8813530101106664686.jpeg
gamescom 2024特别参展视频,活动壁纸合集,685,.png,gamescom 2024特别参展视频.png,其他活动,wallpapers|685|340|gamescom 2024特别参展视频|https://act-upload.mihoyo.com/nap-obc-indep/2024/09/06/158441880/010023fab33acf506d40bafe6c2d82bc_2437583496092767705.png,340,官方壁纸合集\活动壁纸合集\其他活动,官方壁纸合集\活动壁纸合集\其他活动\gamescom 2024特别参展视频.png,unchanged,wallpapers,gamescom 2024特别参展视频,https://act-upload.mihoyo.com/nap-obc-indep/2024/09/06/158441880/010023fab33acf506d40bafe6c2d82bc_2437583496092767705.png
简角色PV丨逮捕,活动壁纸合集,685,.jpg,简角色PV丨逮捕.jpg,其他活动,wallpapers|685|340|简角色PV丨逮捕|https://act-upload.mihoyo.com/nap-obc-indep/2024/09/06/158441880/7b1671629af107354e4945a62eda1419_1336961272310325410.jpg,340,官方壁纸合集\活动壁纸合集\其他活动,官方壁纸合集\活动壁纸合集\其他活动\简角色PV丨逮捕.jpg,unchanged,wallpapers,简角色PV丨逮捕,https://act-upload.mihoyo.com/nap-obc-indep/2024/09/06/158441880/7b1671629af107354e4945a62eda1419_1336961272310325410.jpg
「天衣无缝的伪装」,活动壁纸合集,685,.png,「天衣无缝的伪装」.png,其他活动,wallpapers|685|340|「天衣无缝的伪装」|https://act-upload.mihoyo.com/nap-obc-indep/2024/09/06/158441880/784e52f98d0bfacfebbc5d1a2b595c0a_5881125117965777384.png,340,官方壁纸合集\活动壁纸合集\其他活动,官方壁纸合集\活动壁纸合集\其他活动\「天衣无缝的伪装」.png,unchanged,wallpapers,「天衣无缝的伪装」,https://act-upload.mihoyo.com/nap-obc-indep/2024/09/06/158441880/784e52f98d0bfacfebbc5d1a2b595c0a_5881125117965777384.png
Reddit 200k粉丝贺图,活动壁纸合集,685,.png,Reddit 200k粉丝贺图.png,其他活动,wallpapers|685|340|Reddit 200k粉丝贺图|https://act-upload.mihoyo.com/nap-obc-indep/2024/12/23/15559334/1e5e38fd9e0b7a03d7a100f58f509464_5355391104399204993.png,340,官方壁纸合集\活动壁纸合集\其他活动,官方壁纸合集\活动壁纸合集\其他活动\Reddit 200k粉丝贺图.png,unchanged,wallpapers,Reddit 200k粉丝贺图,https://act-upload.mihoyo.com/nap-obc-indep/2024/12/23/15559334/1e5e38fd9e0b7a03d7a100f58f509464_5355391104399204993.png
日推50万关注贺图,活动壁纸合集,685,.jpg,日推50万关注贺图.jpg,其他活动,wallpapers|685|340|日推50万关注贺图|https://act-upload.mihoyo.com/nap-obc-indep/2024/12/30/160132993/8f1b211ef713910dacd3b6664bfae952_7252388362086178740.jpg,340,官方壁纸合集\活动壁纸合集\其他活动,官方壁纸合集\活动壁纸合集\其他活动\日推50万关注贺图.jpg,unchanged,wallpapers,日推50万关注贺图,https://act-upload.mihoyo.com/nap-obc-indep/2024/12/30/160132993/8f1b211ef713910dacd3b6664bfae952_7252388362086178740.jpg
登陆港版PS5,活动壁纸合集,685,.jpg,登陆港版PS5.jpg,其他活动,wallpapers|685|340|登陆港版PS5|https://act-upload.mihoyo.com/nap-obc-indep/2024/12/31/160132993/c43cb3b992748137938e0152aa95571c_947756184947575167.jpg,340,官方壁纸合集\活动壁纸合集\其他活动,官方壁纸合集\活动壁纸合集\其他活动\登陆港版PS5.jpg,unchanged,wallpapers,登陆港版PS5,https://act-upload.mihoyo.com/nap-obc-indep/2024/12/31/160132993/c43cb3b992748137938e0152aa95571c_947756184947575167.jpg
685-1611-001-1,活动壁纸合集,685,.jpg,685-1611-001-1.jpg,「妄想天使训练中」壁纸（手机版）,wallpapers|685|1611|1|https://act-upload.mihoyo.com/nap-obc-indep/2026/02/04/73751405/f514aac40750fa8fdd75fd43ca52a588_1914289405214421584.jpg,1611,官方壁纸合集\活动壁纸合集\「妄想天使训练中」壁纸（手机版）,官方壁纸合集\活动壁纸合集\「妄想天使训练中」壁纸（手机版）\685-1611-001-1.jpg,unchanged,wallpapers,1,https://act-upload.mihoyo.com/nap-obc-indep/2026/02/04/73751405/f514aac40750fa8fdd75fd43ca52a588_1914289405214421584.jpg
685-1611-002-2,活动壁纸合集,685,.jpg,685-1611-002-2.jpg,「妄想天使训练中」壁纸（手机版）,wallpapers|685|1611|2|https://act-upload.mihoyo.com/nap-obc-indep/2026/02/04/73751405/c0694eb1a430c061927365544f3d900e_4843370564062918684.jpg,1611,官方壁纸合集\活动壁纸合集\「妄想天使训练中」壁纸（手机版）,官方壁纸合集\活动壁纸合集\「妄想天使训练中」壁纸（手机版）\685-1611-002-2.jpg,unchanged,wallpapers,2,https://act-upload.mihoyo.com/nap-obc-indep/2026/02/04/73751405/c0694eb1a430c061927365544f3d900e_4843370564062918684.jpg
685-1611-003-3,活动壁纸合集,685,.jpg,685-1611-003-3.jpg,「妄想天使训练中」壁纸（手机版）,wallpapers|685|1611|3|https://act-upload.mihoyo.com/nap-obc-indep/2026/02/04/73751405/1aa93a9c5c4c4478e058116a2cdc7402_7786461464521849723.jpg,1611,官方壁纸合集\活动壁纸合集\「妄想天使训练中」壁纸（手机版）,官方壁纸合集\活动壁纸合集\「妄想天使训练中」壁纸（手机版）\685-1611-003-3.jpg,unchanged,wallpapers,3,https://act-upload.mihoyo.com/nap-obc-indep/2026/02/04/73751405/1aa93a9c5c4c4478e058116a2cdc7402_7786461464521849723.jpg
685-1611-004-4,活动壁纸合集,685,.jpg,685-1611-004-4.jpg,「妄想天使训练中」壁纸（手机版）,wallpapers|685|1611|4|https://act-upload.mihoyo.com/nap-obc-indep/2026/02/04/73751405/0e2da81082ff7be57839d891c4eeb7bc_3189326224772057266.jpg,1611,官方壁纸合集\活动壁纸合集\「妄想天使训练中」壁纸（手机版）,官方壁纸合集\活动壁纸合集\「妄想天使训练中」壁纸（手机版）\685-1611-004-4.jpg,unchanged,wallpapers,4,https://act-upload.mihoyo.com/nap-obc-indep/2026/02/04/73751405/0e2da81082ff7be57839d891c4eeb7bc_3189326224772057266.jpg
1(2560x1080),活动壁纸合集,685,.jpg,1(2560x1080).jpg,「妄想天使训练中」壁纸（PC版）,wallpapers|685|1610|1(2560x1080)|https://act-upload.mihoyo.com/nap-obc-indep/2026/02/04/73751405/75bc0cbeb77f8e355e66ef2854c762d6_7097192202629000502.jpg,1610,官方壁纸合集\活动壁纸合集\「妄想天使训练中」壁纸（PC版）,官方壁纸合集\活动壁纸合集\「妄想天使训练中」壁纸（PC版）\1(2560x1080).jpg,unchanged,wallpapers,1(2560x1080),https://act-upload.mihoyo.com/nap-obc-indep/2026/02/04/73751405/75bc0cbeb77f8e355e66ef2854c762d6_7097192202629000502.jpg
1(3840x2160),活动壁纸合集,685,.jpg,1(3840x2160).jpg,「妄想天使训练中」壁纸（PC版）,wallpapers|685|1610|1(3840x2160)|https://act-upload.mihoyo.com/nap-obc-indep/2026/02/04/73751405/7b503cf6e35a94da4edbb9d7122794fa_8508338339568721902.jpg,1610,官方壁纸合集\活动壁纸合集\「妄想天使训练中」壁纸（PC版）,官方壁纸合集\活动壁纸合集\「妄想天使训练中」壁纸（PC版）\1(3840x2160).jpg,unchanged,wallpapers,1(3840x2160),https://act-upload.mihoyo.com/nap-obc-indep/2026/02/04/73751405/7b503cf6e35a94da4edbb9d7122794fa_8508338339568721902.jpg
2(2560x1080),活动壁纸合集,685,.jpg,2(2560x1080).jpg,「妄想天使训练中」壁纸（PC版）,wallpapers|685|1610|2(2560x1080)|https://act-upload.mihoyo.com/nap-obc-indep/2026/02/04/73751405/f796bf8edc312fcf234076d2e0d81b55_6616252044317668623.jpg,1610,官方壁纸合集\活动壁纸合集\「妄想天使训练中」壁纸（PC版）,官方壁纸合集\活动壁纸合集\「妄想天使训练中」壁纸（PC版）\2(2560x1080).jpg,unchanged,wallpapers,2(2560x1080),https://act-upload.mihoyo.com/nap-obc-indep/2026/02/04/73751405/f796bf8edc312fcf234076d2e0d81b55_6616252044317668623.jpg
2(3840x2160),活动壁纸合集,685,.jpg,2(3840x2160).jpg,「妄想天使训练中」壁纸（PC版）,wallpapers|685|1610|2(3840x2160)|https://act-upload.mihoyo.com/nap-obc-indep/2026/02/04/73751405/7430d8bb8f7ab348a515a850560c6446_6663862427133633794.jpg,1610,官方壁纸合集\活动壁纸合集\「妄想天使训练中」壁纸（PC版）,官方壁纸合集\活动壁纸合集\「妄想天使训练中」壁纸（PC版）\2(3840x2160).jpg,unchanged,wallpapers,2(3840x2160),https://act-upload.mihoyo.com/nap-obc-indep/2026/02/04/73751405/7430d8bb8f7ab348a515a850560c6446_6663862427133633794.jpg
3(2560x1080),活动壁纸合集,685,.jpg,3(2560x1080).jpg,「妄想天使训练中」壁纸（PC版）,wallpapers|685|1610|3(2560x1080)|https://act-upload.mihoyo.com/nap-obc-indep/2026/02/04/73751405/126746fada48b26bc78350a95ebe24b1_1894277079836364920.jpg,1610,官方壁纸合集\活动壁纸合集\「妄想天使训练中」壁纸（PC版）,官方壁纸合集\活动壁纸合集\「妄想天使训练中」壁纸（PC版）\3(2560x1080).jpg,unchanged,wallpapers,3(2560x1080),https://act-upload.mihoyo.com/nap-obc-indep/2026/02/04/73751405/126746fada48b26bc78350a95ebe24b1_1894277079836364920.jpg
3(3840x2160),活动壁纸合集,685,.jpg,3(3840x2160).jpg,「妄想天使训练中」壁纸（PC版）,wallpapers|685|1610|3(3840x2160)|https://act-upload.mihoyo.com/nap-obc-indep/2026/02/04/73751405/7f8b634f3d6bb8c23748620f60cbf9fb_8882438404496511429.jpg,1610,官方壁纸合集\活动壁纸合集\「妄想天使训练中」壁纸（PC版）,官方壁纸合集\活动壁纸合集\「妄想天使训练中」壁纸（PC版）\3(3840x2160).jpg,unchanged,wallpapers,3(3840x2160),https://act-upload.mihoyo.com/nap-obc-indep/2026/02/04/73751405/7f8b634f3d6bb8c23748620f60cbf9fb_8882438404496511429.jpg
4(2560x1080),活动壁纸合集,685,.jpg,4(2560x1080).jpg,「妄想天使训练中」壁纸（PC版）,wallpapers|685|1610|4(2560x1080)|https://act-upload.mihoyo.com/nap-obc-indep/2026/02/04/73751405/7116ff02c69d1ed7d1143e24b522ae76_1190363970995936256.jpg,1610,官方壁纸合集\活动壁纸合集\「妄想天使训练中」壁纸（PC版）,官方壁纸合集\活动壁纸合集\「妄想天使训练中」壁纸（PC版）\4(2560x1080).jpg,unchanged,wallpapers,4(2560x1080),https://act-upload.mihoyo.com/nap-obc-indep/2026/02/04/73751405/7116ff02c69d1ed7d1143e24b522ae76_1190363970995936256.jpg
4(3840x2160),活动壁纸合集,685,.jpg,4(3840x2160).jpg,「妄想天使训练中」壁纸（PC版）,wallpapers|685|1610|4(3840x2160)|https://act-upload.mihoyo.com/nap-obc-indep/2026/02/04/73751405/b2b01c7d4059d58aecfc08e277de0de4_5203129812582933771.jpg,1610,官方壁纸合集\活动壁纸合集\「妄想天使训练中」壁纸（PC版）,官方壁纸合集\活动壁纸合集\「妄想天使训练中」壁纸（PC版）\4(3840x2160).jpg,unchanged,wallpapers,4(3840x2160),https://act-upload.mihoyo.com/nap-obc-indep/2026/02/04/73751405/b2b01c7d4059d58aecfc08e277de0de4_5203129812582933771.jpg
5(2560x1080),活动壁纸合集,685,.jpg,5(2560x1080).jpg,「妄想天使训练中」壁纸（PC版）,wallpapers|685|1610|5(2560x1080)|https://act-upload.mihoyo.com/nap-obc-indep/2026/02/04/73751405/28303ebc23ba46a1a40353add3c57ece_776398927101489165.jpg,1610,官方壁纸合集\活动壁纸合集\「妄想天使训练中」壁纸（PC版）,官方壁纸合集\活动壁纸合集\「妄想天使训练中」壁纸（PC版）\5(2560x1080).jpg,unchanged,wallpapers,5(2560x1080),https://act-upload.mihoyo.com/nap-obc-indep/2026/02/04/73751405/28303ebc23ba46a1a40353add3c57ece_776398927101489165.jpg
5(3840x2160),活动壁纸合集,685,.jpg,5(3840x2160).jpg,「妄想天使训练中」壁纸（PC版）,wallpapers|685|1610|5(3840x2160)|https://act-upload.mihoyo.com/nap-obc-indep/2026/02/04/73751405/75737c3e39f44744617e8682c0e5fd5d_5815808980608666128.jpg,1610,官方壁纸合集\活动壁纸合集\「妄想天使训练中」壁纸（PC版）,官方壁纸合集\活动壁纸合集\「妄想天使训练中」壁纸（PC版）\5(3840x2160).jpg,unchanged,wallpapers,5(3840x2160),https://act-upload.mihoyo.com/nap-obc-indep/2026/02/04/73751405/75737c3e39f44744617e8682c0e5fd5d_5815808980608666128.jpg
6(2560x1080),活动壁纸合集,685,.jpg,6(2560x1080).jpg,「妄想天使训练中」壁纸（PC版）,wallpapers|685|1610|6(2560x1080)|https://act-upload.mihoyo.com/nap-obc-indep/2026/02/04/73751405/e4a458b95403a15ba226d1678777a7d0_2547276887180454476.jpg,1610,官方壁纸合集\活动壁纸合集\「妄想天使训练中」壁纸（PC版）,官方壁纸合集\活动壁纸合集\「妄想天使训练中」壁纸（PC版）\6(2560x1080).jpg,unchanged,wallpapers,6(2560x1080),https://act-upload.mihoyo.com/nap-obc-indep/2026/02/04/73751405/e4a458b95403a15ba226d1678777a7d0_2547276887180454476.jpg
6(3840x2160),活动壁纸合集,685,.jpg,6(3840x2160).jpg,「妄想天使训练中」壁纸（PC版）,wallpapers|685|1610|6(3840x2160)|https://act-upload.mihoyo.com/nap-obc-indep/2026/02/04/73751405/218e4fca4520dfcd0ef276450c980aaf_2836394738834967217.jpg,1610,官方壁纸合集\活动壁纸合集\「妄想天使训练中」壁纸（PC版）,官方壁纸合集\活动壁纸合集\「妄想天使训练中」壁纸（PC版）\6(3840x2160).jpg,unchanged,wallpapers,6(3840x2160),https://act-upload.mihoyo.com/nap-obc-indep/2026/02/04/73751405/218e4fca4520dfcd0ef276450c980aaf_2836394738834967217.jpg
美梦如约-PC版,活动壁纸合集,685,.jpg,美梦如约-PC版.jpg,「美梦如约而至」壁纸,wallpapers|685|898|美梦如约-PC版|https://act-upload.mihoyo.com/nap-obc-indep/2025/01/30/73751405/6e20176c1550b4402ed9a706d3cdbfb0_3486701948274485261.jpg,898,官方壁纸合集\活动壁纸合集\「美梦如约而至」壁纸,官方壁纸合集\活动壁纸合集\「美梦如约而至」壁纸\美梦如约-PC版.jpg,unchanged,wallpapers,美梦如约-PC版,https://act-upload.mihoyo.com/nap-obc-indep/2025/01/30/73751405/6e20176c1550b4402ed9a706d3cdbfb0_3486701948274485261.jpg
美梦如约-手机版,活动壁纸合集,685,.jpg,美梦如约-手机版.jpg,「美梦如约而至」壁纸,wallpapers|685|898|美梦如约-手机版|https://act-upload.mihoyo.com/nap-obc-indep/2025/01/30/73751405/80d55cef430d942c944a6a963d7e7e5b_2120251347435364907.jpg,898,官方壁纸合集\活动壁纸合集\「美梦如约而至」壁纸,官方壁纸合集\活动壁纸合集\「美梦如约而至」壁纸\美梦如约-手机版.jpg,unchanged,wallpapers,美梦如约-手机版,https://act-upload.mihoyo.com/nap-obc-indep/2025/01/30/73751405/80d55cef430d942c944a6a963d7e7e5b_2120251347435364907.jpg
美梦延续的剪影-PC版,活动壁纸合集,685,.jpg,美梦延续的剪影-PC版.jpg,「美梦如约而至」壁纸,wallpapers|685|898|美梦延续的剪影-PC版|https://act-upload.mihoyo.com/nap-obc-indep/2025/01/30/73751405/4ead39735df1b4643eee3b6b50389940_8575206825569662090.jpg,898,官方壁纸合集\活动壁纸合集\「美梦如约而至」壁纸,官方壁纸合集\活动壁纸合集\「美梦如约而至」壁纸\美梦延续的剪影-PC版.jpg,unchanged,wallpapers,美梦延续的剪影-PC版,https://act-upload.mihoyo.com/nap-obc-indep/2025/01/30/73751405/4ead39735df1b4643eee3b6b50389940_8575206825569662090.jpg
H.S.O.S.6,活动壁纸合集,685,.png,H.S.O.S.6.png,「三明治香气的梦想」壁纸,wallpapers|685|897|H.S.O.S.6|https://act-upload.mihoyo.com/nap-obc-indep/2025/01/30/73751405/d92b0c0dcf18edd52e9af997ca9714d5_745226128342851785.png,897,官方壁纸合集\活动壁纸合集\「三明治香气的梦想」壁纸,官方壁纸合集\活动壁纸合集\「三明治香气的梦想」壁纸\H.S.O.S.6.png,unchanged,wallpapers,H.S.O.S.6,https://act-upload.mihoyo.com/nap-obc-indep/2025/01/30/73751405/d92b0c0dcf18edd52e9af997ca9714d5_745226128342851785.png
白祇重工,活动壁纸合集,685,.png,白祇重工.png,「三明治香气的梦想」壁纸,wallpapers|685|897|白祇重工|https://act-upload.mihoyo.com/nap-obc-indep/2025/01/30/73751405/c483bb7f30726079669fa4511bf3e49a_7815768005670306488.png,897,官方壁纸合集\活动壁纸合集\「三明治香气的梦想」壁纸,官方壁纸合集\活动壁纸合集\「三明治香气的梦想」壁纸\白祇重工.png,unchanged,wallpapers,白祇重工,https://act-upload.mihoyo.com/nap-obc-indep/2025/01/30/73751405/c483bb7f30726079669fa4511bf3e49a_7815768005670306488.png
法厄同,活动壁纸合集,685,.png,法厄同.png,「三明治香气的梦想」壁纸,wallpapers|685|897|法厄同|https://act-upload.mihoyo.com/nap-obc-indep/2025/01/30/73751405/161b5dceea0c9f72a6b3914829bb483c_8030286686137966711.png,897,官方壁纸合集\活动壁纸合集\「三明治香气的梦想」壁纸,官方壁纸合集\活动壁纸合集\「三明治香气的梦想」壁纸\法厄同.png,unchanged,wallpapers,法厄同,https://act-upload.mihoyo.com/nap-obc-indep/2025/01/30/73751405/161b5dceea0c9f72a6b3914829bb483c_8030286686137966711.png
狡兔屋,活动壁纸合集,685,.png,狡兔屋.png,「三明治香气的梦想」壁纸,wallpapers|685|897|狡兔屋|https://act-upload.mihoyo.com/nap-obc-indep/2025/01/30/73751405/33a8f482aa29229c685fa95f3b8852e2_5153736133290339563.png,897,官方壁纸合集\活动壁纸合集\「三明治香气的梦想」壁纸,官方壁纸合集\活动壁纸合集\「三明治香气的梦想」壁纸\狡兔屋.png,unchanged,wallpapers,狡兔屋,https://act-upload.mihoyo.com/nap-obc-indep/2025/01/30/73751405/33a8f482aa29229c685fa95f3b8852e2_5153736133290339563.png
维多利亚家政,活动壁纸合集,685,.png,维多利亚家政.png,「三明治香气的梦想」壁纸,wallpapers|685|897|维多利亚家政|https://act-upload.mihoyo.com/nap-obc-indep/2025/01/30/73751405/11adbab9bc37e7dca23aadb5a8d169fb_7826310765504744555.png,897,官方壁纸合集\活动壁纸合集\「三明治香气的梦想」壁纸,官方壁纸合集\活动壁纸合集\「三明治香气的梦想」壁纸\维多利亚家政.png,unchanged,wallpapers,维多利亚家政,https://act-upload.mihoyo.com/nap-obc-indep/2025/01/30/73751405/11adbab9bc37e7dca23aadb5a8d169fb_7826310765504744555.png
奥波勒斯小队,活动壁纸合集,685,.png,奥波勒斯小队.png,「三明治香气的梦想」壁纸,wallpapers|685|897|奥波勒斯小队|https://act-upload.mihoyo.com/nap-obc-indep/2026/02/04/4885809/97c9e8b8a11d18ea949142cf7d63f669_7114479149549079341.png,897,官方壁纸合集\活动壁纸合集\「三明治香气的梦想」壁纸,官方壁纸合集\活动壁纸合集\「三明治香气的梦想」壁纸\奥波勒斯小队.png,unchanged,wallpapers,奥波勒斯小队,https://act-upload.mihoyo.com/nap-obc-indep/2026/02/04/4885809/97c9e8b8a11d18ea949142cf7d63f669_7114479149549079341.png
685-880-001-1,活动壁纸合集,685,.jpg,685-880-001-1.jpg,「若能化作天琴」壁纸,wallpapers|685|880|1|https://act-upload.mihoyo.com/nap-obc-indep/2025/01/18/73751405/bc642a028f94ef9bc2391c62b27017bb_8142708541524457423.jpg,880,官方壁纸合集\活动壁纸合集\「若能化作天琴」壁纸,官方壁纸合集\活动壁纸合集\「若能化作天琴」壁纸\685-880-001-1.jpg,unchanged,wallpapers,1,https://act-upload.mihoyo.com/nap-obc-indep/2025/01/18/73751405/bc642a028f94ef9bc2391c62b27017bb_8142708541524457423.jpg
685-880-002-2,活动壁纸合集,685,.jpg,685-880-002-2.jpg,「若能化作天琴」壁纸,wallpapers|685|880|2|https://act-upload.mihoyo.com/nap-obc-indep/2025/01/22/73751405/fcb74be5f84b24c9aace533cb81ea955_7535266383198618063.jpg,880,官方壁纸合集\活动壁纸合集\「若能化作天琴」壁纸,官方壁纸合集\活动壁纸合集\「若能化作天琴」壁纸\685-880-002-2.jpg,unchanged,wallpapers,2,https://act-upload.mihoyo.com/nap-obc-indep/2025/01/22/73751405/fcb74be5f84b24c9aace533cb81ea955_7535266383198618063.jpg
685-337-001-1,活动壁纸合集,685,.jpeg,685-337-001-1.jpeg,「箱庭之内」壁纸,wallpapers|685|337|1|https://act-upload.mihoyo.com/nap-obc-indep/2024/08/05/15559334/86382c8ce8736de766dd7bb8da2bab96_775138198110889014.jpeg,337,官方壁纸合集\活动壁纸合集\「箱庭之内」壁纸,官方壁纸合集\活动壁纸合集\「箱庭之内」壁纸\685-337-001-1.jpeg,unchanged,wallpapers,1,https://act-upload.mihoyo.com/nap-obc-indep/2024/08/05/15559334/86382c8ce8736de766dd7bb8da2bab96_775138198110889014.jpeg
685-337-002-2,活动壁纸合集,685,.jpeg,685-337-002-2.jpeg,「箱庭之内」壁纸,wallpapers|685|337|2|https://act-upload.mihoyo.com/nap-obc-indep/2024/08/05/15559334/eaf82c833ea0dba7f6eb30ddcc355abd_6782954568070308394.jpeg,337,官方壁纸合集\活动壁纸合集\「箱庭之内」壁纸,官方壁纸合集\活动壁纸合集\「箱庭之内」壁纸\685-337-002-2.jpeg,unchanged,wallpapers,2,https://act-upload.mihoyo.com/nap-obc-indep/2024/08/05/15559334/eaf82c833ea0dba7f6eb30ddcc355abd_6782954568070308394.jpeg
685-337-003-3,活动壁纸合集,685,.jpeg,685-337-003-3.jpeg,「箱庭之内」壁纸,wallpapers|685|337|3|https://act-upload.mihoyo.com/nap-obc-indep/2024/08/05/15559334/141d899c0bc12d3eaa07abf65ea92312_1603679524018992990.jpeg,337,官方壁纸合集\活动壁纸合集\「箱庭之内」壁纸,官方壁纸合集\活动壁纸合集\「箱庭之内」壁纸\685-337-003-3.jpeg,unchanged,wallpapers,3,https://act-upload.mihoyo.com/nap-obc-indep/2024/08/05/15559334/141d899c0bc12d3eaa07abf65ea92312_1603679524018992990.jpeg
685-337-004-4,活动壁纸合集,685,.jpeg,685-337-004-4.jpeg,「箱庭之内」壁纸,wallpapers|685|337|4|https://act-upload.mihoyo.com/nap-obc-indep/2024/08/05/15559334/5ac1c43bca8b95763d5e10378416e30d_8280000868159044472.jpeg,337,官方壁纸合集\活动壁纸合集\「箱庭之内」壁纸,官方壁纸合集\活动壁纸合集\「箱庭之内」壁纸\685-337-004-4.jpeg,unchanged,wallpapers,4,https://act-upload.mihoyo.com/nap-obc-indep/2024/08/05/15559334/5ac1c43bca8b95763d5e10378416e30d_8280000868159044472.jpeg
685-337-005-5,活动壁纸合集,685,.jpeg,685-337-005-5.jpeg,「箱庭之内」壁纸,wallpapers|685|337|5|https://act-upload.mihoyo.com/nap-obc-indep/2024/08/05/15559334/82467615c241128cbc1d2cde94b55720_3955180718435670321.jpeg,337,官方壁纸合集\活动壁纸合集\「箱庭之内」壁纸,官方壁纸合集\活动壁纸合集\「箱庭之内」壁纸\685-337-005-5.jpeg,unchanged,wallpapers,5,https://act-upload.mihoyo.com/nap-obc-indep/2024/08/05/15559334/82467615c241128cbc1d2cde94b55720_3955180718435670321.jpeg
685-337-006-6,活动壁纸合集,685,.jpeg,685-337-006-6.jpeg,「箱庭之内」壁纸,wallpapers|685|337|6|https://act-upload.mihoyo.com/nap-obc-indep/2024/08/05/15559334/9473d7bbe70899a32112641da44db9cb_117269668654230548.jpeg,337,官方壁纸合集\活动壁纸合集\「箱庭之内」壁纸,官方壁纸合集\活动壁纸合集\「箱庭之内」壁纸\685-337-006-6.jpeg,unchanged,wallpapers,6,https://act-upload.mihoyo.com/nap-obc-indep/2024/08/05/15559334/9473d7bbe70899a32112641da44db9cb_117269668654230548.jpeg
685-337-007-7,活动壁纸合集,685,.jpeg,685-337-007-7.jpeg,「箱庭之内」壁纸,wallpapers|685|337|7|https://act-upload.mihoyo.com/nap-obc-indep/2024/08/05/15559334/d3ae6355e12d70e40a8f318c1d75b391_3436142745723681975.jpeg,337,官方壁纸合集\活动壁纸合集\「箱庭之内」壁纸,官方壁纸合集\活动壁纸合集\「箱庭之内」壁纸\685-337-007-7.jpeg,unchanged,wallpapers,7,https://act-upload.mihoyo.com/nap-obc-indep/2024/08/05/15559334/d3ae6355e12d70e40a8f318c1d75b391_3436142745723681975.jpeg
685-337-008-8,活动壁纸合集,685,.jpeg,685-337-008-8.jpeg,「箱庭之内」壁纸,wallpapers|685|337|8|https://act-upload.mihoyo.com/nap-obc-indep/2024/08/05/15559334/32931684643b1806d2c5468e839ec04d_3333519882001177905.jpeg,337,官方壁纸合集\活动壁纸合集\「箱庭之内」壁纸,官方壁纸合集\活动壁纸合集\「箱庭之内」壁纸\685-337-008-8.jpeg,unchanged,wallpapers,8,https://act-upload.mihoyo.com/nap-obc-indep/2024/08/05/15559334/32931684643b1806d2c5468e839ec04d_3333519882001177905.jpeg
685-337-009-9,活动壁纸合集,685,.jpeg,685-337-009-9.jpeg,「箱庭之内」壁纸,wallpapers|685|337|9|https://act-upload.mihoyo.com/nap-obc-indep/2024/08/05/15559334/c2401d1048eb7355e5500a162e2538ec_7609536384938777018.jpeg,337,官方壁纸合集\活动壁纸合集\「箱庭之内」壁纸,官方壁纸合集\活动壁纸合集\「箱庭之内」壁纸\685-337-009-9.jpeg,unchanged,wallpapers,9,https://act-upload.mihoyo.com/nap-obc-indep/2024/08/05/15559334/c2401d1048eb7355e5500a162e2538ec_7609536384938777018.jpeg
685-337-010-10,活动壁纸合集,685,.jpeg,685-337-010-10.jpeg,「箱庭之内」壁纸,wallpapers|685|337|10|https://act-upload.mihoyo.com/nap-obc-indep/2024/08/05/15559334/9f9b1d387818dfa16fa69acdb860fa03_1184168330617500334.jpeg,337,官方壁纸合集\活动壁纸合集\「箱庭之内」壁纸,官方壁纸合集\活动壁纸合集\「箱庭之内」壁纸\685-337-010-10.jpeg,unchanged,wallpapers,10,https://act-upload.mihoyo.com/nap-obc-indep/2024/08/05/15559334/9f9b1d387818dfa16fa69acdb860fa03_1184168330617500334.jpeg
「扳机」丨暗中观察,生日贺图壁纸合集,775,.png,「扳机」丨暗中观察.png,2026年生日贺图,wallpapers|775|1561|「扳机」丨暗中观察|https://act-upload.mihoyo.com/nap-obc-indep/2026/04/21/428571341/91ecf1e125aee19f1df626ff9663719f_7592652063428894379.png,1561,官方壁纸合集\生日贺图壁纸合集\2026年生日贺图,官方壁纸合集\生日贺图壁纸合集\2026年生日贺图\「扳机」丨暗中观察.png,unchanged,wallpapers,「扳机」丨暗中观察,https://act-upload.mihoyo.com/nap-obc-indep/2026/04/21/428571341/91ecf1e125aee19f1df626ff9663719f_7592652063428894379.png
格莉丝丨自己拆开,生日贺图壁纸合集,775,.png,格莉丝丨自己拆开.png,2026年生日贺图,wallpapers|775|1561|格莉丝丨自己拆开|https://act-upload.mihoyo.com/nap-obc-indep/2026/04/14/71319299/426720512180b959986081d09b034399_2551017652670645062.png,1561,官方壁纸合集\生日贺图壁纸合集\2026年生日贺图,官方壁纸合集\生日贺图壁纸合集\2026年生日贺图\格莉丝丨自己拆开.png,unchanged,wallpapers,格莉丝丨自己拆开,https://act-upload.mihoyo.com/nap-obc-indep/2026/04/14/71319299/426720512180b959986081d09b034399_2551017652670645062.png
薇薇安丨船一直划,生日贺图壁纸合集,775,.png,薇薇安丨船一直划.png,2026年生日贺图,wallpapers|775|1561|薇薇安丨船一直划|https://act-upload.mihoyo.com/nap-obc-indep/2026/04/10/73751405/d082112dbb08ebf19c9af24116d4e61e_8865867396989289303.png,1561,官方壁纸合集\生日贺图壁纸合集\2026年生日贺图,官方壁纸合集\生日贺图壁纸合集\2026年生日贺图\薇薇安丨船一直划.png,unchanged,wallpapers,薇薇安丨船一直划,https://act-upload.mihoyo.com/nap-obc-indep/2026/04/10/73751405/d082112dbb08ebf19c9af24116d4e61e_8865867396989289303.png
赛斯丨只是恰好路过,生日贺图壁纸合集,775,.png,赛斯丨只是恰好路过.png,2026年生日贺图,wallpapers|775|1561|赛斯丨只是恰好路过|https://act-upload.mihoyo.com/nap-obc-indep/2026/04/08/73751405/307c43eeb8bd60039a953b084d892723_8750886229207481004.png,1561,官方壁纸合集\生日贺图壁纸合集\2026年生日贺图,官方壁纸合集\生日贺图壁纸合集\2026年生日贺图\赛斯丨只是恰好路过.png,unchanged,wallpapers,赛斯丨只是恰好路过,https://act-upload.mihoyo.com/nap-obc-indep/2026/04/08/73751405/307c43eeb8bd60039a953b084d892723_8750886229207481004.png
「11号」丨上上下下！左右左右！攻击攻击！,生日贺图壁纸合集,775,.png,「11号」丨上上下下！左右左右！攻击攻击！.png,2026年生日贺图,wallpapers|775|1561|「11号」丨上上下下！左右左右！攻击攻击！|https://act-upload.mihoyo.com/nap-obc-indep/2026/03/21/73751405/cffcfaf134d28440b43bcfb12e0fca02_4233986131844214752.png,1561,官方壁纸合集\生日贺图壁纸合集\2026年生日贺图,官方壁纸合集\生日贺图壁纸合集\2026年生日贺图\「11号」丨上上下下！左右左右！攻击攻击！.png,unchanged,wallpapers,「11号」丨上上下下！左右左右！攻击攻击！,https://act-upload.mihoyo.com/nap-obc-indep/2026/03/21/73751405/cffcfaf134d28440b43bcfb12e0fca02_4233986131844214752.png
伊德海莉丨惊喜加更,生日贺图壁纸合集,775,.png,伊德海莉丨惊喜加更.png,2026年生日贺图,wallpapers|775|1561|伊德海莉丨惊喜加更|https://act-upload.mihoyo.com/nap-obc-indep/2026/03/19/73751405/1ff3d2848e5a66165930a3d05579576e_3638142753852941520.png,1561,官方壁纸合集\生日贺图壁纸合集\2026年生日贺图,官方壁纸合集\生日贺图壁纸合集\2026年生日贺图\伊德海莉丨惊喜加更.png,unchanged,wallpapers,伊德海莉丨惊喜加更,https://act-upload.mihoyo.com/nap-obc-indep/2026/03/19/73751405/1ff3d2848e5a66165930a3d05579576e_3638142753852941520.png
卢西娅丨抱紧处理,生日贺图壁纸合集,775,.png,卢西娅丨抱紧处理.png,2026年生日贺图,wallpapers|775|1561|卢西娅丨抱紧处理|https://act-upload.mihoyo.com/nap-obc-indep/2026/03/17/79697369/0a54b5a6dec474a7554b9aa87bb5fc5e_4646924354786916073.png,1561,官方壁纸合集\生日贺图壁纸合集\2026年生日贺图,官方壁纸合集\生日贺图壁纸合集\2026年生日贺图\卢西娅丨抱紧处理.png,unchanged,wallpapers,卢西娅丨抱紧处理,https://act-upload.mihoyo.com/nap-obc-indep/2026/03/17/79697369/0a54b5a6dec474a7554b9aa87bb5fc5e_4646924354786916073.png
凯撒丨荒岭之花,生日贺图壁纸合集,775,.png,凯撒丨荒岭之花.png,2026年生日贺图,wallpapers|775|1561|凯撒丨荒岭之花|https://act-upload.mihoyo.com/nap-obc-indep/2026/03/16/79697369/96293389e0241978cf7a47b2c13653c2_8307130546910975683.png,1561,官方壁纸合集\生日贺图壁纸合集\2026年生日贺图,官方壁纸合集\生日贺图壁纸合集\2026年生日贺图\凯撒丨荒岭之花.png,unchanged,wallpapers,凯撒丨荒岭之花,https://act-upload.mihoyo.com/nap-obc-indep/2026/03/16/79697369/96293389e0241978cf7a47b2c13653c2_8307130546910975683.png
安比丨零号 · 生日礼物,生日贺图壁纸合集,775,.png,安比丨零号 · 生日礼物.png,2026年生日贺图,wallpapers|775|1561|安比丨零号 · 生日礼物|https://act-upload.mihoyo.com/nap-obc-indep/2026/02/20/79697369/d20a1e3f7591f7a7575dfeed81541333_633870400358553427.png,1561,官方壁纸合集\生日贺图壁纸合集\2026年生日贺图,官方壁纸合集\生日贺图壁纸合集\2026年生日贺图\安比丨零号 · 生日礼物.png,unchanged,wallpapers,安比丨零号 · 生日礼物,https://act-upload.mihoyo.com/nap-obc-indep/2026/02/20/79697369/d20a1e3f7591f7a7575dfeed81541333_633870400358553427.png
简丨面具之下,生日贺图壁纸合集,775,.png,简丨面具之下.png,2026年生日贺图,wallpapers|775|1561|简丨面具之下|https://act-upload.mihoyo.com/nap-obc-indep/2026/02/16/79697369/c9352cb400f75c7593f1e008ec58a848_2028555693756070113.png,1561,官方壁纸合集\生日贺图壁纸合集\2026年生日贺图,官方壁纸合集\生日贺图壁纸合集\2026年生日贺图\简丨面具之下.png,unchanged,wallpapers,简丨面具之下,https://act-upload.mihoyo.com/nap-obc-indep/2026/02/16/79697369/c9352cb400f75c7593f1e008ec58a848_2028555693756070113.png
嘉音丨唱最幸福的歌,生日贺图壁纸合集,775,.png,嘉音丨唱最幸福的歌.png,2026年生日贺图,wallpapers|775|1561|嘉音丨唱最幸福的歌|https://act-upload.mihoyo.com/nap-obc-indep/2026/01/31/79697369/40d9ee39ca94bf6f1e3bc5125cf9adc3_3872034509994109223.png,1561,官方壁纸合集\生日贺图壁纸合集\2026年生日贺图,官方壁纸合集\生日贺图壁纸合集\2026年生日贺图\嘉音丨唱最幸福的歌.png,unchanged,wallpapers,嘉音丨唱最幸福的歌,https://act-upload.mihoyo.com/nap-obc-indep/2026/01/31/79697369/40d9ee39ca94bf6f1e3bc5125cf9adc3_3872034509994109223.png
苍角丨甜咸永动,生日贺图壁纸合集,775,.png,苍角丨甜咸永动.png,2026年生日贺图,wallpapers|775|1561|苍角丨甜咸永动|https://act-upload.mihoyo.com/nap-obc-indep/2026/01/23/73751405/61514edc05be5ab586b317b84c7cc26c_2318939228156907429.png,1561,官方壁纸合集\生日贺图壁纸合集\2026年生日贺图,官方壁纸合集\生日贺图壁纸合集\2026年生日贺图\苍角丨甜咸永动.png,unchanged,wallpapers,苍角丨甜咸永动,https://act-upload.mihoyo.com/nap-obc-indep/2026/01/23/73751405/61514edc05be5ab586b317b84c7cc26c_2318939228156907429.png
叶瞬光丨火慢一分，香多一分,生日贺图壁纸合集,775,.png,叶瞬光丨火慢一分，香多一分.png,2026年生日贺图,wallpapers|775|1561|叶瞬光丨火慢一分，香多一分|https://act-upload.mihoyo.com/nap-obc-indep/2026/01/20/73751405/0e1435539193209fb9c3af248e18bc40_6016903813074248289.png,1561,官方壁纸合集\生日贺图壁纸合集\2026年生日贺图,官方壁纸合集\生日贺图壁纸合集\2026年生日贺图\叶瞬光丨火慢一分，香多一分.png,unchanged,wallpapers,叶瞬光丨火慢一分，香多一分,https://act-upload.mihoyo.com/nap-obc-indep/2026/01/20/73751405/0e1435539193209fb9c3af248e18bc40_6016903813074248289.png
橘福福丨对师姐好点,生日贺图壁纸合集,775,.png,橘福福丨对师姐好点.png,2026年生日贺图,wallpapers|775|1561|橘福福丨对师姐好点|https://act-upload.mihoyo.com/nap-obc-indep/2026/01/06/73751405/09bca40628e96ef795c694e80209ef86_8151196460452031284.png,1561,官方壁纸合集\生日贺图壁纸合集\2026年生日贺图,官方壁纸合集\生日贺图壁纸合集\2026年生日贺图\橘福福丨对师姐好点.png,unchanged,wallpapers,橘福福丨对师姐好点,https://act-upload.mihoyo.com/nap-obc-indep/2026/01/06/73751405/09bca40628e96ef795c694e80209ef86_8151196460452031284.png
狛野真斗丨骗局下的惊喜,生日贺图壁纸合集,775,.png,狛野真斗丨骗局下的惊喜.png,2026年生日贺图,wallpapers|775|1561|狛野真斗丨骗局下的惊喜|https://act-upload.mihoyo.com/nap-obc-indep/2026/01/05/73751405/3c2d82d7759c39c488106c24d2820ffd_5843711371544941855.png,1561,官方壁纸合集\生日贺图壁纸合集\2026年生日贺图,官方壁纸合集\生日贺图壁纸合集\2026年生日贺图\狛野真斗丨骗局下的惊喜.png,unchanged,wallpapers,狛野真斗丨骗局下的惊喜,https://act-upload.mihoyo.com/nap-obc-indep/2026/01/05/73751405/3c2d82d7759c39c488106c24d2820ffd_5843711371544941855.png
艾莲丨圆鲨鲨庆生记,生日贺图壁纸合集,775,.png,艾莲丨圆鲨鲨庆生记.png,2026年生日贺图,wallpapers|775|1561|艾莲丨圆鲨鲨庆生记|https://act-upload.mihoyo.com/nap-obc-indep/2026/01/04/73751405/1a048a39b5439d9fa446e60ee808e987_8409444140381048753.png,1561,官方壁纸合集\生日贺图壁纸合集\2026年生日贺图,官方壁纸合集\生日贺图壁纸合集\2026年生日贺图\艾莲丨圆鲨鲨庆生记.png,unchanged,wallpapers,艾莲丨圆鲨鲨庆生记,https://act-upload.mihoyo.com/nap-obc-indep/2026/01/04/73751405/1a048a39b5439d9fa446e60ee808e987_8409444140381048753.png
青衣丨垂纶雅集,生日贺图壁纸合集,775,.png,青衣丨垂纶雅集.png,2026年生日贺图,wallpapers|775|1561|青衣丨垂纶雅集|https://act-upload.mihoyo.com/nap-obc-indep/2026/01/01/79697369/9558a510d283e53937756408796f80df_7934335174027031387.png,1561,官方壁纸合集\生日贺图壁纸合集\2026年生日贺图,官方壁纸合集\生日贺图壁纸合集\2026年生日贺图\青衣丨垂纶雅集.png,unchanged,wallpapers,青衣丨垂纶雅集,https://act-upload.mihoyo.com/nap-obc-indep/2026/01/01/79697369/9558a510d283e53937756408796f80df_7934335174027031387.png
莱特丨芝心冠军,生日贺图壁纸合集,775,.jpg,莱特丨芝心冠军.jpg,2025年生日贺图,wallpapers|775|900|莱特丨芝心冠军|https://act-upload.mihoyo.com/nap-obc-indep/2025/12/27/73751405/40f232e2bcec85f34d71bfc2a6adb0ca_2514325019567581085.jpg,900,官方壁纸合集\生日贺图壁纸合集\2025年生日贺图,官方壁纸合集\生日贺图壁纸合集\2025年生日贺图\莱特丨芝心冠军.jpg,unchanged,wallpapers,莱特丨芝心冠军,https://act-upload.mihoyo.com/nap-obc-indep/2025/12/27/73751405/40f232e2bcec85f34d71bfc2a6adb0ca_2514325019567581085.jpg
本丨沉淀一套打法,生日贺图壁纸合集,775,.jpg,本丨沉淀一套打法.jpg,2025年生日贺图,wallpapers|775|900|本丨沉淀一套打法|https://act-upload.mihoyo.com/nap-obc-indep/2025/12/24/73751405/29315ee7f382750bdc3bc2ffa8ebdb78_8588752402928327724.jpg,900,官方壁纸合集\生日贺图壁纸合集\2025年生日贺图,官方壁纸合集\生日贺图壁纸合集\2025年生日贺图\本丨沉淀一套打法.jpg,unchanged,wallpapers,本丨沉淀一套打法,https://act-upload.mihoyo.com/nap-obc-indep/2025/12/24/73751405/29315ee7f382750bdc3bc2ffa8ebdb78_8588752402928327724.jpg
仪玄丨园蔬愈珍馐,生日贺图壁纸合集,775,.png,仪玄丨园蔬愈珍馐.png,2025年生日贺图,wallpapers|775|900|仪玄丨园蔬愈珍馐|https://act-upload.mihoyo.com/nap-obc-indep/2025/12/03/73751405/1bf7270ba7f0710df611c44539d0aa88_2326798165903459255.png,900,官方壁纸合集\生日贺图壁纸合集\2025年生日贺图,官方壁纸合集\生日贺图壁纸合集\2025年生日贺图\仪玄丨园蔬愈珍馐.png,unchanged,wallpapers,仪玄丨园蔬愈珍馐,https://act-upload.mihoyo.com/nap-obc-indep/2025/12/03/73751405/1bf7270ba7f0710df611c44539d0aa88_2326798165903459255.png
比利丨真正的限量款,生日贺图壁纸合集,775,.png,比利丨真正的限量款.png,2025年生日贺图,wallpapers|775|900|比利丨真正的限量款|https://act-upload.mihoyo.com/nap-obc-indep/2025/11/25/73751405/5540a3f9fcb2ca45228e0476831a94c7_4332103805577996213.png,900,官方壁纸合集\生日贺图壁纸合集\2025年生日贺图,官方壁纸合集\生日贺图壁纸合集\2025年生日贺图\比利丨真正的限量款.png,unchanged,wallpapers,比利丨真正的限量款,https://act-upload.mihoyo.com/nap-obc-indep/2025/11/25/73751405/5540a3f9fcb2ca45228e0476831a94c7_4332103805577996213.png
「席德」丨花开半时,生日贺图壁纸合集,775,.png,「席德」丨花开半时.png,2025年生日贺图,wallpapers|775|900|「席德」丨花开半时|https://act-upload.mihoyo.com/nap-obc-indep/2025/11/22/73751405/cf3725187a2a2dc697ad90494903ba01_5473774894474832254.png,900,官方壁纸合集\生日贺图壁纸合集\2025年生日贺图,官方壁纸合集\生日贺图壁纸合集\2025年生日贺图\「席德」丨花开半时.png,unchanged,wallpapers,「席德」丨花开半时,https://act-upload.mihoyo.com/nap-obc-indep/2025/11/22/73751405/cf3725187a2a2dc697ad90494903ba01_5473774894474832254.png
妮可丨月亮与六丁尼,生日贺图壁纸合集,775,.jpg,妮可丨月亮与六丁尼.jpg,2025年生日贺图,wallpapers|775|900|妮可丨月亮与六丁尼|https://act-upload.mihoyo.com/nap-obc-indep/2025/11/11/73751405/d76acf5c9be206276551f6a1fd2c3312_9150943457153209468.jpg,900,官方壁纸合集\生日贺图壁纸合集\2025年生日贺图,官方壁纸合集\生日贺图壁纸合集\2025年生日贺图\妮可丨月亮与六丁尼.jpg,unchanged,wallpapers,妮可丨月亮与六丁尼,https://act-upload.mihoyo.com/nap-obc-indep/2025/11/11/73751405/d76acf5c9be206276551f6a1fd2c3312_9150943457153209468.jpg
奥菲丝&「鬼火」丨蜡烛燃起来！,生日贺图壁纸合集,775,.png,奥菲丝&「鬼火」丨蜡烛燃起来！.png,2025年生日贺图,wallpapers|775|900|奥菲丝&「鬼火」丨蜡烛燃起来！|https://act-upload.mihoyo.com/nap-obc-indep/2025/11/03/73751405/08987a58faf9254bcf7b425f6e4457b9_6320642996644467322.png,900,官方壁纸合集\生日贺图壁纸合集\2025年生日贺图,官方壁纸合集\生日贺图壁纸合集\2025年生日贺图\奥菲丝&「鬼火」丨蜡烛燃起来！.png,unchanged,wallpapers,奥菲丝&「鬼火」丨蜡烛燃起来！,https://act-upload.mihoyo.com/nap-obc-indep/2025/11/03/73751405/08987a58faf9254bcf7b425f6e4457b9_6320642996644467322.png
柚叶丨南瓜、蓝莓、鼻涕虫！,生日贺图壁纸合集,775,.png,柚叶丨南瓜、蓝莓、鼻涕虫！.png,2025年生日贺图,wallpapers|775|900|柚叶丨南瓜、蓝莓、鼻涕虫！|https://act-upload.mihoyo.com/nap-obc-indep/2025/11/02/73751405/83e531ecad5265daf4c6815d7e4692e7_2969134514740218054.png,900,官方壁纸合集\生日贺图壁纸合集\2025年生日贺图,官方壁纸合集\生日贺图壁纸合集\2025年生日贺图\柚叶丨南瓜、蓝莓、鼻涕虫！.png,unchanged,wallpapers,柚叶丨南瓜、蓝莓、鼻涕虫！,https://act-upload.mihoyo.com/nap-obc-indep/2025/11/02/73751405/83e531ecad5265daf4c6815d7e4692e7_2969134514740218054.png
派派丨福如东海,生日贺图壁纸合集,775,.png,派派丨福如东海.png,2025年生日贺图,wallpapers|775|900|派派丨福如东海|https://act-upload.mihoyo.com/nap-obc-indep/2025/10/21/73751405/c8e3a2b289a5a91581882ae1cff95e47_3220634184901134044.png,900,官方壁纸合集\生日贺图壁纸合集\2025年生日贺图,官方壁纸合集\生日贺图壁纸合集\2025年生日贺图\派派丨福如东海.png,unchanged,wallpapers,派派丨福如东海,https://act-upload.mihoyo.com/nap-obc-indep/2025/10/21/73751405/c8e3a2b289a5a91581882ae1cff95e47_3220634184901134044.png
伊芙琳丨此刻的闪耀,生日贺图壁纸合集,775,.png,伊芙琳丨此刻的闪耀.png,2025年生日贺图,wallpapers|775|900|伊芙琳丨此刻的闪耀|https://act-upload.mihoyo.com/nap-obc-indep/2025/10/07/79697369/920ed230895972c33743a3cf14d986aa_8434584044899948335.png,900,官方壁纸合集\生日贺图壁纸合集\2025年生日贺图,官方壁纸合集\生日贺图壁纸合集\2025年生日贺图\伊芙琳丨此刻的闪耀.png,unchanged,wallpapers,伊芙琳丨此刻的闪耀,https://act-upload.mihoyo.com/nap-obc-indep/2025/10/07/79697369/920ed230895972c33743a3cf14d986aa_8434584044899948335.png
莱卡恩丨在黎明破晓前,生日贺图壁纸合集,775,.png,莱卡恩丨在黎明破晓前.png,2025年生日贺图,wallpapers|775|900|莱卡恩丨在黎明破晓前|https://act-upload.mihoyo.com/nap-obc-indep/2025/10/04/79697369/f492345fed6ccc270108d3771c90d0c7_392173012692287199.png,900,官方壁纸合集\生日贺图壁纸合集\2025年生日贺图,官方壁纸合集\生日贺图壁纸合集\2025年生日贺图\莱卡恩丨在黎明破晓前.png,unchanged,wallpapers,莱卡恩丨在黎明破晓前,https://act-upload.mihoyo.com/nap-obc-indep/2025/10/04/79697369/f492345fed6ccc270108d3771c90d0c7_392173012692287199.png
丽娜丨不可阻挡,生日贺图壁纸合集,775,.png,丽娜丨不可阻挡.png,2025年生日贺图,wallpapers|775|900|丽娜丨不可阻挡|https://act-upload.mihoyo.com/nap-obc-indep/2025/09/23/73751405/76bbde4ed4bb95ecfce5d22f6595b4d3_4956619136981990007.png,900,官方壁纸合集\生日贺图壁纸合集\2025年生日贺图,官方壁纸合集\生日贺图壁纸合集\2025年生日贺图\丽娜丨不可阻挡.png,unchanged,wallpapers,丽娜丨不可阻挡,https://act-upload.mihoyo.com/nap-obc-indep/2025/09/23/73751405/76bbde4ed4bb95ecfce5d22f6595b4d3_4956619136981990007.png
柳丨步履不停,生日贺图壁纸合集,775,.png,柳丨步履不停.png,2025年生日贺图,wallpapers|775|900|柳丨步履不停|https://act-upload.mihoyo.com/nap-obc-indep/2025/09/21/79697369/ff03780c5c7e453da8752f43e1ef454d_2584180211598021158.png,900,官方壁纸合集\生日贺图壁纸合集\2025年生日贺图,官方壁纸合集\生日贺图壁纸合集\2025年生日贺图\柳丨步履不停.png,unchanged,wallpapers,柳丨步履不停,https://act-upload.mihoyo.com/nap-obc-indep/2025/09/21/79697369/ff03780c5c7e453da8752f43e1ef454d_2584180211598021158.png
朱鸢丨平凡和珍贵相同,生日贺图壁纸合集,775,.png,朱鸢丨平凡和珍贵相同.png,2025年生日贺图,wallpapers|775|900|朱鸢丨平凡和珍贵相同|https://act-upload.mihoyo.com/nap-obc-indep/2025/09/01/73751405/5ccec8b01de2946510b1accd029015c3_8011210412445477762.png,900,官方壁纸合集\生日贺图壁纸合集\2025年生日贺图,官方壁纸合集\生日贺图壁纸合集\2025年生日贺图\朱鸢丨平凡和珍贵相同.png,unchanged,wallpapers,朱鸢丨平凡和珍贵相同,https://act-upload.mihoyo.com/nap-obc-indep/2025/09/01/73751405/5ccec8b01de2946510b1accd029015c3_8011210412445477762.png
爱丽丝丨夏日待续,生日贺图壁纸合集,775,.png,爱丽丝丨夏日待续.png,2025年生日贺图,wallpapers|775|900|爱丽丝丨夏日待续|https://act-upload.mihoyo.com/nap-obc-indep/2025/08/30/79697369/f33a71c1f64eb355b7395597a12dbf12_6231415086839296275.png,900,官方壁纸合集\生日贺图壁纸合集\2025年生日贺图,官方壁纸合集\生日贺图壁纸合集\2025年生日贺图\爱丽丝丨夏日待续.png,unchanged,wallpapers,爱丽丝丨夏日待续,https://act-upload.mihoyo.com/nap-obc-indep/2025/08/30/79697369/f33a71c1f64eb355b7395597a12dbf12_6231415086839296275.png
雨果丨这么大的钻石…,生日贺图壁纸合集,775,.jpg,雨果丨这么大的钻石….jpg,2025年生日贺图,wallpapers|775|900|雨果丨这么大的钻石…|https://act-upload.mihoyo.com/nap-obc-indep/2025/08/20/73751405/2b9f7ee9a6dad55a595c87801e5d1ab4_8707017952696989408.jpg,900,官方壁纸合集\生日贺图壁纸合集\2025年生日贺图,官方壁纸合集\生日贺图壁纸合集\2025年生日贺图\雨果丨这么大的钻石….jpg,unchanged,wallpapers,雨果丨这么大的钻石…,https://act-upload.mihoyo.com/nap-obc-indep/2025/08/20/73751405/2b9f7ee9a6dad55a595c87801e5d1ab4_8707017952696989408.jpg
露西丨食材不基础，器皿也不基础,生日贺图壁纸合集,775,.png,露西丨食材不基础，器皿也不基础.png,2025年生日贺图,wallpapers|775|900|露西丨食材不基础，器皿也不基础|https://act-upload.mihoyo.com/nap-obc-indep/2025/08/14/79697369/e2d9c2f1e1ded51d04a4f781e841c655_7099905501561745946.png,900,官方壁纸合集\生日贺图壁纸合集\2025年生日贺图,官方壁纸合集\生日贺图壁纸合集\2025年生日贺图\露西丨食材不基础，器皿也不基础.png,unchanged,wallpapers,露西丨食材不基础，器皿也不基础,https://act-upload.mihoyo.com/nap-obc-indep/2025/08/14/79697369/e2d9c2f1e1ded51d04a4f781e841c655_7099905501561745946.png
珂蕾妲丨大人的样子,生日贺图壁纸合集,775,.png,珂蕾妲丨大人的样子.png,2025年生日贺图,wallpapers|775|900|珂蕾妲丨大人的样子|https://act-upload.mihoyo.com/nap-obc-indep/2025/08/10/79697369/d787d0b45338ce82db5eedc77c976c81_8667116436346840872.png,900,官方壁纸合集\生日贺图壁纸合集\2025年生日贺图,官方壁纸合集\生日贺图壁纸合集\2025年生日贺图\珂蕾妲丨大人的样子.png,unchanged,wallpapers,珂蕾妲丨大人的样子,https://act-upload.mihoyo.com/nap-obc-indep/2025/08/10/79697369/d787d0b45338ce82db5eedc77c976c81_8667116436346840872.png
猫又丨绰绰有鱼,生日贺图壁纸合集,775,.png,猫又丨绰绰有鱼.png,2025年生日贺图,wallpapers|775|900|猫又丨绰绰有鱼|https://act-upload.mihoyo.com/nap-obc-indep/2025/07/30/73751405/49c65c00733e01bea35afd0247dce25f_4047442226666653618.png,900,官方壁纸合集\生日贺图壁纸合集\2025年生日贺图,官方壁纸合集\生日贺图壁纸合集\2025年生日贺图\猫又丨绰绰有鱼.png,unchanged,wallpapers,猫又丨绰绰有鱼,https://act-upload.mihoyo.com/nap-obc-indep/2025/07/30/73751405/49c65c00733e01bea35afd0247dce25f_4047442226666653618.png
悠真丨开工没有回头见,生日贺图壁纸合集,775,.png,悠真丨开工没有回头见.png,2025年生日贺图,wallpapers|775|900|悠真丨开工没有回头见|https://act-upload.mihoyo.com/nap-obc-indep/2025/07/19/73751405/a1c3a5177cb4e5ac369c17406ef18e34_5226946028208045050.png,900,官方壁纸合集\生日贺图壁纸合集\2025年生日贺图,官方壁纸合集\生日贺图壁纸合集\2025年生日贺图\悠真丨开工没有回头见.png,unchanged,wallpapers,悠真丨开工没有回头见,https://act-upload.mihoyo.com/nap-obc-indep/2025/07/19/73751405/a1c3a5177cb4e5ac369c17406ef18e34_5226946028208045050.png
波可娜丨尾巴可不是用来…,生日贺图壁纸合集,775,.png,波可娜丨尾巴可不是用来….png,2025年生日贺图,wallpapers|775|900|波可娜丨尾巴可不是用来…|https://act-upload.mihoyo.com/nap-obc-indep/2025/06/19/73751405/65839d6cf71fb15ac3689b1b4e5be2f9_6440204410665906554.png,900,官方壁纸合集\生日贺图壁纸合集\2025年生日贺图,官方壁纸合集\生日贺图壁纸合集\2025年生日贺图\波可娜丨尾巴可不是用来….png,unchanged,wallpapers,波可娜丨尾巴可不是用来…,https://act-upload.mihoyo.com/nap-obc-indep/2025/06/19/73751405/65839d6cf71fb15ac3689b1b4e5be2f9_6440204410665906554.png
雅丨于初夏成霜,生日贺图壁纸合集,775,.png,雅丨于初夏成霜.png,2025年生日贺图,wallpapers|775|900|雅丨于初夏成霜|https://act-upload.mihoyo.com/nap-obc-indep/2025/06/19/73751405/41689b1bf5127470503503149ee72ac2_3464793867078429733.png,900,官方壁纸合集\生日贺图壁纸合集\2025年生日贺图,官方壁纸合集\生日贺图壁纸合集\2025年生日贺图\雅丨于初夏成霜.png,unchanged,wallpapers,雅丨于初夏成霜,https://act-upload.mihoyo.com/nap-obc-indep/2025/06/19/73751405/41689b1bf5127470503503149ee72ac2_3464793867078429733.png
可琳丨蛋糕分你一半,生日贺图壁纸合集,775,.jpg,可琳丨蛋糕分你一半.jpg,2025年生日贺图,wallpapers|775|900|可琳丨蛋糕分你一半|https://act-upload.mihoyo.com/nap-obc-indep/2025/06/02/73751405/7a5cb405cf7b799eb820620925d97c0b_2792572234698997662.jpg,900,官方壁纸合集\生日贺图壁纸合集\2025年生日贺图,官方壁纸合集\生日贺图壁纸合集\2025年生日贺图\可琳丨蛋糕分你一半.jpg,unchanged,wallpapers,可琳丨蛋糕分你一半,https://act-upload.mihoyo.com/nap-obc-indep/2025/06/02/73751405/7a5cb405cf7b799eb820620925d97c0b_2792572234698997662.jpg
柏妮思丨原料是焦糖和风滚草,生日贺图壁纸合集,775,.png,柏妮思丨原料是焦糖和风滚草.png,2025年生日贺图,wallpapers|775|900|柏妮思丨原料是焦糖和风滚草|https://act-upload.mihoyo.com/nap-obc-indep/2025/05/23/73751405/9ec6646a9ff16f92ed300f37e529de8f_7829618709779377571.png,900,官方壁纸合集\生日贺图壁纸合集\2025年生日贺图,官方壁纸合集\生日贺图壁纸合集\2025年生日贺图\柏妮思丨原料是焦糖和风滚草.png,unchanged,wallpapers,柏妮思丨原料是焦糖和风滚草,https://act-upload.mihoyo.com/nap-obc-indep/2025/05/23/73751405/9ec6646a9ff16f92ed300f37e529de8f_7829618709779377571.png
安东丨行业表彰！,生日贺图壁纸合集,775,.png,安东丨行业表彰！.png,2025年生日贺图,wallpapers|775|900|安东丨行业表彰！|https://act-upload.mihoyo.com/nap-obc-indep/2025/05/02/73751405/bf62fb0fc94fc8463dca04130c9bdf0f_3712636339581902755.png,900,官方壁纸合集\生日贺图壁纸合集\2025年生日贺图,官方壁纸合集\生日贺图壁纸合集\2025年生日贺图\安东丨行业表彰！.png,unchanged,wallpapers,安东丨行业表彰！,https://act-upload.mihoyo.com/nap-obc-indep/2025/05/02/73751405/bf62fb0fc94fc8463dca04130c9bdf0f_3712636339581902755.png
「扳机」丨今天的风是花粉夹心,生日贺图壁纸合集,775,.png,「扳机」丨今天的风是花粉夹心.png,2025年生日贺图,wallpapers|775|900|「扳机」丨今天的风是花粉夹心|https://act-upload.mihoyo.com/nap-obc-indep/2025/04/21/73751405/a8ea4d92c24660b2986c40da313dac7a_2346392503617885234.png,900,官方壁纸合集\生日贺图壁纸合集\2025年生日贺图,官方壁纸合集\生日贺图壁纸合集\2025年生日贺图\「扳机」丨今天的风是花粉夹心.png,unchanged,wallpapers,「扳机」丨今天的风是花粉夹心,https://act-upload.mihoyo.com/nap-obc-indep/2025/04/21/73751405/a8ea4d92c24660b2986c40da313dac7a_2346392503617885234.png
格莉丝丨最优先事项,生日贺图壁纸合集,775,.png,格莉丝丨最优先事项.png,2025年生日贺图,wallpapers|775|900|格莉丝丨最优先事项|https://act-upload.mihoyo.com/nap-obc-indep/2025/04/14/73751405/592e5008d68446915023c5d88703f48d_6640204055704251337.png,900,官方壁纸合集\生日贺图壁纸合集\2025年生日贺图,官方壁纸合集\生日贺图壁纸合集\2025年生日贺图\格莉丝丨最优先事项.png,unchanged,wallpapers,格莉丝丨最优先事项,https://act-upload.mihoyo.com/nap-obc-indep/2025/04/14/73751405/592e5008d68446915023c5d88703f48d_6640204055704251337.png
赛斯丨见字如面,生日贺图壁纸合集,775,.png,赛斯丨见字如面.png,2025年生日贺图,wallpapers|775|900|赛斯丨见字如面|https://act-upload.mihoyo.com/nap-obc-indep/2025/04/08/73751405/9b5794494791724cfb6f4de12f912800_6031106900057223647.png,900,官方壁纸合集\生日贺图壁纸合集\2025年生日贺图,官方壁纸合集\生日贺图壁纸合集\2025年生日贺图\赛斯丨见字如面.png,unchanged,wallpapers,赛斯丨见字如面,https://act-upload.mihoyo.com/nap-obc-indep/2025/04/08/73751405/9b5794494791724cfb6f4de12f912800_6031106900057223647.png
「11号」丨七窍焚风,生日贺图壁纸合集,775,.png,「11号」丨七窍焚风.png,2025年生日贺图,wallpapers|775|900|「11号」丨七窍焚风|https://act-upload.mihoyo.com/nap-obc-indep/2025/03/21/73751405/6b8dcd07ed71ecfd9ba39f1f7eff5022_2166054922784273053.png,900,官方壁纸合集\生日贺图壁纸合集\2025年生日贺图,官方壁纸合集\生日贺图壁纸合集\2025年生日贺图\「11号」丨七窍焚风.png,unchanged,wallpapers,「11号」丨七窍焚风,https://act-upload.mihoyo.com/nap-obc-indep/2025/03/21/73751405/6b8dcd07ed71ecfd9ba39f1f7eff5022_2166054922784273053.png
凯撒丨玫瑰色的内页,生日贺图壁纸合集,775,.png,凯撒丨玫瑰色的内页.png,2025年生日贺图,wallpapers|775|900|凯撒丨玫瑰色的内页|https://act-upload.mihoyo.com/nap-obc-indep/2025/03/16/73751405/4649a473329ff1ba59c4ae05d5db04f3_1171200095989067867.png,900,官方壁纸合集\生日贺图壁纸合集\2025年生日贺图,官方壁纸合集\生日贺图壁纸合集\2025年生日贺图\凯撒丨玫瑰色的内页.png,unchanged,wallpapers,凯撒丨玫瑰色的内页,https://act-upload.mihoyo.com/nap-obc-indep/2025/03/16/73751405/4649a473329ff1ba59c4ae05d5db04f3_1171200095989067867.png
安比丨食髓知味,生日贺图壁纸合集,775,.png,安比丨食髓知味.png,2025年生日贺图,wallpapers|775|900|安比丨食髓知味|https://act-upload.mihoyo.com/nap-obc-indep/2025/02/20/73751405/b61b1901f05fee6e84399ab407958c09_1634413339561660375.png,900,官方壁纸合集\生日贺图壁纸合集\2025年生日贺图,官方壁纸合集\生日贺图壁纸合集\2025年生日贺图\安比丨食髓知味.png,unchanged,wallpapers,安比丨食髓知味,https://act-upload.mihoyo.com/nap-obc-indep/2025/02/20/73751405/b61b1901f05fee6e84399ab407958c09_1634413339561660375.png
简丨在伪装和伪装之间,生日贺图壁纸合集,775,.png,简丨在伪装和伪装之间.png,2025年生日贺图,wallpapers|775|900|简丨在伪装和伪装之间|https://act-upload.mihoyo.com/nap-obc-indep/2025/02/16/73751405/eeeceb2630d6651b3a17108afc4356a1_6592064997989758906.png,900,官方壁纸合集\生日贺图壁纸合集\2025年生日贺图,官方壁纸合集\生日贺图壁纸合集\2025年生日贺图\简丨在伪装和伪装之间.png,unchanged,wallpapers,简丨在伪装和伪装之间,https://act-upload.mihoyo.com/nap-obc-indep/2025/02/16/73751405/eeeceb2630d6651b3a17108afc4356a1_6592064997989758906.png
嘉音丨年年都有今日,生日贺图壁纸合集,775,.png,嘉音丨年年都有今日.png,2025年生日贺图,wallpapers|775|900|嘉音丨年年都有今日|https://act-upload.mihoyo.com/nap-obc-indep/2025/01/31/73751405/3410e099889941ad964c724ba304867c_7253487833795838778.png,900,官方壁纸合集\生日贺图壁纸合集\2025年生日贺图,官方壁纸合集\生日贺图壁纸合集\2025年生日贺图\嘉音丨年年都有今日.png,unchanged,wallpapers,嘉音丨年年都有今日,https://act-upload.mihoyo.com/nap-obc-indep/2025/01/31/73751405/3410e099889941ad964c724ba304867c_7253487833795838778.png
苍角丨食至八九,生日贺图壁纸合集,775,.jpg,苍角丨食至八九.jpg,2025年生日贺图,wallpapers|775|900|苍角丨食至八九|https://act-upload.mihoyo.com/nap-obc-indep/2025/01/31/73751405/996775924a4e2decde6e3281e7ed793a_1287109123532808532.jpg,900,官方壁纸合集\生日贺图壁纸合集\2025年生日贺图,官方壁纸合集\生日贺图壁纸合集\2025年生日贺图\苍角丨食至八九.jpg,unchanged,wallpapers,苍角丨食至八九,https://act-upload.mihoyo.com/nap-obc-indep/2025/01/31/73751405/996775924a4e2decde6e3281e7ed793a_1287109123532808532.jpg
艾莲丨独家美味,生日贺图壁纸合集,775,.png,艾莲丨独家美味.png,2025年生日贺图,wallpapers|775|900|艾莲丨独家美味|https://act-upload.mihoyo.com/nap-obc-indep/2025/01/31/73751405/34957bb83d5bb2311b288db0068423b9_2736580132289876559.png,900,官方壁纸合集\生日贺图壁纸合集\2025年生日贺图,官方壁纸合集\生日贺图壁纸合集\2025年生日贺图\艾莲丨独家美味.png,unchanged,wallpapers,艾莲丨独家美味,https://act-upload.mihoyo.com/nap-obc-indep/2025/01/31/73751405/34957bb83d5bb2311b288db0068423b9_2736580132289876559.png
青衣丨柳暗花明,生日贺图壁纸合集,775,.png,青衣丨柳暗花明.png,2025年生日贺图,wallpapers|775|900|青衣丨柳暗花明|https://act-upload.mihoyo.com/nap-obc-indep/2025/01/31/73751405/50d8dd9996d4fe2318a8739506123f8a_732275059814938711.png,900,官方壁纸合集\生日贺图壁纸合集\2025年生日贺图,官方壁纸合集\生日贺图壁纸合集\2025年生日贺图\青衣丨柳暗花明.png,unchanged,wallpapers,青衣丨柳暗花明,https://act-upload.mihoyo.com/nap-obc-indep/2025/01/31/73751405/50d8dd9996d4fe2318a8739506123f8a_732275059814938711.png
莱特丨月下独酌,生日贺图壁纸合集,775,.jpg,莱特丨月下独酌.jpg,2024年生日贺图,wallpapers|775|899|莱特丨月下独酌|https://act-upload.mihoyo.com/nap-obc-indep/2025/01/31/73751405/d4bbfa9735c868db9d010eb0f318dde5_1485131649207768766.jpg,899,官方壁纸合集\生日贺图壁纸合集\2024年生日贺图,官方壁纸合集\生日贺图壁纸合集\2024年生日贺图\莱特丨月下独酌.jpg,unchanged,wallpapers,莱特丨月下独酌,https://act-upload.mihoyo.com/nap-obc-indep/2025/01/31/73751405/d4bbfa9735c868db9d010eb0f318dde5_1485131649207768766.jpg
本丨定个小目标,生日贺图壁纸合集,775,.png,本丨定个小目标.png,2024年生日贺图,wallpapers|775|899|本丨定个小目标|https://act-upload.mihoyo.com/nap-obc-indep/2025/01/31/73751405/91418171a2d19b7a7476225213bc82ac_8801983326635353348.png,899,官方壁纸合集\生日贺图壁纸合集\2024年生日贺图,官方壁纸合集\生日贺图壁纸合集\2024年生日贺图\本丨定个小目标.png,unchanged,wallpapers,本丨定个小目标,https://act-upload.mihoyo.com/nap-obc-indep/2025/01/31/73751405/91418171a2d19b7a7476225213bc82ac_8801983326635353348.png
比利丨奇迹星徽,生日贺图壁纸合集,775,.png,比利丨奇迹星徽.png,2024年生日贺图,wallpapers|775|899|比利丨奇迹星徽|https://act-upload.mihoyo.com/nap-obc-indep/2025/01/31/73751405/aefa7a0b69465fbee3b403c3685fc21c_7119436847517583776.png,899,官方壁纸合集\生日贺图壁纸合集\2024年生日贺图,官方壁纸合集\生日贺图壁纸合集\2024年生日贺图\比利丨奇迹星徽.png,unchanged,wallpapers,比利丨奇迹星徽,https://act-upload.mihoyo.com/nap-obc-indep/2025/01/31/73751405/aefa7a0b69465fbee3b403c3685fc21c_7119436847517583776.png
妮可丨势若脱兔,生日贺图壁纸合集,775,.jpg,妮可丨势若脱兔.jpg,2024年生日贺图,wallpapers|775|899|妮可丨势若脱兔|https://act-upload.mihoyo.com/nap-obc-indep/2025/01/31/73751405/fff89cff099849e1b2d10c5ef90f9b60_6575318834094186035.jpg,899,官方壁纸合集\生日贺图壁纸合集\2024年生日贺图,官方壁纸合集\生日贺图壁纸合集\2024年生日贺图\妮可丨势若脱兔.jpg,unchanged,wallpapers,妮可丨势若脱兔,https://act-upload.mihoyo.com/nap-obc-indep/2025/01/31/73751405/fff89cff099849e1b2d10c5ef90f9b60_6575318834094186035.jpg
派派丨寿比南山？,生日贺图壁纸合集,775,.jpg,派派丨寿比南山？.jpg,2024年生日贺图,wallpapers|775|899|派派丨寿比南山？|https://act-upload.mihoyo.com/nap-obc-indep/2025/01/31/73751405/55016269b46707bb4f328ea2a6ecea6f_9032337857175113921.jpg,899,官方壁纸合集\生日贺图壁纸合集\2024年生日贺图,官方壁纸合集\生日贺图壁纸合集\2024年生日贺图\派派丨寿比南山？.jpg,unchanged,wallpapers,派派丨寿比南山？,https://act-upload.mihoyo.com/nap-obc-indep/2025/01/31/73751405/55016269b46707bb4f328ea2a6ecea6f_9032337857175113921.jpg
莱卡恩丨《莱卡恩先生半身像》,生日贺图壁纸合集,775,.jpg,莱卡恩丨《莱卡恩先生半身像》.jpg,2024年生日贺图,wallpapers|775|899|莱卡恩丨《莱卡恩先生半身像》|https://act-upload.mihoyo.com/nap-obc-indep/2025/01/31/73751405/ed8590d227bc22c77dfd60da423c5c4e_2591011383120183949.jpg,899,官方壁纸合集\生日贺图壁纸合集\2024年生日贺图,官方壁纸合集\生日贺图壁纸合集\2024年生日贺图\莱卡恩丨《莱卡恩先生半身像》.jpg,unchanged,wallpapers,莱卡恩丨《莱卡恩先生半身像》,https://act-upload.mihoyo.com/nap-obc-indep/2025/01/31/73751405/ed8590d227bc22c77dfd60da423c5c4e_2591011383120183949.jpg
丽娜丨优雅进行曲,生日贺图壁纸合集,775,.png,丽娜丨优雅进行曲.png,2024年生日贺图,wallpapers|775|899|丽娜丨优雅进行曲|https://act-upload.mihoyo.com/nap-obc-indep/2025/01/31/73751405/1ff1623058d136f3e2a45abac47f4cd3_949755577648200053.png,899,官方壁纸合集\生日贺图壁纸合集\2024年生日贺图,官方壁纸合集\生日贺图壁纸合集\2024年生日贺图\丽娜丨优雅进行曲.png,unchanged,wallpapers,丽娜丨优雅进行曲,https://act-upload.mihoyo.com/nap-obc-indep/2025/01/31/73751405/1ff1623058d136f3e2a45abac47f4cd3_949755577648200053.png
朱鸢丨好的计划允许惊喜发生,生日贺图壁纸合集,775,.jpg,朱鸢丨好的计划允许惊喜发生.jpg,2024年生日贺图,wallpapers|775|899|朱鸢丨好的计划允许惊喜发生|https://act-upload.mihoyo.com/nap-obc-indep/2025/01/31/73751405/ed8659bc588164222b726e9c2f2a6c6d_8165987897317740960.jpg,899,官方壁纸合集\生日贺图壁纸合集\2024年生日贺图,官方壁纸合集\生日贺图壁纸合集\2024年生日贺图\朱鸢丨好的计划允许惊喜发生.jpg,unchanged,wallpapers,朱鸢丨好的计划允许惊喜发生,https://act-upload.mihoyo.com/nap-obc-indep/2025/01/31/73751405/ed8659bc588164222b726e9c2f2a6c6d_8165987897317740960.jpg
影画展示1,官方意象影画,1861,.png,影画展示1.png,希希芙,cinema|1861|279|影画展示1|https://act-upload.mihoyo.com/nap-obc-indep/2026/04/16/439466880/71e20b5583f093b79fb5d80815e7e3fb_8998123168084224999.png,279,官方意象影画\希希芙,官方意象影画\希希芙\影画展示1.png,unchanged,cinema,影画展示1,https://act-upload.mihoyo.com/nap-obc-indep/2026/04/16/439466880/71e20b5583f093b79fb5d80815e7e3fb_8998123168084224999.png
影画展示2,官方意象影画,1861,.png,影画展示2.png,希希芙,cinema|1861|279|影画展示2|https://act-upload.mihoyo.com/nap-obc-indep/2026/04/16/439466880/22c341e009ae81a690ed896c2a343de6_3777537388339391028.png,279,官方意象影画\希希芙,官方意象影画\希希芙\影画展示2.png,unchanged,cinema,影画展示2,https://act-upload.mihoyo.com/nap-obc-indep/2026/04/16/439466880/22c341e009ae81a690ed896c2a343de6_3777537388339391028.png
影画展示3,官方意象影画,1861,.png,影画展示3.png,希希芙,cinema|1861|279|影画展示3|https://act-upload.mihoyo.com/nap-obc-indep/2026/04/15/76099754/ac2b92f6d5b936c06d56aff5f3bfdb9d_2922335594929204113.png,279,官方意象影画\希希芙,官方意象影画\希希芙\影画展示3.png,unchanged,cinema,影画展示3,https://act-upload.mihoyo.com/nap-obc-indep/2026/04/15/76099754/ac2b92f6d5b936c06d56aff5f3bfdb9d_2922335594929204113.png
影画展示1,官方意象影画,1499,.png,影画展示1.png,席德,cinema|1499|279|影画展示1|https://act-upload.mihoyo.com/nap-obc-indep/2025/09/04/141353238/107a615ce0636c59dfb8c03a8e1390e0_7174493538888712730.png,279,官方意象影画\席德,官方意象影画\席德\影画展示1.png,unchanged,cinema,影画展示1,https://act-upload.mihoyo.com/nap-obc-indep/2025/09/04/141353238/107a615ce0636c59dfb8c03a8e1390e0_7174493538888712730.png
影画展示2,官方意象影画,1499,.png,影画展示2.png,席德,cinema|1499|279|影画展示2|https://act-upload.mihoyo.com/nap-obc-indep/2025/09/04/141353238/bb6d4377231250927a0145089c6d0b19_6994283036359566567.png,279,官方意象影画\席德,官方意象影画\席德\影画展示2.png,unchanged,cinema,影画展示2,https://act-upload.mihoyo.com/nap-obc-indep/2025/09/04/141353238/bb6d4377231250927a0145089c6d0b19_6994283036359566567.png
影画展示3,官方意象影画,1499,.png,影画展示3.png,席德,cinema|1499|279|影画展示3|https://act-upload.mihoyo.com/nap-obc-indep/2025/09/04/141353238/a91d1c8cc145c7da490fbdb4d41fb33d_8930642118752991202.png,279,官方意象影画\席德,官方意象影画\席德\影画展示3.png,unchanged,cinema,影画展示3,https://act-upload.mihoyo.com/nap-obc-indep/2025/09/04/141353238/a91d1c8cc145c7da490fbdb4d41fb33d_8930642118752991202.png
影画展示1,官方意象影画,1852,.png,影画展示1.png,南宫羽,cinema|1852|279|影画展示1|https://act-upload.mihoyo.com/nap-obc-indep/2026/03/24/76099754/d4a5878206c8da8abe5401500ac97db8_2690872709900385249.png,279,官方意象影画\南宫羽,官方意象影画\南宫羽\影画展示1.png,unchanged,cinema,影画展示1,https://act-upload.mihoyo.com/nap-obc-indep/2026/03/24/76099754/d4a5878206c8da8abe5401500ac97db8_2690872709900385249.png
影画展示2,官方意象影画,1852,.png,影画展示2.png,南宫羽,cinema|1852|279|影画展示2|https://act-upload.mihoyo.com/nap-obc-indep/2026/03/24/76099754/9eb071eac551c447113c337db06c6d66_1213009635754088228.png,279,官方意象影画\南宫羽,官方意象影画\南宫羽\影画展示2.png,unchanged,cinema,影画展示2,https://act-upload.mihoyo.com/nap-obc-indep/2026/03/24/76099754/9eb071eac551c447113c337db06c6d66_1213009635754088228.png
影画展示3,官方意象影画,1852,.png,影画展示3.png,南宫羽,cinema|1852|279|影画展示3|https://act-upload.mihoyo.com/nap-obc-indep/2026/03/24/76099754/3c295970f08564f14cc47f2a526f4c77_7082097647693198176.png,279,官方意象影画\南宫羽,官方意象影画\南宫羽\影画展示3.png,unchanged,cinema,影画展示3,https://act-upload.mihoyo.com/nap-obc-indep/2026/03/24/76099754/3c295970f08564f14cc47f2a526f4c77_7082097647693198176.png
影画展示1,官方意象影画,1793,.png,影画展示1.png,爱芮,cinema|1793|279|影画展示1|https://act-upload.mihoyo.com/nap-obc-indep/2026/03/04/15559334/79829c4a1a1ee81590d7860b1b372e67_4103967758910084564.png,279,官方意象影画\爱芮,官方意象影画\爱芮\影画展示1.png,unchanged,cinema,影画展示1,https://act-upload.mihoyo.com/nap-obc-indep/2026/03/04/15559334/79829c4a1a1ee81590d7860b1b372e67_4103967758910084564.png
影画展示2,官方意象影画,1793,.png,影画展示2.png,爱芮,cinema|1793|279|影画展示2|https://act-upload.mihoyo.com/nap-obc-indep/2026/04/21/76099754/308577c2d91f0130a3b5f894104fa28f_2973452464894300446.png,279,官方意象影画\爱芮,官方意象影画\爱芮\影画展示2.png,unchanged,cinema,影画展示2,https://act-upload.mihoyo.com/nap-obc-indep/2026/04/21/76099754/308577c2d91f0130a3b5f894104fa28f_2973452464894300446.png
影画展示3,官方意象影画,1793,.png,影画展示3.png,爱芮,cinema|1793|279|影画展示3|https://act-upload.mihoyo.com/nap-obc-indep/2026/03/04/15559334/cf4879bfe26a706cb1d1b4d0d42e91d5_2912038973003802971.png,279,官方意象影画\爱芮,官方意象影画\爱芮\影画展示3.png,unchanged,cinema,影画展示3,https://act-upload.mihoyo.com/nap-obc-indep/2026/03/04/15559334/cf4879bfe26a706cb1d1b4d0d42e91d5_2912038973003802971.png
影画展示1,官方意象影画,1791,.png,影画展示1.png,千夏,cinema|1791|279|影画展示1|https://act-upload.mihoyo.com/nap-obc-indep/2026/02/06/76099754/417658185f9cf0c6e0907156066268ec_5492527494208538221.png,279,官方意象影画\千夏,官方意象影画\千夏\影画展示1.png,unchanged,cinema,影画展示1,https://act-upload.mihoyo.com/nap-obc-indep/2026/02/06/76099754/417658185f9cf0c6e0907156066268ec_5492527494208538221.png
影画展示2,官方意象影画,1791,.png,影画展示2.png,千夏,cinema|1791|279|影画展示2|https://act-upload.mihoyo.com/nap-obc-indep/2026/04/27/76099754/678ec37569e3aafa48fc331efa588083_8657973623905433233.png,279,官方意象影画\千夏,官方意象影画\千夏\影画展示2.png,unchanged,cinema,影画展示2,https://act-upload.mihoyo.com/nap-obc-indep/2026/04/27/76099754/678ec37569e3aafa48fc331efa588083_8657973623905433233.png
影画展示3,官方意象影画,1791,.png,影画展示3.png,千夏,cinema|1791|279|影画展示3|https://act-upload.mihoyo.com/nap-obc-indep/2026/02/06/76099754/13666dd20b2da8f2721bef43c6fd2e2b_8488383116535685613.png,279,官方意象影画\千夏,官方意象影画\千夏\影画展示3.png,unchanged,cinema,影画展示3,https://act-upload.mihoyo.com/nap-obc-indep/2026/02/06/76099754/13666dd20b2da8f2721bef43c6fd2e2b_8488383116535685613.png
影画展示1,官方意象影画,1687,.png,影画展示1.png,叶瞬光,cinema|1687|279|影画展示1|https://act-upload.mihoyo.com/nap-obc-indep/2025/12/30/76099754/04ff6f9c1ad093c38af23cf2f29feaa3_7228501058254494386.png,279,官方意象影画\叶瞬光,官方意象影画\叶瞬光\影画展示1.png,unchanged,cinema,影画展示1,https://act-upload.mihoyo.com/nap-obc-indep/2025/12/30/76099754/04ff6f9c1ad093c38af23cf2f29feaa3_7228501058254494386.png
影画展示2,官方意象影画,1687,.png,影画展示2.png,叶瞬光,cinema|1687|279|影画展示2|https://act-upload.mihoyo.com/nap-obc-indep/2025/12/30/76099754/1bcde1021ff01fa618aafa2489f179e4_2319057735716888381.png,279,官方意象影画\叶瞬光,官方意象影画\叶瞬光\影画展示2.png,unchanged,cinema,影画展示2,https://act-upload.mihoyo.com/nap-obc-indep/2025/12/30/76099754/1bcde1021ff01fa618aafa2489f179e4_2319057735716888381.png
影画展示3,官方意象影画,1687,.png,影画展示3.png,叶瞬光,cinema|1687|279|影画展示3|https://act-upload.mihoyo.com/nap-obc-indep/2025/12/30/76099754/a914afa2048a485b8f070935aed65935_641180353289948044.png,279,官方意象影画\叶瞬光,官方意象影画\叶瞬光\影画展示3.png,unchanged,cinema,影画展示3,https://act-upload.mihoyo.com/nap-obc-indep/2025/12/30/76099754/a914afa2048a485b8f070935aed65935_641180353289948044.png
影画展示1,官方意象影画,1686,.png,影画展示1.png,照,cinema|1686|279|影画展示1|https://act-upload.mihoyo.com/nap-obc-indep/2025/12/30/76099754/716d3309cb1c29694e1751118101cb8f_8301874892007936101.png,279,官方意象影画\照,官方意象影画\照\影画展示1.png,unchanged,cinema,影画展示1,https://act-upload.mihoyo.com/nap-obc-indep/2025/12/30/76099754/716d3309cb1c29694e1751118101cb8f_8301874892007936101.png
影画展示2,官方意象影画,1686,.png,影画展示2.png,照,cinema|1686|279|影画展示2|https://act-upload.mihoyo.com/nap-obc-indep/2026/04/27/76099754/01ecaf8128426ff67a1cc19dc9a78db6_2555909039261322175.png,279,官方意象影画\照,官方意象影画\照\影画展示2.png,unchanged,cinema,影画展示2,https://act-upload.mihoyo.com/nap-obc-indep/2026/04/27/76099754/01ecaf8128426ff67a1cc19dc9a78db6_2555909039261322175.png
影画展示3,官方意象影画,1686,.png,影画展示3.png,照,cinema|1686|279|影画展示3|https://act-upload.mihoyo.com/nap-obc-indep/2025/12/30/76099754/ab4c755b9275b4cf27a2878544a6f752_1972604269313426166.png,279,官方意象影画\照,官方意象影画\照\影画展示3.png,unchanged,cinema,影画展示3,https://act-upload.mihoyo.com/nap-obc-indep/2025/12/30/76099754/ab4c755b9275b4cf27a2878544a6f752_1972604269313426166.png
影画展示1,官方意象影画,1626,.png,影画展示1.png,般岳,cinema|1626|279|影画展示1|https://act-upload.mihoyo.com/nap-obc-indep/2025/12/17/76099754/fbe55bf3bd1133134a241447467413c0_2651970750833891755.png,279,官方意象影画\般岳,官方意象影画\般岳\影画展示1.png,unchanged,cinema,影画展示1,https://act-upload.mihoyo.com/nap-obc-indep/2025/12/17/76099754/fbe55bf3bd1133134a241447467413c0_2651970750833891755.png
影画展示2,官方意象影画,1626,.png,影画展示2.png,般岳,cinema|1626|279|影画展示2|https://act-upload.mihoyo.com/nap-obc-indep/2025/12/17/76099754/4cea6fe9c700fe35cca9016c932b4040_6760544739452297560.png,279,官方意象影画\般岳,官方意象影画\般岳\影画展示2.png,unchanged,cinema,影画展示2,https://act-upload.mihoyo.com/nap-obc-indep/2025/12/17/76099754/4cea6fe9c700fe35cca9016c932b4040_6760544739452297560.png
影画展示3,官方意象影画,1626,.png,影画展示3.png,般岳,cinema|1626|279|影画展示3|https://act-upload.mihoyo.com/nap-obc-indep/2025/12/17/76099754/9449be0d80ce81a2c3a42b2bc229303d_3411196958003040703.png,279,官方意象影画\般岳,官方意象影画\般岳\影画展示3.png,unchanged,cinema,影画展示3,https://act-upload.mihoyo.com/nap-obc-indep/2025/12/17/76099754/9449be0d80ce81a2c3a42b2bc229303d_3411196958003040703.png
影画展示1,官方意象影画,1624,.png,影画展示1.png,琉音,cinema|1624|279|影画展示1|https://act-upload.mihoyo.com/nap-obc-indep/2025/11/26/76099754/183963b3b4eb14bc1bd67007afa45725_544392624183751193.png,279,官方意象影画\琉音,官方意象影画\琉音\影画展示1.png,unchanged,cinema,影画展示1,https://act-upload.mihoyo.com/nap-obc-indep/2025/11/26/76099754/183963b3b4eb14bc1bd67007afa45725_544392624183751193.png
影画展示2,官方意象影画,1624,.png,影画展示2.png,琉音,cinema|1624|279|影画展示2|https://act-upload.mihoyo.com/nap-obc-indep/2025/11/26/76099754/61a9ed708168d8d84cfc70618212454d_6748717059391491668.png,279,官方意象影画\琉音,官方意象影画\琉音\影画展示2.png,unchanged,cinema,影画展示2,https://act-upload.mihoyo.com/nap-obc-indep/2025/11/26/76099754/61a9ed708168d8d84cfc70618212454d_6748717059391491668.png
影画展示3,官方意象影画,1624,.png,影画展示3.png,琉音,cinema|1624|279|影画展示3|https://act-upload.mihoyo.com/nap-obc-indep/2025/11/26/76099754/813dec45c7967ef2c3524fc9843259e1_1194975861895640443.png,279,官方意象影画\琉音,官方意象影画\琉音\影画展示3.png,unchanged,cinema,影画展示3,https://act-upload.mihoyo.com/nap-obc-indep/2025/11/26/76099754/813dec45c7967ef2c3524fc9843259e1_1194975861895640443.png
影画展示1,官方意象影画,1538,.png,影画展示1.png,伊德海莉,cinema|1538|279|影画展示1|https://act-upload.mihoyo.com/nap-obc-indep/2025/11/05/439466880/a8d1afac1c3068f96344b3a4d7e155c2_6603016424099762106.png,279,官方意象影画\伊德海莉,官方意象影画\伊德海莉\影画展示1.png,unchanged,cinema,影画展示1,https://act-upload.mihoyo.com/nap-obc-indep/2025/11/05/439466880/a8d1afac1c3068f96344b3a4d7e155c2_6603016424099762106.png
影画展示2,官方意象影画,1538,.png,影画展示2.png,伊德海莉,cinema|1538|279|影画展示2|https://act-upload.mihoyo.com/nap-obc-indep/2025/11/05/439466880/6c00c33c6438401e2549d2c7b250c446_6896366552908793663.png,279,官方意象影画\伊德海莉,官方意象影画\伊德海莉\影画展示2.png,unchanged,cinema,影画展示2,https://act-upload.mihoyo.com/nap-obc-indep/2025/11/05/439466880/6c00c33c6438401e2549d2c7b250c446_6896366552908793663.png
影画展示3,官方意象影画,1538,.png,影画展示3.png,伊德海莉,cinema|1538|279|影画展示3|https://act-upload.mihoyo.com/nap-obc-indep/2025/11/05/439466880/67f4287efb1e6bc76546072bc873e115_8517810047356138344.png,279,官方意象影画\伊德海莉,官方意象影画\伊德海莉\影画展示3.png,unchanged,cinema,影画展示3,https://act-upload.mihoyo.com/nap-obc-indep/2025/11/05/439466880/67f4287efb1e6bc76546072bc873e115_8517810047356138344.png
影画展示1,官方意象影画,1533,.png,影画展示1.png,卢西娅,cinema|1533|279|影画展示1|https://act-upload.mihoyo.com/nap-obc-indep/2025/10/15/76099754/8e006d21151615fb0b06985ab9ee8a55_1735421857836364265.png,279,官方意象影画\卢西娅,官方意象影画\卢西娅\影画展示1.png,unchanged,cinema,影画展示1,https://act-upload.mihoyo.com/nap-obc-indep/2025/10/15/76099754/8e006d21151615fb0b06985ab9ee8a55_1735421857836364265.png
影画展示2,官方意象影画,1533,.png,影画展示2.png,卢西娅,cinema|1533|279|影画展示2|https://act-upload.mihoyo.com/nap-obc-indep/2025/10/15/76099754/7fdbf3f7ebbf191dd5dd38dec28b7a63_965249551743477841.png,279,官方意象影画\卢西娅,官方意象影画\卢西娅\影画展示2.png,unchanged,cinema,影画展示2,https://act-upload.mihoyo.com/nap-obc-indep/2025/10/15/76099754/7fdbf3f7ebbf191dd5dd38dec28b7a63_965249551743477841.png
影画展示3,官方意象影画,1533,.png,影画展示3.png,卢西娅,cinema|1533|279|影画展示3|https://act-upload.mihoyo.com/nap-obc-indep/2025/10/15/76099754/eab509938dce31ee959078a856b3be57_2530606985717724390.png,279,官方意象影画\卢西娅,官方意象影画\卢西娅\影画展示3.png,unchanged,cinema,影画展示3,https://act-upload.mihoyo.com/nap-obc-indep/2025/10/15/76099754/eab509938dce31ee959078a856b3be57_2530606985717724390.png
影画展示1,官方意象影画,1501,.png,影画展示1.png,奥菲丝&「鬼火」,cinema|1501|279|影画展示1|https://act-upload.mihoyo.com/nap-obc-indep/2025/09/24/76099754/9b5b8f8383c39cbac784fdd60dd60bea_7785538519999938319.png,279,官方意象影画\奥菲丝&「鬼火」,官方意象影画\奥菲丝&「鬼火」\影画展示1.png,unchanged,cinema,影画展示1,https://act-upload.mihoyo.com/nap-obc-indep/2025/09/24/76099754/9b5b8f8383c39cbac784fdd60dd60bea_7785538519999938319.png
影画展示2,官方意象影画,1501,.png,影画展示2.png,奥菲丝&「鬼火」,cinema|1501|279|影画展示2|https://act-upload.mihoyo.com/nap-obc-indep/2025/09/24/76099754/1ae06777195e6ac2865b710484441b0d_4447300513858634431.png,279,官方意象影画\奥菲丝&「鬼火」,官方意象影画\奥菲丝&「鬼火」\影画展示2.png,unchanged,cinema,影画展示2,https://act-upload.mihoyo.com/nap-obc-indep/2025/09/24/76099754/1ae06777195e6ac2865b710484441b0d_4447300513858634431.png
影画展示3,官方意象影画,1501,.png,影画展示3.png,奥菲丝&「鬼火」,cinema|1501|279|影画展示3|https://act-upload.mihoyo.com/nap-obc-indep/2025/09/24/76099754/fd9886fc08cb2c1c49df38ff540e9740_8456236238066491113.png,279,官方意象影画\奥菲丝&「鬼火」,官方意象影画\奥菲丝&「鬼火」\影画展示3.png,unchanged,cinema,影画展示3,https://act-upload.mihoyo.com/nap-obc-indep/2025/09/24/76099754/fd9886fc08cb2c1c49df38ff540e9740_8456236238066491113.png
影画展示1,官方意象影画,1385,.png,影画展示1.png,爱丽丝,cinema|1385|279|影画展示1|https://act-upload.mihoyo.com/nap-obc-indep/2025/08/06/76099754/0286e66cba8b113b4dd9258c5fc4c8cd_5443011153427634789.png,279,官方意象影画\爱丽丝,官方意象影画\爱丽丝\影画展示1.png,unchanged,cinema,影画展示1,https://act-upload.mihoyo.com/nap-obc-indep/2025/08/06/76099754/0286e66cba8b113b4dd9258c5fc4c8cd_5443011153427634789.png
影画展示2,官方意象影画,1385,.png,影画展示2.png,爱丽丝,cinema|1385|279|影画展示2|https://act-upload.mihoyo.com/nap-obc-indep/2025/08/06/76099754/048dc857059a490eeb05984237ad5200_3810511497106719772.png,279,官方意象影画\爱丽丝,官方意象影画\爱丽丝\影画展示2.png,unchanged,cinema,影画展示2,https://act-upload.mihoyo.com/nap-obc-indep/2025/08/06/76099754/048dc857059a490eeb05984237ad5200_3810511497106719772.png
影画展示3,官方意象影画,1385,.png,影画展示3.png,爱丽丝,cinema|1385|279|影画展示3|https://act-upload.mihoyo.com/nap-obc-indep/2025/08/06/76099754/c741a0d05c34cca1c87e787fcb17c297_3332936742395284807.png,279,官方意象影画\爱丽丝,官方意象影画\爱丽丝\影画展示3.png,unchanged,cinema,影画展示3,https://act-upload.mihoyo.com/nap-obc-indep/2025/08/06/76099754/c741a0d05c34cca1c87e787fcb17c297_3332936742395284807.png
影画展示1,官方意象影画,1386,.png,影画展示1.png,柚叶,cinema|1386|279|影画展示1|https://act-upload.mihoyo.com/nap-obc-indep/2025/07/16/233874762/49410c87e75c602af618340f9e721bb9_6200038590453279628.png,279,官方意象影画\柚叶,官方意象影画\柚叶\影画展示1.png,unchanged,cinema,影画展示1,https://act-upload.mihoyo.com/nap-obc-indep/2025/07/16/233874762/49410c87e75c602af618340f9e721bb9_6200038590453279628.png
影画展示2,官方意象影画,1386,.png,影画展示2.png,柚叶,cinema|1386|279|影画展示2|https://act-upload.mihoyo.com/nap-obc-indep/2025/07/16/233874762/57125da964320d0615b74e86eb67f457_8988569574167879851.png,279,官方意象影画\柚叶,官方意象影画\柚叶\影画展示2.png,unchanged,cinema,影画展示2,https://act-upload.mihoyo.com/nap-obc-indep/2025/07/16/233874762/57125da964320d0615b74e86eb67f457_8988569574167879851.png
影画展示3,官方意象影画,1386,.png,影画展示3.png,柚叶,cinema|1386|279|影画展示3|https://act-upload.mihoyo.com/nap-obc-indep/2025/07/16/233874762/b2dc3752be513d4bbf2fc7e8814684b4_8434331713908070060.png,279,官方意象影画\柚叶,官方意象影画\柚叶\影画展示3.png,unchanged,cinema,影画展示3,https://act-upload.mihoyo.com/nap-obc-indep/2025/07/16/233874762/b2dc3752be513d4bbf2fc7e8814684b4_8434331713908070060.png
影画展示1,官方意象影画,1301,.jpg,影画展示1.jpg,橘福福,cinema|1301|279|影画展示1|https://act-upload.mihoyo.com/nap-obc-indep/2025/06/25/233874762/c1b38de0140be9207ff3414da48b1d4f_2458394363998645346.jpg,279,官方意象影画\橘福福,官方意象影画\橘福福\影画展示1.jpg,unchanged,cinema,影画展示1,https://act-upload.mihoyo.com/nap-obc-indep/2025/06/25/233874762/c1b38de0140be9207ff3414da48b1d4f_2458394363998645346.jpg
影画展示2,官方意象影画,1301,.jpg,影画展示2.jpg,橘福福,cinema|1301|279|影画展示2|https://act-upload.mihoyo.com/nap-obc-indep/2025/06/25/233874762/2bfa93b1dadcc17707cf56ac3486974f_1162999906001156840.jpg,279,官方意象影画\橘福福,官方意象影画\橘福福\影画展示2.jpg,unchanged,cinema,影画展示2,https://act-upload.mihoyo.com/nap-obc-indep/2025/06/25/233874762/2bfa93b1dadcc17707cf56ac3486974f_1162999906001156840.jpg
影画展示3,官方意象影画,1301,.jpg,影画展示3.jpg,橘福福,cinema|1301|279|影画展示3|https://act-upload.mihoyo.com/nap-obc-indep/2025/06/25/233874762/0da9ab63efb890db13255e6635bd3cab_7349922063823232687.jpg,279,官方意象影画\橘福福,官方意象影画\橘福福\影画展示3.jpg,unchanged,cinema,影画展示3,https://act-upload.mihoyo.com/nap-obc-indep/2025/06/25/233874762/0da9ab63efb890db13255e6635bd3cab_7349922063823232687.jpg
影画展示1,官方意象影画,1299,.jpg,影画展示1.jpg,仪玄,cinema|1299|279|影画展示1|https://act-upload.mihoyo.com/nap-obc-indep/2025/06/06/141353238/b1c8929f5ddf4f36da41a9ebf35b5ac0_6258006902962033407.jpg,279,官方意象影画\仪玄,官方意象影画\仪玄\影画展示1.jpg,unchanged,cinema,影画展示1,https://act-upload.mihoyo.com/nap-obc-indep/2025/06/06/141353238/b1c8929f5ddf4f36da41a9ebf35b5ac0_6258006902962033407.jpg
影画展示2,官方意象影画,1299,.jpg,影画展示2.jpg,仪玄,cinema|1299|279|影画展示2|https://act-upload.mihoyo.com/nap-obc-indep/2025/06/06/141353238/0ff1a5943cafcf4990e9f6e17761fc5c_5015942380547295154.jpg,279,官方意象影画\仪玄,官方意象影画\仪玄\影画展示2.jpg,unchanged,cinema,影画展示2,https://act-upload.mihoyo.com/nap-obc-indep/2025/06/06/141353238/0ff1a5943cafcf4990e9f6e17761fc5c_5015942380547295154.jpg
影画展示3,官方意象影画,1299,.jpg,影画展示3.jpg,仪玄,cinema|1299|279|影画展示3|https://act-upload.mihoyo.com/nap-obc-indep/2025/06/06/141353238/1749e54da2ecf9c909577b9ab3ed479d_717285368809051707.jpg,279,官方意象影画\仪玄,官方意象影画\仪玄\影画展示3.jpg,unchanged,cinema,影画展示3,https://act-upload.mihoyo.com/nap-obc-indep/2025/06/06/141353238/1749e54da2ecf9c909577b9ab3ed479d_717285368809051707.jpg
影画展示1,官方意象影画,1290,.png,影画展示1.png,雨果,cinema|1290|279|影画展示1|https://act-upload.mihoyo.com/nap-obc-indep/2025/05/14/76099754/afb5bc432b75e44604bd58d9d9cdbecb_8724357581051564248.png,279,官方意象影画\雨果,官方意象影画\雨果\影画展示1.png,unchanged,cinema,影画展示1,https://act-upload.mihoyo.com/nap-obc-indep/2025/05/14/76099754/afb5bc432b75e44604bd58d9d9cdbecb_8724357581051564248.png
影画展示2,官方意象影画,1290,.png,影画展示2.png,雨果,cinema|1290|279|影画展示2|https://act-upload.mihoyo.com/nap-obc-indep/2025/05/14/76099754/b9903bdca3d281f85053ae10ad9f2d48_1907993815182853697.png,279,官方意象影画\雨果,官方意象影画\雨果\影画展示2.png,unchanged,cinema,影画展示2,https://act-upload.mihoyo.com/nap-obc-indep/2025/05/14/76099754/b9903bdca3d281f85053ae10ad9f2d48_1907993815182853697.png
影画展示3,官方意象影画,1290,.png,影画展示3.png,雨果,cinema|1290|279|影画展示3|https://act-upload.mihoyo.com/nap-obc-indep/2025/05/14/76099754/f89181c5e457ac5232037c5807457e3e_1850534911088241065.png,279,官方意象影画\雨果,官方意象影画\雨果\影画展示3.png,unchanged,cinema,影画展示3,https://act-upload.mihoyo.com/nap-obc-indep/2025/05/14/76099754/f89181c5e457ac5232037c5807457e3e_1850534911088241065.png
影画展示1,官方意象影画,1276,.png,影画展示1.png,薇薇安,cinema|1276|279|影画展示1|https://act-upload.mihoyo.com/nap-obc-indep/2025/04/23/76099754/333af6f20cdd84240029b6be0d211c5d_6491596626781273771.png,279,官方意象影画\薇薇安,官方意象影画\薇薇安\影画展示1.png,unchanged,cinema,影画展示1,https://act-upload.mihoyo.com/nap-obc-indep/2025/04/23/76099754/333af6f20cdd84240029b6be0d211c5d_6491596626781273771.png
影画展示2,官方意象影画,1276,.png,影画展示2.png,薇薇安,cinema|1276|279|影画展示2|https://act-upload.mihoyo.com/nap-obc-indep/2025/04/23/76099754/7d4ddc2d97ace4bda74ba02fabf74c6c_3980830210559386063.png,279,官方意象影画\薇薇安,官方意象影画\薇薇安\影画展示2.png,unchanged,cinema,影画展示2,https://act-upload.mihoyo.com/nap-obc-indep/2025/04/23/76099754/7d4ddc2d97ace4bda74ba02fabf74c6c_3980830210559386063.png
影画展示3,官方意象影画,1276,.png,影画展示3.png,薇薇安,cinema|1276|279|影画展示3|https://act-upload.mihoyo.com/nap-obc-indep/2025/04/23/76099754/44a0b002562b649bb686f35542bf33b0_100700600916513283.png,279,官方意象影画\薇薇安,官方意象影画\薇薇安\影画展示3.png,unchanged,cinema,影画展示3,https://act-upload.mihoyo.com/nap-obc-indep/2025/04/23/76099754/44a0b002562b649bb686f35542bf33b0_100700600916513283.png
影画展示1,官方意象影画,1230,.png,影画展示1.png,扳机,cinema|1230|279|影画展示1|https://act-upload.mihoyo.com/nap-obc-indep/2025/04/02/76099754/ac4b599536f553527031d98e3c4dc4b8_8608546717492432370.png,279,官方意象影画\扳机,官方意象影画\扳机\影画展示1.png,unchanged,cinema,影画展示1,https://act-upload.mihoyo.com/nap-obc-indep/2025/04/02/76099754/ac4b599536f553527031d98e3c4dc4b8_8608546717492432370.png
影画展示2,官方意象影画,1230,.png,影画展示2.png,扳机,cinema|1230|279|影画展示2|https://act-upload.mihoyo.com/nap-obc-indep/2025/04/02/76099754/65fd2dd41e386755d6049ddd7cb6cbc8_8067710465517812227.png,279,官方意象影画\扳机,官方意象影画\扳机\影画展示2.png,unchanged,cinema,影画展示2,https://act-upload.mihoyo.com/nap-obc-indep/2025/04/02/76099754/65fd2dd41e386755d6049ddd7cb6cbc8_8067710465517812227.png
影画展示3,官方意象影画,1230,.png,影画展示3.png,扳机,cinema|1230|279|影画展示3|https://act-upload.mihoyo.com/nap-obc-indep/2025/04/02/76099754/cdcf8e92f26cf2f3e2f65a5767d8b535_8135397900960636679.png,279,官方意象影画\扳机,官方意象影画\扳机\影画展示3.png,unchanged,cinema,影画展示3,https://act-upload.mihoyo.com/nap-obc-indep/2025/04/02/76099754/cdcf8e92f26cf2f3e2f65a5767d8b535_8135397900960636679.png
影画展示1,官方意象影画,1190,.jpg,影画展示1.jpg,零号·安比,cinema|1190|279|影画展示1|https://act-upload.mihoyo.com/nap-obc-indep/2025/03/12/76099754/6927dd7930f5cce72dbac0f21208adb0_1032509430204003249.jpg,279,官方意象影画\零号·安比,官方意象影画\零号·安比\影画展示1.jpg,unchanged,cinema,影画展示1,https://act-upload.mihoyo.com/nap-obc-indep/2025/03/12/76099754/6927dd7930f5cce72dbac0f21208adb0_1032509430204003249.jpg
影画展示2,官方意象影画,1190,.jpg,影画展示2.jpg,零号·安比,cinema|1190|279|影画展示2|https://act-upload.mihoyo.com/nap-obc-indep/2025/03/12/76099754/ac0fdafe0bcf9afb73045e8222e06558_6970556059190006579.jpg,279,官方意象影画\零号·安比,官方意象影画\零号·安比\影画展示2.jpg,unchanged,cinema,影画展示2,https://act-upload.mihoyo.com/nap-obc-indep/2025/03/12/76099754/ac0fdafe0bcf9afb73045e8222e06558_6970556059190006579.jpg
影画展示3,官方意象影画,1190,.jpg,影画展示3.jpg,零号·安比,cinema|1190|279|影画展示3|https://act-upload.mihoyo.com/nap-obc-indep/2025/03/12/76099754/a40bd3e7cc879eb969e8b01b590d3f2c_6850515742842836522.jpg,279,官方意象影画\零号·安比,官方意象影画\零号·安比\影画展示3.jpg,unchanged,cinema,影画展示3,https://act-upload.mihoyo.com/nap-obc-indep/2025/03/12/76099754/a40bd3e7cc879eb969e8b01b590d3f2c_6850515742842836522.jpg
影画展示1,官方意象影画,1158,.png,影画展示1.png,伊芙琳,cinema|1158|279|影画展示1|https://act-upload.mihoyo.com/nap-obc-indep/2025/02/12/76099754/a551c17974c340b455f2d6755c320d34_3356806229237353954.png,279,官方意象影画\伊芙琳,官方意象影画\伊芙琳\影画展示1.png,unchanged,cinema,影画展示1,https://act-upload.mihoyo.com/nap-obc-indep/2025/02/12/76099754/a551c17974c340b455f2d6755c320d34_3356806229237353954.png
影画展示2,官方意象影画,1158,.png,影画展示2.png,伊芙琳,cinema|1158|279|影画展示2|https://act-upload.mihoyo.com/nap-obc-indep/2025/02/12/76099754/826fc7a32d18e9b8a0a9e37b353bdfba_1701326909171964745.png,279,官方意象影画\伊芙琳,官方意象影画\伊芙琳\影画展示2.png,unchanged,cinema,影画展示2,https://act-upload.mihoyo.com/nap-obc-indep/2025/02/12/76099754/826fc7a32d18e9b8a0a9e37b353bdfba_1701326909171964745.png
影画展示3,官方意象影画,1158,.png,影画展示3.png,伊芙琳,cinema|1158|279|影画展示3|https://act-upload.mihoyo.com/nap-obc-indep/2025/02/12/76099754/c1d0c580daab58904f4a001e748bef5f_7545051182027015528.png,279,官方意象影画\伊芙琳,官方意象影画\伊芙琳\影画展示3.png,unchanged,cinema,影画展示3,https://act-upload.mihoyo.com/nap-obc-indep/2025/02/12/76099754/c1d0c580daab58904f4a001e748bef5f_7545051182027015528.png
影画展示1,官方意象影画,1109,.png,影画展示1.png,耀嘉音,cinema|1109|279|影画展示1|https://act-upload.mihoyo.com/nap-obc-indep/2025/01/23/76099754/dfbee696256c448d48d3751e40101dcf_6276757791933784414.png,279,官方意象影画\耀嘉音,官方意象影画\耀嘉音\影画展示1.png,unchanged,cinema,影画展示1,https://act-upload.mihoyo.com/nap-obc-indep/2025/01/23/76099754/dfbee696256c448d48d3751e40101dcf_6276757791933784414.png
影画展示2,官方意象影画,1109,.png,影画展示2.png,耀嘉音,cinema|1109|279|影画展示2|https://act-upload.mihoyo.com/nap-obc-indep/2025/01/23/76099754/f26980a4d12e9398b499bddf1915f19b_4025984920806439442.png,279,官方意象影画\耀嘉音,官方意象影画\耀嘉音\影画展示2.png,unchanged,cinema,影画展示2,https://act-upload.mihoyo.com/nap-obc-indep/2025/01/23/76099754/f26980a4d12e9398b499bddf1915f19b_4025984920806439442.png
影画展示3,官方意象影画,1109,.png,影画展示3.png,耀嘉音,cinema|1109|279|影画展示3|https://act-upload.mihoyo.com/nap-obc-indep/2025/01/23/76099754/7cb647c6825fd1993655b1e761512ddc_9076315672894002177.png,279,官方意象影画\耀嘉音,官方意象影画\耀嘉音\影画展示3.png,unchanged,cinema,影画展示3,https://act-upload.mihoyo.com/nap-obc-indep/2025/01/23/76099754/7cb647c6825fd1993655b1e761512ddc_9076315672894002177.png
影画展示1,官方意象影画,997,.png,影画展示1.png,悠真,cinema|997|279|影画展示1|https://act-upload.mihoyo.com/nap-obc-indep/2026/04/27/76099754/d5ac9093a38bb924e65606f20bde76d6_6466244039685743504.png,279,官方意象影画\悠真,官方意象影画\悠真\影画展示1.png,unchanged,cinema,影画展示1,https://act-upload.mihoyo.com/nap-obc-indep/2026/04/27/76099754/d5ac9093a38bb924e65606f20bde76d6_6466244039685743504.png
影画展示2,官方意象影画,997,.png,影画展示2.png,悠真,cinema|997|279|影画展示2|https://act-upload.mihoyo.com/nap-obc-indep/2026/04/27/76099754/8f7e7ebd4f7eca8322b372662aae06fd_1114124982390728430.png,279,官方意象影画\悠真,官方意象影画\悠真\影画展示2.png,unchanged,cinema,影画展示2,https://act-upload.mihoyo.com/nap-obc-indep/2026/04/27/76099754/8f7e7ebd4f7eca8322b372662aae06fd_1114124982390728430.png
影画展示3,官方意象影画,997,.png,影画展示3.png,悠真,cinema|997|279|影画展示3|https://act-upload.mihoyo.com/nap-obc-indep/2026/04/27/76099754/34bc4d6a25bf4f50ebcc39dcee21ed0c_1706464985840756535.png,279,官方意象影画\悠真,官方意象影画\悠真\影画展示3.png,unchanged,cinema,影画展示3,https://act-upload.mihoyo.com/nap-obc-indep/2026/04/27/76099754/34bc4d6a25bf4f50ebcc39dcee21ed0c_1706464985840756535.png
影画展示1,官方意象影画,996,.png,影画展示1.png,雅,cinema|996|279|影画展示1|https://act-upload.mihoyo.com/nap-obc-indep/2025/12/05/439466880/10966e674252c507919902a9b34fc477_5298768288708378957.png,279,官方意象影画\雅,官方意象影画\雅\影画展示1.png,unchanged,cinema,影画展示1,https://act-upload.mihoyo.com/nap-obc-indep/2025/12/05/439466880/10966e674252c507919902a9b34fc477_5298768288708378957.png
影画展示2,官方意象影画,996,.png,影画展示2.png,雅,cinema|996|279|影画展示2|https://act-upload.mihoyo.com/nap-obc-indep/2025/12/05/439466880/8445c1e73e5bff5351b9112ffe314cdb_6323797207521532388.png,279,官方意象影画\雅,官方意象影画\雅\影画展示2.png,unchanged,cinema,影画展示2,https://act-upload.mihoyo.com/nap-obc-indep/2025/12/05/439466880/8445c1e73e5bff5351b9112ffe314cdb_6323797207521532388.png
影画展示3,官方意象影画,996,.png,影画展示3.png,雅,cinema|996|279|影画展示3|https://act-upload.mihoyo.com/nap-obc-indep/2025/12/05/439466880/22e00f0bb1d2958f05a10833a4e89248_5864051387796232751.png,279,官方意象影画\雅,官方意象影画\雅\影画展示3.png,unchanged,cinema,影画展示3,https://act-upload.mihoyo.com/nap-obc-indep/2025/12/05/439466880/22e00f0bb1d2958f05a10833a4e89248_5864051387796232751.png
影画展示1,官方意象影画,950,.png,影画展示1.png,莱特,cinema|950|279|影画展示1|https://act-upload.mihoyo.com/nap-obc-indep/2024/11/27/76099754/f9ca296befa4fc4c82f5df3d665d290e_9204927115289792368.png,279,官方意象影画\莱特,官方意象影画\莱特\影画展示1.png,unchanged,cinema,影画展示1,https://act-upload.mihoyo.com/nap-obc-indep/2024/11/27/76099754/f9ca296befa4fc4c82f5df3d665d290e_9204927115289792368.png
影画展示2,官方意象影画,950,.png,影画展示2.png,莱特,cinema|950|279|影画展示2|https://act-upload.mihoyo.com/nap-obc-indep/2026/04/27/76099754/64db50c260779ceee98533b2c7440fd1_3307920791471270344.png,279,官方意象影画\莱特,官方意象影画\莱特\影画展示2.png,unchanged,cinema,影画展示2,https://act-upload.mihoyo.com/nap-obc-indep/2026/04/27/76099754/64db50c260779ceee98533b2c7440fd1_3307920791471270344.png
影画展示3,官方意象影画,950,.png,影画展示3.png,莱特,cinema|950|279|影画展示3|https://act-upload.mihoyo.com/nap-obc-indep/2024/11/27/76099754/df8b1b5098ae0bcd5b8f2cf128eb311d_4680771690149022055.png,279,官方意象影画\莱特,官方意象影画\莱特\影画展示3.png,unchanged,cinema,影画展示3,https://act-upload.mihoyo.com/nap-obc-indep/2024/11/27/76099754/df8b1b5098ae0bcd5b8f2cf128eb311d_4680771690149022055.png
影画展示1,官方意象影画,916,.png,影画展示1.png,柳,cinema|916|279|影画展示1|https://act-upload.mihoyo.com/nap-obc-indep/2024/11/06/76099754/138005c0fe6121cd12b1afaebc8e72eb_935993888331848532.png,279,官方意象影画\柳,官方意象影画\柳\影画展示1.png,unchanged,cinema,影画展示1,https://act-upload.mihoyo.com/nap-obc-indep/2024/11/06/76099754/138005c0fe6121cd12b1afaebc8e72eb_935993888331848532.png
影画展示2,官方意象影画,916,.png,影画展示2.png,柳,cinema|916|279|影画展示2|https://act-upload.mihoyo.com/nap-obc-indep/2024/11/06/76099754/e51bcc759474d43ae98cf242ece9be48_4445129622536388897.png,279,官方意象影画\柳,官方意象影画\柳\影画展示2.png,unchanged,cinema,影画展示2,https://act-upload.mihoyo.com/nap-obc-indep/2024/11/06/76099754/e51bcc759474d43ae98cf242ece9be48_4445129622536388897.png
影画展示3,官方意象影画,916,.png,影画展示3.png,柳,cinema|916|279|影画展示3|https://act-upload.mihoyo.com/nap-obc-indep/2024/11/06/76099754/93171af7d069601a30c8129ebbfaff34_7755247229681328322.png,279,官方意象影画\柳,官方意象影画\柳\影画展示3.png,unchanged,cinema,影画展示3,https://act-upload.mihoyo.com/nap-obc-indep/2024/11/06/76099754/93171af7d069601a30c8129ebbfaff34_7755247229681328322.png
影画展示1,官方意象影画,840,.png,影画展示1.png,柏妮思,cinema|840|279|影画展示1|https://act-upload.mihoyo.com/nap-obc-indep/2024/10/16/76099754/ffe48eaeb30766ee6225d0d51d6e6332_2028755457651791984.png,279,官方意象影画\柏妮思,官方意象影画\柏妮思\影画展示1.png,unchanged,cinema,影画展示1,https://act-upload.mihoyo.com/nap-obc-indep/2024/10/16/76099754/ffe48eaeb30766ee6225d0d51d6e6332_2028755457651791984.png
影画展示2,官方意象影画,840,.png,影画展示2.png,柏妮思,cinema|840|279|影画展示2|https://act-upload.mihoyo.com/nap-obc-indep/2026/04/27/76099754/9b40963f79d3ebade5e3cc78a5488b20_5777690442997912038.png,279,官方意象影画\柏妮思,官方意象影画\柏妮思\影画展示2.png,unchanged,cinema,影画展示2,https://act-upload.mihoyo.com/nap-obc-indep/2026/04/27/76099754/9b40963f79d3ebade5e3cc78a5488b20_5777690442997912038.png
影画展示3,官方意象影画,840,.png,影画展示3.png,柏妮思,cinema|840|279|影画展示3|https://act-upload.mihoyo.com/nap-obc-indep/2024/10/16/76099754/56071426862b50025a7f44ea23ce23c2_6173449843340604773.png,279,官方意象影画\柏妮思,官方意象影画\柏妮思\影画展示3.png,unchanged,cinema,影画展示3,https://act-upload.mihoyo.com/nap-obc-indep/2024/10/16/76099754/56071426862b50025a7f44ea23ce23c2_6173449843340604773.png
影画展示1,官方意象影画,801,.png,影画展示1.png,凯撒,cinema|801|279|影画展示1|https://act-upload.mihoyo.com/nap-obc-indep/2024/09/25/76099754/48666029846c4441d5a4d6afa0a09394_5615677239468552265.png,279,官方意象影画\凯撒,官方意象影画\凯撒\影画展示1.png,unchanged,cinema,影画展示1,https://act-upload.mihoyo.com/nap-obc-indep/2024/09/25/76099754/48666029846c4441d5a4d6afa0a09394_5615677239468552265.png
影画展示2,官方意象影画,801,.png,影画展示2.png,凯撒,cinema|801|279|影画展示2|https://act-upload.mihoyo.com/nap-obc-indep/2024/09/25/76099754/ebea90450f9451b55615ca16e508757e_6142111276643121450.png,279,官方意象影画\凯撒,官方意象影画\凯撒\影画展示2.png,unchanged,cinema,影画展示2,https://act-upload.mihoyo.com/nap-obc-indep/2024/09/25/76099754/ebea90450f9451b55615ca16e508757e_6142111276643121450.png
影画展示3,官方意象影画,801,.png,影画展示3.png,凯撒,cinema|801|279|影画展示3|https://act-upload.mihoyo.com/nap-obc-indep/2024/09/25/76099754/2ac01c1a75302b2d3183150b02f7d85f_5125940504683650339.png,279,官方意象影画\凯撒,官方意象影画\凯撒\影画展示3.png,unchanged,cinema,影画展示3,https://act-upload.mihoyo.com/nap-obc-indep/2024/09/25/76099754/2ac01c1a75302b2d3183150b02f7d85f_5125940504683650339.png
影画展示1,官方意象影画,759,.png,影画展示1.png,简,cinema|759|279|影画展示1|https://act-upload.mihoyo.com/nap-obc-indep/2024/09/04/76099754/0ce38cfe62de29c8427b8299803dc442_4085567937640760498.png,279,官方意象影画\简,官方意象影画\简\影画展示1.png,unchanged,cinema,影画展示1,https://act-upload.mihoyo.com/nap-obc-indep/2024/09/04/76099754/0ce38cfe62de29c8427b8299803dc442_4085567937640760498.png
影画展示2,官方意象影画,759,.png,影画展示2.png,简,cinema|759|279|影画展示2|https://act-upload.mihoyo.com/nap-obc-indep/2024/09/04/76099754/a3b3687744fc499e705ce4113005b727_7411323793660513732.png,279,官方意象影画\简,官方意象影画\简\影画展示2.png,unchanged,cinema,影画展示2,https://act-upload.mihoyo.com/nap-obc-indep/2024/09/04/76099754/a3b3687744fc499e705ce4113005b727_7411323793660513732.png
影画展示3,官方意象影画,759,.png,影画展示3.png,简,cinema|759|279|影画展示3|https://act-upload.mihoyo.com/nap-obc-indep/2024/09/04/76099754/76ca0fce0dda779a5308c51734208d74_6732653271525274824.png,279,官方意象影画\简,官方意象影画\简\影画展示3.png,unchanged,cinema,影画展示3,https://act-upload.mihoyo.com/nap-obc-indep/2024/09/04/76099754/76ca0fce0dda779a5308c51734208d74_6732653271525274824.png
影画展示1,官方意象影画,680,.png,影画展示1.png,青衣,cinema|680|279|影画展示1|https://act-upload.mihoyo.com/nap-obc-indep/2024/08/14/76099754/a5428bee754308d15c29938ee78cba4d_4291031238046166596.png,279,官方意象影画\青衣,官方意象影画\青衣\影画展示1.png,unchanged,cinema,影画展示1,https://act-upload.mihoyo.com/nap-obc-indep/2024/08/14/76099754/a5428bee754308d15c29938ee78cba4d_4291031238046166596.png
影画展示2,官方意象影画,680,.png,影画展示2.png,青衣,cinema|680|279|影画展示2|https://act-upload.mihoyo.com/nap-obc-indep/2024/08/14/76099754/c8e2f33759d2da67f0af36ac17f7d3e8_4183429027003547274.png,279,官方意象影画\青衣,官方意象影画\青衣\影画展示2.png,unchanged,cinema,影画展示2,https://act-upload.mihoyo.com/nap-obc-indep/2024/08/14/76099754/c8e2f33759d2da67f0af36ac17f7d3e8_4183429027003547274.png
影画展示3,官方意象影画,680,.png,影画展示3.png,青衣,cinema|680|279|影画展示3|https://act-upload.mihoyo.com/nap-obc-indep/2024/08/14/76099754/b97564ca9f720a03826357b782b5a66d_2494225873345280470.png,279,官方意象影画\青衣,官方意象影画\青衣\影画展示3.png,unchanged,cinema,影画展示3,https://act-upload.mihoyo.com/nap-obc-indep/2024/08/14/76099754/b97564ca9f720a03826357b782b5a66d_2494225873345280470.png
影画展示1,官方意象影画,634,.png,影画展示1.png,朱鸢,cinema|634|279|影画展示1|https://act-upload.mihoyo.com/nap-obc-indep/2024/07/06/15559334/d5bee75d2e382aeb49b786c119f4cb83_1579812518136604405.png,279,官方意象影画\朱鸢,官方意象影画\朱鸢\影画展示1.png,unchanged,cinema,影画展示1,https://act-upload.mihoyo.com/nap-obc-indep/2024/07/06/15559334/d5bee75d2e382aeb49b786c119f4cb83_1579812518136604405.png
影画展示2,官方意象影画,634,.png,影画展示2.png,朱鸢,cinema|634|279|影画展示2|https://act-upload.mihoyo.com/nap-obc-indep/2024/07/06/15559334/7cf8e729994037b39c5103de7ab27ff0_8712688716888505257.png,279,官方意象影画\朱鸢,官方意象影画\朱鸢\影画展示2.png,unchanged,cinema,影画展示2,https://act-upload.mihoyo.com/nap-obc-indep/2024/07/06/15559334/7cf8e729994037b39c5103de7ab27ff0_8712688716888505257.png
影画展示3,官方意象影画,634,.png,影画展示3.png,朱鸢,cinema|634|279|影画展示3|https://act-upload.mihoyo.com/nap-obc-indep/2024/07/06/15559334/d80b3e28053a2ab49808910373abd2bf_6618978954799731201.png,279,官方意象影画\朱鸢,官方意象影画\朱鸢\影画展示3.png,unchanged,cinema,影画展示3,https://act-upload.mihoyo.com/nap-obc-indep/2024/07/06/15559334/d80b3e28053a2ab49808910373abd2bf_6618978954799731201.png
影画展示1,官方意象影画,317,.png,影画展示1.png,艾莲,cinema|317|279|影画展示1|https://act-upload.mihoyo.com/nap-obc-indep/2024/07/03/4859366/8a485bb71940c5320ad1a8ffca53d416_668954785616869547.png,279,官方意象影画\艾莲,官方意象影画\艾莲\影画展示1.png,unchanged,cinema,影画展示1,https://act-upload.mihoyo.com/nap-obc-indep/2024/07/03/4859366/8a485bb71940c5320ad1a8ffca53d416_668954785616869547.png
影画展示2,官方意象影画,317,.png,影画展示2.png,艾莲,cinema|317|279|影画展示2|https://act-upload.mihoyo.com/nap-obc-indep/2024/07/03/4859366/a9a9d0aa8c7220885d841c76405e8267_5997427104781664921.png,279,官方意象影画\艾莲,官方意象影画\艾莲\影画展示2.png,unchanged,cinema,影画展示2,https://act-upload.mihoyo.com/nap-obc-indep/2024/07/03/4859366/a9a9d0aa8c7220885d841c76405e8267_5997427104781664921.png
影画展示3,官方意象影画,317,.png,影画展示3.png,艾莲,cinema|317|279|影画展示3|https://act-upload.mihoyo.com/nap-obc-indep/2024/07/03/4859366/a2b8afcbef8b57736457a633a3444076_4415096551351034473.png,279,官方意象影画\艾莲,官方意象影画\艾莲\影画展示3.png,unchanged,cinema,影画展示3,https://act-upload.mihoyo.com/nap-obc-indep/2024/07/03/4859366/a2b8afcbef8b57736457a633a3444076_4415096551351034473.png
影画展示1,官方意象影画,65,.png,影画展示1.png,莱卡恩,cinema|65|279|影画展示1|https://act-upload.mihoyo.com/nap-obc-indep/2024/07/03/110289248/8ff26d21fc8ffa55068e01d4f1d51f25_5214856668932629946.png,279,官方意象影画\莱卡恩,官方意象影画\莱卡恩\影画展示1.png,unchanged,cinema,影画展示1,https://act-upload.mihoyo.com/nap-obc-indep/2024/07/03/110289248/8ff26d21fc8ffa55068e01d4f1d51f25_5214856668932629946.png
影画展示2,官方意象影画,65,.png,影画展示2.png,莱卡恩,cinema|65|279|影画展示2|https://act-upload.mihoyo.com/nap-obc-indep/2024/07/03/110289248/8550ae70f074e374dacf282e7ec5bd30_190568629220740627.png,279,官方意象影画\莱卡恩,官方意象影画\莱卡恩\影画展示2.png,unchanged,cinema,影画展示2,https://act-upload.mihoyo.com/nap-obc-indep/2024/07/03/110289248/8550ae70f074e374dacf282e7ec5bd30_190568629220740627.png
影画展示3,官方意象影画,65,.png,影画展示3.png,莱卡恩,cinema|65|279|影画展示3|https://act-upload.mihoyo.com/nap-obc-indep/2024/07/03/110289248/f1e65fe919be4d76bc295bc46659fefb_1662460898966229590.png,279,官方意象影画\莱卡恩,官方意象影画\莱卡恩\影画展示3.png,unchanged,cinema,影画展示3,https://act-upload.mihoyo.com/nap-obc-indep/2024/07/03/110289248/f1e65fe919be4d76bc295bc46659fefb_1662460898966229590.png
影画展示1,官方意象影画,378,.png,影画展示1.png,猫又,cinema|378|279|影画展示1|https://act-upload.mihoyo.com/nap-obc-indep/2024/07/01/15559334/4a4d298c6fee642e22c93381a5d6cba7_721155990415675749.png,279,官方意象影画\猫又,官方意象影画\猫又\影画展示1.png,unchanged,cinema,影画展示1,https://act-upload.mihoyo.com/nap-obc-indep/2024/07/01/15559334/4a4d298c6fee642e22c93381a5d6cba7_721155990415675749.png
影画展示2,官方意象影画,378,.png,影画展示2.png,猫又,cinema|378|279|影画展示2|https://act-upload.mihoyo.com/nap-obc-indep/2024/07/01/15559334/cc5bee0d42931635cdd75b8ab6cf105a_4486904844017187241.png,279,官方意象影画\猫又,官方意象影画\猫又\影画展示2.png,unchanged,cinema,影画展示2,https://act-upload.mihoyo.com/nap-obc-indep/2024/07/01/15559334/cc5bee0d42931635cdd75b8ab6cf105a_4486904844017187241.png
影画展示3,官方意象影画,378,.png,影画展示3.png,猫又,cinema|378|279|影画展示3|https://act-upload.mihoyo.com/nap-obc-indep/2024/07/01/15559334/13a099a6bbe7ded8dbbce4b3c78f8e86_4318385003976319491.png,279,官方意象影画\猫又,官方意象影画\猫又\影画展示3.png,unchanged,cinema,影画展示3,https://act-upload.mihoyo.com/nap-obc-indep/2024/07/01/15559334/13a099a6bbe7ded8dbbce4b3c78f8e86_4318385003976319491.png
影画展示1,官方意象影画,73,.png,影画展示1.png,11号,cinema|73|279|影画展示1|https://act-upload.mihoyo.com/nap-obc-indep/2024/07/01/15559334/7c46729713b8ad2065c7f03b59287888_2925656418362035154.png,279,官方意象影画\11号,官方意象影画\11号\影画展示1.png,unchanged,cinema,影画展示1,https://act-upload.mihoyo.com/nap-obc-indep/2024/07/01/15559334/7c46729713b8ad2065c7f03b59287888_2925656418362035154.png
影画展示2,官方意象影画,73,.png,影画展示2.png,11号,cinema|73|279|影画展示2|https://act-upload.mihoyo.com/nap-obc-indep/2024/07/01/15559334/83e51e9b2c86e64f9b018a2a1adb14ba_2091888044042467067.png,279,官方意象影画\11号,官方意象影画\11号\影画展示2.png,unchanged,cinema,影画展示2,https://act-upload.mihoyo.com/nap-obc-indep/2024/07/01/15559334/83e51e9b2c86e64f9b018a2a1adb14ba_2091888044042467067.png
影画展示3,官方意象影画,73,.png,影画展示3.png,11号,cinema|73|279|影画展示3|https://act-upload.mihoyo.com/nap-obc-indep/2024/07/01/15559334/f07183a672beb4bea9b18238da9fef4f_4816231871974757908.png,279,官方意象影画\11号,官方意象影画\11号\影画展示3.png,unchanged,cinema,影画展示3,https://act-upload.mihoyo.com/nap-obc-indep/2024/07/01/15559334/f07183a672beb4bea9b18238da9fef4f_4816231871974757908.png
影画展示1,官方意象影画,316,.png,影画展示1.png,丽娜,cinema|316|279|影画展示1|https://act-upload.mihoyo.com/nap-obc-indep/2024/07/02/141353238/dd8a29fcf5550944108c7416b215d627_1409233598660816757.png,279,官方意象影画\丽娜,官方意象影画\丽娜\影画展示1.png,unchanged,cinema,影画展示1,https://act-upload.mihoyo.com/nap-obc-indep/2024/07/02/141353238/dd8a29fcf5550944108c7416b215d627_1409233598660816757.png
影画展示2,官方意象影画,316,.png,影画展示2.png,丽娜,cinema|316|279|影画展示2|https://act-upload.mihoyo.com/nap-obc-indep/2024/07/02/141353238/ef55c20f9be8aebbc96f43950f1300ee_1341500775911553634.png,279,官方意象影画\丽娜,官方意象影画\丽娜\影画展示2.png,unchanged,cinema,影画展示2,https://act-upload.mihoyo.com/nap-obc-indep/2024/07/02/141353238/ef55c20f9be8aebbc96f43950f1300ee_1341500775911553634.png
影画展示3,官方意象影画,316,.png,影画展示3.png,丽娜,cinema|316|279|影画展示3|https://act-upload.mihoyo.com/nap-obc-indep/2024/07/02/141353238/0c2231d5cb3e7ac805aead9164581ae2_5975115841692770163.png,279,官方意象影画\丽娜,官方意象影画\丽娜\影画展示3.png,unchanged,cinema,影画展示3,https://act-upload.mihoyo.com/nap-obc-indep/2024/07/02/141353238/0c2231d5cb3e7ac805aead9164581ae2_5975115841692770163.png
影画展示1,官方意象影画,318,.png,影画展示1.png,珂蕾妲,cinema|318|279|影画展示1|https://act-upload.mihoyo.com/nap-obc-indep/2024/07/01/222203892/700ca4ea1429a9d035039e941a9e99b1_5477668817877476162.png,279,官方意象影画\珂蕾妲,官方意象影画\珂蕾妲\影画展示1.png,unchanged,cinema,影画展示1,https://act-upload.mihoyo.com/nap-obc-indep/2024/07/01/222203892/700ca4ea1429a9d035039e941a9e99b1_5477668817877476162.png
影画展示2,官方意象影画,318,.png,影画展示2.png,珂蕾妲,cinema|318|279|影画展示2|https://act-upload.mihoyo.com/nap-obc-indep/2024/07/01/222203892/5e5e3c59a90c721064e15c3b7c3df9c7_58881264341001253.png,279,官方意象影画\珂蕾妲,官方意象影画\珂蕾妲\影画展示2.png,unchanged,cinema,影画展示2,https://act-upload.mihoyo.com/nap-obc-indep/2024/07/01/222203892/5e5e3c59a90c721064e15c3b7c3df9c7_58881264341001253.png
影画展示3,官方意象影画,318,.png,影画展示3.png,珂蕾妲,cinema|318|279|影画展示3|https://act-upload.mihoyo.com/nap-obc-indep/2024/07/01/222203892/2fbb331d2db73713acaf971bd8b80546_3554107707630856136.png,279,官方意象影画\珂蕾妲,官方意象影画\珂蕾妲\影画展示3.png,unchanged,cinema,影画展示3,https://act-upload.mihoyo.com/nap-obc-indep/2024/07/01/222203892/2fbb331d2db73713acaf971bd8b80546_3554107707630856136.png
影画展示1,官方意象影画,150,.png,影画展示1.png,格莉丝,cinema|150|279|影画展示1|https://act-upload.mihoyo.com/nap-obc-indep/2024/07/01/222203892/77152aecb05dc9204ed24b80d2992e10_2150718275014105996.png,279,官方意象影画\格莉丝,官方意象影画\格莉丝\影画展示1.png,unchanged,cinema,影画展示1,https://act-upload.mihoyo.com/nap-obc-indep/2024/07/01/222203892/77152aecb05dc9204ed24b80d2992e10_2150718275014105996.png
影画展示2,官方意象影画,150,.png,影画展示2.png,格莉丝,cinema|150|279|影画展示2|https://act-upload.mihoyo.com/nap-obc-indep/2024/07/01/222203892/e910c26f02091bbd6cadc9f9dbe2cd1b_6541882785613702267.png,279,官方意象影画\格莉丝,官方意象影画\格莉丝\影画展示2.png,unchanged,cinema,影画展示2,https://act-upload.mihoyo.com/nap-obc-indep/2024/07/01/222203892/e910c26f02091bbd6cadc9f9dbe2cd1b_6541882785613702267.png
影画展示3,官方意象影画,150,.png,影画展示3.png,格莉丝,cinema|150|279|影画展示3|https://act-upload.mihoyo.com/nap-obc-indep/2024/07/01/222203892/8af1af9191d1cd30ff43e1e0174963f0_3794055921226975825.png,279,官方意象影画\格莉丝,官方意象影画\格莉丝\影画展示3.png,unchanged,cinema,影画展示3,https://act-upload.mihoyo.com/nap-obc-indep/2024/07/01/222203892/8af1af9191d1cd30ff43e1e0174963f0_3794055921226975825.png
影画展示1,官方意象影画,1536,.png,影画展示1.png,真斗,cinema|1536|279|影画展示1|https://act-upload.mihoyo.com/nap-obc-indep/2025/10/15/76099754/39a3c3f854cfbceb9da16dc4f150db23_3290502543194882110.png,279,官方意象影画\真斗,官方意象影画\真斗\影画展示1.png,unchanged,cinema,影画展示1,https://act-upload.mihoyo.com/nap-obc-indep/2025/10/15/76099754/39a3c3f854cfbceb9da16dc4f150db23_3290502543194882110.png
影画展示2,官方意象影画,1536,.png,影画展示2.png,真斗,cinema|1536|279|影画展示2|https://act-upload.mihoyo.com/nap-obc-indep/2025/10/15/76099754/cb67cda5c841d4ef0ae37cd048dba714_8031795832075445219.png,279,官方意象影画\真斗,官方意象影画\真斗\影画展示2.png,unchanged,cinema,影画展示2,https://act-upload.mihoyo.com/nap-obc-indep/2025/10/15/76099754/cb67cda5c841d4ef0ae37cd048dba714_8031795832075445219.png
影画展示3,官方意象影画,1536,.png,影画展示3.png,真斗,cinema|1536|279|影画展示3|https://act-upload.mihoyo.com/nap-obc-indep/2025/10/15/76099754/c124dd99a53a80a0a566db83fb76aaec_7753989695555737960.png,279,官方意象影画\真斗,官方意象影画\真斗\影画展示3.png,unchanged,cinema,影画展示3,https://act-upload.mihoyo.com/nap-obc-indep/2025/10/15/76099754/c124dd99a53a80a0a566db83fb76aaec_7753989695555737960.png
影画展示1,官方意象影画,1300,.jpg,影画展示1.jpg,潘引壶,cinema|1300|279|影画展示1|https://act-upload.mihoyo.com/nap-obc-indep/2025/06/06/141353238/f5c481b64a97cf2f07e5b1af11b50887_4671388757911969063.jpg,279,官方意象影画\潘引壶,官方意象影画\潘引壶\影画展示1.jpg,unchanged,cinema,影画展示1,https://act-upload.mihoyo.com/nap-obc-indep/2025/06/06/141353238/f5c481b64a97cf2f07e5b1af11b50887_4671388757911969063.jpg
影画展示2,官方意象影画,1300,.jpg,影画展示2.jpg,潘引壶,cinema|1300|279|影画展示2|https://act-upload.mihoyo.com/nap-obc-indep/2025/06/06/141353238/63c8fea6f3c5978582618eb1465f9a78_1116482556779686146.jpg,279,官方意象影画\潘引壶,官方意象影画\潘引壶\影画展示2.jpg,unchanged,cinema,影画展示2,https://act-upload.mihoyo.com/nap-obc-indep/2025/06/06/141353238/63c8fea6f3c5978582618eb1465f9a78_1116482556779686146.jpg
影画展示3,官方意象影画,1300,.jpg,影画展示3.jpg,潘引壶,cinema|1300|279|影画展示3|https://act-upload.mihoyo.com/nap-obc-indep/2025/06/06/141353238/198737d2cf1a2ae0abbd91ce9a6b355c_3399065716638049174.jpg,279,官方意象影画\潘引壶,官方意象影画\潘引壶\影画展示3.jpg,unchanged,cinema,影画展示3,https://act-upload.mihoyo.com/nap-obc-indep/2025/06/06/141353238/198737d2cf1a2ae0abbd91ce9a6b355c_3399065716638049174.jpg
影画展示1,官方意象影画,1191,.png,影画展示1.png,波可娜,cinema|1191|279|影画展示1|https://act-upload.mihoyo.com/nap-obc-indep/2025/03/12/76099754/4b1bebed4f9ad3d31005fb864a614998_9197555568644174212.png,279,官方意象影画\波可娜,官方意象影画\波可娜\影画展示1.png,unchanged,cinema,影画展示1,https://act-upload.mihoyo.com/nap-obc-indep/2025/03/12/76099754/4b1bebed4f9ad3d31005fb864a614998_9197555568644174212.png
影画展示2,官方意象影画,1191,.png,影画展示2.png,波可娜,cinema|1191|279|影画展示2|https://act-upload.mihoyo.com/nap-obc-indep/2025/03/12/76099754/8cd29dfa2fbe6b444e56263814914bdc_2310020042702550377.png,279,官方意象影画\波可娜,官方意象影画\波可娜\影画展示2.png,unchanged,cinema,影画展示2,https://act-upload.mihoyo.com/nap-obc-indep/2025/03/12/76099754/8cd29dfa2fbe6b444e56263814914bdc_2310020042702550377.png
影画展示3,官方意象影画,1191,.png,影画展示3.png,波可娜,cinema|1191|279|影画展示3|https://act-upload.mihoyo.com/nap-obc-indep/2025/03/12/76099754/9a8bd2bf8bf5d3565e7954fe8807273e_1268317287413353361.png,279,官方意象影画\波可娜,官方意象影画\波可娜\影画展示3.png,unchanged,cinema,影画展示3,https://act-upload.mihoyo.com/nap-obc-indep/2025/03/12/76099754/9a8bd2bf8bf5d3565e7954fe8807273e_1268317287413353361.png
影画展示1,官方意象影画,758,.png,影画展示1.png,赛斯,cinema|758|279|影画展示1|https://act-upload.mihoyo.com/nap-obc-indep/2024/09/04/76099754/6ff689df10dc385cc048cae52a6efc7a_3084514286135406825.png,279,官方意象影画\赛斯,官方意象影画\赛斯\影画展示1.png,unchanged,cinema,影画展示1,https://act-upload.mihoyo.com/nap-obc-indep/2024/09/04/76099754/6ff689df10dc385cc048cae52a6efc7a_3084514286135406825.png
影画展示2,官方意象影画,758,.png,影画展示2.png,赛斯,cinema|758|279|影画展示2|https://act-upload.mihoyo.com/nap-obc-indep/2024/09/04/76099754/362d56e640fb6d5f716aa2094b1b58c1_4638520842470142037.png,279,官方意象影画\赛斯,官方意象影画\赛斯\影画展示2.png,unchanged,cinema,影画展示2,https://act-upload.mihoyo.com/nap-obc-indep/2024/09/04/76099754/362d56e640fb6d5f716aa2094b1b58c1_4638520842470142037.png
影画展示3,官方意象影画,758,.png,影画展示3.png,赛斯,cinema|758|279|影画展示3|https://act-upload.mihoyo.com/nap-obc-indep/2024/09/04/76099754/1d3c85ac7079a8260194bd2f3336c8cd_2125944580863083692.png,279,官方意象影画\赛斯,官方意象影画\赛斯\影画展示3.png,unchanged,cinema,影画展示3,https://act-upload.mihoyo.com/nap-obc-indep/2024/09/04/76099754/1d3c85ac7079a8260194bd2f3336c8cd_2125944580863083692.png
影画展示1,官方意象影画,493,.png,影画展示1.png,露西,cinema|493|279|影画展示1|https://act-upload.mihoyo.com/nap-obc-indep/2024/07/01/34600917/e40e7e63aa5610cb0818dd6c787b8a46_2615974158381181619.png,279,官方意象影画\露西,官方意象影画\露西\影画展示1.png,unchanged,cinema,影画展示1,https://act-upload.mihoyo.com/nap-obc-indep/2024/07/01/34600917/e40e7e63aa5610cb0818dd6c787b8a46_2615974158381181619.png
影画展示2,官方意象影画,493,.png,影画展示2.png,露西,cinema|493|279|影画展示2|https://act-upload.mihoyo.com/nap-obc-indep/2024/07/01/34600917/ad3943d85f34a8d1a0c6e4aaceb2002e_6147383411612824466.png,279,官方意象影画\露西,官方意象影画\露西\影画展示2.png,unchanged,cinema,影画展示2,https://act-upload.mihoyo.com/nap-obc-indep/2024/07/01/34600917/ad3943d85f34a8d1a0c6e4aaceb2002e_6147383411612824466.png
影画展示3,官方意象影画,493,.png,影画展示3.png,露西,cinema|493|279|影画展示3|https://act-upload.mihoyo.com/nap-obc-indep/2024/07/01/34600917/8bc8a91d73acc33c2d3d3ec64f85430f_2342069972803550305.png,279,官方意象影画\露西,官方意象影画\露西\影画展示3.png,unchanged,cinema,影画展示3,https://act-upload.mihoyo.com/nap-obc-indep/2024/07/01/34600917/8bc8a91d73acc33c2d3d3ec64f85430f_2342069972803550305.png
影画展示1,官方意象影画,485,.png,影画展示1.png,派派,cinema|485|279|影画展示1|https://act-upload.mihoyo.com/nap-obc-indep/2024/07/01/82500917/5bc85b4e6dbc249237845d4888346b2e_588284236981443677.png,279,官方意象影画\派派,官方意象影画\派派\影画展示1.png,unchanged,cinema,影画展示1,https://act-upload.mihoyo.com/nap-obc-indep/2024/07/01/82500917/5bc85b4e6dbc249237845d4888346b2e_588284236981443677.png
影画展示2,官方意象影画,485,.png,影画展示2.png,派派,cinema|485|279|影画展示2|https://act-upload.mihoyo.com/nap-obc-indep/2024/07/01/82500917/028b005db3713df02fec8d34a7512e47_7140093372324057081.png,279,官方意象影画\派派,官方意象影画\派派\影画展示2.png,unchanged,cinema,影画展示2,https://act-upload.mihoyo.com/nap-obc-indep/2024/07/01/82500917/028b005db3713df02fec8d34a7512e47_7140093372324057081.png
影画展示3,官方意象影画,485,.png,影画展示3.png,派派,cinema|485|279|影画展示3|https://act-upload.mihoyo.com/nap-obc-indep/2024/07/01/82500917/881dfce1cd686f5f5f3d3c7704efa763_915923293465944749.png,279,官方意象影画\派派,官方意象影画\派派\影画展示3.png,unchanged,cinema,影画展示3,https://act-upload.mihoyo.com/nap-obc-indep/2024/07/01/82500917/881dfce1cd686f5f5f3d3c7704efa763_915923293465944749.png
影画展示1,官方意象影画,80,.png,影画展示1.png,妮可,cinema|80|279|影画展示1|https://act-upload.mihoyo.com/nap-obc-indep/2024/07/01/15559334/a98ba6f471f0addd397263b2211c0d65_6161243810575763679.png,279,官方意象影画\妮可,官方意象影画\妮可\影画展示1.png,unchanged,cinema,影画展示1,https://act-upload.mihoyo.com/nap-obc-indep/2024/07/01/15559334/a98ba6f471f0addd397263b2211c0d65_6161243810575763679.png
影画展示2,官方意象影画,80,.png,影画展示2.png,妮可,cinema|80|279|影画展示2|https://act-upload.mihoyo.com/nap-obc-indep/2024/07/01/15559334/9139070dc505bc48f475146b71ee24b7_4670777927751048268.png,279,官方意象影画\妮可,官方意象影画\妮可\影画展示2.png,unchanged,cinema,影画展示2,https://act-upload.mihoyo.com/nap-obc-indep/2024/07/01/15559334/9139070dc505bc48f475146b71ee24b7_4670777927751048268.png
影画展示3,官方意象影画,80,.png,影画展示3.png,妮可,cinema|80|279|影画展示3|https://act-upload.mihoyo.com/nap-obc-indep/2024/07/01/15559334/215fb5090ba85e039ddd87fac2aae22d_8425932520024716177.png,279,官方意象影画\妮可,官方意象影画\妮可\影画展示3.png,unchanged,cinema,影画展示3,https://act-upload.mihoyo.com/nap-obc-indep/2024/07/01/15559334/215fb5090ba85e039ddd87fac2aae22d_8425932520024716177.png
影画展示1,官方意象影画,371,.png,影画展示1.png,比利,cinema|371|279|影画展示1|https://act-upload.mihoyo.com/nap-obc-indep/2024/07/01/15559334/31d93ccff04726b861f3a303d0c31383_8066971405609545701.png,279,官方意象影画\比利,官方意象影画\比利\影画展示1.png,unchanged,cinema,影画展示1,https://act-upload.mihoyo.com/nap-obc-indep/2024/07/01/15559334/31d93ccff04726b861f3a303d0c31383_8066971405609545701.png
影画展示2,官方意象影画,371,.png,影画展示2.png,比利,cinema|371|279|影画展示2|https://act-upload.mihoyo.com/nap-obc-indep/2024/07/01/15559334/ad74f07a9caae6de977213b720ac0f4d_2295513547488127119.png,279,官方意象影画\比利,官方意象影画\比利\影画展示2.png,unchanged,cinema,影画展示2,https://act-upload.mihoyo.com/nap-obc-indep/2024/07/01/15559334/ad74f07a9caae6de977213b720ac0f4d_2295513547488127119.png
影画展示3,官方意象影画,371,.png,影画展示3.png,比利,cinema|371|279|影画展示3|https://act-upload.mihoyo.com/nap-obc-indep/2024/07/01/15559334/fba60dd20904524c0927f5992928c1e7_8086207329439057590.png,279,官方意象影画\比利,官方意象影画\比利\影画展示3.png,unchanged,cinema,影画展示3,https://act-upload.mihoyo.com/nap-obc-indep/2024/07/01/15559334/fba60dd20904524c0927f5992928c1e7_8086207329439057590.png
影画展示1,官方意象影画,158,.png,影画展示1.png,本,cinema|158|279|影画展示1|https://act-upload.mihoyo.com/nap-obc-indep/2024/07/01/222203892/3f0cc527b1a1cfa1fc7d83aa6c8b43b1_5910576244894142421.png,279,官方意象影画\本,官方意象影画\本\影画展示1.png,unchanged,cinema,影画展示1,https://act-upload.mihoyo.com/nap-obc-indep/2024/07/01/222203892/3f0cc527b1a1cfa1fc7d83aa6c8b43b1_5910576244894142421.png
影画展示2,官方意象影画,158,.png,影画展示2.png,本,cinema|158|279|影画展示2|https://act-upload.mihoyo.com/nap-obc-indep/2024/07/01/222203892/52e72b6019d24a0c5653dfe758bc982b_1435956765454827889.png,279,官方意象影画\本,官方意象影画\本\影画展示2.png,unchanged,cinema,影画展示2,https://act-upload.mihoyo.com/nap-obc-indep/2024/07/01/222203892/52e72b6019d24a0c5653dfe758bc982b_1435956765454827889.png
影画展示3,官方意象影画,158,.png,影画展示3.png,本,cinema|158|279|影画展示3|https://act-upload.mihoyo.com/nap-obc-indep/2024/07/01/222203892/c9c7f4bddbf3d754d26a2586cd32d4d0_1553701476719306696.png,279,官方意象影画\本,官方意象影画\本\影画展示3.png,unchanged,cinema,影画展示3,https://act-upload.mihoyo.com/nap-obc-indep/2024/07/01/222203892/c9c7f4bddbf3d754d26a2586cd32d4d0_1553701476719306696.png
影画展示1,官方意象影画,227,.png,影画展示1.png,苍角,cinema|227|279|影画展示1|https://act-upload.mihoyo.com/nap-obc-indep/2024/07/01/82500917/fbe80b5242a096ca4ffed4d34ba0a78e_1368569952681227370.png,279,官方意象影画\苍角,官方意象影画\苍角\影画展示1.png,unchanged,cinema,影画展示1,https://act-upload.mihoyo.com/nap-obc-indep/2024/07/01/82500917/fbe80b5242a096ca4ffed4d34ba0a78e_1368569952681227370.png
影画展示2,官方意象影画,227,.png,影画展示2.png,苍角,cinema|227|279|影画展示2|https://act-upload.mihoyo.com/nap-obc-indep/2024/07/01/82500917/f2a8daf12b9009065c2443b746f0922c_3182149822889433135.png,279,官方意象影画\苍角,官方意象影画\苍角\影画展示2.png,unchanged,cinema,影画展示2,https://act-upload.mihoyo.com/nap-obc-indep/2024/07/01/82500917/f2a8daf12b9009065c2443b746f0922c_3182149822889433135.png
影画展示3,官方意象影画,227,.png,影画展示3.png,苍角,cinema|227|279|影画展示3|https://act-upload.mihoyo.com/nap-obc-indep/2024/07/01/82500917/a10cfa8665c32ecb0d1cba9a1f00f2a7_2788275355775106233.png,279,官方意象影画\苍角,官方意象影画\苍角\影画展示3.png,unchanged,cinema,影画展示3,https://act-upload.mihoyo.com/nap-obc-indep/2024/07/01/82500917/a10cfa8665c32ecb0d1cba9a1f00f2a7_2788275355775106233.png
影画展示1,官方意象影画,379,.png,影画展示1.png,安比,cinema|379|279|影画展示1|https://act-upload.mihoyo.com/nap-obc-indep/2024/07/01/294465423/32a11dc9bb37f4aa64cd0ee843c861d2_272395133755733310.png,279,官方意象影画\安比,官方意象影画\安比\影画展示1.png,unchanged,cinema,影画展示1,https://act-upload.mihoyo.com/nap-obc-indep/2024/07/01/294465423/32a11dc9bb37f4aa64cd0ee843c861d2_272395133755733310.png
影画展示2,官方意象影画,379,.png,影画展示2.png,安比,cinema|379|279|影画展示2|https://act-upload.mihoyo.com/nap-obc-indep/2024/07/01/294465423/f48a15ce67685f02439eac3e7c14b3c7_6311027681306261670.png,279,官方意象影画\安比,官方意象影画\安比\影画展示2.png,unchanged,cinema,影画展示2,https://act-upload.mihoyo.com/nap-obc-indep/2024/07/01/294465423/f48a15ce67685f02439eac3e7c14b3c7_6311027681306261670.png
影画展示3,官方意象影画,379,.png,影画展示3.png,安比,cinema|379|279|影画展示3|https://act-upload.mihoyo.com/nap-obc-indep/2024/07/01/294465423/af8f2b802a4e7b6b1b9ecb1201f7f11c_6049355643711622422.png,279,官方意象影画\安比,官方意象影画\安比\影画展示3.png,unchanged,cinema,影画展示3,https://act-upload.mihoyo.com/nap-obc-indep/2024/07/01/294465423/af8f2b802a4e7b6b1b9ecb1201f7f11c_6049355643711622422.png
影画展示1,官方意象影画,179,.png,影画展示1.png,可琳,cinema|179|279|影画展示1|https://act-upload.mihoyo.com/nap-obc-indep/2024/07/01/294465423/a9ab8d127caa0487875508f92d95b588_60490072512155061.png,279,官方意象影画\可琳,官方意象影画\可琳\影画展示1.png,unchanged,cinema,影画展示1,https://act-upload.mihoyo.com/nap-obc-indep/2024/07/01/294465423/a9ab8d127caa0487875508f92d95b588_60490072512155061.png
影画展示2,官方意象影画,179,.png,影画展示2.png,可琳,cinema|179|279|影画展示2|https://act-upload.mihoyo.com/nap-obc-indep/2024/07/01/294465423/b73961517180808d29aceb1588ee749e_5928241223816779268.png,279,官方意象影画\可琳,官方意象影画\可琳\影画展示2.png,unchanged,cinema,影画展示2,https://act-upload.mihoyo.com/nap-obc-indep/2024/07/01/294465423/b73961517180808d29aceb1588ee749e_5928241223816779268.png
影画展示3,官方意象影画,179,.png,影画展示3.png,可琳,cinema|179|279|影画展示3|https://act-upload.mihoyo.com/nap-obc-indep/2024/07/01/294465423/fb1b196b18de8e830209a74296abeda9_1714378063647665753.png,279,官方意象影画\可琳,官方意象影画\可琳\影画展示3.png,unchanged,cinema,影画展示3,https://act-upload.mihoyo.com/nap-obc-indep/2024/07/01/294465423/fb1b196b18de8e830209a74296abeda9_1714378063647665753.png
影画展示1,官方意象影画,147,.png,影画展示1.png,安东,cinema|147|279|影画展示1|https://act-upload.mihoyo.com/nap-obc-indep/2024/07/01/82500917/89f2e1da632582971662685bd1e42380_7521017463584530719.png,279,官方意象影画\安东,官方意象影画\安东\影画展示1.png,unchanged,cinema,影画展示1,https://act-upload.mihoyo.com/nap-obc-indep/2024/07/01/82500917/89f2e1da632582971662685bd1e42380_7521017463584530719.png
影画展示2,官方意象影画,147,.png,影画展示2.png,安东,cinema|147|279|影画展示2|https://act-upload.mihoyo.com/nap-obc-indep/2024/07/01/82500917/9cbafd03b7a2929810beec99fc3c7cd6_2837802881481435583.png,279,官方意象影画\安东,官方意象影画\安东\影画展示2.png,unchanged,cinema,影画展示2,https://act-upload.mihoyo.com/nap-obc-indep/2024/07/01/82500917/9cbafd03b7a2929810beec99fc3c7cd6_2837802881481435583.png
影画展示3,官方意象影画,147,.png,影画展示3.png,安东,cinema|147|279|影画展示3|https://act-upload.mihoyo.com/nap-obc-indep/2024/07/01/82500917/999a6e286cd1513b49dd330e70552499_4185299279922872449.png,279,官方意象影画\安东,官方意象影画\安东\影画展示3.png,unchanged,cinema,影画展示3,https://act-upload.mihoyo.com/nap-obc-indep/2024/07/01/82500917/999a6e286cd1513b49dd330e70552499_4185299279922872449.png
