resource_type,key,category,group,entry_id,module_id,source_name,filename,relative_path,url,bytes,content_length,status
wallpapers,wallpapers|1864|1633|1|https://act-upload.mihoyo.com/nap-obc-indep/2026/02/14/73751405/26090510d47af73f0040c935ab307b16_7747806671177870892.png,EP短片壁纸合集,千夏主题壁纸(3840x2160),1864,1633,1,1.png,壁纸合集\EP短片壁纸合集\千夏主题壁纸(3840x2160)\1.png,https://act-upload.mihoyo.com/nap-obc-indep/2026/02/14/73751405/26090510d47af73f0040c935ab307b16_7747806671177870892.png,,,
wallpapers,wallpapers|1864|1633|2|https://act-upload.mihoyo.com/nap-obc-indep/2026/02/14/73751405/c78de9836a674f9d3dea6a1f4f169d18_6623376527106626275.png,EP短片壁纸合集,千夏主题壁纸(3840x2160),1864,1633,2,2.png,壁纸合集\EP短片壁纸合集\千夏主题壁纸(3840x2160)\2.png,https://act-upload.mihoyo.com/nap-obc-indep/2026/02/14/73751405/c78de9836a674f9d3dea6a1f4f169d18_6623376527106626275.png,,,
wallpapers,wallpapers|1864|1633|3|https://act-upload.mihoyo.com/nap-obc-indep/2026/02/14/73751405/dad595df39a2ae059c7a62be2669081f_3291478001150765103.png,EP短片壁纸合集,千夏主题壁纸(3840x2160),1864,1633,3,3.png,壁纸合集\EP短片壁纸合集\千夏主题壁纸(3840x2160)\3.png,https://act-upload.mihoyo.com/nap-obc-indep/2026/02/14/73751405/dad595df39a2ae059c7a62be2669081f_3291478001150765103.png,,,
wallpapers,wallpapers|1864|1633|4|https://act-upload.mihoyo.com/nap-obc-indep/2026/02/14/73751405/2a5db42f4bcf728d098dac8df42e73f4_3843782265866716131.png,EP短片壁纸合集,千夏主题壁纸(3840x2160),1864,1633,4,4.png,壁纸合集\EP短片壁纸合集\千夏主题壁纸(3840x2160)\4.png,https://act-upload.mihoyo.com/nap-obc-indep/2026/02/14/73751405/2a5db42f4bcf728d098dac8df42e73f4_3843782265866716131.png,,,
wallpapers,wallpapers|1864|1633|5|https://act-upload.mihoyo.com/nap-obc-indep/2026/02/14/73751405/8dce3894b13db4e30be8b6f0ca2d63b3_140961227679544702.png,EP短片壁纸合集,千夏主题壁纸(3840x2160),1864,1633,5,5.png,壁纸合集\EP短片壁纸合集\千夏主题壁纸(3840x2160)\5.png,https://act-upload.mihoyo.com/nap-obc-indep/2026/02/14/73751405/8dce3894b13db4e30be8b6f0ca2d63b3_140961227679544702.png,,,
wallpapers,wallpapers|1864|1633|6|https://act-upload.mihoyo.com/nap-obc-indep/2026/02/14/73751405/0a94e7cadeea4f7ca53232d57f7c86f0_5899844304313977638.png,EP短片壁纸合集,千夏主题壁纸(3840x2160),1864,1633,6,6.png,壁纸合集\EP短片壁纸合集\千夏主题壁纸(3840x2160)\6.png,https://act-upload.mihoyo.com/nap-obc-indep/2026/02/14/73751405/0a94e7cadeea4f7ca53232d57f7c86f0_5899844304313977638.png,,,
wallpapers,wallpapers|1864|1633|7|https://act-upload.mihoyo.com/nap-obc-indep/2026/02/14/73751405/5bf98438ea61090ac385e65253ca0096_4271081777778720685.png,EP短片壁纸合集,千夏主题壁纸(3840x2160),1864,1633,7,7.png,壁纸合集\EP短片壁纸合集\千夏主题壁纸(3840x2160)\7.png,https://act-upload.mihoyo.com/nap-obc-indep/2026/02/14/73751405/5bf98438ea61090ac385e65253ca0096_4271081777778720685.png,,,
wallpapers,wallpapers|1864|1633|8|https://act-upload.mihoyo.com/nap-obc-indep/2026/02/14/73751405/0d85abfe0e503dec1b152a84d87ee125_8474332513885570173.png,EP短片壁纸合集,千夏主题壁纸(3840x2160),1864,1633,8,8.png,壁纸合集\EP短片壁纸合集\千夏主题壁纸(3840x2160)\8.png,https://act-upload.mihoyo.com/nap-obc-indep/2026/02/14/73751405/0d85abfe0e503dec1b152a84d87ee125_8474332513885570173.png,,,
wallpapers,wallpapers|1864|1633|9|https://act-upload.mihoyo.com/nap-obc-indep/2026/02/14/73751405/cc1c6ccb91fa9c13a51e9b869057d1df_892213765952577027.png,EP短片壁纸合集,千夏主题壁纸(3840x2160),1864,1633,9,9.png,壁纸合集\EP短片壁纸合集\千夏主题壁纸(3840x2160)\9.png,https://act-upload.mihoyo.com/nap-obc-indep/2026/02/14/73751405/cc1c6ccb91fa9c13a51e9b869057d1df_892213765952577027.png,,,
wallpapers,wallpapers|1864|1633|10|https://act-upload.mihoyo.com/nap-obc-indep/2026/02/14/73751405/74c60cadada36b0a847e760bb8868ea8_7147328743500092494.png,EP短片壁纸合集,千夏主题壁纸(3840x2160),1864,1633,10,10.png,壁纸合集\EP短片壁纸合集\千夏主题壁纸(3840x2160)\10.png,https://act-upload.mihoyo.com/nap-obc-indep/2026/02/14/73751405/74c60cadada36b0a847e760bb8868ea8_7147328743500092494.png,,,
wallpapers,wallpapers|1864|1633|11|https://act-upload.mihoyo.com/nap-obc-indep/2026/02/14/73751405/872e8ffdb2bf075da393b80e93818ce8_1904895097889910908.png,EP短片壁纸合集,千夏主题壁纸(3840x2160),1864,1633,11,11.png,壁纸合集\EP短片壁纸合集\千夏主题壁纸(3840x2160)\11.png,https://act-upload.mihoyo.com/nap-obc-indep/2026/02/14/73751405/872e8ffdb2bf075da393b80e93818ce8_1904895097889910908.png,,,
wallpapers,wallpapers|1864|1633|12|https://act-upload.mihoyo.com/nap-obc-indep/2026/02/14/73751405/29e3437dfe3b9b342c1139c34723f716_3486371500669052083.png,EP短片壁纸合集,千夏主题壁纸(3840x2160),1864,1633,12,12.png,壁纸合集\EP短片壁纸合集\千夏主题壁纸(3840x2160)\12.png,https://act-upload.mihoyo.com/nap-obc-indep/2026/02/14/73751405/29e3437dfe3b9b342c1139c34723f716_3486371500669052083.png,,,
wallpapers,wallpapers|1864|1633|13|https://act-upload.mihoyo.com/nap-obc-indep/2026/02/14/73751405/e9a02562436fb2b956c15b2136a94ce9_8999002103151882196.jpg,EP短片壁纸合集,千夏主题壁纸(3840x2160),1864,1633,13,13.jpg,壁纸合集\EP短片壁纸合集\千夏主题壁纸(3840x2160)\13.jpg,https://act-upload.mihoyo.com/nap-obc-indep/2026/02/14/73751405/e9a02562436fb2b956c15b2136a94ce9_8999002103151882196.jpg,,,
wallpapers,wallpapers|1864|1633|14|https://act-upload.mihoyo.com/nap-obc-indep/2026/02/14/73751405/0ae0bf16ce105f77bb8cf5516f17c118_714976578507062956.jpg,EP短片壁纸合集,千夏主题壁纸(3840x2160),1864,1633,14,14.jpg,壁纸合集\EP短片壁纸合集\千夏主题壁纸(3840x2160)\14.jpg,https://act-upload.mihoyo.com/nap-obc-indep/2026/02/14/73751405/0ae0bf16ce105f77bb8cf5516f17c118_714976578507062956.jpg,,,
wallpapers,wallpapers|1864|1633|15|https://act-upload.mihoyo.com/nap-obc-indep/2026/02/14/73751405/12ab9b090cc423ac1d4ed6287ddb4aa8_3778048403679179676.jpg,EP短片壁纸合集,千夏主题壁纸(3840x2160),1864,1633,15,15.jpg,壁纸合集\EP短片壁纸合集\千夏主题壁纸(3840x2160)\15.jpg,https://act-upload.mihoyo.com/nap-obc-indep/2026/02/14/73751405/12ab9b090cc423ac1d4ed6287ddb4aa8_3778048403679179676.jpg,,,
wallpapers,wallpapers|1864|1633|16|https://act-upload.mihoyo.com/nap-obc-indep/2026/02/14/73751405/7906a5e7943f94960051fb3c5544edcb_8515574188990712106.jpg,EP短片壁纸合集,千夏主题壁纸(3840x2160),1864,1633,16,16.jpg,壁纸合集\EP短片壁纸合集\千夏主题壁纸(3840x2160)\16.jpg,https://act-upload.mihoyo.com/nap-obc-indep/2026/02/14/73751405/7906a5e7943f94960051fb3c5544edcb_8515574188990712106.jpg,,,
wallpapers,wallpapers|1864|1633|17|https://act-upload.mihoyo.com/nap-obc-indep/2026/02/14/73751405/ee06f49f5ed18b6252b0189215e010d7_1158470486025657367.jpg,EP短片壁纸合集,千夏主题壁纸(3840x2160),1864,1633,17,17.jpg,壁纸合集\EP短片壁纸合集\千夏主题壁纸(3840x2160)\17.jpg,https://act-upload.mihoyo.com/nap-obc-indep/2026/02/14/73751405/ee06f49f5ed18b6252b0189215e010d7_1158470486025657367.jpg,,,
wallpapers,wallpapers|1864|1633|18|https://act-upload.mihoyo.com/nap-obc-indep/2026/02/14/73751405/17ae5f0d52ac2b737becd4b9d80bfbe9_4535823948382935570.jpg,EP短片壁纸合集,千夏主题壁纸(3840x2160),1864,1633,18,18.jpg,壁纸合集\EP短片壁纸合集\千夏主题壁纸(3840x2160)\18.jpg,https://act-upload.mihoyo.com/nap-obc-indep/2026/02/14/73751405/17ae5f0d52ac2b737becd4b9d80bfbe9_4535823948382935570.jpg,,,
wallpapers,wallpapers|1864|1633|19|https://act-upload.mihoyo.com/nap-obc-indep/2026/02/14/73751405/2b90316a020271cd80953859789b3200_543007734016225767.jpg,EP短片壁纸合集,千夏主题壁纸(3840x2160),1864,1633,19,19.jpg,壁纸合集\EP短片壁纸合集\千夏主题壁纸(3840x2160)\19.jpg,https://act-upload.mihoyo.com/nap-obc-indep/2026/02/14/73751405/2b90316a020271cd80953859789b3200_543007734016225767.jpg,,,
wallpapers,wallpapers|1864|1633|20|https://act-upload.mihoyo.com/nap-obc-indep/2026/02/14/73751405/7413ccafd7e3c7d7be2e36b2a1fe31d2_3608589288011831956.jpg,EP短片壁纸合集,千夏主题壁纸(3840x2160),1864,1633,20,20.jpg,壁纸合集\EP短片壁纸合集\千夏主题壁纸(3840x2160)\20.jpg,https://act-upload.mihoyo.com/nap-obc-indep/2026/02/14/73751405/7413ccafd7e3c7d7be2e36b2a1fe31d2_3608589288011831956.jpg,,,
wallpapers,wallpapers|1864|1633|21|https://act-upload.mihoyo.com/nap-obc-indep/2026/02/14/73751405/e493a065eb5f6d6e94edd5607cb3a3f9_8920314962230611888.jpg,EP短片壁纸合集,千夏主题壁纸(3840x2160),1864,1633,21,21.jpg,壁纸合集\EP短片壁纸合集\千夏主题壁纸(3840x2160)\21.jpg,https://act-upload.mihoyo.com/nap-obc-indep/2026/02/14/73751405/e493a065eb5f6d6e94edd5607cb3a3f9_8920314962230611888.jpg,,,
wallpapers,wallpapers|1864|1633|22|https://act-upload.mihoyo.com/nap-obc-indep/2026/02/14/73751405/225881510e7fe4981c02d721c84a0017_9117553440289680032.jpg,EP短片壁纸合集,千夏主题壁纸(3840x2160),1864,1633,22,22.jpg,壁纸合集\EP短片壁纸合集\千夏主题壁纸(3840x2160)\22.jpg,https://act-upload.mihoyo.com/nap-obc-indep/2026/02/14/73751405/225881510e7fe4981c02d721c84a0017_9117553440289680032.jpg,,,
wallpapers,wallpapers|1864|1633|23|https://act-upload.mihoyo.com/nap-obc-indep/2026/02/14/73751405/34cb06eca0d6cdab066837d0d7b941b2_8181541174026471380.jpg,EP短片壁纸合集,千夏主题壁纸(3840x2160),1864,1633,23,23.jpg,壁纸合集\EP短片壁纸合集\千夏主题壁纸(3840x2160)\23.jpg,https://act-upload.mihoyo.com/nap-obc-indep/2026/02/14/73751405/34cb06eca0d6cdab066837d0d7b941b2_8181541174026471380.jpg,,,
wallpapers,wallpapers|1864|1633|24|https://act-upload.mihoyo.com/nap-obc-indep/2026/02/14/73751405/21ae8c280993b1e22feab15b6c04b9a0_7457987319826302990.jpg,EP短片壁纸合集,千夏主题壁纸(3840x2160),1864,1633,24,24.jpg,壁纸合集\EP短片壁纸合集\千夏主题壁纸(3840x2160)\24.jpg,https://act-upload.mihoyo.com/nap-obc-indep/2026/02/14/73751405/21ae8c280993b1e22feab15b6c04b9a0_7457987319826302990.jpg,,,
wallpapers,wallpapers|1864|1633|25|https://act-upload.mihoyo.com/nap-obc-indep/2026/02/14/73751405/8dd06e3843d4b5ba0f0fe85fad6064a9_3849971031571658520.jpg,EP短片壁纸合集,千夏主题壁纸(3840x2160),1864,1633,25,25.jpg,壁纸合集\EP短片壁纸合集\千夏主题壁纸(3840x2160)\25.jpg,https://act-upload.mihoyo.com/nap-obc-indep/2026/02/14/73751405/8dd06e3843d4b5ba0f0fe85fad6064a9_3849971031571658520.jpg,,,
wallpapers,wallpapers|1864|1633|26|https://act-upload.mihoyo.com/nap-obc-indep/2026/02/14/73751405/d75c35ba63c4d0149d19c44b4548aaef_2230279763783446524.jpg,EP短片壁纸合集,千夏主题壁纸(3840x2160),1864,1633,26,26.jpg,壁纸合集\EP短片壁纸合集\千夏主题壁纸(3840x2160)\26.jpg,https://act-upload.mihoyo.com/nap-obc-indep/2026/02/14/73751405/d75c35ba63c4d0149d19c44b4548aaef_2230279763783446524.jpg,,,
wallpapers,wallpapers|1864|1633|27|https://act-upload.mihoyo.com/nap-obc-indep/2026/02/14/73751405/32b3e3242f4187db11abef11e72a2691_396024661253166421.jpg,EP短片壁纸合集,千夏主题壁纸(3840x2160),1864,1633,27,27.jpg,壁纸合集\EP短片壁纸合集\千夏主题壁纸(3840x2160)\27.jpg,https://act-upload.mihoyo.com/nap-obc-indep/2026/02/14/73751405/32b3e3242f4187db11abef11e72a2691_396024661253166421.jpg,,,
wallpapers,wallpapers|1864|1633|28|https://act-upload.mihoyo.com/nap-obc-indep/2026/02/14/73751405/1be5bfbb24f52ca1d6d9143c918d1225_6548718772442479101.jpg,EP短片壁纸合集,千夏主题壁纸(3840x2160),1864,1633,28,28.jpg,壁纸合集\EP短片壁纸合集\千夏主题壁纸(3840x2160)\28.jpg,https://act-upload.mihoyo.com/nap-obc-indep/2026/02/14/73751405/1be5bfbb24f52ca1d6d9143c918d1225_6548718772442479101.jpg,,,
wallpapers,wallpapers|1864|1633|29|https://act-upload.mihoyo.com/nap-obc-indep/2026/02/14/73751405/b2794cb7b1246a7c0cb02d5245a18af3_6091974173155781219.jpg,EP短片壁纸合集,千夏主题壁纸(3840x2160),1864,1633,29,29.jpg,壁纸合集\EP短片壁纸合集\千夏主题壁纸(3840x2160)\29.jpg,https://act-upload.mihoyo.com/nap-obc-indep/2026/02/14/73751405/b2794cb7b1246a7c0cb02d5245a18af3_6091974173155781219.jpg,,,
wallpapers,wallpapers|1864|1633|30|https://act-upload.mihoyo.com/nap-obc-indep/2026/02/14/73751405/86dacd8c6e73578cbd043938dd838cbc_149172396953031104.jpg,EP短片壁纸合集,千夏主题壁纸(3840x2160),1864,1633,30,30.jpg,壁纸合集\EP短片壁纸合集\千夏主题壁纸(3840x2160)\30.jpg,https://act-upload.mihoyo.com/nap-obc-indep/2026/02/14/73751405/86dacd8c6e73578cbd043938dd838cbc_149172396953031104.jpg,,,
wallpapers,wallpapers|1864|1633|31|https://act-upload.mihoyo.com/nap-obc-indep/2026/02/14/73751405/725ea6ae28c1a5d2dee7276949181726_7201746087545882879.jpg,EP短片壁纸合集,千夏主题壁纸(3840x2160),1864,1633,31,31.jpg,壁纸合集\EP短片壁纸合集\千夏主题壁纸(3840x2160)\31.jpg,https://act-upload.mihoyo.com/nap-obc-indep/2026/02/14/73751405/725ea6ae28c1a5d2dee7276949181726_7201746087545882879.jpg,,,
wallpapers,wallpapers|1864|1633|32|https://act-upload.mihoyo.com/nap-obc-indep/2026/02/14/73751405/a08cfdc9088419dfb5901789dc2153a3_8046901724867876402.jpg,EP短片壁纸合集,千夏主题壁纸(3840x2160),1864,1633,32,32.jpg,壁纸合集\EP短片壁纸合集\千夏主题壁纸(3840x2160)\32.jpg,https://act-upload.mihoyo.com/nap-obc-indep/2026/02/14/73751405/a08cfdc9088419dfb5901789dc2153a3_8046901724867876402.jpg,,,
wallpapers,wallpapers|1864|1633|33|https://act-upload.mihoyo.com/nap-obc-indep/2026/02/14/73751405/416546a4b9df8c735c5a9ca8268f1fcb_4630057210852353079.jpg,EP短片壁纸合集,千夏主题壁纸(3840x2160),1864,1633,33,33.jpg,壁纸合集\EP短片壁纸合集\千夏主题壁纸(3840x2160)\33.jpg,https://act-upload.mihoyo.com/nap-obc-indep/2026/02/14/73751405/416546a4b9df8c735c5a9ca8268f1fcb_4630057210852353079.jpg,,,
wallpapers,wallpapers|1864|1633|34|https://act-upload.mihoyo.com/nap-obc-indep/2026/02/14/73751405/3ac70f0878c381d5329988c8ae1646d3_9060198944640456822.jpg,EP短片壁纸合集,千夏主题壁纸(3840x2160),1864,1633,34,34.jpg,壁纸合集\EP短片壁纸合集\千夏主题壁纸(3840x2160)\34.jpg,https://act-upload.mihoyo.com/nap-obc-indep/2026/02/14/73751405/3ac70f0878c381d5329988c8ae1646d3_9060198944640456822.jpg,,,
wallpapers,wallpapers|1864|1633|35|https://act-upload.mihoyo.com/nap-obc-indep/2026/02/14/73751405/4962347a5e4fc55ea55f21b74b89b12b_1667312837482624371.jpg,EP短片壁纸合集,千夏主题壁纸(3840x2160),1864,1633,35,35.jpg,壁纸合集\EP短片壁纸合集\千夏主题壁纸(3840x2160)\35.jpg,https://act-upload.mihoyo.com/nap-obc-indep/2026/02/14/73751405/4962347a5e4fc55ea55f21b74b89b12b_1667312837482624371.jpg,,,
wallpapers,wallpapers|1864|1633|36|https://act-upload.mihoyo.com/nap-obc-indep/2026/02/14/73751405/c232e6b03df439ce91ecb4ce2b2e935c_2136969555217892965.jpg,EP短片壁纸合集,千夏主题壁纸(3840x2160),1864,1633,36,36.jpg,壁纸合集\EP短片壁纸合集\千夏主题壁纸(3840x2160)\36.jpg,https://act-upload.mihoyo.com/nap-obc-indep/2026/02/14/73751405/c232e6b03df439ce91ecb4ce2b2e935c_2136969555217892965.jpg,,,
wallpapers,wallpapers|1864|1633|37|https://act-upload.mihoyo.com/nap-obc-indep/2026/02/14/73751405/71fae7936877705b85e8c543a2ca23f4_370407209245473929.jpg,EP短片壁纸合集,千夏主题壁纸(3840x2160),1864,1633,37,37.jpg,壁纸合集\EP短片壁纸合集\千夏主题壁纸(3840x2160)\37.jpg,https://act-upload.mihoyo.com/nap-obc-indep/2026/02/14/73751405/71fae7936877705b85e8c543a2ca23f4_370407209245473929.jpg,,,
wallpapers,wallpapers|1864|1633|38|https://act-upload.mihoyo.com/nap-obc-indep/2026/02/14/73751405/46a9b8661e81d970a4defcbdc6c605c0_2906454277126726841.jpg,EP短片壁纸合集,千夏主题壁纸(3840x2160),1864,1633,38,38.jpg,壁纸合集\EP短片壁纸合集\千夏主题壁纸(3840x2160)\38.jpg,https://act-upload.mihoyo.com/nap-obc-indep/2026/02/14/73751405/46a9b8661e81d970a4defcbdc6c605c0_2906454277126726841.jpg,,,
wallpapers,wallpapers|1864|1633|39|https://act-upload.mihoyo.com/nap-obc-indep/2026/02/14/73751405/1c1fc10ab8afa94d84c40490376e5272_3012884928178503708.jpg,EP短片壁纸合集,千夏主题壁纸(3840x2160),1864,1633,39,39.jpg,壁纸合集\EP短片壁纸合集\千夏主题壁纸(3840x2160)\39.jpg,https://act-upload.mihoyo.com/nap-obc-indep/2026/02/14/73751405/1c1fc10ab8afa94d84c40490376e5272_3012884928178503708.jpg,,,
wallpapers,wallpapers|1864|1632|1|https://act-upload.mihoyo.com/nap-obc-indep/2026/02/14/73751405/758448f6e9f9848b3c40a13eee630720_1998231876026194406.png,EP短片壁纸合集,千夏主题壁纸(2560x1080),1864,1632,1,1.png,壁纸合集\EP短片壁纸合集\千夏主题壁纸(2560x1080)\1.png,https://act-upload.mihoyo.com/nap-obc-indep/2026/02/14/73751405/758448f6e9f9848b3c40a13eee630720_1998231876026194406.png,,,
wallpapers,wallpapers|1864|1632|2|https://act-upload.mihoyo.com/nap-obc-indep/2026/02/14/73751405/09d6c8a727a873118c88056f2c3f89a5_6524003667848331345.png,EP短片壁纸合集,千夏主题壁纸(2560x1080),1864,1632,2,2.png,壁纸合集\EP短片壁纸合集\千夏主题壁纸(2560x1080)\2.png,https://act-upload.mihoyo.com/nap-obc-indep/2026/02/14/73751405/09d6c8a727a873118c88056f2c3f89a5_6524003667848331345.png,,,
wallpapers,wallpapers|1864|1632|3|https://act-upload.mihoyo.com/nap-obc-indep/2026/02/14/73751405/eab2b382d00a967fe386b3b80b1ddcb8_6611653811972757743.png,EP短片壁纸合集,千夏主题壁纸(2560x1080),1864,1632,3,3.png,壁纸合集\EP短片壁纸合集\千夏主题壁纸(2560x1080)\3.png,https://act-upload.mihoyo.com/nap-obc-indep/2026/02/14/73751405/eab2b382d00a967fe386b3b80b1ddcb8_6611653811972757743.png,,,
wallpapers,wallpapers|1864|1632|4|https://act-upload.mihoyo.com/nap-obc-indep/2026/02/14/73751405/3e431023c3da70a999802846485c0fdf_3840644033252479734.png,EP短片壁纸合集,千夏主题壁纸(2560x1080),1864,1632,4,4.png,壁纸合集\EP短片壁纸合集\千夏主题壁纸(2560x1080)\4.png,https://act-upload.mihoyo.com/nap-obc-indep/2026/02/14/73751405/3e431023c3da70a999802846485c0fdf_3840644033252479734.png,,,
wallpapers,wallpapers|1864|1632|5|https://act-upload.mihoyo.com/nap-obc-indep/2026/02/14/73751405/0f46c0f172990d39333752d4c5f5216d_2539914933552728260.png,EP短片壁纸合集,千夏主题壁纸(2560x1080),1864,1632,5,5.png,壁纸合集\EP短片壁纸合集\千夏主题壁纸(2560x1080)\5.png,https://act-upload.mihoyo.com/nap-obc-indep/2026/02/14/73751405/0f46c0f172990d39333752d4c5f5216d_2539914933552728260.png,,,
wallpapers,wallpapers|1864|1632|6|https://act-upload.mihoyo.com/nap-obc-indep/2026/02/14/73751405/ac55923a0c310b6be4f8413fe51b6656_8620025909596441410.png,EP短片壁纸合集,千夏主题壁纸(2560x1080),1864,1632,6,6.png,壁纸合集\EP短片壁纸合集\千夏主题壁纸(2560x1080)\6.png,https://act-upload.mihoyo.com/nap-obc-indep/2026/02/14/73751405/ac55923a0c310b6be4f8413fe51b6656_8620025909596441410.png,,,
wallpapers,wallpapers|1864|1632|7|https://act-upload.mihoyo.com/nap-obc-indep/2026/02/14/73751405/af0e0daee5a9100f53dbf1ea8d0a3195_3099751154303152005.png,EP短片壁纸合集,千夏主题壁纸(2560x1080),1864,1632,7,7.png,壁纸合集\EP短片壁纸合集\千夏主题壁纸(2560x1080)\7.png,https://act-upload.mihoyo.com/nap-obc-indep/2026/02/14/73751405/af0e0daee5a9100f53dbf1ea8d0a3195_3099751154303152005.png,,,
wallpapers,wallpapers|1864|1632|8|https://act-upload.mihoyo.com/nap-obc-indep/2026/02/14/73751405/3d19a0bc9f5c3b866b3d9a645931e5c2_1140467680073701599.png,EP短片壁纸合集,千夏主题壁纸(2560x1080),1864,1632,8,8.png,壁纸合集\EP短片壁纸合集\千夏主题壁纸(2560x1080)\8.png,https://act-upload.mihoyo.com/nap-obc-indep/2026/02/14/73751405/3d19a0bc9f5c3b866b3d9a645931e5c2_1140467680073701599.png,,,
wallpapers,wallpapers|1864|1632|9|https://act-upload.mihoyo.com/nap-obc-indep/2026/02/14/73751405/9f571dda44d33ad9e35105e233cea75e_1058098983357697007.png,EP短片壁纸合集,千夏主题壁纸(2560x1080),1864,1632,9,9.png,壁纸合集\EP短片壁纸合集\千夏主题壁纸(2560x1080)\9.png,https://act-upload.mihoyo.com/nap-obc-indep/2026/02/14/73751405/9f571dda44d33ad9e35105e233cea75e_1058098983357697007.png,,,
wallpapers,wallpapers|1864|1632|10|https://act-upload.mihoyo.com/nap-obc-indep/2026/02/14/73751405/4e00dcf8c8ec4d14e49848c1bbaa9424_522011026006946990.png,EP短片壁纸合集,千夏主题壁纸(2560x1080),1864,1632,10,10.png,壁纸合集\EP短片壁纸合集\千夏主题壁纸(2560x1080)\10.png,https://act-upload.mihoyo.com/nap-obc-indep/2026/02/14/73751405/4e00dcf8c8ec4d14e49848c1bbaa9424_522011026006946990.png,,,
wallpapers,wallpapers|1864|1632|11|https://act-upload.mihoyo.com/nap-obc-indep/2026/02/14/73751405/a74ecb8ddfa89af8f12af737b3083b16_6558391064427119848.png,EP短片壁纸合集,千夏主题壁纸(2560x1080),1864,1632,11,11.png,壁纸合集\EP短片壁纸合集\千夏主题壁纸(2560x1080)\11.png,https://act-upload.mihoyo.com/nap-obc-indep/2026/02/14/73751405/a74ecb8ddfa89af8f12af737b3083b16_6558391064427119848.png,,,
wallpapers,wallpapers|1864|1632|12|https://act-upload.mihoyo.com/nap-obc-indep/2026/02/14/73751405/1bf25f513fa9a38d7f11c13e011b3b1a_8152294613640833070.png,EP短片壁纸合集,千夏主题壁纸(2560x1080),1864,1632,12,12.png,壁纸合集\EP短片壁纸合集\千夏主题壁纸(2560x1080)\12.png,https://act-upload.mihoyo.com/nap-obc-indep/2026/02/14/73751405/1bf25f513fa9a38d7f11c13e011b3b1a_8152294613640833070.png,,,
wallpapers,wallpapers|1864|1632|13|https://act-upload.mihoyo.com/nap-obc-indep/2026/02/14/73751405/cb7b4095186573f39800c9ef55a7dd1a_3521396727087076019.jpg,EP短片壁纸合集,千夏主题壁纸(2560x1080),1864,1632,13,13.jpg,壁纸合集\EP短片壁纸合集\千夏主题壁纸(2560x1080)\13.jpg,https://act-upload.mihoyo.com/nap-obc-indep/2026/02/14/73751405/cb7b4095186573f39800c9ef55a7dd1a_3521396727087076019.jpg,,,
wallpapers,wallpapers|1864|1632|14|https://act-upload.mihoyo.com/nap-obc-indep/2026/02/14/73751405/817d34a3aad10f9aa53b1ea76ab5c866_3181997762256135939.jpg,EP短片壁纸合集,千夏主题壁纸(2560x1080),1864,1632,14,14.jpg,壁纸合集\EP短片壁纸合集\千夏主题壁纸(2560x1080)\14.jpg,https://act-upload.mihoyo.com/nap-obc-indep/2026/02/14/73751405/817d34a3aad10f9aa53b1ea76ab5c866_3181997762256135939.jpg,,,
wallpapers,wallpapers|1864|1632|15|https://act-upload.mihoyo.com/nap-obc-indep/2026/02/14/73751405/49cb36fcccb03bc4c8c51fc2b5ff2b02_416088000605795958.jpg,EP短片壁纸合集,千夏主题壁纸(2560x1080),1864,1632,15,15.jpg,壁纸合集\EP短片壁纸合集\千夏主题壁纸(2560x1080)\15.jpg,https://act-upload.mihoyo.com/nap-obc-indep/2026/02/14/73751405/49cb36fcccb03bc4c8c51fc2b5ff2b02_416088000605795958.jpg,,,
wallpapers,wallpapers|1864|1632|16|https://act-upload.mihoyo.com/nap-obc-indep/2026/02/14/73751405/ec3d5fd16a7aef527f47dce3ced23865_9165945333086456828.jpg,EP短片壁纸合集,千夏主题壁纸(2560x1080),1864,1632,16,16.jpg,壁纸合集\EP短片壁纸合集\千夏主题壁纸(2560x1080)\16.jpg,https://act-upload.mihoyo.com/nap-obc-indep/2026/02/14/73751405/ec3d5fd16a7aef527f47dce3ced23865_9165945333086456828.jpg,,,
wallpapers,wallpapers|1864|1632|17|https://act-upload.mihoyo.com/nap-obc-indep/2026/02/14/73751405/a3c75073ee8bb8fba5452f1dbd5408e5_688988537610950828.jpg,EP短片壁纸合集,千夏主题壁纸(2560x1080),1864,1632,17,17.jpg,壁纸合集\EP短片壁纸合集\千夏主题壁纸(2560x1080)\17.jpg,https://act-upload.mihoyo.com/nap-obc-indep/2026/02/14/73751405/a3c75073ee8bb8fba5452f1dbd5408e5_688988537610950828.jpg,,,
wallpapers,wallpapers|1864|1632|18|https://act-upload.mihoyo.com/nap-obc-indep/2026/02/14/73751405/a42977ddeff5c7d6a786e171850b0ec4_9209773891310305814.jpg,EP短片壁纸合集,千夏主题壁纸(2560x1080),1864,1632,18,18.jpg,壁纸合集\EP短片壁纸合集\千夏主题壁纸(2560x1080)\18.jpg,https://act-upload.mihoyo.com/nap-obc-indep/2026/02/14/73751405/a42977ddeff5c7d6a786e171850b0ec4_9209773891310305814.jpg,,,
wallpapers,wallpapers|1864|1632|19|https://act-upload.mihoyo.com/nap-obc-indep/2026/02/14/73751405/e19a83834a9eafa485b988408791a24a_4421579111220548454.jpg,EP短片壁纸合集,千夏主题壁纸(2560x1080),1864,1632,19,19.jpg,壁纸合集\EP短片壁纸合集\千夏主题壁纸(2560x1080)\19.jpg,https://act-upload.mihoyo.com/nap-obc-indep/2026/02/14/73751405/e19a83834a9eafa485b988408791a24a_4421579111220548454.jpg,,,
wallpapers,wallpapers|1864|1632|20|https://act-upload.mihoyo.com/nap-obc-indep/2026/02/14/73751405/b637d08538ec0557b89aa5c5d0b43bf2_4253160693779811863.jpg,EP短片壁纸合集,千夏主题壁纸(2560x1080),1864,1632,20,20.jpg,壁纸合集\EP短片壁纸合集\千夏主题壁纸(2560x1080)\20.jpg,https://act-upload.mihoyo.com/nap-obc-indep/2026/02/14/73751405/b637d08538ec0557b89aa5c5d0b43bf2_4253160693779811863.jpg,,,
wallpapers,wallpapers|1864|1632|21|https://act-upload.mihoyo.com/nap-obc-indep/2026/02/14/73751405/5ff5ead0f057b472fc11790b4b4bcc00_7166744824501924681.jpg,EP短片壁纸合集,千夏主题壁纸(2560x1080),1864,1632,21,21.jpg,壁纸合集\EP短片壁纸合集\千夏主题壁纸(2560x1080)\21.jpg,https://act-upload.mihoyo.com/nap-obc-indep/2026/02/14/73751405/5ff5ead0f057b472fc11790b4b4bcc00_7166744824501924681.jpg,,,
wallpapers,wallpapers|1864|1632|22|https://act-upload.mihoyo.com/nap-obc-indep/2026/02/14/73751405/89e4a8927c593392c3e703e902acb346_6173076676260023490.jpg,EP短片壁纸合集,千夏主题壁纸(2560x1080),1864,1632,22,22.jpg,壁纸合集\EP短片壁纸合集\千夏主题壁纸(2560x1080)\22.jpg,https://act-upload.mihoyo.com/nap-obc-indep/2026/02/14/73751405/89e4a8927c593392c3e703e902acb346_6173076676260023490.jpg,,,
wallpapers,wallpapers|1864|1632|23|https://act-upload.mihoyo.com/nap-obc-indep/2026/02/14/73751405/bbd9db579bd23149fbbdc1e4f05e568e_6657629142735340202.jpg,EP短片壁纸合集,千夏主题壁纸(2560x1080),1864,1632,23,23.jpg,壁纸合集\EP短片壁纸合集\千夏主题壁纸(2560x1080)\23.jpg,https://act-upload.mihoyo.com/nap-obc-indep/2026/02/14/73751405/bbd9db579bd23149fbbdc1e4f05e568e_6657629142735340202.jpg,,,
wallpapers,wallpapers|1864|1632|24|https://act-upload.mihoyo.com/nap-obc-indep/2026/02/14/73751405/b86c894981851ac098c9fa6f94783299_5984204468683989365.jpg,EP短片壁纸合集,千夏主题壁纸(2560x1080),1864,1632,24,24.jpg,壁纸合集\EP短片壁纸合集\千夏主题壁纸(2560x1080)\24.jpg,https://act-upload.mihoyo.com/nap-obc-indep/2026/02/14/73751405/b86c894981851ac098c9fa6f94783299_5984204468683989365.jpg,,,
wallpapers,wallpapers|1864|1632|25|https://act-upload.mihoyo.com/nap-obc-indep/2026/02/14/73751405/db96709e0c0fc4614b0dddaae4beab4d_8666405848633056073.jpg,EP短片壁纸合集,千夏主题壁纸(2560x1080),1864,1632,25,25.jpg,壁纸合集\EP短片壁纸合集\千夏主题壁纸(2560x1080)\25.jpg,https://act-upload.mihoyo.com/nap-obc-indep/2026/02/14/73751405/db96709e0c0fc4614b0dddaae4beab4d_8666405848633056073.jpg,,,
wallpapers,wallpapers|1864|1632|26|https://act-upload.mihoyo.com/nap-obc-indep/2026/02/14/73751405/3eebc16db4cef0567b2b9a30e6b7ebff_1984798056614524963.jpg,EP短片壁纸合集,千夏主题壁纸(2560x1080),1864,1632,26,26.jpg,壁纸合集\EP短片壁纸合集\千夏主题壁纸(2560x1080)\26.jpg,https://act-upload.mihoyo.com/nap-obc-indep/2026/02/14/73751405/3eebc16db4cef0567b2b9a30e6b7ebff_1984798056614524963.jpg,,,
wallpapers,wallpapers|1864|1632|27|https://act-upload.mihoyo.com/nap-obc-indep/2026/02/14/73751405/62c90137588548b95758c5b60243c8f1_3313666598399790568.jpg,EP短片壁纸合集,千夏主题壁纸(2560x1080),1864,1632,27,27.jpg,壁纸合集\EP短片壁纸合集\千夏主题壁纸(2560x1080)\27.jpg,https://act-upload.mihoyo.com/nap-obc-indep/2026/02/14/73751405/62c90137588548b95758c5b60243c8f1_3313666598399790568.jpg,,,
wallpapers,wallpapers|1864|1632|28|https://act-upload.mihoyo.com/nap-obc-indep/2026/02/14/73751405/d6af19dfa0c1b3fc281f192e20e6b9bb_8517480708613370874.jpg,EP短片壁纸合集,千夏主题壁纸(2560x1080),1864,1632,28,28.jpg,壁纸合集\EP短片壁纸合集\千夏主题壁纸(2560x1080)\28.jpg,https://act-upload.mihoyo.com/nap-obc-indep/2026/02/14/73751405/d6af19dfa0c1b3fc281f192e20e6b9bb_8517480708613370874.jpg,,,
wallpapers,wallpapers|1864|1632|29|https://act-upload.mihoyo.com/nap-obc-indep/2026/02/14/73751405/d450d4f71b8940c5c2b6cd2aa940490a_3768569026433458091.jpg,EP短片壁纸合集,千夏主题壁纸(2560x1080),1864,1632,29,29.jpg,壁纸合集\EP短片壁纸合集\千夏主题壁纸(2560x1080)\29.jpg,https://act-upload.mihoyo.com/nap-obc-indep/2026/02/14/73751405/d450d4f71b8940c5c2b6cd2aa940490a_3768569026433458091.jpg,,,
wallpapers,wallpapers|1864|1632|30|https://act-upload.mihoyo.com/nap-obc-indep/2026/02/14/73751405/ad60b95778e2b7a33c086108962d3f29_3494086449033947801.jpg,EP短片壁纸合集,千夏主题壁纸(2560x1080),1864,1632,30,30.jpg,壁纸合集\EP短片壁纸合集\千夏主题壁纸(2560x1080)\30.jpg,https://act-upload.mihoyo.com/nap-obc-indep/2026/02/14/73751405/ad60b95778e2b7a33c086108962d3f29_3494086449033947801.jpg,,,
wallpapers,wallpapers|1864|1632|31|https://act-upload.mihoyo.com/nap-obc-indep/2026/02/14/73751405/2cf28fd6c32f032248e115358381ef04_3052923259380849282.jpg,EP短片壁纸合集,千夏主题壁纸(2560x1080),1864,1632,31,31.jpg,壁纸合集\EP短片壁纸合集\千夏主题壁纸(2560x1080)\31.jpg,https://act-upload.mihoyo.com/nap-obc-indep/2026/02/14/73751405/2cf28fd6c32f032248e115358381ef04_3052923259380849282.jpg,,,
wallpapers,wallpapers|1864|1632|32|https://act-upload.mihoyo.com/nap-obc-indep/2026/02/14/73751405/3db2a52281f7f3e134ad39201e832cd7_5096734287550257393.jpg,EP短片壁纸合集,千夏主题壁纸(2560x1080),1864,1632,32,32.jpg,壁纸合集\EP短片壁纸合集\千夏主题壁纸(2560x1080)\32.jpg,https://act-upload.mihoyo.com/nap-obc-indep/2026/02/14/73751405/3db2a52281f7f3e134ad39201e832cd7_5096734287550257393.jpg,,,
wallpapers,wallpapers|1864|1632|33|https://act-upload.mihoyo.com/nap-obc-indep/2026/02/14/73751405/325f2d588b39a34e856e253070ef4267_6110765739231094623.jpg,EP短片壁纸合集,千夏主题壁纸(2560x1080),1864,1632,33,33.jpg,壁纸合集\EP短片壁纸合集\千夏主题壁纸(2560x1080)\33.jpg,https://act-upload.mihoyo.com/nap-obc-indep/2026/02/14/73751405/325f2d588b39a34e856e253070ef4267_6110765739231094623.jpg,,,
wallpapers,wallpapers|1864|1632|34|https://act-upload.mihoyo.com/nap-obc-indep/2026/02/14/73751405/1d940574107904e77af6f5509d2a65a7_4716082379481099632.jpg,EP短片壁纸合集,千夏主题壁纸(2560x1080),1864,1632,34,34.jpg,壁纸合集\EP短片壁纸合集\千夏主题壁纸(2560x1080)\34.jpg,https://act-upload.mihoyo.com/nap-obc-indep/2026/02/14/73751405/1d940574107904e77af6f5509d2a65a7_4716082379481099632.jpg,,,
wallpapers,wallpapers|1864|1632|35|https://act-upload.mihoyo.com/nap-obc-indep/2026/02/14/73751405/4d718771c6d87cedb8a844f336e72a27_1105809410284625138.jpg,EP短片壁纸合集,千夏主题壁纸(2560x1080),1864,1632,35,35.jpg,壁纸合集\EP短片壁纸合集\千夏主题壁纸(2560x1080)\35.jpg,https://act-upload.mihoyo.com/nap-obc-indep/2026/02/14/73751405/4d718771c6d87cedb8a844f336e72a27_1105809410284625138.jpg,,,
wallpapers,wallpapers|1864|1632|36|https://act-upload.mihoyo.com/nap-obc-indep/2026/02/14/73751405/74d582c0283e25fd4a6677a452b130c2_3168739237781012474.jpg,EP短片壁纸合集,千夏主题壁纸(2560x1080),1864,1632,36,36.jpg,壁纸合集\EP短片壁纸合集\千夏主题壁纸(2560x1080)\36.jpg,https://act-upload.mihoyo.com/nap-obc-indep/2026/02/14/73751405/74d582c0283e25fd4a6677a452b130c2_3168739237781012474.jpg,,,
wallpapers,wallpapers|1864|1632|37|https://act-upload.mihoyo.com/nap-obc-indep/2026/02/14/73751405/8bfc127f5ce863c78530223ab47c6f5b_6943287536885968712.jpg,EP短片壁纸合集,千夏主题壁纸(2560x1080),1864,1632,37,37.jpg,壁纸合集\EP短片壁纸合集\千夏主题壁纸(2560x1080)\37.jpg,https://act-upload.mihoyo.com/nap-obc-indep/2026/02/14/73751405/8bfc127f5ce863c78530223ab47c6f5b_6943287536885968712.jpg,,,
wallpapers,wallpapers|1864|1632|38|https://act-upload.mihoyo.com/nap-obc-indep/2026/02/14/73751405/67e7e8b166deef2fdbdf67e05e3ef236_2902256111216718542.jpg,EP短片壁纸合集,千夏主题壁纸(2560x1080),1864,1632,38,38.jpg,壁纸合集\EP短片壁纸合集\千夏主题壁纸(2560x1080)\38.jpg,https://act-upload.mihoyo.com/nap-obc-indep/2026/02/14/73751405/67e7e8b166deef2fdbdf67e05e3ef236_2902256111216718542.jpg,,,
wallpapers,wallpapers|1864|1632|39|https://act-upload.mihoyo.com/nap-obc-indep/2026/02/14/73751405/7709395b02e2d5b0cbd82a2b4cbda815_1141683765171370960.jpg,EP短片壁纸合集,千夏主题壁纸(2560x1080),1864,1632,39,39.jpg,壁纸合集\EP短片壁纸合集\千夏主题壁纸(2560x1080)\39.jpg,https://act-upload.mihoyo.com/nap-obc-indep/2026/02/14/73751405/7709395b02e2d5b0cbd82a2b4cbda815_1141683765171370960.jpg,,,
wallpapers,wallpapers|1864|1690|1|https://act-upload.mihoyo.com/nap-obc-indep/2026/04/20/73751405/0beebde7d5d82bf8721e10d251e5d41d_3585772946265304286.jpg,EP短片壁纸合集,希希芙主题壁纸(3840x2160),1864,1690,1,1.jpg,壁纸合集\EP短片壁纸合集\希希芙主题壁纸(3840x2160)\1.jpg,https://act-upload.mihoyo.com/nap-obc-indep/2026/04/20/73751405/0beebde7d5d82bf8721e10d251e5d41d_3585772946265304286.jpg,,,
wallpapers,wallpapers|1864|1690|2|https://act-upload.mihoyo.com/nap-obc-indep/2026/04/20/73751405/57f64a1909657fbbf4577cdf8e627521_2930163171658700411.jpg,EP短片壁纸合集,希希芙主题壁纸(3840x2160),1864,1690,2,2.jpg,壁纸合集\EP短片壁纸合集\希希芙主题壁纸(3840x2160)\2.jpg,https://act-upload.mihoyo.com/nap-obc-indep/2026/04/20/73751405/57f64a1909657fbbf4577cdf8e627521_2930163171658700411.jpg,,,
wallpapers,wallpapers|1864|1690|3|https://act-upload.mihoyo.com/nap-obc-indep/2026/04/20/73751405/e8e00a513d07266ce7bf89cf9c212f00_5058009235556713438.jpg,EP短片壁纸合集,希希芙主题壁纸(3840x2160),1864,1690,3,3.jpg,壁纸合集\EP短片壁纸合集\希希芙主题壁纸(3840x2160)\3.jpg,https://act-upload.mihoyo.com/nap-obc-indep/2026/04/20/73751405/e8e00a513d07266ce7bf89cf9c212f00_5058009235556713438.jpg,,,
wallpapers,wallpapers|1864|1690|4|https://act-upload.mihoyo.com/nap-obc-indep/2026/04/20/73751405/05bfa38c986d94ecb07a965660f6b3cb_5974220102414816328.jpg,EP短片壁纸合集,希希芙主题壁纸(3840x2160),1864,1690,4,4.jpg,壁纸合集\EP短片壁纸合集\希希芙主题壁纸(3840x2160)\4.jpg,https://act-upload.mihoyo.com/nap-obc-indep/2026/04/20/73751405/05bfa38c986d94ecb07a965660f6b3cb_5974220102414816328.jpg,,,
wallpapers,wallpapers|1864|1690|5|https://act-upload.mihoyo.com/nap-obc-indep/2026/04/20/73751405/1403a85867048a35f0efad395c327b2c_7945962959945458849.jpg,EP短片壁纸合集,希希芙主题壁纸(3840x2160),1864,1690,5,5.jpg,壁纸合集\EP短片壁纸合集\希希芙主题壁纸(3840x2160)\5.jpg,https://act-upload.mihoyo.com/nap-obc-indep/2026/04/20/73751405/1403a85867048a35f0efad395c327b2c_7945962959945458849.jpg,,,
wallpapers,wallpapers|1864|1690|6|https://act-upload.mihoyo.com/nap-obc-indep/2026/04/20/73751405/53bac04a8c263da255c853024c786972_3161691209717971607.jpg,EP短片壁纸合集,希希芙主题壁纸(3840x2160),1864,1690,6,6.jpg,壁纸合集\EP短片壁纸合集\希希芙主题壁纸(3840x2160)\6.jpg,https://act-upload.mihoyo.com/nap-obc-indep/2026/04/20/73751405/53bac04a8c263da255c853024c786972_3161691209717971607.jpg,,,
wallpapers,wallpapers|1864|1690|7|https://act-upload.mihoyo.com/nap-obc-indep/2026/04/20/73751405/fca2215363706aa00a906d8b92a0a75d_4004535360518860359.jpg,EP短片壁纸合集,希希芙主题壁纸(3840x2160),1864,1690,7,7.jpg,壁纸合集\EP短片壁纸合集\希希芙主题壁纸(3840x2160)\7.jpg,https://act-upload.mihoyo.com/nap-obc-indep/2026/04/20/73751405/fca2215363706aa00a906d8b92a0a75d_4004535360518860359.jpg,,,
wallpapers,wallpapers|1864|1690|8|https://act-upload.mihoyo.com/nap-obc-indep/2026/04/20/73751405/750124cb3d629c5bbd4680286e985784_5137400703169459297.jpg,EP短片壁纸合集,希希芙主题壁纸(3840x2160),1864,1690,8,8.jpg,壁纸合集\EP短片壁纸合集\希希芙主题壁纸(3840x2160)\8.jpg,https://act-upload.mihoyo.com/nap-obc-indep/2026/04/20/73751405/750124cb3d629c5bbd4680286e985784_5137400703169459297.jpg,,,
wallpapers,wallpapers|1864|1690|9|https://act-upload.mihoyo.com/nap-obc-indep/2026/04/20/73751405/f5205b023f53bfce2bd532e693876e21_1790333717172657100.jpg,EP短片壁纸合集,希希芙主题壁纸(3840x2160),1864,1690,9,9.jpg,壁纸合集\EP短片壁纸合集\希希芙主题壁纸(3840x2160)\9.jpg,https://act-upload.mihoyo.com/nap-obc-indep/2026/04/20/73751405/f5205b023f53bfce2bd532e693876e21_1790333717172657100.jpg,,,
wallpapers,wallpapers|1864|1690|10|https://act-upload.mihoyo.com/nap-obc-indep/2026/04/20/73751405/50859d5441e98f6353997c311a185a96_5971751337997437363.jpg,EP短片壁纸合集,希希芙主题壁纸(3840x2160),1864,1690,10,10.jpg,壁纸合集\EP短片壁纸合集\希希芙主题壁纸(3840x2160)\10.jpg,https://act-upload.mihoyo.com/nap-obc-indep/2026/04/20/73751405/50859d5441e98f6353997c311a185a96_5971751337997437363.jpg,,,
wallpapers,wallpapers|1864|1690|11|https://act-upload.mihoyo.com/nap-obc-indep/2026/04/20/73751405/f32af65e713628a6d5bd5d48f3270603_4022813256333345390.jpg,EP短片壁纸合集,希希芙主题壁纸(3840x2160),1864,1690,11,11.jpg,壁纸合集\EP短片壁纸合集\希希芙主题壁纸(3840x2160)\11.jpg,https://act-upload.mihoyo.com/nap-obc-indep/2026/04/20/73751405/f32af65e713628a6d5bd5d48f3270603_4022813256333345390.jpg,,,
wallpapers,wallpapers|1864|1690|12|https://act-upload.mihoyo.com/nap-obc-indep/2026/04/20/73751405/0c753a54b5931a7c4f3bc4992e6bd2fa_7924834405320723686.jpg,EP短片壁纸合集,希希芙主题壁纸(3840x2160),1864,1690,12,12.jpg,壁纸合集\EP短片壁纸合集\希希芙主题壁纸(3840x2160)\12.jpg,https://act-upload.mihoyo.com/nap-obc-indep/2026/04/20/73751405/0c753a54b5931a7c4f3bc4992e6bd2fa_7924834405320723686.jpg,,,
wallpapers,wallpapers|1864|1690|13|https://act-upload.mihoyo.com/nap-obc-indep/2026/04/20/73751405/9385a5707aad2d5b89485ec907f8898e_2041344743253734826.jpg,EP短片壁纸合集,希希芙主题壁纸(3840x2160),1864,1690,13,13.jpg,壁纸合集\EP短片壁纸合集\希希芙主题壁纸(3840x2160)\13.jpg,https://act-upload.mihoyo.com/nap-obc-indep/2026/04/20/73751405/9385a5707aad2d5b89485ec907f8898e_2041344743253734826.jpg,,,
wallpapers,wallpapers|1864|1690|14|https://act-upload.mihoyo.com/nap-obc-indep/2026/04/20/73751405/6be41c665c8134308ea5b931aaed4350_8038867400971942736.jpg,EP短片壁纸合集,希希芙主题壁纸(3840x2160),1864,1690,14,14.jpg,壁纸合集\EP短片壁纸合集\希希芙主题壁纸(3840x2160)\14.jpg,https://act-upload.mihoyo.com/nap-obc-indep/2026/04/20/73751405/6be41c665c8134308ea5b931aaed4350_8038867400971942736.jpg,,,
wallpapers,wallpapers|1864|1690|15|https://act-upload.mihoyo.com/nap-obc-indep/2026/04/20/73751405/ffd8e454d8ad07f7486899ca30fe0eed_4381173151524968991.jpg,EP短片壁纸合集,希希芙主题壁纸(3840x2160),1864,1690,15,15.jpg,壁纸合集\EP短片壁纸合集\希希芙主题壁纸(3840x2160)\15.jpg,https://act-upload.mihoyo.com/nap-obc-indep/2026/04/20/73751405/ffd8e454d8ad07f7486899ca30fe0eed_4381173151524968991.jpg,,,
wallpapers,wallpapers|1864|1690|16|https://act-upload.mihoyo.com/nap-obc-indep/2026/04/20/73751405/9a28b17d5b1e32c54e65d65fa878f6bd_6830440867682059787.jpg,EP短片壁纸合集,希希芙主题壁纸(3840x2160),1864,1690,16,16.jpg,壁纸合集\EP短片壁纸合集\希希芙主题壁纸(3840x2160)\16.jpg,https://act-upload.mihoyo.com/nap-obc-indep/2026/04/20/73751405/9a28b17d5b1e32c54e65d65fa878f6bd_6830440867682059787.jpg,,,
wallpapers,wallpapers|1864|1690|17|https://act-upload.mihoyo.com/nap-obc-indep/2026/04/20/73751405/10fcd591bb9eec0367f8880395e15ee7_5753960913489095630.jpg,EP短片壁纸合集,希希芙主题壁纸(3840x2160),1864,1690,17,17.jpg,壁纸合集\EP短片壁纸合集\希希芙主题壁纸(3840x2160)\17.jpg,https://act-upload.mihoyo.com/nap-obc-indep/2026/04/20/73751405/10fcd591bb9eec0367f8880395e15ee7_5753960913489095630.jpg,,,
wallpapers,wallpapers|1864|1690|18|https://act-upload.mihoyo.com/nap-obc-indep/2026/04/20/73751405/71aa35799b00e8e77121a47e39676ad5_7341086044741443501.jpg,EP短片壁纸合集,希希芙主题壁纸(3840x2160),1864,1690,18,18.jpg,壁纸合集\EP短片壁纸合集\希希芙主题壁纸(3840x2160)\18.jpg,https://act-upload.mihoyo.com/nap-obc-indep/2026/04/20/73751405/71aa35799b00e8e77121a47e39676ad5_7341086044741443501.jpg,,,
wallpapers,wallpapers|1864|1690|19|https://act-upload.mihoyo.com/nap-obc-indep/2026/04/20/73751405/c1374ca40ffe5dcb963d32d483331198_3132809382852365661.jpg,EP短片壁纸合集,希希芙主题壁纸(3840x2160),1864,1690,19,19.jpg,壁纸合集\EP短片壁纸合集\希希芙主题壁纸(3840x2160)\19.jpg,https://act-upload.mihoyo.com/nap-obc-indep/2026/04/20/73751405/c1374ca40ffe5dcb963d32d483331198_3132809382852365661.jpg,,,
wallpapers,wallpapers|1864|1690|20|https://act-upload.mihoyo.com/nap-obc-indep/2026/04/20/73751405/620c6926de41d22ea24020c9549cd8ca_8824264082512587229.jpg,EP短片壁纸合集,希希芙主题壁纸(3840x2160),1864,1690,20,20.jpg,壁纸合集\EP短片壁纸合集\希希芙主题壁纸(3840x2160)\20.jpg,https://act-upload.mihoyo.com/nap-obc-indep/2026/04/20/73751405/620c6926de41d22ea24020c9549cd8ca_8824264082512587229.jpg,,,
wallpapers,wallpapers|1864|1690|21|https://act-upload.mihoyo.com/nap-obc-indep/2026/04/20/73751405/8bdb39b9478465fc1b9ecb3c4f701f47_7921301075135374322.jpg,EP短片壁纸合集,希希芙主题壁纸(3840x2160),1864,1690,21,21.jpg,壁纸合集\EP短片壁纸合集\希希芙主题壁纸(3840x2160)\21.jpg,https://act-upload.mihoyo.com/nap-obc-indep/2026/04/20/73751405/8bdb39b9478465fc1b9ecb3c4f701f47_7921301075135374322.jpg,,,
wallpapers,wallpapers|1864|1690|22|https://act-upload.mihoyo.com/nap-obc-indep/2026/04/20/73751405/104346abe748568e71f6fb666ce06b5e_3123115692247771927.jpg,EP短片壁纸合集,希希芙主题壁纸(3840x2160),1864,1690,22,22.jpg,壁纸合集\EP短片壁纸合集\希希芙主题壁纸(3840x2160)\22.jpg,https://act-upload.mihoyo.com/nap-obc-indep/2026/04/20/73751405/104346abe748568e71f6fb666ce06b5e_3123115692247771927.jpg,,,
wallpapers,wallpapers|1864|1690|23|https://act-upload.mihoyo.com/nap-obc-indep/2026/04/20/73751405/adb3b356b9b965bcb5a94918b23f6b95_5099508197590375902.jpg,EP短片壁纸合集,希希芙主题壁纸(3840x2160),1864,1690,23,23.jpg,壁纸合集\EP短片壁纸合集\希希芙主题壁纸(3840x2160)\23.jpg,https://act-upload.mihoyo.com/nap-obc-indep/2026/04/20/73751405/adb3b356b9b965bcb5a94918b23f6b95_5099508197590375902.jpg,,,
wallpapers,wallpapers|1864|1690|24|https://act-upload.mihoyo.com/nap-obc-indep/2026/04/20/73751405/7fad4f4aa9a7ad83dc262dc541822900_4139402039255806911.jpg,EP短片壁纸合集,希希芙主题壁纸(3840x2160),1864,1690,24,24.jpg,壁纸合集\EP短片壁纸合集\希希芙主题壁纸(3840x2160)\24.jpg,https://act-upload.mihoyo.com/nap-obc-indep/2026/04/20/73751405/7fad4f4aa9a7ad83dc262dc541822900_4139402039255806911.jpg,,,
wallpapers,wallpapers|1864|1690|25|https://act-upload.mihoyo.com/nap-obc-indep/2026/04/20/73751405/dffed8562c0dc729bfd605c65c3b0ede_7615695466034592649.jpg,EP短片壁纸合集,希希芙主题壁纸(3840x2160),1864,1690,25,25.jpg,壁纸合集\EP短片壁纸合集\希希芙主题壁纸(3840x2160)\25.jpg,https://act-upload.mihoyo.com/nap-obc-indep/2026/04/20/73751405/dffed8562c0dc729bfd605c65c3b0ede_7615695466034592649.jpg,,,
wallpapers,wallpapers|1864|1690|26|https://act-upload.mihoyo.com/nap-obc-indep/2026/04/20/73751405/a95d349a08c15e2e135e01b846b9ab17_3376498596727604621.jpg,EP短片壁纸合集,希希芙主题壁纸(3840x2160),1864,1690,26,26.jpg,壁纸合集\EP短片壁纸合集\希希芙主题壁纸(3840x2160)\26.jpg,https://act-upload.mihoyo.com/nap-obc-indep/2026/04/20/73751405/a95d349a08c15e2e135e01b846b9ab17_3376498596727604621.jpg,,,
wallpapers,wallpapers|1864|1690|27|https://act-upload.mihoyo.com/nap-obc-indep/2026/04/20/73751405/5c2dbcc6ef78ee0ca5f5f08d7e53c2c4_6275074285634357148.jpg,EP短片壁纸合集,希希芙主题壁纸(3840x2160),1864,1690,27,27.jpg,壁纸合集\EP短片壁纸合集\希希芙主题壁纸(3840x2160)\27.jpg,https://act-upload.mihoyo.com/nap-obc-indep/2026/04/20/73751405/5c2dbcc6ef78ee0ca5f5f08d7e53c2c4_6275074285634357148.jpg,,,
wallpapers,wallpapers|1864|1690|28|https://act-upload.mihoyo.com/nap-obc-indep/2026/04/20/73751405/76fbc6cc691ba105944cd9bd55dea879_4569728101447550449.jpg,EP短片壁纸合集,希希芙主题壁纸(3840x2160),1864,1690,28,28.jpg,壁纸合集\EP短片壁纸合集\希希芙主题壁纸(3840x2160)\28.jpg,https://act-upload.mihoyo.com/nap-obc-indep/2026/04/20/73751405/76fbc6cc691ba105944cd9bd55dea879_4569728101447550449.jpg,,,
wallpapers,wallpapers|1864|1690|29|https://act-upload.mihoyo.com/nap-obc-indep/2026/04/20/73751405/df5fa53176810138208bb6161c8b1cbd_7940264967468717943.jpg,EP短片壁纸合集,希希芙主题壁纸(3840x2160),1864,1690,29,29.jpg,壁纸合集\EP短片壁纸合集\希希芙主题壁纸(3840x2160)\29.jpg,https://act-upload.mihoyo.com/nap-obc-indep/2026/04/20/73751405/df5fa53176810138208bb6161c8b1cbd_7940264967468717943.jpg,,,
wallpapers,wallpapers|1864|1690|30|https://act-upload.mihoyo.com/nap-obc-indep/2026/04/20/73751405/3b1334538b56eb5e0b2df2734f923e5f_7908969930692725434.jpg,EP短片壁纸合集,希希芙主题壁纸(3840x2160),1864,1690,30,30.jpg,壁纸合集\EP短片壁纸合集\希希芙主题壁纸(3840x2160)\30.jpg,https://act-upload.mihoyo.com/nap-obc-indep/2026/04/20/73751405/3b1334538b56eb5e0b2df2734f923e5f_7908969930692725434.jpg,,,
wallpapers,wallpapers|1864|1690|31|https://act-upload.mihoyo.com/nap-obc-indep/2026/04/20/73751405/103b85a94227ca9c51896e442edb3dc4_3469706001629375975.jpg,EP短片壁纸合集,希希芙主题壁纸(3840x2160),1864,1690,31,31.jpg,壁纸合集\EP短片壁纸合集\希希芙主题壁纸(3840x2160)\31.jpg,https://act-upload.mihoyo.com/nap-obc-indep/2026/04/20/73751405/103b85a94227ca9c51896e442edb3dc4_3469706001629375975.jpg,,,
wallpapers,wallpapers|1864|1690|32|https://act-upload.mihoyo.com/nap-obc-indep/2026/04/20/73751405/4f40db0476340ded09f015767ae2c353_8604414890831390763.jpg,EP短片壁纸合集,希希芙主题壁纸(3840x2160),1864,1690,32,32.jpg,壁纸合集\EP短片壁纸合集\希希芙主题壁纸(3840x2160)\32.jpg,https://act-upload.mihoyo.com/nap-obc-indep/2026/04/20/73751405/4f40db0476340ded09f015767ae2c353_8604414890831390763.jpg,,,
wallpapers,wallpapers|1864|1689|1|https://act-upload.mihoyo.com/nap-obc-indep/2026/04/20/73751405/4b7f5ed4ef7fcc212c8c551ab1d271fd_4081535681376108430.jpg,EP短片壁纸合集,希希芙主题壁纸(2560x1080),1864,1689,1,1.jpg,壁纸合集\EP短片壁纸合集\希希芙主题壁纸(2560x1080)\1.jpg,https://act-upload.mihoyo.com/nap-obc-indep/2026/04/20/73751405/4b7f5ed4ef7fcc212c8c551ab1d271fd_4081535681376108430.jpg,,,
wallpapers,wallpapers|1864|1689|2|https://act-upload.mihoyo.com/nap-obc-indep/2026/04/20/73751405/1e57294fb969b7c182bdd0dc9b81e02b_8571640091183601299.jpg,EP短片壁纸合集,希希芙主题壁纸(2560x1080),1864,1689,2,2.jpg,壁纸合集\EP短片壁纸合集\希希芙主题壁纸(2560x1080)\2.jpg,https://act-upload.mihoyo.com/nap-obc-indep/2026/04/20/73751405/1e57294fb969b7c182bdd0dc9b81e02b_8571640091183601299.jpg,,,
wallpapers,wallpapers|1864|1689|3|https://act-upload.mihoyo.com/nap-obc-indep/2026/04/20/73751405/aa5b9d1b5c15a6fd320e5b66b67c99a9_3853386643014202956.jpg,EP短片壁纸合集,希希芙主题壁纸(2560x1080),1864,1689,3,3.jpg,壁纸合集\EP短片壁纸合集\希希芙主题壁纸(2560x1080)\3.jpg,https://act-upload.mihoyo.com/nap-obc-indep/2026/04/20/73751405/aa5b9d1b5c15a6fd320e5b66b67c99a9_3853386643014202956.jpg,,,
wallpapers,wallpapers|1864|1689|4|https://act-upload.mihoyo.com/nap-obc-indep/2026/04/20/73751405/a530b42e65bfd90907a0d6b2699404ae_5589887455271638850.jpg,EP短片壁纸合集,希希芙主题壁纸(2560x1080),1864,1689,4,4.jpg,壁纸合集\EP短片壁纸合集\希希芙主题壁纸(2560x1080)\4.jpg,https://act-upload.mihoyo.com/nap-obc-indep/2026/04/20/73751405/a530b42e65bfd90907a0d6b2699404ae_5589887455271638850.jpg,,,
wallpapers,wallpapers|1864|1689|5|https://act-upload.mihoyo.com/nap-obc-indep/2026/04/20/73751405/892d8158d17f2144fb049a859c5bef52_3845911354029482241.jpg,EP短片壁纸合集,希希芙主题壁纸(2560x1080),1864,1689,5,5.jpg,壁纸合集\EP短片壁纸合集\希希芙主题壁纸(2560x1080)\5.jpg,https://act-upload.mihoyo.com/nap-obc-indep/2026/04/20/73751405/892d8158d17f2144fb049a859c5bef52_3845911354029482241.jpg,,,
wallpapers,wallpapers|1864|1689|6|https://act-upload.mihoyo.com/nap-obc-indep/2026/04/20/73751405/8d3e6df17cd6beb200eced6e03f5b833_8405467718409085817.jpg,EP短片壁纸合集,希希芙主题壁纸(2560x1080),1864,1689,6,6.jpg,壁纸合集\EP短片壁纸合集\希希芙主题壁纸(2560x1080)\6.jpg,https://act-upload.mihoyo.com/nap-obc-indep/2026/04/20/73751405/8d3e6df17cd6beb200eced6e03f5b833_8405467718409085817.jpg,,,
wallpapers,wallpapers|1864|1689|7|https://act-upload.mihoyo.com/nap-obc-indep/2026/04/20/73751405/5f094c368d5cb3f2e7941e28ca248f0e_341064662586911485.jpg,EP短片壁纸合集,希希芙主题壁纸(2560x1080),1864,1689,7,7.jpg,壁纸合集\EP短片壁纸合集\希希芙主题壁纸(2560x1080)\7.jpg,https://act-upload.mihoyo.com/nap-obc-indep/2026/04/20/73751405/5f094c368d5cb3f2e7941e28ca248f0e_341064662586911485.jpg,,,
wallpapers,wallpapers|1864|1689|8|https://act-upload.mihoyo.com/nap-obc-indep/2026/04/20/73751405/00ad789c3a26c5c211fc3c93d3d34098_961715773459258636.jpg,EP短片壁纸合集,希希芙主题壁纸(2560x1080),1864,1689,8,8.jpg,壁纸合集\EP短片壁纸合集\希希芙主题壁纸(2560x1080)\8.jpg,https://act-upload.mihoyo.com/nap-obc-indep/2026/04/20/73751405/00ad789c3a26c5c211fc3c93d3d34098_961715773459258636.jpg,,,
wallpapers,wallpapers|1864|1689|9|https://act-upload.mihoyo.com/nap-obc-indep/2026/04/20/73751405/da589830d4783595470776026a7e14fb_8621862884028015334.jpg,EP短片壁纸合集,希希芙主题壁纸(2560x1080),1864,1689,9,9.jpg,壁纸合集\EP短片壁纸合集\希希芙主题壁纸(2560x1080)\9.jpg,https://act-upload.mihoyo.com/nap-obc-indep/2026/04/20/73751405/da589830d4783595470776026a7e14fb_8621862884028015334.jpg,,,
wallpapers,wallpapers|1864|1689|10|https://act-upload.mihoyo.com/nap-obc-indep/2026/04/20/73751405/234c780b77e7cc762e0ae02e1c9bfebc_3225775545777111507.jpg,EP短片壁纸合集,希希芙主题壁纸(2560x1080),1864,1689,10,10.jpg,壁纸合集\EP短片壁纸合集\希希芙主题壁纸(2560x1080)\10.jpg,https://act-upload.mihoyo.com/nap-obc-indep/2026/04/20/73751405/234c780b77e7cc762e0ae02e1c9bfebc_3225775545777111507.jpg,,,
wallpapers,wallpapers|1864|1689|11|https://act-upload.mihoyo.com/nap-obc-indep/2026/04/20/73751405/c9852fd63b49cdaee16d0b24ebacfbeb_8685398286340482735.jpg,EP短片壁纸合集,希希芙主题壁纸(2560x1080),1864,1689,11,11.jpg,壁纸合集\EP短片壁纸合集\希希芙主题壁纸(2560x1080)\11.jpg,https://act-upload.mihoyo.com/nap-obc-indep/2026/04/20/73751405/c9852fd63b49cdaee16d0b24ebacfbeb_8685398286340482735.jpg,,,
wallpapers,wallpapers|1864|1689|12|https://act-upload.mihoyo.com/nap-obc-indep/2026/04/20/73751405/b0264ce0752460157e3e86340b6ff0d0_5607790090113217599.jpg,EP短片壁纸合集,希希芙主题壁纸(2560x1080),1864,1689,12,12.jpg,壁纸合集\EP短片壁纸合集\希希芙主题壁纸(2560x1080)\12.jpg,https://act-upload.mihoyo.com/nap-obc-indep/2026/04/20/73751405/b0264ce0752460157e3e86340b6ff0d0_5607790090113217599.jpg,,,
wallpapers,wallpapers|1864|1689|13|https://act-upload.mihoyo.com/nap-obc-indep/2026/04/20/73751405/819b831506b5b1b5526d992abfc4e6fd_6811276937475057643.jpg,EP短片壁纸合集,希希芙主题壁纸(2560x1080),1864,1689,13,13.jpg,壁纸合集\EP短片壁纸合集\希希芙主题壁纸(2560x1080)\13.jpg,https://act-upload.mihoyo.com/nap-obc-indep/2026/04/20/73751405/819b831506b5b1b5526d992abfc4e6fd_6811276937475057643.jpg,,,
wallpapers,wallpapers|1864|1689|14|https://act-upload.mihoyo.com/nap-obc-indep/2026/04/20/73751405/e0558fb58aabe67f0db3c92c280d049d_6941556327587829692.jpg,EP短片壁纸合集,希希芙主题壁纸(2560x1080),1864,1689,14,14.jpg,壁纸合集\EP短片壁纸合集\希希芙主题壁纸(2560x1080)\14.jpg,https://act-upload.mihoyo.com/nap-obc-indep/2026/04/20/73751405/e0558fb58aabe67f0db3c92c280d049d_6941556327587829692.jpg,,,
wallpapers,wallpapers|1864|1689|15|https://act-upload.mihoyo.com/nap-obc-indep/2026/04/20/73751405/927bf03d5fe348fa7d202ad3b1c7ff75_4749030215891808833.jpg,EP短片壁纸合集,希希芙主题壁纸(2560x1080),1864,1689,15,15.jpg,壁纸合集\EP短片壁纸合集\希希芙主题壁纸(2560x1080)\15.jpg,https://act-upload.mihoyo.com/nap-obc-indep/2026/04/20/73751405/927bf03d5fe348fa7d202ad3b1c7ff75_4749030215891808833.jpg,,,
wallpapers,wallpapers|1864|1689|16|https://act-upload.mihoyo.com/nap-obc-indep/2026/04/20/73751405/3a046dff2003f154fab2bad43036ee3c_1536307658140234073.jpg,EP短片壁纸合集,希希芙主题壁纸(2560x1080),1864,1689,16,16.jpg,壁纸合集\EP短片壁纸合集\希希芙主题壁纸(2560x1080)\16.jpg,https://act-upload.mihoyo.com/nap-obc-indep/2026/04/20/73751405/3a046dff2003f154fab2bad43036ee3c_1536307658140234073.jpg,,,
wallpapers,wallpapers|1864|1689|17|https://act-upload.mihoyo.com/nap-obc-indep/2026/04/20/73751405/60db5b0738726ae53f64229df552bee2_2979431648234083432.jpg,EP短片壁纸合集,希希芙主题壁纸(2560x1080),1864,1689,17,17.jpg,壁纸合集\EP短片壁纸合集\希希芙主题壁纸(2560x1080)\17.jpg,https://act-upload.mihoyo.com/nap-obc-indep/2026/04/20/73751405/60db5b0738726ae53f64229df552bee2_2979431648234083432.jpg,,,
wallpapers,wallpapers|1864|1689|18|https://act-upload.mihoyo.com/nap-obc-indep/2026/04/20/73751405/46c6525d5d756ec51e81c6fb96a15a90_2891581899992472242.jpg,EP短片壁纸合集,希希芙主题壁纸(2560x1080),1864,1689,18,18.jpg,壁纸合集\EP短片壁纸合集\希希芙主题壁纸(2560x1080)\18.jpg,https://act-upload.mihoyo.com/nap-obc-indep/2026/04/20/73751405/46c6525d5d756ec51e81c6fb96a15a90_2891581899992472242.jpg,,,
wallpapers,wallpapers|1864|1689|19|https://act-upload.mihoyo.com/nap-obc-indep/2026/04/20/73751405/24d27c98b14f8755bf06dcb456d0edeb_8731667871512145561.jpg,EP短片壁纸合集,希希芙主题壁纸(2560x1080),1864,1689,19,19.jpg,壁纸合集\EP短片壁纸合集\希希芙主题壁纸(2560x1080)\19.jpg,https://act-upload.mihoyo.com/nap-obc-indep/2026/04/20/73751405/24d27c98b14f8755bf06dcb456d0edeb_8731667871512145561.jpg,,,
wallpapers,wallpapers|1864|1689|20|https://act-upload.mihoyo.com/nap-obc-indep/2026/04/20/73751405/da046e955224b91ec444fedc8cbaa3cb_5488009656286484427.jpg,EP短片壁纸合集,希希芙主题壁纸(2560x1080),1864,1689,20,20.jpg,壁纸合集\EP短片壁纸合集\希希芙主题壁纸(2560x1080)\20.jpg,https://act-upload.mihoyo.com/nap-obc-indep/2026/04/20/73751405/da046e955224b91ec444fedc8cbaa3cb_5488009656286484427.jpg,,,
wallpapers,wallpapers|1864|1689|21|https://act-upload.mihoyo.com/nap-obc-indep/2026/04/20/73751405/dbdc512fea576b7d5e520ed680a1b4bd_6304666971321593140.jpg,EP短片壁纸合集,希希芙主题壁纸(2560x1080),1864,1689,21,21.jpg,壁纸合集\EP短片壁纸合集\希希芙主题壁纸(2560x1080)\21.jpg,https://act-upload.mihoyo.com/nap-obc-indep/2026/04/20/73751405/dbdc512fea576b7d5e520ed680a1b4bd_6304666971321593140.jpg,,,
wallpapers,wallpapers|1864|1689|22|https://act-upload.mihoyo.com/nap-obc-indep/2026/04/20/73751405/972cc8d3e74dc382d2e34aeba9478872_5255873217000906771.jpg,EP短片壁纸合集,希希芙主题壁纸(2560x1080),1864,1689,22,22.jpg,壁纸合集\EP短片壁纸合集\希希芙主题壁纸(2560x1080)\22.jpg,https://act-upload.mihoyo.com/nap-obc-indep/2026/04/20/73751405/972cc8d3e74dc382d2e34aeba9478872_5255873217000906771.jpg,,,
wallpapers,wallpapers|1864|1689|23|https://act-upload.mihoyo.com/nap-obc-indep/2026/04/20/73751405/29ee1b4c02363456d2ccd7dc3b5133ec_4604824765388095443.jpg,EP短片壁纸合集,希希芙主题壁纸(2560x1080),1864,1689,23,23.jpg,壁纸合集\EP短片壁纸合集\希希芙主题壁纸(2560x1080)\23.jpg,https://act-upload.mihoyo.com/nap-obc-indep/2026/04/20/73751405/29ee1b4c02363456d2ccd7dc3b5133ec_4604824765388095443.jpg,,,
wallpapers,wallpapers|1864|1689|24|https://act-upload.mihoyo.com/nap-obc-indep/2026/04/20/73751405/7a460a992530a8624ccaed6424a782d5_4792958215639154531.jpg,EP短片壁纸合集,希希芙主题壁纸(2560x1080),1864,1689,24,24.jpg,壁纸合集\EP短片壁纸合集\希希芙主题壁纸(2560x1080)\24.jpg,https://act-upload.mihoyo.com/nap-obc-indep/2026/04/20/73751405/7a460a992530a8624ccaed6424a782d5_4792958215639154531.jpg,,,
wallpapers,wallpapers|1864|1689|25|https://act-upload.mihoyo.com/nap-obc-indep/2026/04/20/73751405/628bedb9816be681923f5c6a8c333860_3848653212958870185.jpg,EP短片壁纸合集,希希芙主题壁纸(2560x1080),1864,1689,25,25.jpg,壁纸合集\EP短片壁纸合集\希希芙主题壁纸(2560x1080)\25.jpg,https://act-upload.mihoyo.com/nap-obc-indep/2026/04/20/73751405/628bedb9816be681923f5c6a8c333860_3848653212958870185.jpg,,,
wallpapers,wallpapers|1864|1689|26|https://act-upload.mihoyo.com/nap-obc-indep/2026/04/20/73751405/9b1354caac2b45e430f4dd263c1a90b0_4845155435889888167.jpg,EP短片壁纸合集,希希芙主题壁纸(2560x1080),1864,1689,26,26.jpg,壁纸合集\EP短片壁纸合集\希希芙主题壁纸(2560x1080)\26.jpg,https://act-upload.mihoyo.com/nap-obc-indep/2026/04/20/73751405/9b1354caac2b45e430f4dd263c1a90b0_4845155435889888167.jpg,,,
wallpapers,wallpapers|1864|1689|27|https://act-upload.mihoyo.com/nap-obc-indep/2026/04/20/73751405/b01fac138f10d4c0edacd1ed5d9a0444_993823152348100813.jpg,EP短片壁纸合集,希希芙主题壁纸(2560x1080),1864,1689,27,27.jpg,壁纸合集\EP短片壁纸合集\希希芙主题壁纸(2560x1080)\27.jpg,https://act-upload.mihoyo.com/nap-obc-indep/2026/04/20/73751405/b01fac138f10d4c0edacd1ed5d9a0444_993823152348100813.jpg,,,
wallpapers,wallpapers|1864|1689|28|https://act-upload.mihoyo.com/nap-obc-indep/2026/04/20/73751405/4b65bff1adc4fa1fba97023ee8da85a5_230292780516606368.jpg,EP短片壁纸合集,希希芙主题壁纸(2560x1080),1864,1689,28,28.jpg,壁纸合集\EP短片壁纸合集\希希芙主题壁纸(2560x1080)\28.jpg,https://act-upload.mihoyo.com/nap-obc-indep/2026/04/20/73751405/4b65bff1adc4fa1fba97023ee8da85a5_230292780516606368.jpg,,,
wallpapers,wallpapers|1864|1689|29|https://act-upload.mihoyo.com/nap-obc-indep/2026/04/20/73751405/cac689e9ebfa8df8f08ed79029c2af29_5852687189673730618.jpg,EP短片壁纸合集,希希芙主题壁纸(2560x1080),1864,1689,29,29.jpg,壁纸合集\EP短片壁纸合集\希希芙主题壁纸(2560x1080)\29.jpg,https://act-upload.mihoyo.com/nap-obc-indep/2026/04/20/73751405/cac689e9ebfa8df8f08ed79029c2af29_5852687189673730618.jpg,,,
wallpapers,wallpapers|1864|1689|30|https://act-upload.mihoyo.com/nap-obc-indep/2026/04/20/73751405/dbaca6604c9cf98be8985e19d50e46d7_4304612674265479570.jpg,EP短片壁纸合集,希希芙主题壁纸(2560x1080),1864,1689,30,30.jpg,壁纸合集\EP短片壁纸合集\希希芙主题壁纸(2560x1080)\30.jpg,https://act-upload.mihoyo.com/nap-obc-indep/2026/04/20/73751405/dbaca6604c9cf98be8985e19d50e46d7_4304612674265479570.jpg,,,
wallpapers,wallpapers|1864|1689|31|https://act-upload.mihoyo.com/nap-obc-indep/2026/04/20/73751405/de6bf9ae9ccd7b2f22eefffbe87cbbca_9062325248898704519.jpg,EP短片壁纸合集,希希芙主题壁纸(2560x1080),1864,1689,31,31.jpg,壁纸合集\EP短片壁纸合集\希希芙主题壁纸(2560x1080)\31.jpg,https://act-upload.mihoyo.com/nap-obc-indep/2026/04/20/73751405/de6bf9ae9ccd7b2f22eefffbe87cbbca_9062325248898704519.jpg,,,
wallpapers,wallpapers|1864|1689|32|https://act-upload.mihoyo.com/nap-obc-indep/2026/04/20/73751405/3fbd5826bf47a4c0babf40392495772d_6222097428689338003.jpg,EP短片壁纸合集,希希芙主题壁纸(2560x1080),1864,1689,32,32.jpg,壁纸合集\EP短片壁纸合集\希希芙主题壁纸(2560x1080)\32.jpg,https://act-upload.mihoyo.com/nap-obc-indep/2026/04/20/73751405/3fbd5826bf47a4c0babf40392495772d_6222097428689338003.jpg,,,
wallpapers,wallpapers|1864|1678|1|https://act-upload.mihoyo.com/nap-obc-indep/2026/03/31/73751405/d35f9105957fd17314764e75f2933cba_2555911062435431268.jpg,EP短片壁纸合集,南宫羽主题壁纸(3840x2160),1864,1678,1,1.jpg,壁纸合集\EP短片壁纸合集\南宫羽主题壁纸(3840x2160)\1.jpg,https://act-upload.mihoyo.com/nap-obc-indep/2026/03/31/73751405/d35f9105957fd17314764e75f2933cba_2555911062435431268.jpg,,,
wallpapers,wallpapers|1864|1678|2|https://act-upload.mihoyo.com/nap-obc-indep/2026/03/31/73751405/22ed6c4fc69a27fa3f9f397f83863a97_7438944239789462905.jpg,EP短片壁纸合集,南宫羽主题壁纸(3840x2160),1864,1678,2,2.jpg,壁纸合集\EP短片壁纸合集\南宫羽主题壁纸(3840x2160)\2.jpg,https://act-upload.mihoyo.com/nap-obc-indep/2026/03/31/73751405/22ed6c4fc69a27fa3f9f397f83863a97_7438944239789462905.jpg,,,
wallpapers,wallpapers|1864|1678|3|https://act-upload.mihoyo.com/nap-obc-indep/2026/03/31/73751405/1b5bfc76bbedf7aae1330d7d41b8bf31_1641806365116459365.jpg,EP短片壁纸合集,南宫羽主题壁纸(3840x2160),1864,1678,3,3.jpg,壁纸合集\EP短片壁纸合集\南宫羽主题壁纸(3840x2160)\3.jpg,https://act-upload.mihoyo.com/nap-obc-indep/2026/03/31/73751405/1b5bfc76bbedf7aae1330d7d41b8bf31_1641806365116459365.jpg,,,
wallpapers,wallpapers|1864|1678|4|https://act-upload.mihoyo.com/nap-obc-indep/2026/03/31/73751405/14d90f4c3b5123e46eb6d625af6158ee_7355382255020676275.jpg,EP短片壁纸合集,南宫羽主题壁纸(3840x2160),1864,1678,4,4.jpg,壁纸合集\EP短片壁纸合集\南宫羽主题壁纸(3840x2160)\4.jpg,https://act-upload.mihoyo.com/nap-obc-indep/2026/03/31/73751405/14d90f4c3b5123e46eb6d625af6158ee_7355382255020676275.jpg,,,
wallpapers,wallpapers|1864|1678|5|https://act-upload.mihoyo.com/nap-obc-indep/2026/03/31/73751405/b0a6e3611f5f5160e21c4b059bb98b39_6539410291192063268.jpg,EP短片壁纸合集,南宫羽主题壁纸(3840x2160),1864,1678,5,5.jpg,壁纸合集\EP短片壁纸合集\南宫羽主题壁纸(3840x2160)\5.jpg,https://act-upload.mihoyo.com/nap-obc-indep/2026/03/31/73751405/b0a6e3611f5f5160e21c4b059bb98b39_6539410291192063268.jpg,,,
wallpapers,wallpapers|1864|1678|6|https://act-upload.mihoyo.com/nap-obc-indep/2026/03/31/73751405/e2126534fbe09468eb1ffb80086b8110_5695095021307197307.jpg,EP短片壁纸合集,南宫羽主题壁纸(3840x2160),1864,1678,6,6.jpg,壁纸合集\EP短片壁纸合集\南宫羽主题壁纸(3840x2160)\6.jpg,https://act-upload.mihoyo.com/nap-obc-indep/2026/03/31/73751405/e2126534fbe09468eb1ffb80086b8110_5695095021307197307.jpg,,,
wallpapers,wallpapers|1864|1678|7|https://act-upload.mihoyo.com/nap-obc-indep/2026/03/31/73751405/0481b684a682aaa0a9ad75b5221b9f24_1488776061210615183.jpg,EP短片壁纸合集,南宫羽主题壁纸(3840x2160),1864,1678,7,7.jpg,壁纸合集\EP短片壁纸合集\南宫羽主题壁纸(3840x2160)\7.jpg,https://act-upload.mihoyo.com/nap-obc-indep/2026/03/31/73751405/0481b684a682aaa0a9ad75b5221b9f24_1488776061210615183.jpg,,,
wallpapers,wallpapers|1864|1678|8|https://act-upload.mihoyo.com/nap-obc-indep/2026/03/31/73751405/b5480964409aeef0529013120deb909c_5379942488435925270.jpg,EP短片壁纸合集,南宫羽主题壁纸(3840x2160),1864,1678,8,8.jpg,壁纸合集\EP短片壁纸合集\南宫羽主题壁纸(3840x2160)\8.jpg,https://act-upload.mihoyo.com/nap-obc-indep/2026/03/31/73751405/b5480964409aeef0529013120deb909c_5379942488435925270.jpg,,,
wallpapers,wallpapers|1864|1678|9|https://act-upload.mihoyo.com/nap-obc-indep/2026/03/31/73751405/96301445d9831e5de69e0389ad9c2019_8711519644752697201.jpg,EP短片壁纸合集,南宫羽主题壁纸(3840x2160),1864,1678,9,9.jpg,壁纸合集\EP短片壁纸合集\南宫羽主题壁纸(3840x2160)\9.jpg,https://act-upload.mihoyo.com/nap-obc-indep/2026/03/31/73751405/96301445d9831e5de69e0389ad9c2019_8711519644752697201.jpg,,,
wallpapers,wallpapers|1864|1678|10|https://act-upload.mihoyo.com/nap-obc-indep/2026/03/31/73751405/2befe29becc339b07fdf66ba4a85db45_7581804755559533965.jpg,EP短片壁纸合集,南宫羽主题壁纸(3840x2160),1864,1678,10,10.jpg,壁纸合集\EP短片壁纸合集\南宫羽主题壁纸(3840x2160)\10.jpg,https://act-upload.mihoyo.com/nap-obc-indep/2026/03/31/73751405/2befe29becc339b07fdf66ba4a85db45_7581804755559533965.jpg,,,
wallpapers,wallpapers|1864|1678|11|https://act-upload.mihoyo.com/nap-obc-indep/2026/03/31/73751405/b5159875bd864aec5ed25652a84d57df_8475787665811712285.jpg,EP短片壁纸合集,南宫羽主题壁纸(3840x2160),1864,1678,11,11.jpg,壁纸合集\EP短片壁纸合集\南宫羽主题壁纸(3840x2160)\11.jpg,https://act-upload.mihoyo.com/nap-obc-indep/2026/03/31/73751405/b5159875bd864aec5ed25652a84d57df_8475787665811712285.jpg,,,
wallpapers,wallpapers|1864|1678|12|https://act-upload.mihoyo.com/nap-obc-indep/2026/03/31/73751405/6c16d8e45440bc99d656e3d43bfb2d07_8390951327823286246.jpg,EP短片壁纸合集,南宫羽主题壁纸(3840x2160),1864,1678,12,12.jpg,壁纸合集\EP短片壁纸合集\南宫羽主题壁纸(3840x2160)\12.jpg,https://act-upload.mihoyo.com/nap-obc-indep/2026/03/31/73751405/6c16d8e45440bc99d656e3d43bfb2d07_8390951327823286246.jpg,,,
wallpapers,wallpapers|1864|1678|13|https://act-upload.mihoyo.com/nap-obc-indep/2026/03/31/73751405/38c9018376e2af3dd024e8564b95fe6e_6370605318734822017.jpg,EP短片壁纸合集,南宫羽主题壁纸(3840x2160),1864,1678,13,13.jpg,壁纸合集\EP短片壁纸合集\南宫羽主题壁纸(3840x2160)\13.jpg,https://act-upload.mihoyo.com/nap-obc-indep/2026/03/31/73751405/38c9018376e2af3dd024e8564b95fe6e_6370605318734822017.jpg,,,
wallpapers,wallpapers|1864|1678|14|https://act-upload.mihoyo.com/nap-obc-indep/2026/03/31/73751405/a7d9bee6397e3aab8bd1c35028ffd306_7080054809109415637.jpg,EP短片壁纸合集,南宫羽主题壁纸(3840x2160),1864,1678,14,14.jpg,壁纸合集\EP短片壁纸合集\南宫羽主题壁纸(3840x2160)\14.jpg,https://act-upload.mihoyo.com/nap-obc-indep/2026/03/31/73751405/a7d9bee6397e3aab8bd1c35028ffd306_7080054809109415637.jpg,,,
wallpapers,wallpapers|1864|1678|15|https://act-upload.mihoyo.com/nap-obc-indep/2026/03/31/73751405/ae693641d5d9704e48ea70e34649a1e1_5523380890797604283.jpg,EP短片壁纸合集,南宫羽主题壁纸(3840x2160),1864,1678,15,15.jpg,壁纸合集\EP短片壁纸合集\南宫羽主题壁纸(3840x2160)\15.jpg,https://act-upload.mihoyo.com/nap-obc-indep/2026/03/31/73751405/ae693641d5d9704e48ea70e34649a1e1_5523380890797604283.jpg,,,
wallpapers,wallpapers|1864|1678|16|https://act-upload.mihoyo.com/nap-obc-indep/2026/03/31/73751405/089b5f4c3f7fa8eb71fcf557347c6058_5303001247846667076.jpg,EP短片壁纸合集,南宫羽主题壁纸(3840x2160),1864,1678,16,16.jpg,壁纸合集\EP短片壁纸合集\南宫羽主题壁纸(3840x2160)\16.jpg,https://act-upload.mihoyo.com/nap-obc-indep/2026/03/31/73751405/089b5f4c3f7fa8eb71fcf557347c6058_5303001247846667076.jpg,,,
wallpapers,wallpapers|1864|1678|17|https://act-upload.mihoyo.com/nap-obc-indep/2026/03/31/73751405/329aea800761019a3e7602ec19d313fe_5906425660006276131.jpg,EP短片壁纸合集,南宫羽主题壁纸(3840x2160),1864,1678,17,17.jpg,壁纸合集\EP短片壁纸合集\南宫羽主题壁纸(3840x2160)\17.jpg,https://act-upload.mihoyo.com/nap-obc-indep/2026/03/31/73751405/329aea800761019a3e7602ec19d313fe_5906425660006276131.jpg,,,
wallpapers,wallpapers|1864|1678|18|https://act-upload.mihoyo.com/nap-obc-indep/2026/03/31/73751405/9720529c3c1ecb930686eb7eed723b1c_2836379473070904943.jpg,EP短片壁纸合集,南宫羽主题壁纸(3840x2160),1864,1678,18,18.jpg,壁纸合集\EP短片壁纸合集\南宫羽主题壁纸(3840x2160)\18.jpg,https://act-upload.mihoyo.com/nap-obc-indep/2026/03/31/73751405/9720529c3c1ecb930686eb7eed723b1c_2836379473070904943.jpg,,,
wallpapers,wallpapers|1864|1678|19|https://act-upload.mihoyo.com/nap-obc-indep/2026/03/31/73751405/bd8f2952f23bdfeb648385b2f226b509_3122785800126196682.jpg,EP短片壁纸合集,南宫羽主题壁纸(3840x2160),1864,1678,19,19.jpg,壁纸合集\EP短片壁纸合集\南宫羽主题壁纸(3840x2160)\19.jpg,https://act-upload.mihoyo.com/nap-obc-indep/2026/03/31/73751405/bd8f2952f23bdfeb648385b2f226b509_3122785800126196682.jpg,,,
wallpapers,wallpapers|1864|1678|20|https://act-upload.mihoyo.com/nap-obc-indep/2026/03/31/73751405/b22604ca3efe94efdfa505dc97410cbe_401813787627991691.jpg,EP短片壁纸合集,南宫羽主题壁纸(3840x2160),1864,1678,20,20.jpg,壁纸合集\EP短片壁纸合集\南宫羽主题壁纸(3840x2160)\20.jpg,https://act-upload.mihoyo.com/nap-obc-indep/2026/03/31/73751405/b22604ca3efe94efdfa505dc97410cbe_401813787627991691.jpg,,,
wallpapers,wallpapers|1864|1678|21|https://act-upload.mihoyo.com/nap-obc-indep/2026/03/31/73751405/dbb3d29bdf783b8bfe593f93a779396f_2515822143140674893.jpg,EP短片壁纸合集,南宫羽主题壁纸(3840x2160),1864,1678,21,21.jpg,壁纸合集\EP短片壁纸合集\南宫羽主题壁纸(3840x2160)\21.jpg,https://act-upload.mihoyo.com/nap-obc-indep/2026/03/31/73751405/dbb3d29bdf783b8bfe593f93a779396f_2515822143140674893.jpg,,,
wallpapers,wallpapers|1864|1678|22|https://act-upload.mihoyo.com/nap-obc-indep/2026/03/31/73751405/b95ba807e74095b00d954ef78b5304dc_3054761397878266435.jpg,EP短片壁纸合集,南宫羽主题壁纸(3840x2160),1864,1678,22,22.jpg,壁纸合集\EP短片壁纸合集\南宫羽主题壁纸(3840x2160)\22.jpg,https://act-upload.mihoyo.com/nap-obc-indep/2026/03/31/73751405/b95ba807e74095b00d954ef78b5304dc_3054761397878266435.jpg,,,
wallpapers,wallpapers|1864|1678|23|https://act-upload.mihoyo.com/nap-obc-indep/2026/03/31/73751405/3ea961c72e61121760892477737b2504_1096928325909921862.jpg,EP短片壁纸合集,南宫羽主题壁纸(3840x2160),1864,1678,23,23.jpg,壁纸合集\EP短片壁纸合集\南宫羽主题壁纸(3840x2160)\23.jpg,https://act-upload.mihoyo.com/nap-obc-indep/2026/03/31/73751405/3ea961c72e61121760892477737b2504_1096928325909921862.jpg,,,
wallpapers,wallpapers|1864|1678|24|https://act-upload.mihoyo.com/nap-obc-indep/2026/03/31/73751405/50d4e72aea1ae69ec2ed977fd934bf14_7817890781467241181.jpg,EP短片壁纸合集,南宫羽主题壁纸(3840x2160),1864,1678,24,24.jpg,壁纸合集\EP短片壁纸合集\南宫羽主题壁纸(3840x2160)\24.jpg,https://act-upload.mihoyo.com/nap-obc-indep/2026/03/31/73751405/50d4e72aea1ae69ec2ed977fd934bf14_7817890781467241181.jpg,,,
wallpapers,wallpapers|1864|1678|25|https://act-upload.mihoyo.com/nap-obc-indep/2026/03/31/73751405/dedbd2c4b97d4065895bd50d15e96945_6545796456743255752.jpg,EP短片壁纸合集,南宫羽主题壁纸(3840x2160),1864,1678,25,25.jpg,壁纸合集\EP短片壁纸合集\南宫羽主题壁纸(3840x2160)\25.jpg,https://act-upload.mihoyo.com/nap-obc-indep/2026/03/31/73751405/dedbd2c4b97d4065895bd50d15e96945_6545796456743255752.jpg,,,
wallpapers,wallpapers|1864|1678|26|https://act-upload.mihoyo.com/nap-obc-indep/2026/03/31/73751405/a9a66a84fd7b90d15b6fa15c15dffc1f_264017643146843263.jpg,EP短片壁纸合集,南宫羽主题壁纸(3840x2160),1864,1678,26,26.jpg,壁纸合集\EP短片壁纸合集\南宫羽主题壁纸(3840x2160)\26.jpg,https://act-upload.mihoyo.com/nap-obc-indep/2026/03/31/73751405/a9a66a84fd7b90d15b6fa15c15dffc1f_264017643146843263.jpg,,,
wallpapers,wallpapers|1864|1678|27|https://act-upload.mihoyo.com/nap-obc-indep/2026/03/31/73751405/ba892de4be82b47b237517c882ce8366_4609960510432810300.jpg,EP短片壁纸合集,南宫羽主题壁纸(3840x2160),1864,1678,27,27.jpg,壁纸合集\EP短片壁纸合集\南宫羽主题壁纸(3840x2160)\27.jpg,https://act-upload.mihoyo.com/nap-obc-indep/2026/03/31/73751405/ba892de4be82b47b237517c882ce8366_4609960510432810300.jpg,,,
wallpapers,wallpapers|1864|1678|28|https://act-upload.mihoyo.com/nap-obc-indep/2026/03/31/73751405/a7f91ffc27da0ba3e31f1ae19cae1988_886373168942584399.jpg,EP短片壁纸合集,南宫羽主题壁纸(3840x2160),1864,1678,28,28.jpg,壁纸合集\EP短片壁纸合集\南宫羽主题壁纸(3840x2160)\28.jpg,https://act-upload.mihoyo.com/nap-obc-indep/2026/03/31/73751405/a7f91ffc27da0ba3e31f1ae19cae1988_886373168942584399.jpg,,,
wallpapers,wallpapers|1864|1678|29|https://act-upload.mihoyo.com/nap-obc-indep/2026/03/31/73751405/2dcf285f15c5668de90e329655afc64a_1911233286888621656.jpg,EP短片壁纸合集,南宫羽主题壁纸(3840x2160),1864,1678,29,29.jpg,壁纸合集\EP短片壁纸合集\南宫羽主题壁纸(3840x2160)\29.jpg,https://act-upload.mihoyo.com/nap-obc-indep/2026/03/31/73751405/2dcf285f15c5668de90e329655afc64a_1911233286888621656.jpg,,,
wallpapers,wallpapers|1864|1678|30|https://act-upload.mihoyo.com/nap-obc-indep/2026/03/31/73751405/f00b8f2f37ee455d2e8dfdb3927f54f3_1025326637939982551.jpg,EP短片壁纸合集,南宫羽主题壁纸(3840x2160),1864,1678,30,30.jpg,壁纸合集\EP短片壁纸合集\南宫羽主题壁纸(3840x2160)\30.jpg,https://act-upload.mihoyo.com/nap-obc-indep/2026/03/31/73751405/f00b8f2f37ee455d2e8dfdb3927f54f3_1025326637939982551.jpg,,,
wallpapers,wallpapers|1864|1678|31|https://act-upload.mihoyo.com/nap-obc-indep/2026/03/31/73751405/bac7ae1355a70c3d17922cce4c1d7431_4660423041044399761.jpg,EP短片壁纸合集,南宫羽主题壁纸(3840x2160),1864,1678,31,31.jpg,壁纸合集\EP短片壁纸合集\南宫羽主题壁纸(3840x2160)\31.jpg,https://act-upload.mihoyo.com/nap-obc-indep/2026/03/31/73751405/bac7ae1355a70c3d17922cce4c1d7431_4660423041044399761.jpg,,,
wallpapers,wallpapers|1864|1677|1|https://act-upload.mihoyo.com/nap-obc-indep/2026/03/31/73751405/af524976c653c79bcb41a8528193bfc6_6987053244410453395.jpg,EP短片壁纸合集,南宫羽主题壁纸(2560x1080),1864,1677,1,1.jpg,壁纸合集\EP短片壁纸合集\南宫羽主题壁纸(2560x1080)\1.jpg,https://act-upload.mihoyo.com/nap-obc-indep/2026/03/31/73751405/af524976c653c79bcb41a8528193bfc6_6987053244410453395.jpg,,,
wallpapers,wallpapers|1864|1677|2|https://act-upload.mihoyo.com/nap-obc-indep/2026/03/31/73751405/2e7583bec7eac5f018e83eb6763a6df9_2824280597088247984.jpg,EP短片壁纸合集,南宫羽主题壁纸(2560x1080),1864,1677,2,2.jpg,壁纸合集\EP短片壁纸合集\南宫羽主题壁纸(2560x1080)\2.jpg,https://act-upload.mihoyo.com/nap-obc-indep/2026/03/31/73751405/2e7583bec7eac5f018e83eb6763a6df9_2824280597088247984.jpg,,,
wallpapers,wallpapers|1864|1677|3|https://act-upload.mihoyo.com/nap-obc-indep/2026/03/31/73751405/3d290cee2cd863c245a15705867aaf8a_6125535206025258248.jpg,EP短片壁纸合集,南宫羽主题壁纸(2560x1080),1864,1677,3,3.jpg,壁纸合集\EP短片壁纸合集\南宫羽主题壁纸(2560x1080)\3.jpg,https://act-upload.mihoyo.com/nap-obc-indep/2026/03/31/73751405/3d290cee2cd863c245a15705867aaf8a_6125535206025258248.jpg,,,
wallpapers,wallpapers|1864|1677|4|https://act-upload.mihoyo.com/nap-obc-indep/2026/03/31/73751405/d45ec9fa122f3adfca06231e7adeb9b1_1808728164140305633.jpg,EP短片壁纸合集,南宫羽主题壁纸(2560x1080),1864,1677,4,4.jpg,壁纸合集\EP短片壁纸合集\南宫羽主题壁纸(2560x1080)\4.jpg,https://act-upload.mihoyo.com/nap-obc-indep/2026/03/31/73751405/d45ec9fa122f3adfca06231e7adeb9b1_1808728164140305633.jpg,,,
wallpapers,wallpapers|1864|1677|5|https://act-upload.mihoyo.com/nap-obc-indep/2026/03/31/73751405/26d9630fb711c1b4d86a0146b365dc17_3725104760800564431.jpg,EP短片壁纸合集,南宫羽主题壁纸(2560x1080),1864,1677,5,5.jpg,壁纸合集\EP短片壁纸合集\南宫羽主题壁纸(2560x1080)\5.jpg,https://act-upload.mihoyo.com/nap-obc-indep/2026/03/31/73751405/26d9630fb711c1b4d86a0146b365dc17_3725104760800564431.jpg,,,
wallpapers,wallpapers|1864|1677|6|https://act-upload.mihoyo.com/nap-obc-indep/2026/03/31/73751405/d817de0fd1c5f24621a96cd831aaf8a1_2873176170312774476.jpg,EP短片壁纸合集,南宫羽主题壁纸(2560x1080),1864,1677,6,6.jpg,壁纸合集\EP短片壁纸合集\南宫羽主题壁纸(2560x1080)\6.jpg,https://act-upload.mihoyo.com/nap-obc-indep/2026/03/31/73751405/d817de0fd1c5f24621a96cd831aaf8a1_2873176170312774476.jpg,,,
wallpapers,wallpapers|1864|1677|7|https://act-upload.mihoyo.com/nap-obc-indep/2026/03/31/73751405/34b62129622467dd01e4084ed03b1925_7849568372425102647.jpg,EP短片壁纸合集,南宫羽主题壁纸(2560x1080),1864,1677,7,7.jpg,壁纸合集\EP短片壁纸合集\南宫羽主题壁纸(2560x1080)\7.jpg,https://act-upload.mihoyo.com/nap-obc-indep/2026/03/31/73751405/34b62129622467dd01e4084ed03b1925_7849568372425102647.jpg,,,
wallpapers,wallpapers|1864|1677|8|https://act-upload.mihoyo.com/nap-obc-indep/2026/03/31/73751405/3323c69dfa9cf3819853f73668da0716_6980068107365138551.jpg,EP短片壁纸合集,南宫羽主题壁纸(2560x1080),1864,1677,8,8.jpg,壁纸合集\EP短片壁纸合集\南宫羽主题壁纸(2560x1080)\8.jpg,https://act-upload.mihoyo.com/nap-obc-indep/2026/03/31/73751405/3323c69dfa9cf3819853f73668da0716_6980068107365138551.jpg,,,
wallpapers,wallpapers|1864|1677|9|https://act-upload.mihoyo.com/nap-obc-indep/2026/03/31/73751405/0c3e705e790b4cd7684f93db5d7f1513_5322208405295192008.jpg,EP短片壁纸合集,南宫羽主题壁纸(2560x1080),1864,1677,9,9.jpg,壁纸合集\EP短片壁纸合集\南宫羽主题壁纸(2560x1080)\9.jpg,https://act-upload.mihoyo.com/nap-obc-indep/2026/03/31/73751405/0c3e705e790b4cd7684f93db5d7f1513_5322208405295192008.jpg,,,
wallpapers,wallpapers|1864|1677|10|https://act-upload.mihoyo.com/nap-obc-indep/2026/03/31/73751405/4bd3281daad403198680deeee0b6283f_13182540269676754.jpg,EP短片壁纸合集,南宫羽主题壁纸(2560x1080),1864,1677,10,10.jpg,壁纸合集\EP短片壁纸合集\南宫羽主题壁纸(2560x1080)\10.jpg,https://act-upload.mihoyo.com/nap-obc-indep/2026/03/31/73751405/4bd3281daad403198680deeee0b6283f_13182540269676754.jpg,,,
wallpapers,wallpapers|1864|1677|11|https://act-upload.mihoyo.com/nap-obc-indep/2026/03/31/73751405/e89eadb0829cf89d80c4fb7743d6775c_2513844196202271301.jpg,EP短片壁纸合集,南宫羽主题壁纸(2560x1080),1864,1677,11,11.jpg,壁纸合集\EP短片壁纸合集\南宫羽主题壁纸(2560x1080)\11.jpg,https://act-upload.mihoyo.com/nap-obc-indep/2026/03/31/73751405/e89eadb0829cf89d80c4fb7743d6775c_2513844196202271301.jpg,,,
wallpapers,wallpapers|1864|1677|12|https://act-upload.mihoyo.com/nap-obc-indep/2026/03/31/73751405/a87de95115c828998c18ed724613bb6a_4019784204730627729.jpg,EP短片壁纸合集,南宫羽主题壁纸(2560x1080),1864,1677,12,12.jpg,壁纸合集\EP短片壁纸合集\南宫羽主题壁纸(2560x1080)\12.jpg,https://act-upload.mihoyo.com/nap-obc-indep/2026/03/31/73751405/a87de95115c828998c18ed724613bb6a_4019784204730627729.jpg,,,
wallpapers,wallpapers|1864|1677|13|https://act-upload.mihoyo.com/nap-obc-indep/2026/03/31/73751405/eb3f0b2ec943e13af36155fd4f30e456_1295831399901663641.jpg,EP短片壁纸合集,南宫羽主题壁纸(2560x1080),1864,1677,13,13.jpg,壁纸合集\EP短片壁纸合集\南宫羽主题壁纸(2560x1080)\13.jpg,https://act-upload.mihoyo.com/nap-obc-indep/2026/03/31/73751405/eb3f0b2ec943e13af36155fd4f30e456_1295831399901663641.jpg,,,
wallpapers,wallpapers|1864|1677|14|https://act-upload.mihoyo.com/nap-obc-indep/2026/03/31/73751405/fe58706f9796951a3d29bb838f775fe8_1517136103202809111.jpg,EP短片壁纸合集,南宫羽主题壁纸(2560x1080),1864,1677,14,14.jpg,壁纸合集\EP短片壁纸合集\南宫羽主题壁纸(2560x1080)\14.jpg,https://act-upload.mihoyo.com/nap-obc-indep/2026/03/31/73751405/fe58706f9796951a3d29bb838f775fe8_1517136103202809111.jpg,,,
wallpapers,wallpapers|1864|1677|15|https://act-upload.mihoyo.com/nap-obc-indep/2026/03/31/73751405/d662259eab00ff78a700bccd5c7ce384_3482557897995819395.jpg,EP短片壁纸合集,南宫羽主题壁纸(2560x1080),1864,1677,15,15.jpg,壁纸合集\EP短片壁纸合集\南宫羽主题壁纸(2560x1080)\15.jpg,https://act-upload.mihoyo.com/nap-obc-indep/2026/03/31/73751405/d662259eab00ff78a700bccd5c7ce384_3482557897995819395.jpg,,,
wallpapers,wallpapers|1864|1677|16|https://act-upload.mihoyo.com/nap-obc-indep/2026/03/31/73751405/a4f369bee17aee874f4efe0cbce2ad0f_8666753562820688698.jpg,EP短片壁纸合集,南宫羽主题壁纸(2560x1080),1864,1677,16,16.jpg,壁纸合集\EP短片壁纸合集\南宫羽主题壁纸(2560x1080)\16.jpg,https://act-upload.mihoyo.com/nap-obc-indep/2026/03/31/73751405/a4f369bee17aee874f4efe0cbce2ad0f_8666753562820688698.jpg,,,
wallpapers,wallpapers|1864|1677|17|https://act-upload.mihoyo.com/nap-obc-indep/2026/03/31/73751405/92ac4533616a379578fbec7eaf182ca0_2620676248303536513.jpg,EP短片壁纸合集,南宫羽主题壁纸(2560x1080),1864,1677,17,17.jpg,壁纸合集\EP短片壁纸合集\南宫羽主题壁纸(2560x1080)\17.jpg,https://act-upload.mihoyo.com/nap-obc-indep/2026/03/31/73751405/92ac4533616a379578fbec7eaf182ca0_2620676248303536513.jpg,,,
wallpapers,wallpapers|1864|1677|18|https://act-upload.mihoyo.com/nap-obc-indep/2026/03/31/73751405/201123a17ff2f45a08eeda81fa27665e_7842840404263666409.jpg,EP短片壁纸合集,南宫羽主题壁纸(2560x1080),1864,1677,18,18.jpg,壁纸合集\EP短片壁纸合集\南宫羽主题壁纸(2560x1080)\18.jpg,https://act-upload.mihoyo.com/nap-obc-indep/2026/03/31/73751405/201123a17ff2f45a08eeda81fa27665e_7842840404263666409.jpg,,,
wallpapers,wallpapers|1864|1677|19|https://act-upload.mihoyo.com/nap-obc-indep/2026/03/31/73751405/e72e7dac0baecf277719ab02a00ce654_5091950730014151622.jpg,EP短片壁纸合集,南宫羽主题壁纸(2560x1080),1864,1677,19,19.jpg,壁纸合集\EP短片壁纸合集\南宫羽主题壁纸(2560x1080)\19.jpg,https://act-upload.mihoyo.com/nap-obc-indep/2026/03/31/73751405/e72e7dac0baecf277719ab02a00ce654_5091950730014151622.jpg,,,
wallpapers,wallpapers|1864|1677|20|https://act-upload.mihoyo.com/nap-obc-indep/2026/03/31/73751405/ece5f31aa4101fdd996f438e9c77311e_5477780834575316432.jpg,EP短片壁纸合集,南宫羽主题壁纸(2560x1080),1864,1677,20,20.jpg,壁纸合集\EP短片壁纸合集\南宫羽主题壁纸(2560x1080)\20.jpg,https://act-upload.mihoyo.com/nap-obc-indep/2026/03/31/73751405/ece5f31aa4101fdd996f438e9c77311e_5477780834575316432.jpg,,,
wallpapers,wallpapers|1864|1677|21|https://act-upload.mihoyo.com/nap-obc-indep/2026/03/31/73751405/f3163c700d6a8790957096e81128a310_5339993229361613127.jpg,EP短片壁纸合集,南宫羽主题壁纸(2560x1080),1864,1677,21,21.jpg,壁纸合集\EP短片壁纸合集\南宫羽主题壁纸(2560x1080)\21.jpg,https://act-upload.mihoyo.com/nap-obc-indep/2026/03/31/73751405/f3163c700d6a8790957096e81128a310_5339993229361613127.jpg,,,
wallpapers,wallpapers|1864|1677|22|https://act-upload.mihoyo.com/nap-obc-indep/2026/03/31/73751405/59b3548ee55301c5ff7f947a49c0e441_6523151143380901959.jpg,EP短片壁纸合集,南宫羽主题壁纸(2560x1080),1864,1677,22,22.jpg,壁纸合集\EP短片壁纸合集\南宫羽主题壁纸(2560x1080)\22.jpg,https://act-upload.mihoyo.com/nap-obc-indep/2026/03/31/73751405/59b3548ee55301c5ff7f947a49c0e441_6523151143380901959.jpg,,,
wallpapers,wallpapers|1864|1677|23|https://act-upload.mihoyo.com/nap-obc-indep/2026/03/31/73751405/82227263c1c39d9a4a7fc73056f87724_8686051995747046096.jpg,EP短片壁纸合集,南宫羽主题壁纸(2560x1080),1864,1677,23,23.jpg,壁纸合集\EP短片壁纸合集\南宫羽主题壁纸(2560x1080)\23.jpg,https://act-upload.mihoyo.com/nap-obc-indep/2026/03/31/73751405/82227263c1c39d9a4a7fc73056f87724_8686051995747046096.jpg,,,
wallpapers,wallpapers|1864|1677|24|https://act-upload.mihoyo.com/nap-obc-indep/2026/03/31/73751405/57581c80dc28ae52137b55917aef6612_4834639833884931452.jpg,EP短片壁纸合集,南宫羽主题壁纸(2560x1080),1864,1677,24,24.jpg,壁纸合集\EP短片壁纸合集\南宫羽主题壁纸(2560x1080)\24.jpg,https://act-upload.mihoyo.com/nap-obc-indep/2026/03/31/73751405/57581c80dc28ae52137b55917aef6612_4834639833884931452.jpg,,,
wallpapers,wallpapers|1864|1677|25|https://act-upload.mihoyo.com/nap-obc-indep/2026/03/31/73751405/ed99383675113399fb8db0c2131f1a6b_6425870573464525148.jpg,EP短片壁纸合集,南宫羽主题壁纸(2560x1080),1864,1677,25,25.jpg,壁纸合集\EP短片壁纸合集\南宫羽主题壁纸(2560x1080)\25.jpg,https://act-upload.mihoyo.com/nap-obc-indep/2026/03/31/73751405/ed99383675113399fb8db0c2131f1a6b_6425870573464525148.jpg,,,
wallpapers,wallpapers|1864|1677|26|https://act-upload.mihoyo.com/nap-obc-indep/2026/03/31/73751405/5c5bf754e402e392e9b1531565ece690_2502753850807590609.jpg,EP短片壁纸合集,南宫羽主题壁纸(2560x1080),1864,1677,26,26.jpg,壁纸合集\EP短片壁纸合集\南宫羽主题壁纸(2560x1080)\26.jpg,https://act-upload.mihoyo.com/nap-obc-indep/2026/03/31/73751405/5c5bf754e402e392e9b1531565ece690_2502753850807590609.jpg,,,
wallpapers,wallpapers|1864|1677|27|https://act-upload.mihoyo.com/nap-obc-indep/2026/03/31/73751405/e003890146120f8e47e62ad7598c3c01_4763785273525936086.jpg,EP短片壁纸合集,南宫羽主题壁纸(2560x1080),1864,1677,27,27.jpg,壁纸合集\EP短片壁纸合集\南宫羽主题壁纸(2560x1080)\27.jpg,https://act-upload.mihoyo.com/nap-obc-indep/2026/03/31/73751405/e003890146120f8e47e62ad7598c3c01_4763785273525936086.jpg,,,
wallpapers,wallpapers|1864|1677|28|https://act-upload.mihoyo.com/nap-obc-indep/2026/03/31/73751405/624dbfe8bfb095d4cee57da01191af57_1819620339926090731.jpg,EP短片壁纸合集,南宫羽主题壁纸(2560x1080),1864,1677,28,28.jpg,壁纸合集\EP短片壁纸合集\南宫羽主题壁纸(2560x1080)\28.jpg,https://act-upload.mihoyo.com/nap-obc-indep/2026/03/31/73751405/624dbfe8bfb095d4cee57da01191af57_1819620339926090731.jpg,,,
wallpapers,wallpapers|1864|1677|29|https://act-upload.mihoyo.com/nap-obc-indep/2026/03/31/73751405/90f03a357cd5c9daff791e257b5d961b_3861994917579339700.jpg,EP短片壁纸合集,南宫羽主题壁纸(2560x1080),1864,1677,29,29.jpg,壁纸合集\EP短片壁纸合集\南宫羽主题壁纸(2560x1080)\29.jpg,https://act-upload.mihoyo.com/nap-obc-indep/2026/03/31/73751405/90f03a357cd5c9daff791e257b5d961b_3861994917579339700.jpg,,,
wallpapers,wallpapers|1864|1677|30|https://act-upload.mihoyo.com/nap-obc-indep/2026/03/31/73751405/87ca2d8fe0c81372128bc80bbb791094_793638080034038974.jpg,EP短片壁纸合集,南宫羽主题壁纸(2560x1080),1864,1677,30,30.jpg,壁纸合集\EP短片壁纸合集\南宫羽主题壁纸(2560x1080)\30.jpg,https://act-upload.mihoyo.com/nap-obc-indep/2026/03/31/73751405/87ca2d8fe0c81372128bc80bbb791094_793638080034038974.jpg,,,
wallpapers,wallpapers|1864|1677|31|https://act-upload.mihoyo.com/nap-obc-indep/2026/03/31/73751405/42b7f3b6f39205d1f9741a3176958b58_7365022160434408042.jpg,EP短片壁纸合集,南宫羽主题壁纸(2560x1080),1864,1677,31,31.jpg,壁纸合集\EP短片壁纸合集\南宫羽主题壁纸(2560x1080)\31.jpg,https://act-upload.mihoyo.com/nap-obc-indep/2026/03/31/73751405/42b7f3b6f39205d1f9741a3176958b58_7365022160434408042.jpg,,,
wallpapers,wallpapers|1864|1677|32|https://act-upload.mihoyo.com/nap-obc-indep/2026/03/31/73751405/abe01c76f5c464615685f7e67ce70f81_5129662006873595786.jpg,EP短片壁纸合集,南宫羽主题壁纸(2560x1080),1864,1677,32,32.jpg,壁纸合集\EP短片壁纸合集\南宫羽主题壁纸(2560x1080)\32.jpg,https://act-upload.mihoyo.com/nap-obc-indep/2026/03/31/73751405/abe01c76f5c464615685f7e67ce70f81_5129662006873595786.jpg,,,
wallpapers,wallpapers|1864|1677|33|https://act-upload.mihoyo.com/nap-obc-indep/2026/03/31/73751405/a5641ba2a91eb728d9a64748523bbbbf_9203748682643516341.jpg,EP短片壁纸合集,南宫羽主题壁纸(2560x1080),1864,1677,33,33.jpg,壁纸合集\EP短片壁纸合集\南宫羽主题壁纸(2560x1080)\33.jpg,https://act-upload.mihoyo.com/nap-obc-indep/2026/03/31/73751405/a5641ba2a91eb728d9a64748523bbbbf_9203748682643516341.jpg,,,
wallpapers,wallpapers|1864|1677|34|https://act-upload.mihoyo.com/nap-obc-indep/2026/03/31/73751405/82a558747471d8f18722eaab95f6c484_3675567072638441939.jpg,EP短片壁纸合集,南宫羽主题壁纸(2560x1080),1864,1677,34,34.jpg,壁纸合集\EP短片壁纸合集\南宫羽主题壁纸(2560x1080)\34.jpg,https://act-upload.mihoyo.com/nap-obc-indep/2026/03/31/73751405/82a558747471d8f18722eaab95f6c484_3675567072638441939.jpg,,,
wallpapers,wallpapers|1864|1677|35|https://act-upload.mihoyo.com/nap-obc-indep/2026/03/31/73751405/bf2430ee7ccadd67622fca05396a2046_3684435789713518566.jpg,EP短片壁纸合集,南宫羽主题壁纸(2560x1080),1864,1677,35,35.jpg,壁纸合集\EP短片壁纸合集\南宫羽主题壁纸(2560x1080)\35.jpg,https://act-upload.mihoyo.com/nap-obc-indep/2026/03/31/73751405/bf2430ee7ccadd67622fca05396a2046_3684435789713518566.jpg,,,
wallpapers,wallpapers|1864|1677|36|https://act-upload.mihoyo.com/nap-obc-indep/2026/03/31/73751405/84c3816beca997a90365d960c8ad8acf_3926447316425213613.jpg,EP短片壁纸合集,南宫羽主题壁纸(2560x1080),1864,1677,36,36.jpg,壁纸合集\EP短片壁纸合集\南宫羽主题壁纸(2560x1080)\36.jpg,https://act-upload.mihoyo.com/nap-obc-indep/2026/03/31/73751405/84c3816beca997a90365d960c8ad8acf_3926447316425213613.jpg,,,
wallpapers,wallpapers|1864|1677|37|https://act-upload.mihoyo.com/nap-obc-indep/2026/03/31/73751405/1ecc17f7e95e7648fe68b55f2b22f7f1_5303314770855040969.jpg,EP短片壁纸合集,南宫羽主题壁纸(2560x1080),1864,1677,37,37.jpg,壁纸合集\EP短片壁纸合集\南宫羽主题壁纸(2560x1080)\37.jpg,https://act-upload.mihoyo.com/nap-obc-indep/2026/03/31/73751405/1ecc17f7e95e7648fe68b55f2b22f7f1_5303314770855040969.jpg,,,
wallpapers,wallpapers|1864|1677|38|https://act-upload.mihoyo.com/nap-obc-indep/2026/03/31/73751405/9fcf8c682ed5a95c88729480a86b104c_7302488283620293949.jpg,EP短片壁纸合集,南宫羽主题壁纸(2560x1080),1864,1677,38,38.jpg,壁纸合集\EP短片壁纸合集\南宫羽主题壁纸(2560x1080)\38.jpg,https://act-upload.mihoyo.com/nap-obc-indep/2026/03/31/73751405/9fcf8c682ed5a95c88729480a86b104c_7302488283620293949.jpg,,,
wallpapers,wallpapers|1864|1677|39|https://act-upload.mihoyo.com/nap-obc-indep/2026/03/31/73751405/4383066c85d60f32782dce1319f5dd20_4671389758280365346.jpg,EP短片壁纸合集,南宫羽主题壁纸(2560x1080),1864,1677,39,39.jpg,壁纸合集\EP短片壁纸合集\南宫羽主题壁纸(2560x1080)\39.jpg,https://act-upload.mihoyo.com/nap-obc-indep/2026/03/31/73751405/4383066c85d60f32782dce1319f5dd20_4671389758280365346.jpg,,,
wallpapers,wallpapers|1864|1677|40|https://act-upload.mihoyo.com/nap-obc-indep/2026/03/31/73751405/79aac2ec767e9e97df24dc33c4145bc4_2300362072641528197.jpg,EP短片壁纸合集,南宫羽主题壁纸(2560x1080),1864,1677,40,40.jpg,壁纸合集\EP短片壁纸合集\南宫羽主题壁纸(2560x1080)\40.jpg,https://act-upload.mihoyo.com/nap-obc-indep/2026/03/31/73751405/79aac2ec767e9e97df24dc33c4145bc4_2300362072641528197.jpg,,,
wallpapers,wallpapers|1864|1662|1|https://act-upload.mihoyo.com/nap-obc-indep/2026/03/13/73751405/cdea8698993f425a35f0fd8dabd3d4ea_5076124685100113077.jpg,EP短片壁纸合集,爱芮主题壁纸(3840x2160),1864,1662,1,1.jpg,壁纸合集\EP短片壁纸合集\爱芮主题壁纸(3840x2160)\1.jpg,https://act-upload.mihoyo.com/nap-obc-indep/2026/03/13/73751405/cdea8698993f425a35f0fd8dabd3d4ea_5076124685100113077.jpg,,,
wallpapers,wallpapers|1864|1662|2|https://act-upload.mihoyo.com/nap-obc-indep/2026/03/13/73751405/5ccef84e3bd4fc0008ce95654e655cce_1971025183385425037.jpg,EP短片壁纸合集,爱芮主题壁纸(3840x2160),1864,1662,2,2.jpg,壁纸合集\EP短片壁纸合集\爱芮主题壁纸(3840x2160)\2.jpg,https://act-upload.mihoyo.com/nap-obc-indep/2026/03/13/73751405/5ccef84e3bd4fc0008ce95654e655cce_1971025183385425037.jpg,,,
wallpapers,wallpapers|1864|1662|3|https://act-upload.mihoyo.com/nap-obc-indep/2026/03/13/73751405/e36657237751662dc843eae20abf045a_3820799934194699678.jpg,EP短片壁纸合集,爱芮主题壁纸(3840x2160),1864,1662,3,3.jpg,壁纸合集\EP短片壁纸合集\爱芮主题壁纸(3840x2160)\3.jpg,https://act-upload.mihoyo.com/nap-obc-indep/2026/03/13/73751405/e36657237751662dc843eae20abf045a_3820799934194699678.jpg,,,
wallpapers,wallpapers|1864|1662|4|https://act-upload.mihoyo.com/nap-obc-indep/2026/03/13/73751405/ef9477c222ce66667b73c73520a8f409_6613244059055356607.jpg,EP短片壁纸合集,爱芮主题壁纸(3840x2160),1864,1662,4,4.jpg,壁纸合集\EP短片壁纸合集\爱芮主题壁纸(3840x2160)\4.jpg,https://act-upload.mihoyo.com/nap-obc-indep/2026/03/13/73751405/ef9477c222ce66667b73c73520a8f409_6613244059055356607.jpg,,,
wallpapers,wallpapers|1864|1662|5|https://act-upload.mihoyo.com/nap-obc-indep/2026/03/13/73751405/3bc9aa5adbf19df139aeda2f84e361bf_6465808472153625711.jpg,EP短片壁纸合集,爱芮主题壁纸(3840x2160),1864,1662,5,5.jpg,壁纸合集\EP短片壁纸合集\爱芮主题壁纸(3840x2160)\5.jpg,https://act-upload.mihoyo.com/nap-obc-indep/2026/03/13/73751405/3bc9aa5adbf19df139aeda2f84e361bf_6465808472153625711.jpg,,,
wallpapers,wallpapers|1864|1662|6|https://act-upload.mihoyo.com/nap-obc-indep/2026/03/13/73751405/b1347431bb0cbe96ecb24e832f1cb197_2287763947566932571.jpg,EP短片壁纸合集,爱芮主题壁纸(3840x2160),1864,1662,6,6.jpg,壁纸合集\EP短片壁纸合集\爱芮主题壁纸(3840x2160)\6.jpg,https://act-upload.mihoyo.com/nap-obc-indep/2026/03/13/73751405/b1347431bb0cbe96ecb24e832f1cb197_2287763947566932571.jpg,,,
wallpapers,wallpapers|1864|1662|7|https://act-upload.mihoyo.com/nap-obc-indep/2026/03/13/73751405/acb44ae5c14dd4be191af9807ce5521e_2039843097643485636.jpg,EP短片壁纸合集,爱芮主题壁纸(3840x2160),1864,1662,7,7.jpg,壁纸合集\EP短片壁纸合集\爱芮主题壁纸(3840x2160)\7.jpg,https://act-upload.mihoyo.com/nap-obc-indep/2026/03/13/73751405/acb44ae5c14dd4be191af9807ce5521e_2039843097643485636.jpg,,,
wallpapers,wallpapers|1864|1662|8|https://act-upload.mihoyo.com/nap-obc-indep/2026/03/13/73751405/c7202c8f6cbed5ad396b66f0d5bebd3f_2540366332628325174.jpg,EP短片壁纸合集,爱芮主题壁纸(3840x2160),1864,1662,8,8.jpg,壁纸合集\EP短片壁纸合集\爱芮主题壁纸(3840x2160)\8.jpg,https://act-upload.mihoyo.com/nap-obc-indep/2026/03/13/73751405/c7202c8f6cbed5ad396b66f0d5bebd3f_2540366332628325174.jpg,,,
wallpapers,wallpapers|1864|1662|9|https://act-upload.mihoyo.com/nap-obc-indep/2026/03/13/73751405/4606c1cf6e710538304b4875af80e9a1_7109921089677901415.jpg,EP短片壁纸合集,爱芮主题壁纸(3840x2160),1864,1662,9,9.jpg,壁纸合集\EP短片壁纸合集\爱芮主题壁纸(3840x2160)\9.jpg,https://act-upload.mihoyo.com/nap-obc-indep/2026/03/13/73751405/4606c1cf6e710538304b4875af80e9a1_7109921089677901415.jpg,,,
wallpapers,wallpapers|1864|1662|10|https://act-upload.mihoyo.com/nap-obc-indep/2026/03/13/73751405/89189819bac4e6b045da4e880fc1bb48_758259347161117597.jpg,EP短片壁纸合集,爱芮主题壁纸(3840x2160),1864,1662,10,10.jpg,壁纸合集\EP短片壁纸合集\爱芮主题壁纸(3840x2160)\10.jpg,https://act-upload.mihoyo.com/nap-obc-indep/2026/03/13/73751405/89189819bac4e6b045da4e880fc1bb48_758259347161117597.jpg,,,
wallpapers,wallpapers|1864|1662|11|https://act-upload.mihoyo.com/nap-obc-indep/2026/03/13/73751405/dd85c02731a1f52adbde2ce522ff6a0a_5221410279081421264.jpg,EP短片壁纸合集,爱芮主题壁纸(3840x2160),1864,1662,11,11.jpg,壁纸合集\EP短片壁纸合集\爱芮主题壁纸(3840x2160)\11.jpg,https://act-upload.mihoyo.com/nap-obc-indep/2026/03/13/73751405/dd85c02731a1f52adbde2ce522ff6a0a_5221410279081421264.jpg,,,
wallpapers,wallpapers|1864|1662|12|https://act-upload.mihoyo.com/nap-obc-indep/2026/03/13/73751405/e79864d83664ed35a64983608a705c80_7484481014590856738.jpg,EP短片壁纸合集,爱芮主题壁纸(3840x2160),1864,1662,12,12.jpg,壁纸合集\EP短片壁纸合集\爱芮主题壁纸(3840x2160)\12.jpg,https://act-upload.mihoyo.com/nap-obc-indep/2026/03/13/73751405/e79864d83664ed35a64983608a705c80_7484481014590856738.jpg,,,
wallpapers,wallpapers|1864|1662|13|https://act-upload.mihoyo.com/nap-obc-indep/2026/03/13/73751405/79b37a732bba74548505b926a7a33af5_4100296954397476435.jpg,EP短片壁纸合集,爱芮主题壁纸(3840x2160),1864,1662,13,13.jpg,壁纸合集\EP短片壁纸合集\爱芮主题壁纸(3840x2160)\13.jpg,https://act-upload.mihoyo.com/nap-obc-indep/2026/03/13/73751405/79b37a732bba74548505b926a7a33af5_4100296954397476435.jpg,,,
wallpapers,wallpapers|1864|1662|14|https://act-upload.mihoyo.com/nap-obc-indep/2026/03/13/73751405/19bef61c3191af87b0eb5e5c2af10c07_6208122828636627737.jpg,EP短片壁纸合集,爱芮主题壁纸(3840x2160),1864,1662,14,14.jpg,壁纸合集\EP短片壁纸合集\爱芮主题壁纸(3840x2160)\14.jpg,https://act-upload.mihoyo.com/nap-obc-indep/2026/03/13/73751405/19bef61c3191af87b0eb5e5c2af10c07_6208122828636627737.jpg,,,
wallpapers,wallpapers|1864|1662|15|https://act-upload.mihoyo.com/nap-obc-indep/2026/03/13/73751405/f89fd397af623f0f7e5e50e77b743a67_6194123508665361576.jpg,EP短片壁纸合集,爱芮主题壁纸(3840x2160),1864,1662,15,15.jpg,壁纸合集\EP短片壁纸合集\爱芮主题壁纸(3840x2160)\15.jpg,https://act-upload.mihoyo.com/nap-obc-indep/2026/03/13/73751405/f89fd397af623f0f7e5e50e77b743a67_6194123508665361576.jpg,,,
wallpapers,wallpapers|1864|1662|16|https://act-upload.mihoyo.com/nap-obc-indep/2026/03/13/73751405/5e597b6b1e9edf1cf7fc43d3c3b9bab0_5225564232275040987.jpg,EP短片壁纸合集,爱芮主题壁纸(3840x2160),1864,1662,16,16.jpg,壁纸合集\EP短片壁纸合集\爱芮主题壁纸(3840x2160)\16.jpg,https://act-upload.mihoyo.com/nap-obc-indep/2026/03/13/73751405/5e597b6b1e9edf1cf7fc43d3c3b9bab0_5225564232275040987.jpg,,,
wallpapers,wallpapers|1864|1662|17|https://act-upload.mihoyo.com/nap-obc-indep/2026/03/13/73751405/83bdce21448666f54d39f2b6b4f8156a_5688162957473520768.jpg,EP短片壁纸合集,爱芮主题壁纸(3840x2160),1864,1662,17,17.jpg,壁纸合集\EP短片壁纸合集\爱芮主题壁纸(3840x2160)\17.jpg,https://act-upload.mihoyo.com/nap-obc-indep/2026/03/13/73751405/83bdce21448666f54d39f2b6b4f8156a_5688162957473520768.jpg,,,
wallpapers,wallpapers|1864|1662|18|https://act-upload.mihoyo.com/nap-obc-indep/2026/03/13/73751405/16f3693e0122176db27ee97326948efe_7721964461775522754.jpg,EP短片壁纸合集,爱芮主题壁纸(3840x2160),1864,1662,18,18.jpg,壁纸合集\EP短片壁纸合集\爱芮主题壁纸(3840x2160)\18.jpg,https://act-upload.mihoyo.com/nap-obc-indep/2026/03/13/73751405/16f3693e0122176db27ee97326948efe_7721964461775522754.jpg,,,
wallpapers,wallpapers|1864|1662|19|https://act-upload.mihoyo.com/nap-obc-indep/2026/03/13/73751405/68edd1ce8bde21ce04ef83e0c72b3d59_1301039856178490219.jpg,EP短片壁纸合集,爱芮主题壁纸(3840x2160),1864,1662,19,19.jpg,壁纸合集\EP短片壁纸合集\爱芮主题壁纸(3840x2160)\19.jpg,https://act-upload.mihoyo.com/nap-obc-indep/2026/03/13/73751405/68edd1ce8bde21ce04ef83e0c72b3d59_1301039856178490219.jpg,,,
wallpapers,wallpapers|1864|1662|20|https://act-upload.mihoyo.com/nap-obc-indep/2026/03/13/73751405/039ff70f784f517a7b383eb013897f60_3971431858230615760.jpg,EP短片壁纸合集,爱芮主题壁纸(3840x2160),1864,1662,20,20.jpg,壁纸合集\EP短片壁纸合集\爱芮主题壁纸(3840x2160)\20.jpg,https://act-upload.mihoyo.com/nap-obc-indep/2026/03/13/73751405/039ff70f784f517a7b383eb013897f60_3971431858230615760.jpg,,,
wallpapers,wallpapers|1864|1662|21|https://act-upload.mihoyo.com/nap-obc-indep/2026/03/13/73751405/303ae2904ffbe3220d663157ded1ddd1_3303931649122284956.jpg,EP短片壁纸合集,爱芮主题壁纸(3840x2160),1864,1662,21,21.jpg,壁纸合集\EP短片壁纸合集\爱芮主题壁纸(3840x2160)\21.jpg,https://act-upload.mihoyo.com/nap-obc-indep/2026/03/13/73751405/303ae2904ffbe3220d663157ded1ddd1_3303931649122284956.jpg,,,
wallpapers,wallpapers|1864|1662|22|https://act-upload.mihoyo.com/nap-obc-indep/2026/03/13/73751405/2632494bd4c981aab48d005b3a8cb8f8_6350013819620284747.jpg,EP短片壁纸合集,爱芮主题壁纸(3840x2160),1864,1662,22,22.jpg,壁纸合集\EP短片壁纸合集\爱芮主题壁纸(3840x2160)\22.jpg,https://act-upload.mihoyo.com/nap-obc-indep/2026/03/13/73751405/2632494bd4c981aab48d005b3a8cb8f8_6350013819620284747.jpg,,,
wallpapers,wallpapers|1864|1662|23|https://act-upload.mihoyo.com/nap-obc-indep/2026/03/13/73751405/1223f261e449be075c87b8822ed1c332_8667935895617911141.jpg,EP短片壁纸合集,爱芮主题壁纸(3840x2160),1864,1662,23,23.jpg,壁纸合集\EP短片壁纸合集\爱芮主题壁纸(3840x2160)\23.jpg,https://act-upload.mihoyo.com/nap-obc-indep/2026/03/13/73751405/1223f261e449be075c87b8822ed1c332_8667935895617911141.jpg,,,
wallpapers,wallpapers|1864|1662|24|https://act-upload.mihoyo.com/nap-obc-indep/2026/03/13/73751405/13937d5afef92961db02c2e6bc041f0a_905871833761986810.jpg,EP短片壁纸合集,爱芮主题壁纸(3840x2160),1864,1662,24,24.jpg,壁纸合集\EP短片壁纸合集\爱芮主题壁纸(3840x2160)\24.jpg,https://act-upload.mihoyo.com/nap-obc-indep/2026/03/13/73751405/13937d5afef92961db02c2e6bc041f0a_905871833761986810.jpg,,,
wallpapers,wallpapers|1864|1662|25|https://act-upload.mihoyo.com/nap-obc-indep/2026/03/13/73751405/d5aadb79f4396d3a8ab6b85bd3d6a2cd_1683488358101478948.jpg,EP短片壁纸合集,爱芮主题壁纸(3840x2160),1864,1662,25,25.jpg,壁纸合集\EP短片壁纸合集\爱芮主题壁纸(3840x2160)\25.jpg,https://act-upload.mihoyo.com/nap-obc-indep/2026/03/13/73751405/d5aadb79f4396d3a8ab6b85bd3d6a2cd_1683488358101478948.jpg,,,
wallpapers,wallpapers|1864|1662|26|https://act-upload.mihoyo.com/nap-obc-indep/2026/03/13/73751405/73717a61fbc3f00d1499d03b721d25b8_4766437394919887035.jpg,EP短片壁纸合集,爱芮主题壁纸(3840x2160),1864,1662,26,26.jpg,壁纸合集\EP短片壁纸合集\爱芮主题壁纸(3840x2160)\26.jpg,https://act-upload.mihoyo.com/nap-obc-indep/2026/03/13/73751405/73717a61fbc3f00d1499d03b721d25b8_4766437394919887035.jpg,,,
wallpapers,wallpapers|1864|1662|27|https://act-upload.mihoyo.com/nap-obc-indep/2026/03/13/73751405/365541dfed26f08efd679d3f0e6e072c_8602951367155128555.jpg,EP短片壁纸合集,爱芮主题壁纸(3840x2160),1864,1662,27,27.jpg,壁纸合集\EP短片壁纸合集\爱芮主题壁纸(3840x2160)\27.jpg,https://act-upload.mihoyo.com/nap-obc-indep/2026/03/13/73751405/365541dfed26f08efd679d3f0e6e072c_8602951367155128555.jpg,,,
wallpapers,wallpapers|1864|1662|28|https://act-upload.mihoyo.com/nap-obc-indep/2026/03/13/73751405/bce2f84a05ce8bd86360dc9d8f3f8a2f_7772750798984624874.jpg,EP短片壁纸合集,爱芮主题壁纸(3840x2160),1864,1662,28,28.jpg,壁纸合集\EP短片壁纸合集\爱芮主题壁纸(3840x2160)\28.jpg,https://act-upload.mihoyo.com/nap-obc-indep/2026/03/13/73751405/bce2f84a05ce8bd86360dc9d8f3f8a2f_7772750798984624874.jpg,,,
wallpapers,wallpapers|1864|1662|29|https://act-upload.mihoyo.com/nap-obc-indep/2026/03/13/73751405/6c00d087b49eccfd965b8787db39aa16_6825601927088302933.jpg,EP短片壁纸合集,爱芮主题壁纸(3840x2160),1864,1662,29,29.jpg,壁纸合集\EP短片壁纸合集\爱芮主题壁纸(3840x2160)\29.jpg,https://act-upload.mihoyo.com/nap-obc-indep/2026/03/13/73751405/6c00d087b49eccfd965b8787db39aa16_6825601927088302933.jpg,,,
wallpapers,wallpapers|1864|1662|30|https://act-upload.mihoyo.com/nap-obc-indep/2026/03/13/73751405/789ebcdad0b69b2744a49aab7b8ca1fe_4558232816664776470.jpg,EP短片壁纸合集,爱芮主题壁纸(3840x2160),1864,1662,30,30.jpg,壁纸合集\EP短片壁纸合集\爱芮主题壁纸(3840x2160)\30.jpg,https://act-upload.mihoyo.com/nap-obc-indep/2026/03/13/73751405/789ebcdad0b69b2744a49aab7b8ca1fe_4558232816664776470.jpg,,,
wallpapers,wallpapers|1864|1662|31|https://act-upload.mihoyo.com/nap-obc-indep/2026/03/13/73751405/65b93b34898bc12de0a085c289e111d1_6752185420903961508.jpg,EP短片壁纸合集,爱芮主题壁纸(3840x2160),1864,1662,31,31.jpg,壁纸合集\EP短片壁纸合集\爱芮主题壁纸(3840x2160)\31.jpg,https://act-upload.mihoyo.com/nap-obc-indep/2026/03/13/73751405/65b93b34898bc12de0a085c289e111d1_6752185420903961508.jpg,,,
wallpapers,wallpapers|1864|1662|32|https://act-upload.mihoyo.com/nap-obc-indep/2026/03/13/73751405/4f7dd5372340e7f8f6aa3917a7583ebd_3876145654333399552.jpg,EP短片壁纸合集,爱芮主题壁纸(3840x2160),1864,1662,32,32.jpg,壁纸合集\EP短片壁纸合集\爱芮主题壁纸(3840x2160)\32.jpg,https://act-upload.mihoyo.com/nap-obc-indep/2026/03/13/73751405/4f7dd5372340e7f8f6aa3917a7583ebd_3876145654333399552.jpg,,,
wallpapers,wallpapers|1864|1662|33|https://act-upload.mihoyo.com/nap-obc-indep/2026/03/13/73751405/812fe25e3358334e63247f165d2603a8_1184511658118847462.jpg,EP短片壁纸合集,爱芮主题壁纸(3840x2160),1864,1662,33,33.jpg,壁纸合集\EP短片壁纸合集\爱芮主题壁纸(3840x2160)\33.jpg,https://act-upload.mihoyo.com/nap-obc-indep/2026/03/13/73751405/812fe25e3358334e63247f165d2603a8_1184511658118847462.jpg,,,
wallpapers,wallpapers|1864|1662|34|https://act-upload.mihoyo.com/nap-obc-indep/2026/03/13/73751405/7ff39f52f7f9562274643d18aae23aa1_2526827762900740146.jpg,EP短片壁纸合集,爱芮主题壁纸(3840x2160),1864,1662,34,34.jpg,壁纸合集\EP短片壁纸合集\爱芮主题壁纸(3840x2160)\34.jpg,https://act-upload.mihoyo.com/nap-obc-indep/2026/03/13/73751405/7ff39f52f7f9562274643d18aae23aa1_2526827762900740146.jpg,,,
wallpapers,wallpapers|1864|1662|35|https://act-upload.mihoyo.com/nap-obc-indep/2026/03/13/73751405/b328217cbac270e852f9a59d6636fa39_7632130970734260026.jpg,EP短片壁纸合集,爱芮主题壁纸(3840x2160),1864,1662,35,35.jpg,壁纸合集\EP短片壁纸合集\爱芮主题壁纸(3840x2160)\35.jpg,https://act-upload.mihoyo.com/nap-obc-indep/2026/03/13/73751405/b328217cbac270e852f9a59d6636fa39_7632130970734260026.jpg,,,
wallpapers,wallpapers|1864|1662|36|https://act-upload.mihoyo.com/nap-obc-indep/2026/03/13/73751405/7907d73541567ca46ad635368ff8c6c2_7607636610976733828.jpg,EP短片壁纸合集,爱芮主题壁纸(3840x2160),1864,1662,36,36.jpg,壁纸合集\EP短片壁纸合集\爱芮主题壁纸(3840x2160)\36.jpg,https://act-upload.mihoyo.com/nap-obc-indep/2026/03/13/73751405/7907d73541567ca46ad635368ff8c6c2_7607636610976733828.jpg,,,
wallpapers,wallpapers|1864|1661|1|https://act-upload.mihoyo.com/nap-obc-indep/2026/03/13/73751405/c2e5ad1c6bac856e50d06c050a680f34_7898648866564295286.jpg,EP短片壁纸合集,爱芮主题壁纸(2560x1080),1864,1661,1,1.jpg,壁纸合集\EP短片壁纸合集\爱芮主题壁纸(2560x1080)\1.jpg,https://act-upload.mihoyo.com/nap-obc-indep/2026/03/13/73751405/c2e5ad1c6bac856e50d06c050a680f34_7898648866564295286.jpg,,,
wallpapers,wallpapers|1864|1661|2|https://act-upload.mihoyo.com/nap-obc-indep/2026/03/13/73751405/e6453724290a2a42081db87bf917ee0b_5463432971379293465.jpg,EP短片壁纸合集,爱芮主题壁纸(2560x1080),1864,1661,2,2.jpg,壁纸合集\EP短片壁纸合集\爱芮主题壁纸(2560x1080)\2.jpg,https://act-upload.mihoyo.com/nap-obc-indep/2026/03/13/73751405/e6453724290a2a42081db87bf917ee0b_5463432971379293465.jpg,,,
wallpapers,wallpapers|1864|1661|3|https://act-upload.mihoyo.com/nap-obc-indep/2026/03/13/73751405/1ec057cd595f191537e03f3a9f00b2f0_4580662819568624412.jpg,EP短片壁纸合集,爱芮主题壁纸(2560x1080),1864,1661,3,3.jpg,壁纸合集\EP短片壁纸合集\爱芮主题壁纸(2560x1080)\3.jpg,https://act-upload.mihoyo.com/nap-obc-indep/2026/03/13/73751405/1ec057cd595f191537e03f3a9f00b2f0_4580662819568624412.jpg,,,
wallpapers,wallpapers|1864|1661|4|https://act-upload.mihoyo.com/nap-obc-indep/2026/03/13/73751405/3217b19023a689588a48e5fcfca1baa8_6609100589990463103.jpg,EP短片壁纸合集,爱芮主题壁纸(2560x1080),1864,1661,4,4.jpg,壁纸合集\EP短片壁纸合集\爱芮主题壁纸(2560x1080)\4.jpg,https://act-upload.mihoyo.com/nap-obc-indep/2026/03/13/73751405/3217b19023a689588a48e5fcfca1baa8_6609100589990463103.jpg,,,
wallpapers,wallpapers|1864|1661|5|https://act-upload.mihoyo.com/nap-obc-indep/2026/03/13/73751405/a928362d09d0ccb6e92cb5019298d31b_3537726056127491063.jpg,EP短片壁纸合集,爱芮主题壁纸(2560x1080),1864,1661,5,5.jpg,壁纸合集\EP短片壁纸合集\爱芮主题壁纸(2560x1080)\5.jpg,https://act-upload.mihoyo.com/nap-obc-indep/2026/03/13/73751405/a928362d09d0ccb6e92cb5019298d31b_3537726056127491063.jpg,,,
wallpapers,wallpapers|1864|1661|6|https://act-upload.mihoyo.com/nap-obc-indep/2026/03/13/73751405/c641b2344f7f7f645f4828462e770156_1938743731097421088.jpg,EP短片壁纸合集,爱芮主题壁纸(2560x1080),1864,1661,6,6.jpg,壁纸合集\EP短片壁纸合集\爱芮主题壁纸(2560x1080)\6.jpg,https://act-upload.mihoyo.com/nap-obc-indep/2026/03/13/73751405/c641b2344f7f7f645f4828462e770156_1938743731097421088.jpg,,,
wallpapers,wallpapers|1864|1661|7|https://act-upload.mihoyo.com/nap-obc-indep/2026/03/13/73751405/ea4d598e5a20cf5ceb77579a58acc906_3723842050549323063.jpg,EP短片壁纸合集,爱芮主题壁纸(2560x1080),1864,1661,7,7.jpg,壁纸合集\EP短片壁纸合集\爱芮主题壁纸(2560x1080)\7.jpg,https://act-upload.mihoyo.com/nap-obc-indep/2026/03/13/73751405/ea4d598e5a20cf5ceb77579a58acc906_3723842050549323063.jpg,,,
wallpapers,wallpapers|1864|1661|8|https://act-upload.mihoyo.com/nap-obc-indep/2026/03/13/73751405/2211252b5f905c328dacccf8c015e7a7_6300138176325298652.jpg,EP短片壁纸合集,爱芮主题壁纸(2560x1080),1864,1661,8,8.jpg,壁纸合集\EP短片壁纸合集\爱芮主题壁纸(2560x1080)\8.jpg,https://act-upload.mihoyo.com/nap-obc-indep/2026/03/13/73751405/2211252b5f905c328dacccf8c015e7a7_6300138176325298652.jpg,,,
wallpapers,wallpapers|1864|1661|9|https://act-upload.mihoyo.com/nap-obc-indep/2026/03/13/73751405/33b9643ff46c77e513f416deeab5f0ea_8461581693986172412.jpg,EP短片壁纸合集,爱芮主题壁纸(2560x1080),1864,1661,9,9.jpg,壁纸合集\EP短片壁纸合集\爱芮主题壁纸(2560x1080)\9.jpg,https://act-upload.mihoyo.com/nap-obc-indep/2026/03/13/73751405/33b9643ff46c77e513f416deeab5f0ea_8461581693986172412.jpg,,,
wallpapers,wallpapers|1864|1661|10|https://act-upload.mihoyo.com/nap-obc-indep/2026/03/13/73751405/295807f14e0f7a6ce9a20d3331c5c0fe_5673075403860143483.jpg,EP短片壁纸合集,爱芮主题壁纸(2560x1080),1864,1661,10,10.jpg,壁纸合集\EP短片壁纸合集\爱芮主题壁纸(2560x1080)\10.jpg,https://act-upload.mihoyo.com/nap-obc-indep/2026/03/13/73751405/295807f14e0f7a6ce9a20d3331c5c0fe_5673075403860143483.jpg,,,
wallpapers,wallpapers|1864|1661|11|https://act-upload.mihoyo.com/nap-obc-indep/2026/03/13/73751405/4b37cf0ee71bb478d87e856ddcd16860_2027034946076940753.jpg,EP短片壁纸合集,爱芮主题壁纸(2560x1080),1864,1661,11,11.jpg,壁纸合集\EP短片壁纸合集\爱芮主题壁纸(2560x1080)\11.jpg,https://act-upload.mihoyo.com/nap-obc-indep/2026/03/13/73751405/4b37cf0ee71bb478d87e856ddcd16860_2027034946076940753.jpg,,,
wallpapers,wallpapers|1864|1661|12|https://act-upload.mihoyo.com/nap-obc-indep/2026/03/13/73751405/548611ffb2e02da4a2553d7aa363fe00_8200709361107217483.jpg,EP短片壁纸合集,爱芮主题壁纸(2560x1080),1864,1661,12,12.jpg,壁纸合集\EP短片壁纸合集\爱芮主题壁纸(2560x1080)\12.jpg,https://act-upload.mihoyo.com/nap-obc-indep/2026/03/13/73751405/548611ffb2e02da4a2553d7aa363fe00_8200709361107217483.jpg,,,
wallpapers,wallpapers|1864|1661|13|https://act-upload.mihoyo.com/nap-obc-indep/2026/03/13/73751405/05e8bd5fd73669dc336aa61703180525_5277773819102954927.jpg,EP短片壁纸合集,爱芮主题壁纸(2560x1080),1864,1661,13,13.jpg,壁纸合集\EP短片壁纸合集\爱芮主题壁纸(2560x1080)\13.jpg,https://act-upload.mihoyo.com/nap-obc-indep/2026/03/13/73751405/05e8bd5fd73669dc336aa61703180525_5277773819102954927.jpg,,,
wallpapers,wallpapers|1864|1661|14|https://act-upload.mihoyo.com/nap-obc-indep/2026/03/13/73751405/a04857cb93559868dbbfb2a7071b6da9_410946705818090464.jpg,EP短片壁纸合集,爱芮主题壁纸(2560x1080),1864,1661,14,14.jpg,壁纸合集\EP短片壁纸合集\爱芮主题壁纸(2560x1080)\14.jpg,https://act-upload.mihoyo.com/nap-obc-indep/2026/03/13/73751405/a04857cb93559868dbbfb2a7071b6da9_410946705818090464.jpg,,,
wallpapers,wallpapers|1864|1661|15|https://act-upload.mihoyo.com/nap-obc-indep/2026/03/13/73751405/e39b306d14307c6ce3e083d7b263db60_7812305362159002805.jpg,EP短片壁纸合集,爱芮主题壁纸(2560x1080),1864,1661,15,15.jpg,壁纸合集\EP短片壁纸合集\爱芮主题壁纸(2560x1080)\15.jpg,https://act-upload.mihoyo.com/nap-obc-indep/2026/03/13/73751405/e39b306d14307c6ce3e083d7b263db60_7812305362159002805.jpg,,,
wallpapers,wallpapers|1864|1661|16|https://act-upload.mihoyo.com/nap-obc-indep/2026/03/13/73751405/d4ae4771b53d7c90ad3b19cfcdb75ee3_3489302739289046001.jpg,EP短片壁纸合集,爱芮主题壁纸(2560x1080),1864,1661,16,16.jpg,壁纸合集\EP短片壁纸合集\爱芮主题壁纸(2560x1080)\16.jpg,https://act-upload.mihoyo.com/nap-obc-indep/2026/03/13/73751405/d4ae4771b53d7c90ad3b19cfcdb75ee3_3489302739289046001.jpg,,,
wallpapers,wallpapers|1864|1661|17|https://act-upload.mihoyo.com/nap-obc-indep/2026/03/13/73751405/184eb16635447882f7e6ec9da1e890b0_5703825396146184372.jpg,EP短片壁纸合集,爱芮主题壁纸(2560x1080),1864,1661,17,17.jpg,壁纸合集\EP短片壁纸合集\爱芮主题壁纸(2560x1080)\17.jpg,https://act-upload.mihoyo.com/nap-obc-indep/2026/03/13/73751405/184eb16635447882f7e6ec9da1e890b0_5703825396146184372.jpg,,,
wallpapers,wallpapers|1864|1661|18|https://act-upload.mihoyo.com/nap-obc-indep/2026/03/13/73751405/4e802f08fc25b2160a823e58c0848185_8082925407006285178.jpg,EP短片壁纸合集,爱芮主题壁纸(2560x1080),1864,1661,18,18.jpg,壁纸合集\EP短片壁纸合集\爱芮主题壁纸(2560x1080)\18.jpg,https://act-upload.mihoyo.com/nap-obc-indep/2026/03/13/73751405/4e802f08fc25b2160a823e58c0848185_8082925407006285178.jpg,,,
wallpapers,wallpapers|1864|1661|19|https://act-upload.mihoyo.com/nap-obc-indep/2026/03/13/73751405/61e294568459ed0e9bdc4dad676018d6_3905427776724345728.jpg,EP短片壁纸合集,爱芮主题壁纸(2560x1080),1864,1661,19,19.jpg,壁纸合集\EP短片壁纸合集\爱芮主题壁纸(2560x1080)\19.jpg,https://act-upload.mihoyo.com/nap-obc-indep/2026/03/13/73751405/61e294568459ed0e9bdc4dad676018d6_3905427776724345728.jpg,,,
wallpapers,wallpapers|1864|1661|20|https://act-upload.mihoyo.com/nap-obc-indep/2026/03/13/73751405/cb8d0221e24ffdda491aeee9982ecee0_1321025123316850653.jpg,EP短片壁纸合集,爱芮主题壁纸(2560x1080),1864,1661,20,20.jpg,壁纸合集\EP短片壁纸合集\爱芮主题壁纸(2560x1080)\20.jpg,https://act-upload.mihoyo.com/nap-obc-indep/2026/03/13/73751405/cb8d0221e24ffdda491aeee9982ecee0_1321025123316850653.jpg,,,
wallpapers,wallpapers|1864|1661|21|https://act-upload.mihoyo.com/nap-obc-indep/2026/03/13/73751405/c78dfc97dff254aac35d8963fcfa64f1_9208362846560384844.jpg,EP短片壁纸合集,爱芮主题壁纸(2560x1080),1864,1661,21,21.jpg,壁纸合集\EP短片壁纸合集\爱芮主题壁纸(2560x1080)\21.jpg,https://act-upload.mihoyo.com/nap-obc-indep/2026/03/13/73751405/c78dfc97dff254aac35d8963fcfa64f1_9208362846560384844.jpg,,,
wallpapers,wallpapers|1864|1661|22|https://act-upload.mihoyo.com/nap-obc-indep/2026/03/13/73751405/1ce4946bad458151277304833b0a5996_3094222682238806623.jpg,EP短片壁纸合集,爱芮主题壁纸(2560x1080),1864,1661,22,22.jpg,壁纸合集\EP短片壁纸合集\爱芮主题壁纸(2560x1080)\22.jpg,https://act-upload.mihoyo.com/nap-obc-indep/2026/03/13/73751405/1ce4946bad458151277304833b0a5996_3094222682238806623.jpg,,,
wallpapers,wallpapers|1864|1661|23|https://act-upload.mihoyo.com/nap-obc-indep/2026/03/13/73751405/f89ec6d2f505a91c23d7fc6252261b1e_6629356711775339382.jpg,EP短片壁纸合集,爱芮主题壁纸(2560x1080),1864,1661,23,23.jpg,壁纸合集\EP短片壁纸合集\爱芮主题壁纸(2560x1080)\23.jpg,https://act-upload.mihoyo.com/nap-obc-indep/2026/03/13/73751405/f89ec6d2f505a91c23d7fc6252261b1e_6629356711775339382.jpg,,,
wallpapers,wallpapers|1864|1661|24|https://act-upload.mihoyo.com/nap-obc-indep/2026/03/13/73751405/0ac68bf8fc2b7b5f740f819375d6b9ce_4278121764930443399.jpg,EP短片壁纸合集,爱芮主题壁纸(2560x1080),1864,1661,24,24.jpg,壁纸合集\EP短片壁纸合集\爱芮主题壁纸(2560x1080)\24.jpg,https://act-upload.mihoyo.com/nap-obc-indep/2026/03/13/73751405/0ac68bf8fc2b7b5f740f819375d6b9ce_4278121764930443399.jpg,,,
wallpapers,wallpapers|1864|1661|25|https://act-upload.mihoyo.com/nap-obc-indep/2026/03/13/73751405/0c186c10fae7bf8749832809d9cbf53d_4828394440088877019.jpg,EP短片壁纸合集,爱芮主题壁纸(2560x1080),1864,1661,25,25.jpg,壁纸合集\EP短片壁纸合集\爱芮主题壁纸(2560x1080)\25.jpg,https://act-upload.mihoyo.com/nap-obc-indep/2026/03/13/73751405/0c186c10fae7bf8749832809d9cbf53d_4828394440088877019.jpg,,,
wallpapers,wallpapers|1864|1661|26|https://act-upload.mihoyo.com/nap-obc-indep/2026/03/13/73751405/e1a0fb500f84c01f4b9589fd26b4fa0c_2242060808306493648.jpg,EP短片壁纸合集,爱芮主题壁纸(2560x1080),1864,1661,26,26.jpg,壁纸合集\EP短片壁纸合集\爱芮主题壁纸(2560x1080)\26.jpg,https://act-upload.mihoyo.com/nap-obc-indep/2026/03/13/73751405/e1a0fb500f84c01f4b9589fd26b4fa0c_2242060808306493648.jpg,,,
wallpapers,wallpapers|1864|1661|27|https://act-upload.mihoyo.com/nap-obc-indep/2026/03/13/73751405/cbf56ea0ded60fb242d81971cf67656e_3330706650284944240.jpg,EP短片壁纸合集,爱芮主题壁纸(2560x1080),1864,1661,27,27.jpg,壁纸合集\EP短片壁纸合集\爱芮主题壁纸(2560x1080)\27.jpg,https://act-upload.mihoyo.com/nap-obc-indep/2026/03/13/73751405/cbf56ea0ded60fb242d81971cf67656e_3330706650284944240.jpg,,,
wallpapers,wallpapers|1864|1661|28|https://act-upload.mihoyo.com/nap-obc-indep/2026/03/13/73751405/73d4ad82a87134ffcfdc1b9ded14318d_3279044154999688038.jpg,EP短片壁纸合集,爱芮主题壁纸(2560x1080),1864,1661,28,28.jpg,壁纸合集\EP短片壁纸合集\爱芮主题壁纸(2560x1080)\28.jpg,https://act-upload.mihoyo.com/nap-obc-indep/2026/03/13/73751405/73d4ad82a87134ffcfdc1b9ded14318d_3279044154999688038.jpg,,,
wallpapers,wallpapers|1864|1661|29|https://act-upload.mihoyo.com/nap-obc-indep/2026/03/13/73751405/48b76d3cee1d19a8a2288a31b0b5cd60_2693742801586259602.jpg,EP短片壁纸合集,爱芮主题壁纸(2560x1080),1864,1661,29,29.jpg,壁纸合集\EP短片壁纸合集\爱芮主题壁纸(2560x1080)\29.jpg,https://act-upload.mihoyo.com/nap-obc-indep/2026/03/13/73751405/48b76d3cee1d19a8a2288a31b0b5cd60_2693742801586259602.jpg,,,
wallpapers,wallpapers|1864|1661|30|https://act-upload.mihoyo.com/nap-obc-indep/2026/03/13/73751405/19e076d10e377acd963dd9d089402953_3398074538925343023.jpg,EP短片壁纸合集,爱芮主题壁纸(2560x1080),1864,1661,30,30.jpg,壁纸合集\EP短片壁纸合集\爱芮主题壁纸(2560x1080)\30.jpg,https://act-upload.mihoyo.com/nap-obc-indep/2026/03/13/73751405/19e076d10e377acd963dd9d089402953_3398074538925343023.jpg,,,
wallpapers,wallpapers|1864|1661|31|https://act-upload.mihoyo.com/nap-obc-indep/2026/03/13/73751405/6a0681f27b7edb9be36bff87d6ed0449_3130346161545514476.jpg,EP短片壁纸合集,爱芮主题壁纸(2560x1080),1864,1661,31,31.jpg,壁纸合集\EP短片壁纸合集\爱芮主题壁纸(2560x1080)\31.jpg,https://act-upload.mihoyo.com/nap-obc-indep/2026/03/13/73751405/6a0681f27b7edb9be36bff87d6ed0449_3130346161545514476.jpg,,,
wallpapers,wallpapers|1864|1661|32|https://act-upload.mihoyo.com/nap-obc-indep/2026/03/13/73751405/ebd85385742822146ac23281c2bf8e96_7870387111962666954.jpg,EP短片壁纸合集,爱芮主题壁纸(2560x1080),1864,1661,32,32.jpg,壁纸合集\EP短片壁纸合集\爱芮主题壁纸(2560x1080)\32.jpg,https://act-upload.mihoyo.com/nap-obc-indep/2026/03/13/73751405/ebd85385742822146ac23281c2bf8e96_7870387111962666954.jpg,,,
wallpapers,wallpapers|1864|1661|33|https://act-upload.mihoyo.com/nap-obc-indep/2026/03/13/73751405/f332616e29a85de2d00864a333fb1476_4777434890866244811.jpg,EP短片壁纸合集,爱芮主题壁纸(2560x1080),1864,1661,33,33.jpg,壁纸合集\EP短片壁纸合集\爱芮主题壁纸(2560x1080)\33.jpg,https://act-upload.mihoyo.com/nap-obc-indep/2026/03/13/73751405/f332616e29a85de2d00864a333fb1476_4777434890866244811.jpg,,,
wallpapers,wallpapers|1864|1661|34|https://act-upload.mihoyo.com/nap-obc-indep/2026/03/13/73751405/82c6b4804f07523c86ee1c84dd0bc722_590660091934932939.jpg,EP短片壁纸合集,爱芮主题壁纸(2560x1080),1864,1661,34,34.jpg,壁纸合集\EP短片壁纸合集\爱芮主题壁纸(2560x1080)\34.jpg,https://act-upload.mihoyo.com/nap-obc-indep/2026/03/13/73751405/82c6b4804f07523c86ee1c84dd0bc722_590660091934932939.jpg,,,
wallpapers,wallpapers|1864|1661|35|https://act-upload.mihoyo.com/nap-obc-indep/2026/03/13/73751405/7af4461078320af31a0f114c26f44b21_103385934640541930.jpg,EP短片壁纸合集,爱芮主题壁纸(2560x1080),1864,1661,35,35.jpg,壁纸合集\EP短片壁纸合集\爱芮主题壁纸(2560x1080)\35.jpg,https://act-upload.mihoyo.com/nap-obc-indep/2026/03/13/73751405/7af4461078320af31a0f114c26f44b21_103385934640541930.jpg,,,
wallpapers,wallpapers|1864|1661|36|https://act-upload.mihoyo.com/nap-obc-indep/2026/03/13/73751405/d6c0005e3eaae2c8f0fad0a9dd1ffbef_7427712434576237720.jpg,EP短片壁纸合集,爱芮主题壁纸(2560x1080),1864,1661,36,36.jpg,壁纸合集\EP短片壁纸合集\爱芮主题壁纸(2560x1080)\36.jpg,https://act-upload.mihoyo.com/nap-obc-indep/2026/03/13/73751405/d6c0005e3eaae2c8f0fad0a9dd1ffbef_7427712434576237720.jpg,,,
wallpapers,wallpapers|1599|1577|1|https://act-upload.mihoyo.com/nap-obc-indep/2026/01/08/73751405/cf57fbb688c0b15553d913a268f9b83b_7112916644359024545.jpg,EP短片壁纸合集,叶瞬光主题壁纸（3840x2160）,1599,1577,1,1.jpg,壁纸合集\EP短片壁纸合集\叶瞬光主题壁纸（3840x2160）\1.jpg,https://act-upload.mihoyo.com/nap-obc-indep/2026/01/08/73751405/cf57fbb688c0b15553d913a268f9b83b_7112916644359024545.jpg,,,
wallpapers,wallpapers|1599|1577|2|https://act-upload.mihoyo.com/nap-obc-indep/2026/01/08/73751405/893098ca67720ccd623955c842942f02_9142795561270217032.jpg,EP短片壁纸合集,叶瞬光主题壁纸（3840x2160）,1599,1577,2,2.jpg,壁纸合集\EP短片壁纸合集\叶瞬光主题壁纸（3840x2160）\2.jpg,https://act-upload.mihoyo.com/nap-obc-indep/2026/01/08/73751405/893098ca67720ccd623955c842942f02_9142795561270217032.jpg,,,
wallpapers,wallpapers|1599|1577|3|https://act-upload.mihoyo.com/nap-obc-indep/2026/01/08/73751405/8afd788fc45ce2f13fa191f0c2363244_6725641960526348234.jpg,EP短片壁纸合集,叶瞬光主题壁纸（3840x2160）,1599,1577,3,3.jpg,壁纸合集\EP短片壁纸合集\叶瞬光主题壁纸（3840x2160）\3.jpg,https://act-upload.mihoyo.com/nap-obc-indep/2026/01/08/73751405/8afd788fc45ce2f13fa191f0c2363244_6725641960526348234.jpg,,,
wallpapers,wallpapers|1599|1577|4|https://act-upload.mihoyo.com/nap-obc-indep/2026/01/08/73751405/2081e2bb805ee1d5626e26f0550fdca2_8671513984580181985.jpg,EP短片壁纸合集,叶瞬光主题壁纸（3840x2160）,1599,1577,4,4.jpg,壁纸合集\EP短片壁纸合集\叶瞬光主题壁纸（3840x2160）\4.jpg,https://act-upload.mihoyo.com/nap-obc-indep/2026/01/08/73751405/2081e2bb805ee1d5626e26f0550fdca2_8671513984580181985.jpg,,,
wallpapers,wallpapers|1599|1577|5|https://act-upload.mihoyo.com/nap-obc-indep/2026/01/08/73751405/1ebb735480d5439b5736670fbcf8a405_3644719051546780790.jpg,EP短片壁纸合集,叶瞬光主题壁纸（3840x2160）,1599,1577,5,5.jpg,壁纸合集\EP短片壁纸合集\叶瞬光主题壁纸（3840x2160）\5.jpg,https://act-upload.mihoyo.com/nap-obc-indep/2026/01/08/73751405/1ebb735480d5439b5736670fbcf8a405_3644719051546780790.jpg,,,
wallpapers,wallpapers|1599|1577|6|https://act-upload.mihoyo.com/nap-obc-indep/2026/01/08/73751405/5d363e06b97e9a7fff3b4c9d199a9a8f_7436219643596408829.jpg,EP短片壁纸合集,叶瞬光主题壁纸（3840x2160）,1599,1577,6,6.jpg,壁纸合集\EP短片壁纸合集\叶瞬光主题壁纸（3840x2160）\6.jpg,https://act-upload.mihoyo.com/nap-obc-indep/2026/01/08/73751405/5d363e06b97e9a7fff3b4c9d199a9a8f_7436219643596408829.jpg,,,
wallpapers,wallpapers|1599|1577|7|https://act-upload.mihoyo.com/nap-obc-indep/2026/01/08/73751405/5fd0a5ae5f8a09cf1a7f70f85ae0233e_403163559756099970.jpg,EP短片壁纸合集,叶瞬光主题壁纸（3840x2160）,1599,1577,7,7.jpg,壁纸合集\EP短片壁纸合集\叶瞬光主题壁纸（3840x2160）\7.jpg,https://act-upload.mihoyo.com/nap-obc-indep/2026/01/08/73751405/5fd0a5ae5f8a09cf1a7f70f85ae0233e_403163559756099970.jpg,,,
wallpapers,wallpapers|1599|1577|8|https://act-upload.mihoyo.com/nap-obc-indep/2026/01/08/73751405/4ced229ca443d8b3c138236b9e3d9dfb_7539149378666354647.jpg,EP短片壁纸合集,叶瞬光主题壁纸（3840x2160）,1599,1577,8,8.jpg,壁纸合集\EP短片壁纸合集\叶瞬光主题壁纸（3840x2160）\8.jpg,https://act-upload.mihoyo.com/nap-obc-indep/2026/01/08/73751405/4ced229ca443d8b3c138236b9e3d9dfb_7539149378666354647.jpg,,,
wallpapers,wallpapers|1599|1577|9|https://act-upload.mihoyo.com/nap-obc-indep/2026/01/08/73751405/2296a61d4f83802077cddf9b2ba013b1_6359417692772716781.jpg,EP短片壁纸合集,叶瞬光主题壁纸（3840x2160）,1599,1577,9,9.jpg,壁纸合集\EP短片壁纸合集\叶瞬光主题壁纸（3840x2160）\9.jpg,https://act-upload.mihoyo.com/nap-obc-indep/2026/01/08/73751405/2296a61d4f83802077cddf9b2ba013b1_6359417692772716781.jpg,,,
wallpapers,wallpapers|1599|1577|10|https://act-upload.mihoyo.com/nap-obc-indep/2026/01/08/73751405/9e79c7cb6c812e165204cb9c5fa9974c_140705595225046966.jpg,EP短片壁纸合集,叶瞬光主题壁纸（3840x2160）,1599,1577,10,10.jpg,壁纸合集\EP短片壁纸合集\叶瞬光主题壁纸（3840x2160）\10.jpg,https://act-upload.mihoyo.com/nap-obc-indep/2026/01/08/73751405/9e79c7cb6c812e165204cb9c5fa9974c_140705595225046966.jpg,,,
wallpapers,wallpapers|1599|1577|11|https://act-upload.mihoyo.com/nap-obc-indep/2026/01/08/73751405/5599a79eab3f69016980ca9a04590a26_4615379702630068236.jpg,EP短片壁纸合集,叶瞬光主题壁纸（3840x2160）,1599,1577,11,11.jpg,壁纸合集\EP短片壁纸合集\叶瞬光主题壁纸（3840x2160）\11.jpg,https://act-upload.mihoyo.com/nap-obc-indep/2026/01/08/73751405/5599a79eab3f69016980ca9a04590a26_4615379702630068236.jpg,,,
wallpapers,wallpapers|1599|1577|12|https://act-upload.mihoyo.com/nap-obc-indep/2026/01/08/73751405/97a5fb408dfa8c71be004b43baf6f2c4_242919389449939794.jpg,EP短片壁纸合集,叶瞬光主题壁纸（3840x2160）,1599,1577,12,12.jpg,壁纸合集\EP短片壁纸合集\叶瞬光主题壁纸（3840x2160）\12.jpg,https://act-upload.mihoyo.com/nap-obc-indep/2026/01/08/73751405/97a5fb408dfa8c71be004b43baf6f2c4_242919389449939794.jpg,,,
wallpapers,wallpapers|1599|1577|13|https://act-upload.mihoyo.com/nap-obc-indep/2026/01/08/73751405/379ba2fa39f94971d80090b953a70171_2956477348310241475.jpg,EP短片壁纸合集,叶瞬光主题壁纸（3840x2160）,1599,1577,13,13.jpg,壁纸合集\EP短片壁纸合集\叶瞬光主题壁纸（3840x2160）\13.jpg,https://act-upload.mihoyo.com/nap-obc-indep/2026/01/08/73751405/379ba2fa39f94971d80090b953a70171_2956477348310241475.jpg,,,
wallpapers,wallpapers|1599|1577|14|https://act-upload.mihoyo.com/nap-obc-indep/2026/01/08/73751405/75395c1842b8dda82eaf72e8e9b6f698_8552692129660307461.jpg,EP短片壁纸合集,叶瞬光主题壁纸（3840x2160）,1599,1577,14,14.jpg,壁纸合集\EP短片壁纸合集\叶瞬光主题壁纸（3840x2160）\14.jpg,https://act-upload.mihoyo.com/nap-obc-indep/2026/01/08/73751405/75395c1842b8dda82eaf72e8e9b6f698_8552692129660307461.jpg,,,
wallpapers,wallpapers|1599|1577|15|https://act-upload.mihoyo.com/nap-obc-indep/2026/01/08/73751405/31bb02ab5b0b5cc8167712be45c86ce4_5638594933545337332.jpg,EP短片壁纸合集,叶瞬光主题壁纸（3840x2160）,1599,1577,15,15.jpg,壁纸合集\EP短片壁纸合集\叶瞬光主题壁纸（3840x2160）\15.jpg,https://act-upload.mihoyo.com/nap-obc-indep/2026/01/08/73751405/31bb02ab5b0b5cc8167712be45c86ce4_5638594933545337332.jpg,,,
wallpapers,wallpapers|1599|1577|16|https://act-upload.mihoyo.com/nap-obc-indep/2026/01/08/73751405/b21290ef611c5864883108e93fde8fd3_7574714549560339832.jpg,EP短片壁纸合集,叶瞬光主题壁纸（3840x2160）,1599,1577,16,16.jpg,壁纸合集\EP短片壁纸合集\叶瞬光主题壁纸（3840x2160）\16.jpg,https://act-upload.mihoyo.com/nap-obc-indep/2026/01/08/73751405/b21290ef611c5864883108e93fde8fd3_7574714549560339832.jpg,,,
wallpapers,wallpapers|1599|1577|17|https://act-upload.mihoyo.com/nap-obc-indep/2026/01/08/73751405/04ad98e7e5aef9a8dffd3bed70c18137_6036358332742718678.jpg,EP短片壁纸合集,叶瞬光主题壁纸（3840x2160）,1599,1577,17,17.jpg,壁纸合集\EP短片壁纸合集\叶瞬光主题壁纸（3840x2160）\17.jpg,https://act-upload.mihoyo.com/nap-obc-indep/2026/01/08/73751405/04ad98e7e5aef9a8dffd3bed70c18137_6036358332742718678.jpg,,,
wallpapers,wallpapers|1599|1577|18|https://act-upload.mihoyo.com/nap-obc-indep/2026/01/08/73751405/2bf1cd8f19d40f38d4ec952cc3888184_4034180591938695473.jpg,EP短片壁纸合集,叶瞬光主题壁纸（3840x2160）,1599,1577,18,18.jpg,壁纸合集\EP短片壁纸合集\叶瞬光主题壁纸（3840x2160）\18.jpg,https://act-upload.mihoyo.com/nap-obc-indep/2026/01/08/73751405/2bf1cd8f19d40f38d4ec952cc3888184_4034180591938695473.jpg,,,
wallpapers,wallpapers|1599|1577|19|https://act-upload.mihoyo.com/nap-obc-indep/2026/01/08/73751405/8f10a27879f2cf7b4abf45f2ac445ebe_2929092609075177539.jpg,EP短片壁纸合集,叶瞬光主题壁纸（3840x2160）,1599,1577,19,19.jpg,壁纸合集\EP短片壁纸合集\叶瞬光主题壁纸（3840x2160）\19.jpg,https://act-upload.mihoyo.com/nap-obc-indep/2026/01/08/73751405/8f10a27879f2cf7b4abf45f2ac445ebe_2929092609075177539.jpg,,,
wallpapers,wallpapers|1599|1577|20|https://act-upload.mihoyo.com/nap-obc-indep/2026/01/08/73751405/e93bc3e5f412bb6d469b1bfe3255e790_1318738388463689792.jpg,EP短片壁纸合集,叶瞬光主题壁纸（3840x2160）,1599,1577,20,20.jpg,壁纸合集\EP短片壁纸合集\叶瞬光主题壁纸（3840x2160）\20.jpg,https://act-upload.mihoyo.com/nap-obc-indep/2026/01/08/73751405/e93bc3e5f412bb6d469b1bfe3255e790_1318738388463689792.jpg,,,
wallpapers,wallpapers|1599|1577|21|https://act-upload.mihoyo.com/nap-obc-indep/2026/01/08/73751405/ed9ca9cc14989bd7f8b165bbed5c26ff_2786699555017040950.jpg,EP短片壁纸合集,叶瞬光主题壁纸（3840x2160）,1599,1577,21,21.jpg,壁纸合集\EP短片壁纸合集\叶瞬光主题壁纸（3840x2160）\21.jpg,https://act-upload.mihoyo.com/nap-obc-indep/2026/01/08/73751405/ed9ca9cc14989bd7f8b165bbed5c26ff_2786699555017040950.jpg,,,
wallpapers,wallpapers|1599|1577|22|https://act-upload.mihoyo.com/nap-obc-indep/2026/01/08/73751405/73d69171e56809580de827e1861f5aae_2233574709244970337.jpg,EP短片壁纸合集,叶瞬光主题壁纸（3840x2160）,1599,1577,22,22.jpg,壁纸合集\EP短片壁纸合集\叶瞬光主题壁纸（3840x2160）\22.jpg,https://act-upload.mihoyo.com/nap-obc-indep/2026/01/08/73751405/73d69171e56809580de827e1861f5aae_2233574709244970337.jpg,,,
wallpapers,wallpapers|1599|1577|23|https://act-upload.mihoyo.com/nap-obc-indep/2026/01/08/73751405/bd2886e1ccc1b1b38ef20356d3b6be24_5728586932427346979.jpg,EP短片壁纸合集,叶瞬光主题壁纸（3840x2160）,1599,1577,23,23.jpg,壁纸合集\EP短片壁纸合集\叶瞬光主题壁纸（3840x2160）\23.jpg,https://act-upload.mihoyo.com/nap-obc-indep/2026/01/08/73751405/bd2886e1ccc1b1b38ef20356d3b6be24_5728586932427346979.jpg,,,
wallpapers,wallpapers|1599|1577|24|https://act-upload.mihoyo.com/nap-obc-indep/2026/01/08/73751405/9165a62f59bec55abbed94d1cb7958dc_3232654087734988881.jpg,EP短片壁纸合集,叶瞬光主题壁纸（3840x2160）,1599,1577,24,24.jpg,壁纸合集\EP短片壁纸合集\叶瞬光主题壁纸（3840x2160）\24.jpg,https://act-upload.mihoyo.com/nap-obc-indep/2026/01/08/73751405/9165a62f59bec55abbed94d1cb7958dc_3232654087734988881.jpg,,,
wallpapers,wallpapers|1599|1577|25|https://act-upload.mihoyo.com/nap-obc-indep/2026/01/08/73751405/92098905dbbdf4d45b2275c4e189a289_2191090725920457536.jpg,EP短片壁纸合集,叶瞬光主题壁纸（3840x2160）,1599,1577,25,25.jpg,壁纸合集\EP短片壁纸合集\叶瞬光主题壁纸（3840x2160）\25.jpg,https://act-upload.mihoyo.com/nap-obc-indep/2026/01/08/73751405/92098905dbbdf4d45b2275c4e189a289_2191090725920457536.jpg,,,
wallpapers,wallpapers|1599|1577|26|https://act-upload.mihoyo.com/nap-obc-indep/2026/01/08/73751405/4c7c11c6ddfed2c4ab1a0a53d57651e2_1608614743327570402.jpg,EP短片壁纸合集,叶瞬光主题壁纸（3840x2160）,1599,1577,26,26.jpg,壁纸合集\EP短片壁纸合集\叶瞬光主题壁纸（3840x2160）\26.jpg,https://act-upload.mihoyo.com/nap-obc-indep/2026/01/08/73751405/4c7c11c6ddfed2c4ab1a0a53d57651e2_1608614743327570402.jpg,,,
wallpapers,wallpapers|1599|1577|27|https://act-upload.mihoyo.com/nap-obc-indep/2026/01/08/73751405/0cca1753f3171a3b23ab7f22043b7003_8001475138394162025.jpg,EP短片壁纸合集,叶瞬光主题壁纸（3840x2160）,1599,1577,27,27.jpg,壁纸合集\EP短片壁纸合集\叶瞬光主题壁纸（3840x2160）\27.jpg,https://act-upload.mihoyo.com/nap-obc-indep/2026/01/08/73751405/0cca1753f3171a3b23ab7f22043b7003_8001475138394162025.jpg,,,
wallpapers,wallpapers|1599|1577|28|https://act-upload.mihoyo.com/nap-obc-indep/2026/01/08/73751405/2de874c8b17b0d19767e2fbf160f590b_788723502186650584.jpg,EP短片壁纸合集,叶瞬光主题壁纸（3840x2160）,1599,1577,28,28.jpg,壁纸合集\EP短片壁纸合集\叶瞬光主题壁纸（3840x2160）\28.jpg,https://act-upload.mihoyo.com/nap-obc-indep/2026/01/08/73751405/2de874c8b17b0d19767e2fbf160f590b_788723502186650584.jpg,,,
wallpapers,wallpapers|1599|1577|29|https://act-upload.mihoyo.com/nap-obc-indep/2026/01/08/73751405/040af6c3ede889771aae7be6acb1cfa9_2841510931782702395.jpg,EP短片壁纸合集,叶瞬光主题壁纸（3840x2160）,1599,1577,29,29.jpg,壁纸合集\EP短片壁纸合集\叶瞬光主题壁纸（3840x2160）\29.jpg,https://act-upload.mihoyo.com/nap-obc-indep/2026/01/08/73751405/040af6c3ede889771aae7be6acb1cfa9_2841510931782702395.jpg,,,
wallpapers,wallpapers|1599|1577|30|https://act-upload.mihoyo.com/nap-obc-indep/2026/01/08/73751405/1a37449b4249805597e97abd97341aad_7041684400570774631.jpg,EP短片壁纸合集,叶瞬光主题壁纸（3840x2160）,1599,1577,30,30.jpg,壁纸合集\EP短片壁纸合集\叶瞬光主题壁纸（3840x2160）\30.jpg,https://act-upload.mihoyo.com/nap-obc-indep/2026/01/08/73751405/1a37449b4249805597e97abd97341aad_7041684400570774631.jpg,,,
wallpapers,wallpapers|1599|1577|31|https://act-upload.mihoyo.com/nap-obc-indep/2026/01/08/73751405/62c1516d1843612007b80d66d0b33d45_5581898077034091019.jpg,EP短片壁纸合集,叶瞬光主题壁纸（3840x2160）,1599,1577,31,31.jpg,壁纸合集\EP短片壁纸合集\叶瞬光主题壁纸（3840x2160）\31.jpg,https://act-upload.mihoyo.com/nap-obc-indep/2026/01/08/73751405/62c1516d1843612007b80d66d0b33d45_5581898077034091019.jpg,,,
wallpapers,wallpapers|1599|1577|32|https://act-upload.mihoyo.com/nap-obc-indep/2026/01/08/73751405/2b784f04777c78be6e84fce74bc67d25_1535559287409333076.jpg,EP短片壁纸合集,叶瞬光主题壁纸（3840x2160）,1599,1577,32,32.jpg,壁纸合集\EP短片壁纸合集\叶瞬光主题壁纸（3840x2160）\32.jpg,https://act-upload.mihoyo.com/nap-obc-indep/2026/01/08/73751405/2b784f04777c78be6e84fce74bc67d25_1535559287409333076.jpg,,,
wallpapers,wallpapers|1599|1577|33|https://act-upload.mihoyo.com/nap-obc-indep/2026/01/08/73751405/5b4db22f66fa86abf0018260e70480f2_7600893175862783018.jpg,EP短片壁纸合集,叶瞬光主题壁纸（3840x2160）,1599,1577,33,33.jpg,壁纸合集\EP短片壁纸合集\叶瞬光主题壁纸（3840x2160）\33.jpg,https://act-upload.mihoyo.com/nap-obc-indep/2026/01/08/73751405/5b4db22f66fa86abf0018260e70480f2_7600893175862783018.jpg,,,
wallpapers,wallpapers|1599|1577|34|https://act-upload.mihoyo.com/nap-obc-indep/2026/01/08/73751405/65b5090b308fdeb36a8396f9a1beb9c8_814136233827073527.jpg,EP短片壁纸合集,叶瞬光主题壁纸（3840x2160）,1599,1577,34,34.jpg,壁纸合集\EP短片壁纸合集\叶瞬光主题壁纸（3840x2160）\34.jpg,https://act-upload.mihoyo.com/nap-obc-indep/2026/01/08/73751405/65b5090b308fdeb36a8396f9a1beb9c8_814136233827073527.jpg,,,
wallpapers,wallpapers|1599|1577|35|https://act-upload.mihoyo.com/nap-obc-indep/2026/01/08/73751405/1eab562cd52153967ccff2291bb83680_1320354505729218153.jpg,EP短片壁纸合集,叶瞬光主题壁纸（3840x2160）,1599,1577,35,35.jpg,壁纸合集\EP短片壁纸合集\叶瞬光主题壁纸（3840x2160）\35.jpg,https://act-upload.mihoyo.com/nap-obc-indep/2026/01/08/73751405/1eab562cd52153967ccff2291bb83680_1320354505729218153.jpg,,,
wallpapers,wallpapers|1599|1577|36|https://act-upload.mihoyo.com/nap-obc-indep/2026/01/08/73751405/e6e8e5d2a04a2d7e792942da25fe1a47_3694640178003735043.jpg,EP短片壁纸合集,叶瞬光主题壁纸（3840x2160）,1599,1577,36,36.jpg,壁纸合集\EP短片壁纸合集\叶瞬光主题壁纸（3840x2160）\36.jpg,https://act-upload.mihoyo.com/nap-obc-indep/2026/01/08/73751405/e6e8e5d2a04a2d7e792942da25fe1a47_3694640178003735043.jpg,,,
wallpapers,wallpapers|1599|1577|37|https://act-upload.mihoyo.com/nap-obc-indep/2026/01/08/73751405/10532ab6ec0f2ccd414128700a77af9a_1079366804407610401.jpg,EP短片壁纸合集,叶瞬光主题壁纸（3840x2160）,1599,1577,37,37.jpg,壁纸合集\EP短片壁纸合集\叶瞬光主题壁纸（3840x2160）\37.jpg,https://act-upload.mihoyo.com/nap-obc-indep/2026/01/08/73751405/10532ab6ec0f2ccd414128700a77af9a_1079366804407610401.jpg,,,
wallpapers,wallpapers|1599|1577|38|https://act-upload.mihoyo.com/nap-obc-indep/2026/01/08/73751405/ae556f6d0db760abb13859eae9838a30_5588038373305256399.jpg,EP短片壁纸合集,叶瞬光主题壁纸（3840x2160）,1599,1577,38,38.jpg,壁纸合集\EP短片壁纸合集\叶瞬光主题壁纸（3840x2160）\38.jpg,https://act-upload.mihoyo.com/nap-obc-indep/2026/01/08/73751405/ae556f6d0db760abb13859eae9838a30_5588038373305256399.jpg,,,
wallpapers,wallpapers|1599|1577|39|https://act-upload.mihoyo.com/nap-obc-indep/2026/01/08/73751405/efd8bf2ed86b6fd058a7222a18b24074_9175062097587342575.jpg,EP短片壁纸合集,叶瞬光主题壁纸（3840x2160）,1599,1577,39,39.jpg,壁纸合集\EP短片壁纸合集\叶瞬光主题壁纸（3840x2160）\39.jpg,https://act-upload.mihoyo.com/nap-obc-indep/2026/01/08/73751405/efd8bf2ed86b6fd058a7222a18b24074_9175062097587342575.jpg,,,
wallpapers,wallpapers|1599|1577|40|https://act-upload.mihoyo.com/nap-obc-indep/2026/01/08/73751405/b20f8d027c31f16f88b145c73d657e85_5443322703143554806.jpg,EP短片壁纸合集,叶瞬光主题壁纸（3840x2160）,1599,1577,40,40.jpg,壁纸合集\EP短片壁纸合集\叶瞬光主题壁纸（3840x2160）\40.jpg,https://act-upload.mihoyo.com/nap-obc-indep/2026/01/08/73751405/b20f8d027c31f16f88b145c73d657e85_5443322703143554806.jpg,,,
wallpapers,wallpapers|1599|1577|41|https://act-upload.mihoyo.com/nap-obc-indep/2026/01/08/73751405/81320a3f5acfcdd8b209abbaebeca9bd_3289230834495917231.jpg,EP短片壁纸合集,叶瞬光主题壁纸（3840x2160）,1599,1577,41,41.jpg,壁纸合集\EP短片壁纸合集\叶瞬光主题壁纸（3840x2160）\41.jpg,https://act-upload.mihoyo.com/nap-obc-indep/2026/01/08/73751405/81320a3f5acfcdd8b209abbaebeca9bd_3289230834495917231.jpg,,,
wallpapers,wallpapers|1599|1577|42|https://act-upload.mihoyo.com/nap-obc-indep/2026/01/08/73751405/0cc5aa1f4f5166cfa94f1b8cf7ad8693_1372060548474182476.jpg,EP短片壁纸合集,叶瞬光主题壁纸（3840x2160）,1599,1577,42,42.jpg,壁纸合集\EP短片壁纸合集\叶瞬光主题壁纸（3840x2160）\42.jpg,https://act-upload.mihoyo.com/nap-obc-indep/2026/01/08/73751405/0cc5aa1f4f5166cfa94f1b8cf7ad8693_1372060548474182476.jpg,,,
wallpapers,wallpapers|1599|1577|43|https://act-upload.mihoyo.com/nap-obc-indep/2026/01/08/73751405/6b1378b613a1393ff907c940093602c9_8666872212192038756.jpg,EP短片壁纸合集,叶瞬光主题壁纸（3840x2160）,1599,1577,43,43.jpg,壁纸合集\EP短片壁纸合集\叶瞬光主题壁纸（3840x2160）\43.jpg,https://act-upload.mihoyo.com/nap-obc-indep/2026/01/08/73751405/6b1378b613a1393ff907c940093602c9_8666872212192038756.jpg,,,
wallpapers,wallpapers|1599|1577|44|https://act-upload.mihoyo.com/nap-obc-indep/2026/01/08/73751405/3870ffd9c1ca4905bf82491db060626b_3891997273204680110.jpg,EP短片壁纸合集,叶瞬光主题壁纸（3840x2160）,1599,1577,44,44.jpg,壁纸合集\EP短片壁纸合集\叶瞬光主题壁纸（3840x2160）\44.jpg,https://act-upload.mihoyo.com/nap-obc-indep/2026/01/08/73751405/3870ffd9c1ca4905bf82491db060626b_3891997273204680110.jpg,,,
wallpapers,wallpapers|1599|1577|45|https://act-upload.mihoyo.com/nap-obc-indep/2026/01/08/73751405/3ab520865c8f02b3dfa7b0e778eb6609_7226857879049170226.jpg,EP短片壁纸合集,叶瞬光主题壁纸（3840x2160）,1599,1577,45,45.jpg,壁纸合集\EP短片壁纸合集\叶瞬光主题壁纸（3840x2160）\45.jpg,https://act-upload.mihoyo.com/nap-obc-indep/2026/01/08/73751405/3ab520865c8f02b3dfa7b0e778eb6609_7226857879049170226.jpg,,,
wallpapers,wallpapers|1599|1577|46|https://act-upload.mihoyo.com/nap-obc-indep/2026/01/08/73751405/2ef23dc7852bd387c984763438340b36_2035513671582282486.jpg,EP短片壁纸合集,叶瞬光主题壁纸（3840x2160）,1599,1577,46,46.jpg,壁纸合集\EP短片壁纸合集\叶瞬光主题壁纸（3840x2160）\46.jpg,https://act-upload.mihoyo.com/nap-obc-indep/2026/01/08/73751405/2ef23dc7852bd387c984763438340b36_2035513671582282486.jpg,,,
wallpapers,wallpapers|1599|1577|47|https://act-upload.mihoyo.com/nap-obc-indep/2026/01/08/73751405/e15af76eaf0373657c71f8edcc1de88d_3645980676411321152.jpg,EP短片壁纸合集,叶瞬光主题壁纸（3840x2160）,1599,1577,47,47.jpg,壁纸合集\EP短片壁纸合集\叶瞬光主题壁纸（3840x2160）\47.jpg,https://act-upload.mihoyo.com/nap-obc-indep/2026/01/08/73751405/e15af76eaf0373657c71f8edcc1de88d_3645980676411321152.jpg,,,
wallpapers,wallpapers|1599|1577|48|https://act-upload.mihoyo.com/nap-obc-indep/2026/01/08/73751405/4d0f1ed676543c04f199c602b7327cd4_1093885748470489447.jpg,EP短片壁纸合集,叶瞬光主题壁纸（3840x2160）,1599,1577,48,48.jpg,壁纸合集\EP短片壁纸合集\叶瞬光主题壁纸（3840x2160）\48.jpg,https://act-upload.mihoyo.com/nap-obc-indep/2026/01/08/73751405/4d0f1ed676543c04f199c602b7327cd4_1093885748470489447.jpg,,,
wallpapers,wallpapers|1599|1577|49|https://act-upload.mihoyo.com/nap-obc-indep/2026/01/08/73751405/2e2f5960a137abc999e442c0fff9dd12_5023498399345487526.jpg,EP短片壁纸合集,叶瞬光主题壁纸（3840x2160）,1599,1577,49,49.jpg,壁纸合集\EP短片壁纸合集\叶瞬光主题壁纸（3840x2160）\49.jpg,https://act-upload.mihoyo.com/nap-obc-indep/2026/01/08/73751405/2e2f5960a137abc999e442c0fff9dd12_5023498399345487526.jpg,,,
wallpapers,wallpapers|1599|1577|50|https://act-upload.mihoyo.com/nap-obc-indep/2026/01/08/73751405/e8c3da8689eb1a11a9854ee4b6a37175_5649243874133327523.jpg,EP短片壁纸合集,叶瞬光主题壁纸（3840x2160）,1599,1577,50,50.jpg,壁纸合集\EP短片壁纸合集\叶瞬光主题壁纸（3840x2160）\50.jpg,https://act-upload.mihoyo.com/nap-obc-indep/2026/01/08/73751405/e8c3da8689eb1a11a9854ee4b6a37175_5649243874133327523.jpg,,,
wallpapers,wallpapers|1599|1577|51|https://act-upload.mihoyo.com/nap-obc-indep/2026/01/08/73751405/db319bf4d45a78601972585706370669_4636260668218475835.jpg,EP短片壁纸合集,叶瞬光主题壁纸（3840x2160）,1599,1577,51,51.jpg,壁纸合集\EP短片壁纸合集\叶瞬光主题壁纸（3840x2160）\51.jpg,https://act-upload.mihoyo.com/nap-obc-indep/2026/01/08/73751405/db319bf4d45a78601972585706370669_4636260668218475835.jpg,,,
wallpapers,wallpapers|1599|1577|52|https://act-upload.mihoyo.com/nap-obc-indep/2026/01/08/73751405/e289516d94dadfce4acc12c97e44f5ce_3486823682921301752.jpg,EP短片壁纸合集,叶瞬光主题壁纸（3840x2160）,1599,1577,52,52.jpg,壁纸合集\EP短片壁纸合集\叶瞬光主题壁纸（3840x2160）\52.jpg,https://act-upload.mihoyo.com/nap-obc-indep/2026/01/08/73751405/e289516d94dadfce4acc12c97e44f5ce_3486823682921301752.jpg,,,
wallpapers,wallpapers|1599|1577|53|https://act-upload.mihoyo.com/nap-obc-indep/2026/01/08/73751405/dc73316c5907ebd5a6143ee22cb36809_2055343646049283754.jpg,EP短片壁纸合集,叶瞬光主题壁纸（3840x2160）,1599,1577,53,53.jpg,壁纸合集\EP短片壁纸合集\叶瞬光主题壁纸（3840x2160）\53.jpg,https://act-upload.mihoyo.com/nap-obc-indep/2026/01/08/73751405/dc73316c5907ebd5a6143ee22cb36809_2055343646049283754.jpg,,,
wallpapers,wallpapers|1599|1577|54|https://act-upload.mihoyo.com/nap-obc-indep/2026/01/08/73751405/d37fe2610359e797f1b9a0c572f9a347_1535370809646173732.jpg,EP短片壁纸合集,叶瞬光主题壁纸（3840x2160）,1599,1577,54,54.jpg,壁纸合集\EP短片壁纸合集\叶瞬光主题壁纸（3840x2160）\54.jpg,https://act-upload.mihoyo.com/nap-obc-indep/2026/01/08/73751405/d37fe2610359e797f1b9a0c572f9a347_1535370809646173732.jpg,,,
wallpapers,wallpapers|1599|1577|55|https://act-upload.mihoyo.com/nap-obc-indep/2026/01/08/73751405/b06412cb19a697583fcebe4d03dfa31f_8077607517331625270.jpg,EP短片壁纸合集,叶瞬光主题壁纸（3840x2160）,1599,1577,55,55.jpg,壁纸合集\EP短片壁纸合集\叶瞬光主题壁纸（3840x2160）\55.jpg,https://act-upload.mihoyo.com/nap-obc-indep/2026/01/08/73751405/b06412cb19a697583fcebe4d03dfa31f_8077607517331625270.jpg,,,
wallpapers,wallpapers|1599|1577|56|https://act-upload.mihoyo.com/nap-obc-indep/2026/01/08/73751405/9ff008a1471637de6ab685e09f367ee6_2769343774941626890.jpg,EP短片壁纸合集,叶瞬光主题壁纸（3840x2160）,1599,1577,56,56.jpg,壁纸合集\EP短片壁纸合集\叶瞬光主题壁纸（3840x2160）\56.jpg,https://act-upload.mihoyo.com/nap-obc-indep/2026/01/08/73751405/9ff008a1471637de6ab685e09f367ee6_2769343774941626890.jpg,,,
wallpapers,wallpapers|1599|1577|57|https://act-upload.mihoyo.com/nap-obc-indep/2026/01/08/73751405/cd3bc320d4c8dd89fa2f6c0a828a47b8_7418357975035209347.jpg,EP短片壁纸合集,叶瞬光主题壁纸（3840x2160）,1599,1577,57,57.jpg,壁纸合集\EP短片壁纸合集\叶瞬光主题壁纸（3840x2160）\57.jpg,https://act-upload.mihoyo.com/nap-obc-indep/2026/01/08/73751405/cd3bc320d4c8dd89fa2f6c0a828a47b8_7418357975035209347.jpg,,,
wallpapers,wallpapers|1599|1577|58|https://act-upload.mihoyo.com/nap-obc-indep/2026/01/08/73751405/d12150443a2854f221ecb7308103c382_2148820845892297027.jpg,EP短片壁纸合集,叶瞬光主题壁纸（3840x2160）,1599,1577,58,58.jpg,壁纸合集\EP短片壁纸合集\叶瞬光主题壁纸（3840x2160）\58.jpg,https://act-upload.mihoyo.com/nap-obc-indep/2026/01/08/73751405/d12150443a2854f221ecb7308103c382_2148820845892297027.jpg,,,
wallpapers,wallpapers|1599|1577|59|https://act-upload.mihoyo.com/nap-obc-indep/2026/01/08/73751405/14548afcf8635867c2036a9cb183c199_7886885889367921218.jpg,EP短片壁纸合集,叶瞬光主题壁纸（3840x2160）,1599,1577,59,59.jpg,壁纸合集\EP短片壁纸合集\叶瞬光主题壁纸（3840x2160）\59.jpg,https://act-upload.mihoyo.com/nap-obc-indep/2026/01/08/73751405/14548afcf8635867c2036a9cb183c199_7886885889367921218.jpg,,,
wallpapers,wallpapers|1599|1577|60|https://act-upload.mihoyo.com/nap-obc-indep/2026/01/08/73751405/95810d8b8dbc2d4516bb9e11b884417f_2396907056652610569.jpg,EP短片壁纸合集,叶瞬光主题壁纸（3840x2160）,1599,1577,60,60.jpg,壁纸合集\EP短片壁纸合集\叶瞬光主题壁纸（3840x2160）\60.jpg,https://act-upload.mihoyo.com/nap-obc-indep/2026/01/08/73751405/95810d8b8dbc2d4516bb9e11b884417f_2396907056652610569.jpg,,,
wallpapers,wallpapers|1599|1577|61|https://act-upload.mihoyo.com/nap-obc-indep/2026/01/08/73751405/3dc4de56d6e2598a2eb7ed5c5cf09d62_3900144527871913909.jpg,EP短片壁纸合集,叶瞬光主题壁纸（3840x2160）,1599,1577,61,61.jpg,壁纸合集\EP短片壁纸合集\叶瞬光主题壁纸（3840x2160）\61.jpg,https://act-upload.mihoyo.com/nap-obc-indep/2026/01/08/73751405/3dc4de56d6e2598a2eb7ed5c5cf09d62_3900144527871913909.jpg,,,
wallpapers,wallpapers|1599|1577|62|https://act-upload.mihoyo.com/nap-obc-indep/2026/01/08/73751405/a5f0d03b40948accdf013796bbcd621a_2811979821831955855.jpg,EP短片壁纸合集,叶瞬光主题壁纸（3840x2160）,1599,1577,62,62.jpg,壁纸合集\EP短片壁纸合集\叶瞬光主题壁纸（3840x2160）\62.jpg,https://act-upload.mihoyo.com/nap-obc-indep/2026/01/08/73751405/a5f0d03b40948accdf013796bbcd621a_2811979821831955855.jpg,,,
wallpapers,wallpapers|1599|1577|63|https://act-upload.mihoyo.com/nap-obc-indep/2026/01/08/73751405/4c3da6738303286b04eee82783d97608_4244880279039789265.jpg,EP短片壁纸合集,叶瞬光主题壁纸（3840x2160）,1599,1577,63,63.jpg,壁纸合集\EP短片壁纸合集\叶瞬光主题壁纸（3840x2160）\63.jpg,https://act-upload.mihoyo.com/nap-obc-indep/2026/01/08/73751405/4c3da6738303286b04eee82783d97608_4244880279039789265.jpg,,,
wallpapers,wallpapers|1599|1577|64|https://act-upload.mihoyo.com/nap-obc-indep/2026/01/08/73751405/3bdf3d520e356f4f29c0d756f6b67d12_8029051425797014831.jpg,EP短片壁纸合集,叶瞬光主题壁纸（3840x2160）,1599,1577,64,64.jpg,壁纸合集\EP短片壁纸合集\叶瞬光主题壁纸（3840x2160）\64.jpg,https://act-upload.mihoyo.com/nap-obc-indep/2026/01/08/73751405/3bdf3d520e356f4f29c0d756f6b67d12_8029051425797014831.jpg,,,
wallpapers,wallpapers|1599|1413|1(2560x1080)|https://act-upload.mihoyo.com/nap-obc-indep/2025/10/21/73751405/63be4b94b57651e748dd9d1f754fe837_900737841361236119.jpg,EP短片壁纸合集,卢西娅角色展示壁纸,1599,1413,1(2560x1080),1(2560x1080).jpg,壁纸合集\EP短片壁纸合集\卢西娅角色展示壁纸\1(2560x1080).jpg,https://act-upload.mihoyo.com/nap-obc-indep/2025/10/21/73751405/63be4b94b57651e748dd9d1f754fe837_900737841361236119.jpg,,,
wallpapers,wallpapers|1599|1413|1(3840x2160)|https://act-upload.mihoyo.com/nap-obc-indep/2025/10/21/73751405/35b758dfc6019d9f842286cf14e8f525_98955114117892107.jpg,EP短片壁纸合集,卢西娅角色展示壁纸,1599,1413,1(3840x2160),1(3840x2160).jpg,壁纸合集\EP短片壁纸合集\卢西娅角色展示壁纸\1(3840x2160).jpg,https://act-upload.mihoyo.com/nap-obc-indep/2025/10/21/73751405/35b758dfc6019d9f842286cf14e8f525_98955114117892107.jpg,,,
wallpapers,wallpapers|1599|1413|2(2560x1080)|https://act-upload.mihoyo.com/nap-obc-indep/2025/10/21/73751405/d2b1cfde42888ed19c8241b079eba997_1754338838928278169.jpg,EP短片壁纸合集,卢西娅角色展示壁纸,1599,1413,2(2560x1080),2(2560x1080).jpg,壁纸合集\EP短片壁纸合集\卢西娅角色展示壁纸\2(2560x1080).jpg,https://act-upload.mihoyo.com/nap-obc-indep/2025/10/21/73751405/d2b1cfde42888ed19c8241b079eba997_1754338838928278169.jpg,,,
wallpapers,wallpapers|1599|1413|2(3840x2160)|https://act-upload.mihoyo.com/nap-obc-indep/2025/10/21/73751405/f3f7bf66f8fdd55f479cca8d25649241_3630544925845361403.jpg,EP短片壁纸合集,卢西娅角色展示壁纸,1599,1413,2(3840x2160),2(3840x2160).jpg,壁纸合集\EP短片壁纸合集\卢西娅角色展示壁纸\2(3840x2160).jpg,https://act-upload.mihoyo.com/nap-obc-indep/2025/10/21/73751405/f3f7bf66f8fdd55f479cca8d25649241_3630544925845361403.jpg,,,
wallpapers,wallpapers|1599|1413|3(2560x1080)|https://act-upload.mihoyo.com/nap-obc-indep/2025/10/21/73751405/7c9fc07109ef84bc1a204ff8d6e153a5_522450441870022425.jpg,EP短片壁纸合集,卢西娅角色展示壁纸,1599,1413,3(2560x1080),3(2560x1080).jpg,壁纸合集\EP短片壁纸合集\卢西娅角色展示壁纸\3(2560x1080).jpg,https://act-upload.mihoyo.com/nap-obc-indep/2025/10/21/73751405/7c9fc07109ef84bc1a204ff8d6e153a5_522450441870022425.jpg,,,
wallpapers,wallpapers|1599|1413|3(3840x2160)|https://act-upload.mihoyo.com/nap-obc-indep/2025/10/21/73751405/4213c275e4e8166dfea1bb920fb0c428_2934870383223044584.jpg,EP短片壁纸合集,卢西娅角色展示壁纸,1599,1413,3(3840x2160),3(3840x2160).jpg,壁纸合集\EP短片壁纸合集\卢西娅角色展示壁纸\3(3840x2160).jpg,https://act-upload.mihoyo.com/nap-obc-indep/2025/10/21/73751405/4213c275e4e8166dfea1bb920fb0c428_2934870383223044584.jpg,,,
wallpapers,wallpapers|1599|1413|4(2560x1080)|https://act-upload.mihoyo.com/nap-obc-indep/2025/10/21/73751405/0ed31c8fe3ebb3d2a1fe29878ad95a7f_7069301691495274689.jpg,EP短片壁纸合集,卢西娅角色展示壁纸,1599,1413,4(2560x1080),4(2560x1080).jpg,壁纸合集\EP短片壁纸合集\卢西娅角色展示壁纸\4(2560x1080).jpg,https://act-upload.mihoyo.com/nap-obc-indep/2025/10/21/73751405/0ed31c8fe3ebb3d2a1fe29878ad95a7f_7069301691495274689.jpg,,,
wallpapers,wallpapers|1599|1413|4(3840x2160)|https://act-upload.mihoyo.com/nap-obc-indep/2025/10/21/73751405/04d5a98cdddf37cf82d87e4825615d25_3371191318931189081.jpg,EP短片壁纸合集,卢西娅角色展示壁纸,1599,1413,4(3840x2160),4(3840x2160).jpg,壁纸合集\EP短片壁纸合集\卢西娅角色展示壁纸\4(3840x2160).jpg,https://act-upload.mihoyo.com/nap-obc-indep/2025/10/21/73751405/04d5a98cdddf37cf82d87e4825615d25_3371191318931189081.jpg,,,
wallpapers,wallpapers|1599|1413|5(2560x1080)|https://act-upload.mihoyo.com/nap-obc-indep/2025/10/21/73751405/7623d71a7440c9a9b47506e792fed943_6132387509033410816.jpg,EP短片壁纸合集,卢西娅角色展示壁纸,1599,1413,5(2560x1080),5(2560x1080).jpg,壁纸合集\EP短片壁纸合集\卢西娅角色展示壁纸\5(2560x1080).jpg,https://act-upload.mihoyo.com/nap-obc-indep/2025/10/21/73751405/7623d71a7440c9a9b47506e792fed943_6132387509033410816.jpg,,,
wallpapers,wallpapers|1599|1413|5(3840x2160)|https://act-upload.mihoyo.com/nap-obc-indep/2025/10/21/73751405/ea2f37a537c4ea6a08c0cfd14f392c18_5118184712049334033.jpg,EP短片壁纸合集,卢西娅角色展示壁纸,1599,1413,5(3840x2160),5(3840x2160).jpg,壁纸合集\EP短片壁纸合集\卢西娅角色展示壁纸\5(3840x2160).jpg,https://act-upload.mihoyo.com/nap-obc-indep/2025/10/21/73751405/ea2f37a537c4ea6a08c0cfd14f392c18_5118184712049334033.jpg,,,
wallpapers,wallpapers|1599|1413|6(2560x1080)|https://act-upload.mihoyo.com/nap-obc-indep/2025/10/21/73751405/25076ba07e6fdb359d937d8220ffc57c_7485646624052483562.jpg,EP短片壁纸合集,卢西娅角色展示壁纸,1599,1413,6(2560x1080),6(2560x1080).jpg,壁纸合集\EP短片壁纸合集\卢西娅角色展示壁纸\6(2560x1080).jpg,https://act-upload.mihoyo.com/nap-obc-indep/2025/10/21/73751405/25076ba07e6fdb359d937d8220ffc57c_7485646624052483562.jpg,,,
wallpapers,wallpapers|1599|1413|6(3840x2160)|https://act-upload.mihoyo.com/nap-obc-indep/2025/10/21/73751405/886c85b85aa265a0eb4f5536108ffb16_1775007732251836573.jpg,EP短片壁纸合集,卢西娅角色展示壁纸,1599,1413,6(3840x2160),6(3840x2160).jpg,壁纸合集\EP短片壁纸合集\卢西娅角色展示壁纸\6(3840x2160).jpg,https://act-upload.mihoyo.com/nap-obc-indep/2025/10/21/73751405/886c85b85aa265a0eb4f5536108ffb16_1775007732251836573.jpg,,,
wallpapers,wallpapers|1599|1413|7(2560x1080)|https://act-upload.mihoyo.com/nap-obc-indep/2025/10/21/73751405/4a5d3874e04926d1afba0b7bd83d2c87_5416233189675477448.jpg,EP短片壁纸合集,卢西娅角色展示壁纸,1599,1413,7(2560x1080),7(2560x1080).jpg,壁纸合集\EP短片壁纸合集\卢西娅角色展示壁纸\7(2560x1080).jpg,https://act-upload.mihoyo.com/nap-obc-indep/2025/10/21/73751405/4a5d3874e04926d1afba0b7bd83d2c87_5416233189675477448.jpg,,,
wallpapers,wallpapers|1599|1413|7(3840x2160)|https://act-upload.mihoyo.com/nap-obc-indep/2025/10/21/73751405/b8f259eb017848e87eabbd4187f78f3d_5840754405173738752.jpg,EP短片壁纸合集,卢西娅角色展示壁纸,1599,1413,7(3840x2160),7(3840x2160).jpg,壁纸合集\EP短片壁纸合集\卢西娅角色展示壁纸\7(3840x2160).jpg,https://act-upload.mihoyo.com/nap-obc-indep/2025/10/21/73751405/b8f259eb017848e87eabbd4187f78f3d_5840754405173738752.jpg,,,
wallpapers,wallpapers|1599|1413|8(2560x1080)|https://act-upload.mihoyo.com/nap-obc-indep/2025/10/21/73751405/ae5fd02cf62353ae3a592e71095e91f7_8596108104486622460.jpg,EP短片壁纸合集,卢西娅角色展示壁纸,1599,1413,8(2560x1080),8(2560x1080).jpg,壁纸合集\EP短片壁纸合集\卢西娅角色展示壁纸\8(2560x1080).jpg,https://act-upload.mihoyo.com/nap-obc-indep/2025/10/21/73751405/ae5fd02cf62353ae3a592e71095e91f7_8596108104486622460.jpg,,,
wallpapers,wallpapers|1599|1413|8(3840x2160)|https://act-upload.mihoyo.com/nap-obc-indep/2025/10/21/73751405/46ca6a8100637a76c24b5260d1226e1c_8345338188389613549.jpg,EP短片壁纸合集,卢西娅角色展示壁纸,1599,1413,8(3840x2160),8(3840x2160).jpg,壁纸合集\EP短片壁纸合集\卢西娅角色展示壁纸\8(3840x2160).jpg,https://act-upload.mihoyo.com/nap-obc-indep/2025/10/21/73751405/46ca6a8100637a76c24b5260d1226e1c_8345338188389613549.jpg,,,
wallpapers,wallpapers|1599|1413|9(2560x1080)|https://act-upload.mihoyo.com/nap-obc-indep/2025/10/21/73751405/dbe8b320429febcefb5e007593ac9992_5926497464767164701.jpg,EP短片壁纸合集,卢西娅角色展示壁纸,1599,1413,9(2560x1080),9(2560x1080).jpg,壁纸合集\EP短片壁纸合集\卢西娅角色展示壁纸\9(2560x1080).jpg,https://act-upload.mihoyo.com/nap-obc-indep/2025/10/21/73751405/dbe8b320429febcefb5e007593ac9992_5926497464767164701.jpg,,,
wallpapers,wallpapers|1599|1413|9(3840x2160)|https://act-upload.mihoyo.com/nap-obc-indep/2025/10/21/73751405/e6d6f47d35e0b35817d0109dc8e20c45_796502932776331896.jpg,EP短片壁纸合集,卢西娅角色展示壁纸,1599,1413,9(3840x2160),9(3840x2160).jpg,壁纸合集\EP短片壁纸合集\卢西娅角色展示壁纸\9(3840x2160).jpg,https://act-upload.mihoyo.com/nap-obc-indep/2025/10/21/73751405/e6d6f47d35e0b35817d0109dc8e20c45_796502932776331896.jpg,,,
wallpapers,wallpapers|1599|1413|10(2560x1080)|https://act-upload.mihoyo.com/nap-obc-indep/2025/10/21/73751405/7ca5036c2009ab3f0447228572e15c3b_1750949298463245334.jpg,EP短片壁纸合集,卢西娅角色展示壁纸,1599,1413,10(2560x1080),10(2560x1080).jpg,壁纸合集\EP短片壁纸合集\卢西娅角色展示壁纸\10(2560x1080).jpg,https://act-upload.mihoyo.com/nap-obc-indep/2025/10/21/73751405/7ca5036c2009ab3f0447228572e15c3b_1750949298463245334.jpg,,,
wallpapers,wallpapers|1599|1413|10(3840x2160)|https://act-upload.mihoyo.com/nap-obc-indep/2025/10/21/73751405/4ebdaa6da64eac5a5ee0fda1f7d80558_2749933459195420068.jpg,EP短片壁纸合集,卢西娅角色展示壁纸,1599,1413,10(3840x2160),10(3840x2160).jpg,壁纸合集\EP短片壁纸合集\卢西娅角色展示壁纸\10(3840x2160).jpg,https://act-upload.mihoyo.com/nap-obc-indep/2025/10/21/73751405/4ebdaa6da64eac5a5ee0fda1f7d80558_2749933459195420068.jpg,,,
wallpapers,wallpapers|1599|1413|11(2560x1080)|https://act-upload.mihoyo.com/nap-obc-indep/2025/10/21/73751405/35a95708d7e0ff23f09d83a1a1a507f7_247645848163628604.jpg,EP短片壁纸合集,卢西娅角色展示壁纸,1599,1413,11(2560x1080),11(2560x1080).jpg,壁纸合集\EP短片壁纸合集\卢西娅角色展示壁纸\11(2560x1080).jpg,https://act-upload.mihoyo.com/nap-obc-indep/2025/10/21/73751405/35a95708d7e0ff23f09d83a1a1a507f7_247645848163628604.jpg,,,
wallpapers,wallpapers|1599|1413|11(3840x2160)|https://act-upload.mihoyo.com/nap-obc-indep/2025/10/21/73751405/9262cb202ab6f2817dbcf4e086bfb81d_8947574583866293840.jpg,EP短片壁纸合集,卢西娅角色展示壁纸,1599,1413,11(3840x2160),11(3840x2160).jpg,壁纸合集\EP短片壁纸合集\卢西娅角色展示壁纸\11(3840x2160).jpg,https://act-upload.mihoyo.com/nap-obc-indep/2025/10/21/73751405/9262cb202ab6f2817dbcf4e086bfb81d_8947574583866293840.jpg,,,
wallpapers,wallpapers|1599|1413|12(2560x1080)|https://act-upload.mihoyo.com/nap-obc-indep/2025/10/21/73751405/9a37410681fc02b7794a8cb50afcb15e_4564815792924719165.jpg,EP短片壁纸合集,卢西娅角色展示壁纸,1599,1413,12(2560x1080),12(2560x1080).jpg,壁纸合集\EP短片壁纸合集\卢西娅角色展示壁纸\12(2560x1080).jpg,https://act-upload.mihoyo.com/nap-obc-indep/2025/10/21/73751405/9a37410681fc02b7794a8cb50afcb15e_4564815792924719165.jpg,,,
wallpapers,wallpapers|1599|1413|12(3840x2160)|https://act-upload.mihoyo.com/nap-obc-indep/2025/10/21/73751405/6a2cc84ac0b01468cef571e7f6f57c4a_2577223008023462539.jpg,EP短片壁纸合集,卢西娅角色展示壁纸,1599,1413,12(3840x2160),12(3840x2160).jpg,壁纸合集\EP短片壁纸合集\卢西娅角色展示壁纸\12(3840x2160).jpg,https://act-upload.mihoyo.com/nap-obc-indep/2025/10/21/73751405/6a2cc84ac0b01468cef571e7f6f57c4a_2577223008023462539.jpg,,,
wallpapers,wallpapers|1599|1413|13(2560x1080)|https://act-upload.mihoyo.com/nap-obc-indep/2025/10/21/73751405/1c197ef6dca3793b37d5cc8e0f70fdd4_4567694260390404471.jpg,EP短片壁纸合集,卢西娅角色展示壁纸,1599,1413,13(2560x1080),13(2560x1080).jpg,壁纸合集\EP短片壁纸合集\卢西娅角色展示壁纸\13(2560x1080).jpg,https://act-upload.mihoyo.com/nap-obc-indep/2025/10/21/73751405/1c197ef6dca3793b37d5cc8e0f70fdd4_4567694260390404471.jpg,,,
wallpapers,wallpapers|1599|1413|13(3840x2160)|https://act-upload.mihoyo.com/nap-obc-indep/2025/10/21/73751405/14ebe3209d2aa919990146f957f5a0e7_5044667910368687230.jpg,EP短片壁纸合集,卢西娅角色展示壁纸,1599,1413,13(3840x2160),13(3840x2160).jpg,壁纸合集\EP短片壁纸合集\卢西娅角色展示壁纸\13(3840x2160).jpg,https://act-upload.mihoyo.com/nap-obc-indep/2025/10/21/73751405/14ebe3209d2aa919990146f957f5a0e7_5044667910368687230.jpg,,,
wallpapers,wallpapers|1599|1413|14(2560x1080)|https://act-upload.mihoyo.com/nap-obc-indep/2025/10/21/73751405/2578a3e25ec43e90e330ba5e67fb75ae_1172348467065351850.jpg,EP短片壁纸合集,卢西娅角色展示壁纸,1599,1413,14(2560x1080),14(2560x1080).jpg,壁纸合集\EP短片壁纸合集\卢西娅角色展示壁纸\14(2560x1080).jpg,https://act-upload.mihoyo.com/nap-obc-indep/2025/10/21/73751405/2578a3e25ec43e90e330ba5e67fb75ae_1172348467065351850.jpg,,,
wallpapers,wallpapers|1599|1413|14(3840x2160)|https://act-upload.mihoyo.com/nap-obc-indep/2025/10/21/73751405/676a0d4c073d99c651cadc75a3f4a41b_2448847750219913550.jpg,EP短片壁纸合集,卢西娅角色展示壁纸,1599,1413,14(3840x2160),14(3840x2160).jpg,壁纸合集\EP短片壁纸合集\卢西娅角色展示壁纸\14(3840x2160).jpg,https://act-upload.mihoyo.com/nap-obc-indep/2025/10/21/73751405/676a0d4c073d99c651cadc75a3f4a41b_2448847750219913550.jpg,,,
wallpapers,wallpapers|1599|1358|1|https://act-upload.mihoyo.com/nap-obc-indep/2025/09/28/73751405/66c65d07ebadc867a2b7560a214ba696_6786007511341764685.jpg,EP短片壁纸合集,奥菲丝&鬼火EP壁纸(2560x1080),1599,1358,1,1.jpg,壁纸合集\EP短片壁纸合集\奥菲丝&鬼火EP壁纸(2560x1080)\1.jpg,https://act-upload.mihoyo.com/nap-obc-indep/2025/09/28/73751405/66c65d07ebadc867a2b7560a214ba696_6786007511341764685.jpg,,,
wallpapers,wallpapers|1599|1358|2|https://act-upload.mihoyo.com/nap-obc-indep/2025/09/28/73751405/93d013c24868f48e04b89773992089e2_2236006556947577130.jpg,EP短片壁纸合集,奥菲丝&鬼火EP壁纸(2560x1080),1599,1358,2,2.jpg,壁纸合集\EP短片壁纸合集\奥菲丝&鬼火EP壁纸(2560x1080)\2.jpg,https://act-upload.mihoyo.com/nap-obc-indep/2025/09/28/73751405/93d013c24868f48e04b89773992089e2_2236006556947577130.jpg,,,
wallpapers,wallpapers|1599|1358|3|https://act-upload.mihoyo.com/nap-obc-indep/2025/09/28/73751405/feb2e4ab7062b724b158b8cff47e1ecd_7822702399603362888.jpg,EP短片壁纸合集,奥菲丝&鬼火EP壁纸(2560x1080),1599,1358,3,3.jpg,壁纸合集\EP短片壁纸合集\奥菲丝&鬼火EP壁纸(2560x1080)\3.jpg,https://act-upload.mihoyo.com/nap-obc-indep/2025/09/28/73751405/feb2e4ab7062b724b158b8cff47e1ecd_7822702399603362888.jpg,,,
wallpapers,wallpapers|1599|1358|4|https://act-upload.mihoyo.com/nap-obc-indep/2025/09/28/73751405/f134c300c440ec55d67fc95d75882613_6912606482363786424.jpg,EP短片壁纸合集,奥菲丝&鬼火EP壁纸(2560x1080),1599,1358,4,4.jpg,壁纸合集\EP短片壁纸合集\奥菲丝&鬼火EP壁纸(2560x1080)\4.jpg,https://act-upload.mihoyo.com/nap-obc-indep/2025/09/28/73751405/f134c300c440ec55d67fc95d75882613_6912606482363786424.jpg,,,
wallpapers,wallpapers|1599|1358|5|https://act-upload.mihoyo.com/nap-obc-indep/2025/09/28/73751405/f41eee4c23ae3df7d609d4004e65358f_3932391794559065924.jpg,EP短片壁纸合集,奥菲丝&鬼火EP壁纸(2560x1080),1599,1358,5,5.jpg,壁纸合集\EP短片壁纸合集\奥菲丝&鬼火EP壁纸(2560x1080)\5.jpg,https://act-upload.mihoyo.com/nap-obc-indep/2025/09/28/73751405/f41eee4c23ae3df7d609d4004e65358f_3932391794559065924.jpg,,,
wallpapers,wallpapers|1599|1358|6|https://act-upload.mihoyo.com/nap-obc-indep/2025/09/28/73751405/308f91e1130bcf59bd041ef775015830_3818702509127889915.jpg,EP短片壁纸合集,奥菲丝&鬼火EP壁纸(2560x1080),1599,1358,6,6.jpg,壁纸合集\EP短片壁纸合集\奥菲丝&鬼火EP壁纸(2560x1080)\6.jpg,https://act-upload.mihoyo.com/nap-obc-indep/2025/09/28/73751405/308f91e1130bcf59bd041ef775015830_3818702509127889915.jpg,,,
wallpapers,wallpapers|1599|1358|7|https://act-upload.mihoyo.com/nap-obc-indep/2025/09/28/73751405/3d4b9aed0fe08cb30ade1104993e17ba_5427441151730455968.jpg,EP短片壁纸合集,奥菲丝&鬼火EP壁纸(2560x1080),1599,1358,7,7.jpg,壁纸合集\EP短片壁纸合集\奥菲丝&鬼火EP壁纸(2560x1080)\7.jpg,https://act-upload.mihoyo.com/nap-obc-indep/2025/09/28/73751405/3d4b9aed0fe08cb30ade1104993e17ba_5427441151730455968.jpg,,,
wallpapers,wallpapers|1599|1358|8|https://act-upload.mihoyo.com/nap-obc-indep/2025/09/28/73751405/cdd3735d917becfb73ae29b68952e65a_947250960639339560.jpg,EP短片壁纸合集,奥菲丝&鬼火EP壁纸(2560x1080),1599,1358,8,8.jpg,壁纸合集\EP短片壁纸合集\奥菲丝&鬼火EP壁纸(2560x1080)\8.jpg,https://act-upload.mihoyo.com/nap-obc-indep/2025/09/28/73751405/cdd3735d917becfb73ae29b68952e65a_947250960639339560.jpg,,,
wallpapers,wallpapers|1599|1358|9|https://act-upload.mihoyo.com/nap-obc-indep/2025/09/28/73751405/89522a137b2249974c6e61c6e63b4f0e_3529349002885069545.jpg,EP短片壁纸合集,奥菲丝&鬼火EP壁纸(2560x1080),1599,1358,9,9.jpg,壁纸合集\EP短片壁纸合集\奥菲丝&鬼火EP壁纸(2560x1080)\9.jpg,https://act-upload.mihoyo.com/nap-obc-indep/2025/09/28/73751405/89522a137b2249974c6e61c6e63b4f0e_3529349002885069545.jpg,,,
wallpapers,wallpapers|1599|1358|10|https://act-upload.mihoyo.com/nap-obc-indep/2025/09/28/73751405/87be43a99bb819fa7016db36715ff143_699608448307392272.jpg,EP短片壁纸合集,奥菲丝&鬼火EP壁纸(2560x1080),1599,1358,10,10.jpg,壁纸合集\EP短片壁纸合集\奥菲丝&鬼火EP壁纸(2560x1080)\10.jpg,https://act-upload.mihoyo.com/nap-obc-indep/2025/09/28/73751405/87be43a99bb819fa7016db36715ff143_699608448307392272.jpg,,,
wallpapers,wallpapers|1599|1358|11|https://act-upload.mihoyo.com/nap-obc-indep/2025/09/28/73751405/9c1f7a533f50edbc9688faa270e44ee5_8480542266888642287.jpg,EP短片壁纸合集,奥菲丝&鬼火EP壁纸(2560x1080),1599,1358,11,11.jpg,壁纸合集\EP短片壁纸合集\奥菲丝&鬼火EP壁纸(2560x1080)\11.jpg,https://act-upload.mihoyo.com/nap-obc-indep/2025/09/28/73751405/9c1f7a533f50edbc9688faa270e44ee5_8480542266888642287.jpg,,,
wallpapers,wallpapers|1599|1358|12|https://act-upload.mihoyo.com/nap-obc-indep/2025/09/28/73751405/72fadf0dc14f4e45a5782b5d07cf2e97_5427674902424407370.jpg,EP短片壁纸合集,奥菲丝&鬼火EP壁纸(2560x1080),1599,1358,12,12.jpg,壁纸合集\EP短片壁纸合集\奥菲丝&鬼火EP壁纸(2560x1080)\12.jpg,https://act-upload.mihoyo.com/nap-obc-indep/2025/09/28/73751405/72fadf0dc14f4e45a5782b5d07cf2e97_5427674902424407370.jpg,,,
wallpapers,wallpapers|1599|1358|13|https://act-upload.mihoyo.com/nap-obc-indep/2025/09/28/73751405/e0b5beaf23eeb32700e1f28c8111256c_8380932134844184311.jpg,EP短片壁纸合集,奥菲丝&鬼火EP壁纸(2560x1080),1599,1358,13,13.jpg,壁纸合集\EP短片壁纸合集\奥菲丝&鬼火EP壁纸(2560x1080)\13.jpg,https://act-upload.mihoyo.com/nap-obc-indep/2025/09/28/73751405/e0b5beaf23eeb32700e1f28c8111256c_8380932134844184311.jpg,,,
wallpapers,wallpapers|1599|1358|14|https://act-upload.mihoyo.com/nap-obc-indep/2025/09/28/73751405/c7e840abe485e4bf58f9f8b6d4782fc7_1072258297214837767.jpg,EP短片壁纸合集,奥菲丝&鬼火EP壁纸(2560x1080),1599,1358,14,14.jpg,壁纸合集\EP短片壁纸合集\奥菲丝&鬼火EP壁纸(2560x1080)\14.jpg,https://act-upload.mihoyo.com/nap-obc-indep/2025/09/28/73751405/c7e840abe485e4bf58f9f8b6d4782fc7_1072258297214837767.jpg,,,
wallpapers,wallpapers|1599|1358|15|https://act-upload.mihoyo.com/nap-obc-indep/2025/09/28/73751405/3fea57b865d38580eb65142fcb29d467_9090061603594457701.jpg,EP短片壁纸合集,奥菲丝&鬼火EP壁纸(2560x1080),1599,1358,15,15.jpg,壁纸合集\EP短片壁纸合集\奥菲丝&鬼火EP壁纸(2560x1080)\15.jpg,https://act-upload.mihoyo.com/nap-obc-indep/2025/09/28/73751405/3fea57b865d38580eb65142fcb29d467_9090061603594457701.jpg,,,
wallpapers,wallpapers|1599|1358|16|https://act-upload.mihoyo.com/nap-obc-indep/2025/09/28/73751405/73dcf65fb281146e5999ac4c70f6bfdf_2034843819877986144.jpg,EP短片壁纸合集,奥菲丝&鬼火EP壁纸(2560x1080),1599,1358,16,16.jpg,壁纸合集\EP短片壁纸合集\奥菲丝&鬼火EP壁纸(2560x1080)\16.jpg,https://act-upload.mihoyo.com/nap-obc-indep/2025/09/28/73751405/73dcf65fb281146e5999ac4c70f6bfdf_2034843819877986144.jpg,,,
wallpapers,wallpapers|1599|1358|17|https://act-upload.mihoyo.com/nap-obc-indep/2025/09/28/73751405/50bf3dfdc37049d18f341f8932eb0bc0_4123353721345274371.jpg,EP短片壁纸合集,奥菲丝&鬼火EP壁纸(2560x1080),1599,1358,17,17.jpg,壁纸合集\EP短片壁纸合集\奥菲丝&鬼火EP壁纸(2560x1080)\17.jpg,https://act-upload.mihoyo.com/nap-obc-indep/2025/09/28/73751405/50bf3dfdc37049d18f341f8932eb0bc0_4123353721345274371.jpg,,,
wallpapers,wallpapers|1599|1358|18|https://act-upload.mihoyo.com/nap-obc-indep/2025/09/28/73751405/b6c6f48dad201e12c2e4430c759ffb18_2334340254703688362.jpg,EP短片壁纸合集,奥菲丝&鬼火EP壁纸(2560x1080),1599,1358,18,18.jpg,壁纸合集\EP短片壁纸合集\奥菲丝&鬼火EP壁纸(2560x1080)\18.jpg,https://act-upload.mihoyo.com/nap-obc-indep/2025/09/28/73751405/b6c6f48dad201e12c2e4430c759ffb18_2334340254703688362.jpg,,,
wallpapers,wallpapers|1599|1358|19|https://act-upload.mihoyo.com/nap-obc-indep/2025/09/28/73751405/868fd8bb7293170deaa50bfee5f02bcb_1905964489266996265.jpg,EP短片壁纸合集,奥菲丝&鬼火EP壁纸(2560x1080),1599,1358,19,19.jpg,壁纸合集\EP短片壁纸合集\奥菲丝&鬼火EP壁纸(2560x1080)\19.jpg,https://act-upload.mihoyo.com/nap-obc-indep/2025/09/28/73751405/868fd8bb7293170deaa50bfee5f02bcb_1905964489266996265.jpg,,,
wallpapers,wallpapers|1599|1358|20|https://act-upload.mihoyo.com/nap-obc-indep/2025/09/28/73751405/015acba4da8e2adc79a3c9f14cc4eff5_6096897924409298575.jpg,EP短片壁纸合集,奥菲丝&鬼火EP壁纸(2560x1080),1599,1358,20,20.jpg,壁纸合集\EP短片壁纸合集\奥菲丝&鬼火EP壁纸(2560x1080)\20.jpg,https://act-upload.mihoyo.com/nap-obc-indep/2025/09/28/73751405/015acba4da8e2adc79a3c9f14cc4eff5_6096897924409298575.jpg,,,
wallpapers,wallpapers|1599|1358|21|https://act-upload.mihoyo.com/nap-obc-indep/2025/09/28/73751405/783020ede89e3b0133e4508a9e7ac877_9092923919361633548.jpg,EP短片壁纸合集,奥菲丝&鬼火EP壁纸(2560x1080),1599,1358,21,21.jpg,壁纸合集\EP短片壁纸合集\奥菲丝&鬼火EP壁纸(2560x1080)\21.jpg,https://act-upload.mihoyo.com/nap-obc-indep/2025/09/28/73751405/783020ede89e3b0133e4508a9e7ac877_9092923919361633548.jpg,,,
wallpapers,wallpapers|1599|1358|22|https://act-upload.mihoyo.com/nap-obc-indep/2025/09/28/73751405/cca3963d9af5e0062ef191a62fa86ad7_8658984334592838413.jpg,EP短片壁纸合集,奥菲丝&鬼火EP壁纸(2560x1080),1599,1358,22,22.jpg,壁纸合集\EP短片壁纸合集\奥菲丝&鬼火EP壁纸(2560x1080)\22.jpg,https://act-upload.mihoyo.com/nap-obc-indep/2025/09/28/73751405/cca3963d9af5e0062ef191a62fa86ad7_8658984334592838413.jpg,,,
wallpapers,wallpapers|1599|1358|23|https://act-upload.mihoyo.com/nap-obc-indep/2025/09/28/73751405/acaca198ec3ff5830be33e03f0f0b125_4922017966549501387.jpg,EP短片壁纸合集,奥菲丝&鬼火EP壁纸(2560x1080),1599,1358,23,23.jpg,壁纸合集\EP短片壁纸合集\奥菲丝&鬼火EP壁纸(2560x1080)\23.jpg,https://act-upload.mihoyo.com/nap-obc-indep/2025/09/28/73751405/acaca198ec3ff5830be33e03f0f0b125_4922017966549501387.jpg,,,
wallpapers,wallpapers|1599|1358|24|https://act-upload.mihoyo.com/nap-obc-indep/2025/09/28/73751405/65c0afd6a03f18092f8c478a5666f83b_3283091643425128066.jpg,EP短片壁纸合集,奥菲丝&鬼火EP壁纸(2560x1080),1599,1358,24,24.jpg,壁纸合集\EP短片壁纸合集\奥菲丝&鬼火EP壁纸(2560x1080)\24.jpg,https://act-upload.mihoyo.com/nap-obc-indep/2025/09/28/73751405/65c0afd6a03f18092f8c478a5666f83b_3283091643425128066.jpg,,,
wallpapers,wallpapers|1599|1358|25|https://act-upload.mihoyo.com/nap-obc-indep/2025/09/28/73751405/bc93fa1052528a71713f22f1c542a972_1576519959258118316.jpg,EP短片壁纸合集,奥菲丝&鬼火EP壁纸(2560x1080),1599,1358,25,25.jpg,壁纸合集\EP短片壁纸合集\奥菲丝&鬼火EP壁纸(2560x1080)\25.jpg,https://act-upload.mihoyo.com/nap-obc-indep/2025/09/28/73751405/bc93fa1052528a71713f22f1c542a972_1576519959258118316.jpg,,,
wallpapers,wallpapers|1599|1358|26|https://act-upload.mihoyo.com/nap-obc-indep/2025/09/28/73751405/5b756ef26f27c188d9e90db2dc6d7375_7631685100595050584.jpg,EP短片壁纸合集,奥菲丝&鬼火EP壁纸(2560x1080),1599,1358,26,26.jpg,壁纸合集\EP短片壁纸合集\奥菲丝&鬼火EP壁纸(2560x1080)\26.jpg,https://act-upload.mihoyo.com/nap-obc-indep/2025/09/28/73751405/5b756ef26f27c188d9e90db2dc6d7375_7631685100595050584.jpg,,,
wallpapers,wallpapers|1599|1358|27|https://act-upload.mihoyo.com/nap-obc-indep/2025/09/28/73751405/74eddc2e513b1b63d53f545d77834427_3487038760944713321.jpg,EP短片壁纸合集,奥菲丝&鬼火EP壁纸(2560x1080),1599,1358,27,27.jpg,壁纸合集\EP短片壁纸合集\奥菲丝&鬼火EP壁纸(2560x1080)\27.jpg,https://act-upload.mihoyo.com/nap-obc-indep/2025/09/28/73751405/74eddc2e513b1b63d53f545d77834427_3487038760944713321.jpg,,,
wallpapers,wallpapers|1599|1358|28|https://act-upload.mihoyo.com/nap-obc-indep/2025/09/28/73751405/eaee6fd02c2d731d13aba1a05fccc09d_4459953524532489975.jpg,EP短片壁纸合集,奥菲丝&鬼火EP壁纸(2560x1080),1599,1358,28,28.jpg,壁纸合集\EP短片壁纸合集\奥菲丝&鬼火EP壁纸(2560x1080)\28.jpg,https://act-upload.mihoyo.com/nap-obc-indep/2025/09/28/73751405/eaee6fd02c2d731d13aba1a05fccc09d_4459953524532489975.jpg,,,
wallpapers,wallpapers|1599|1358|29|https://act-upload.mihoyo.com/nap-obc-indep/2025/09/28/73751405/703f4535a67a8d4c5b5b1ebe3fda35f6_1509847387298372392.jpg,EP短片壁纸合集,奥菲丝&鬼火EP壁纸(2560x1080),1599,1358,29,29.jpg,壁纸合集\EP短片壁纸合集\奥菲丝&鬼火EP壁纸(2560x1080)\29.jpg,https://act-upload.mihoyo.com/nap-obc-indep/2025/09/28/73751405/703f4535a67a8d4c5b5b1ebe3fda35f6_1509847387298372392.jpg,,,
wallpapers,wallpapers|1599|1358|30|https://act-upload.mihoyo.com/nap-obc-indep/2025/09/28/73751405/38a93bb9b3ac294303066ed7b058139d_6027931258418533968.jpg,EP短片壁纸合集,奥菲丝&鬼火EP壁纸(2560x1080),1599,1358,30,30.jpg,壁纸合集\EP短片壁纸合集\奥菲丝&鬼火EP壁纸(2560x1080)\30.jpg,https://act-upload.mihoyo.com/nap-obc-indep/2025/09/28/73751405/38a93bb9b3ac294303066ed7b058139d_6027931258418533968.jpg,,,
wallpapers,wallpapers|1599|1358|31|https://act-upload.mihoyo.com/nap-obc-indep/2025/09/28/73751405/d90436ab3d267ae46b7d50411652007a_4821916770798753510.jpg,EP短片壁纸合集,奥菲丝&鬼火EP壁纸(2560x1080),1599,1358,31,31.jpg,壁纸合集\EP短片壁纸合集\奥菲丝&鬼火EP壁纸(2560x1080)\31.jpg,https://act-upload.mihoyo.com/nap-obc-indep/2025/09/28/73751405/d90436ab3d267ae46b7d50411652007a_4821916770798753510.jpg,,,
wallpapers,wallpapers|1599|1358|32|https://act-upload.mihoyo.com/nap-obc-indep/2025/09/28/73751405/8e3fe9b75854e338e9bf5a9c14b7f8ac_2979415992604034164.jpg,EP短片壁纸合集,奥菲丝&鬼火EP壁纸(2560x1080),1599,1358,32,32.jpg,壁纸合集\EP短片壁纸合集\奥菲丝&鬼火EP壁纸(2560x1080)\32.jpg,https://act-upload.mihoyo.com/nap-obc-indep/2025/09/28/73751405/8e3fe9b75854e338e9bf5a9c14b7f8ac_2979415992604034164.jpg,,,
wallpapers,wallpapers|1599|1358|33|https://act-upload.mihoyo.com/nap-obc-indep/2025/09/28/73751405/fbb7ec79620977f533d8f54e4cb5c6bc_2361368934450967757.jpg,EP短片壁纸合集,奥菲丝&鬼火EP壁纸(2560x1080),1599,1358,33,33.jpg,壁纸合集\EP短片壁纸合集\奥菲丝&鬼火EP壁纸(2560x1080)\33.jpg,https://act-upload.mihoyo.com/nap-obc-indep/2025/09/28/73751405/fbb7ec79620977f533d8f54e4cb5c6bc_2361368934450967757.jpg,,,
wallpapers,wallpapers|1599|1360|1(2560x1080)|https://act-upload.mihoyo.com/nap-obc-indep/2025/09/28/73751405/671304761e3b6f91595e6045d288b413_2266961615888749192.jpg,EP短片壁纸合集,奥菲丝&鬼火角色展示壁纸,1599,1360,1(2560x1080),1(2560x1080).jpg,壁纸合集\EP短片壁纸合集\奥菲丝&鬼火角色展示壁纸\1(2560x1080).jpg,https://act-upload.mihoyo.com/nap-obc-indep/2025/09/28/73751405/671304761e3b6f91595e6045d288b413_2266961615888749192.jpg,,,
wallpapers,wallpapers|1599|1360|1(3840x2160)|https://act-upload.mihoyo.com/nap-obc-indep/2025/09/28/73751405/444e3689e20ca85f93c1633b02d561e5_7719982119678053128.jpg,EP短片壁纸合集,奥菲丝&鬼火角色展示壁纸,1599,1360,1(3840x2160),1(3840x2160).jpg,壁纸合集\EP短片壁纸合集\奥菲丝&鬼火角色展示壁纸\1(3840x2160).jpg,https://act-upload.mihoyo.com/nap-obc-indep/2025/09/28/73751405/444e3689e20ca85f93c1633b02d561e5_7719982119678053128.jpg,,,
wallpapers,wallpapers|1599|1360|2(2560x1080)|https://act-upload.mihoyo.com/nap-obc-indep/2025/09/28/73751405/c94dc0004ce53f001eb4506281bda40f_6913633558720688298.jpg,EP短片壁纸合集,奥菲丝&鬼火角色展示壁纸,1599,1360,2(2560x1080),2(2560x1080).jpg,壁纸合集\EP短片壁纸合集\奥菲丝&鬼火角色展示壁纸\2(2560x1080).jpg,https://act-upload.mihoyo.com/nap-obc-indep/2025/09/28/73751405/c94dc0004ce53f001eb4506281bda40f_6913633558720688298.jpg,,,
wallpapers,wallpapers|1599|1360|2(3840x2160)|https://act-upload.mihoyo.com/nap-obc-indep/2025/09/28/73751405/62f9ebd40a9ffb162102beb83c992bd1_613420276871518259.jpg,EP短片壁纸合集,奥菲丝&鬼火角色展示壁纸,1599,1360,2(3840x2160),2(3840x2160).jpg,壁纸合集\EP短片壁纸合集\奥菲丝&鬼火角色展示壁纸\2(3840x2160).jpg,https://act-upload.mihoyo.com/nap-obc-indep/2025/09/28/73751405/62f9ebd40a9ffb162102beb83c992bd1_613420276871518259.jpg,,,
wallpapers,wallpapers|1599|1360|3(2560x1080)|https://act-upload.mihoyo.com/nap-obc-indep/2025/09/28/73751405/66acb454faa56d6287e2483b4258cdc3_4551104369533558950.jpg,EP短片壁纸合集,奥菲丝&鬼火角色展示壁纸,1599,1360,3(2560x1080),3(2560x1080).jpg,壁纸合集\EP短片壁纸合集\奥菲丝&鬼火角色展示壁纸\3(2560x1080).jpg,https://act-upload.mihoyo.com/nap-obc-indep/2025/09/28/73751405/66acb454faa56d6287e2483b4258cdc3_4551104369533558950.jpg,,,
wallpapers,wallpapers|1599|1360|3(3840x2160)|https://act-upload.mihoyo.com/nap-obc-indep/2025/09/28/73751405/8fdb03316ac81c4e13f3b17d353dfaf4_6090430883278458279.jpg,EP短片壁纸合集,奥菲丝&鬼火角色展示壁纸,1599,1360,3(3840x2160),3(3840x2160).jpg,壁纸合集\EP短片壁纸合集\奥菲丝&鬼火角色展示壁纸\3(3840x2160).jpg,https://act-upload.mihoyo.com/nap-obc-indep/2025/09/28/73751405/8fdb03316ac81c4e13f3b17d353dfaf4_6090430883278458279.jpg,,,
wallpapers,wallpapers|1599|1360|4(2560x1080)|https://act-upload.mihoyo.com/nap-obc-indep/2025/09/28/73751405/67c5c56ff865610cb58c365bbcdcdd74_2374788129857894692.jpg,EP短片壁纸合集,奥菲丝&鬼火角色展示壁纸,1599,1360,4(2560x1080),4(2560x1080).jpg,壁纸合集\EP短片壁纸合集\奥菲丝&鬼火角色展示壁纸\4(2560x1080).jpg,https://act-upload.mihoyo.com/nap-obc-indep/2025/09/28/73751405/67c5c56ff865610cb58c365bbcdcdd74_2374788129857894692.jpg,,,
wallpapers,wallpapers|1599|1360|4(3840x2160)|https://act-upload.mihoyo.com/nap-obc-indep/2025/09/28/73751405/78eed148318cc3b1c375995e21d0a13a_5846054029896929124.jpg,EP短片壁纸合集,奥菲丝&鬼火角色展示壁纸,1599,1360,4(3840x2160),4(3840x2160).jpg,壁纸合集\EP短片壁纸合集\奥菲丝&鬼火角色展示壁纸\4(3840x2160).jpg,https://act-upload.mihoyo.com/nap-obc-indep/2025/09/28/73751405/78eed148318cc3b1c375995e21d0a13a_5846054029896929124.jpg,,,
wallpapers,wallpapers|1599|1360|5(2560x1080)|https://act-upload.mihoyo.com/nap-obc-indep/2025/09/28/73751405/8cce88f3ab476dc82aa7de8911e508a4_4239386580880326770.jpg,EP短片壁纸合集,奥菲丝&鬼火角色展示壁纸,1599,1360,5(2560x1080),5(2560x1080).jpg,壁纸合集\EP短片壁纸合集\奥菲丝&鬼火角色展示壁纸\5(2560x1080).jpg,https://act-upload.mihoyo.com/nap-obc-indep/2025/09/28/73751405/8cce88f3ab476dc82aa7de8911e508a4_4239386580880326770.jpg,,,
wallpapers,wallpapers|1599|1360|5(3840x2160)|https://act-upload.mihoyo.com/nap-obc-indep/2025/09/28/73751405/fbd8ac66fdc279045d9764ca63acc4b0_3411920061913284270.jpg,EP短片壁纸合集,奥菲丝&鬼火角色展示壁纸,1599,1360,5(3840x2160),5(3840x2160).jpg,壁纸合集\EP短片壁纸合集\奥菲丝&鬼火角色展示壁纸\5(3840x2160).jpg,https://act-upload.mihoyo.com/nap-obc-indep/2025/09/28/73751405/fbd8ac66fdc279045d9764ca63acc4b0_3411920061913284270.jpg,,,
wallpapers,wallpapers|1599|1360|6(2560x1080)|https://act-upload.mihoyo.com/nap-obc-indep/2025/09/28/73751405/ef288be5e4c033526c596ae5c9cf82a1_2902336675347614824.jpg,EP短片壁纸合集,奥菲丝&鬼火角色展示壁纸,1599,1360,6(2560x1080),6(2560x1080).jpg,壁纸合集\EP短片壁纸合集\奥菲丝&鬼火角色展示壁纸\6(2560x1080).jpg,https://act-upload.mihoyo.com/nap-obc-indep/2025/09/28/73751405/ef288be5e4c033526c596ae5c9cf82a1_2902336675347614824.jpg,,,
wallpapers,wallpapers|1599|1360|6(3840x2160)|https://act-upload.mihoyo.com/nap-obc-indep/2025/09/28/73751405/3aefac6ab942c02eb83bee7471b7b52b_1490752566020755462.jpg,EP短片壁纸合集,奥菲丝&鬼火角色展示壁纸,1599,1360,6(3840x2160),6(3840x2160).jpg,壁纸合集\EP短片壁纸合集\奥菲丝&鬼火角色展示壁纸\6(3840x2160).jpg,https://act-upload.mihoyo.com/nap-obc-indep/2025/09/28/73751405/3aefac6ab942c02eb83bee7471b7b52b_1490752566020755462.jpg,,,
wallpapers,wallpapers|1599|1360|7(2560x1080)|https://act-upload.mihoyo.com/nap-obc-indep/2025/09/28/73751405/34b38fe1a4068db2679bec08bd3a56b5_2668572888521267746.jpg,EP短片壁纸合集,奥菲丝&鬼火角色展示壁纸,1599,1360,7(2560x1080),7(2560x1080).jpg,壁纸合集\EP短片壁纸合集\奥菲丝&鬼火角色展示壁纸\7(2560x1080).jpg,https://act-upload.mihoyo.com/nap-obc-indep/2025/09/28/73751405/34b38fe1a4068db2679bec08bd3a56b5_2668572888521267746.jpg,,,
wallpapers,wallpapers|1599|1360|7(3840x2160)|https://act-upload.mihoyo.com/nap-obc-indep/2025/09/28/73751405/e8e1999ae6b9c723f094fabff097e616_8817856260731157441.jpg,EP短片壁纸合集,奥菲丝&鬼火角色展示壁纸,1599,1360,7(3840x2160),7(3840x2160).jpg,壁纸合集\EP短片壁纸合集\奥菲丝&鬼火角色展示壁纸\7(3840x2160).jpg,https://act-upload.mihoyo.com/nap-obc-indep/2025/09/28/73751405/e8e1999ae6b9c723f094fabff097e616_8817856260731157441.jpg,,,
wallpapers,wallpapers|1599|1360|8(2560x1080)|https://act-upload.mihoyo.com/nap-obc-indep/2025/09/28/73751405/39532a811688fca8c1d2739fcd8a195f_8884118933794147196.jpg,EP短片壁纸合集,奥菲丝&鬼火角色展示壁纸,1599,1360,8(2560x1080),8(2560x1080).jpg,壁纸合集\EP短片壁纸合集\奥菲丝&鬼火角色展示壁纸\8(2560x1080).jpg,https://act-upload.mihoyo.com/nap-obc-indep/2025/09/28/73751405/39532a811688fca8c1d2739fcd8a195f_8884118933794147196.jpg,,,
wallpapers,wallpapers|1599|1360|8(3840x2160)|https://act-upload.mihoyo.com/nap-obc-indep/2025/09/28/73751405/3f33694b0daf2b9848dd2f3f05be672f_6019262409061266541.jpg,EP短片壁纸合集,奥菲丝&鬼火角色展示壁纸,1599,1360,8(3840x2160),8(3840x2160).jpg,壁纸合集\EP短片壁纸合集\奥菲丝&鬼火角色展示壁纸\8(3840x2160).jpg,https://act-upload.mihoyo.com/nap-obc-indep/2025/09/28/73751405/3f33694b0daf2b9848dd2f3f05be672f_6019262409061266541.jpg,,,
wallpapers,wallpapers|1599|1631|1(3840x2160)|https://act-upload.mihoyo.com/nap-obc-indep/2026/02/14/73751405/856452fed2f487ff1986ce57394f2112_5255428320615658613.jpg,EP短片壁纸合集,EP把心跳变成节奏壁纸,1599,1631,1(3840x2160),1(3840x2160).jpg,壁纸合集\EP短片壁纸合集\EP把心跳变成节奏壁纸\1(3840x2160).jpg,https://act-upload.mihoyo.com/nap-obc-indep/2026/02/14/73751405/856452fed2f487ff1986ce57394f2112_5255428320615658613.jpg,,,
wallpapers,wallpapers|1599|1631|1(2560x1080)|https://act-upload.mihoyo.com/nap-obc-indep/2026/02/14/73751405/843600bc2860017dce479caf48dc3831_4951713167463651259.jpg,EP短片壁纸合集,EP把心跳变成节奏壁纸,1599,1631,1(2560x1080),1(2560x1080).jpg,壁纸合集\EP短片壁纸合集\EP把心跳变成节奏壁纸\1(2560x1080).jpg,https://act-upload.mihoyo.com/nap-obc-indep/2026/02/14/73751405/843600bc2860017dce479caf48dc3831_4951713167463651259.jpg,,,
wallpapers,wallpapers|1599|1631|2(3840x2160)|https://act-upload.mihoyo.com/nap-obc-indep/2026/02/14/73751405/0cf68baff8075c46b117d66d7686065b_6816781544036375846.jpg,EP短片壁纸合集,EP把心跳变成节奏壁纸,1599,1631,2(3840x2160),2(3840x2160).jpg,壁纸合集\EP短片壁纸合集\EP把心跳变成节奏壁纸\2(3840x2160).jpg,https://act-upload.mihoyo.com/nap-obc-indep/2026/02/14/73751405/0cf68baff8075c46b117d66d7686065b_6816781544036375846.jpg,,,
wallpapers,wallpapers|1599|1631|2(2560x1080)|https://act-upload.mihoyo.com/nap-obc-indep/2026/02/14/73751405/015735f1a869bb94fc08c8fcf0f152a9_6072355596659448018.jpg,EP短片壁纸合集,EP把心跳变成节奏壁纸,1599,1631,2(2560x1080),2(2560x1080).jpg,壁纸合集\EP短片壁纸合集\EP把心跳变成节奏壁纸\2(2560x1080).jpg,https://act-upload.mihoyo.com/nap-obc-indep/2026/02/14/73751405/015735f1a869bb94fc08c8fcf0f152a9_6072355596659448018.jpg,,,
wallpapers,wallpapers|1599|1631|3(3840x2160)|https://act-upload.mihoyo.com/nap-obc-indep/2026/02/14/73751405/32010371e5d719ae88a80497751df2b0_2375782934929017967.jpg,EP短片壁纸合集,EP把心跳变成节奏壁纸,1599,1631,3(3840x2160),3(3840x2160).jpg,壁纸合集\EP短片壁纸合集\EP把心跳变成节奏壁纸\3(3840x2160).jpg,https://act-upload.mihoyo.com/nap-obc-indep/2026/02/14/73751405/32010371e5d719ae88a80497751df2b0_2375782934929017967.jpg,,,
wallpapers,wallpapers|1599|1631|3(2560x1080)|https://act-upload.mihoyo.com/nap-obc-indep/2026/02/14/73751405/6ea227b5195b307bce2f6d05fd914f2b_2147321956515100202.jpg,EP短片壁纸合集,EP把心跳变成节奏壁纸,1599,1631,3(2560x1080),3(2560x1080).jpg,壁纸合集\EP短片壁纸合集\EP把心跳变成节奏壁纸\3(2560x1080).jpg,https://act-upload.mihoyo.com/nap-obc-indep/2026/02/14/73751405/6ea227b5195b307bce2f6d05fd914f2b_2147321956515100202.jpg,,,
wallpapers,wallpapers|1599|1631|4(3840x2160)|https://act-upload.mihoyo.com/nap-obc-indep/2026/02/14/73751405/869be879d02003f51ab6721deb29633e_2350144893608759365.jpg,EP短片壁纸合集,EP把心跳变成节奏壁纸,1599,1631,4(3840x2160),4(3840x2160).jpg,壁纸合集\EP短片壁纸合集\EP把心跳变成节奏壁纸\4(3840x2160).jpg,https://act-upload.mihoyo.com/nap-obc-indep/2026/02/14/73751405/869be879d02003f51ab6721deb29633e_2350144893608759365.jpg,,,
wallpapers,wallpapers|1599|1631|4(2560x1080)|https://act-upload.mihoyo.com/nap-obc-indep/2026/02/14/73751405/2a903b8e96648bf567db3ea1179c35c1_8779831801079323235.jpg,EP短片壁纸合集,EP把心跳变成节奏壁纸,1599,1631,4(2560x1080),4(2560x1080).jpg,壁纸合集\EP短片壁纸合集\EP把心跳变成节奏壁纸\4(2560x1080).jpg,https://act-upload.mihoyo.com/nap-obc-indep/2026/02/14/73751405/2a903b8e96648bf567db3ea1179c35c1_8779831801079323235.jpg,,,
wallpapers,wallpapers|1599|1631|5(3840x2160)|https://act-upload.mihoyo.com/nap-obc-indep/2026/02/14/73751405/e9544daf1b1834b9eaa60a72407f99b7_8366509986757131120.jpg,EP短片壁纸合集,EP把心跳变成节奏壁纸,1599,1631,5(3840x2160),5(3840x2160).jpg,壁纸合集\EP短片壁纸合集\EP把心跳变成节奏壁纸\5(3840x2160).jpg,https://act-upload.mihoyo.com/nap-obc-indep/2026/02/14/73751405/e9544daf1b1834b9eaa60a72407f99b7_8366509986757131120.jpg,,,
wallpapers,wallpapers|1599|1631|5(2560x1080)|https://act-upload.mihoyo.com/nap-obc-indep/2026/02/14/73751405/e259bbb931109e0c975ce7e3b22f6e3b_2401518290872938009.jpg,EP短片壁纸合集,EP把心跳变成节奏壁纸,1599,1631,5(2560x1080),5(2560x1080).jpg,壁纸合集\EP短片壁纸合集\EP把心跳变成节奏壁纸\5(2560x1080).jpg,https://act-upload.mihoyo.com/nap-obc-indep/2026/02/14/73751405/e259bbb931109e0c975ce7e3b22f6e3b_2401518290872938009.jpg,,,
wallpapers,wallpapers|1599|1631|6(3840x2160)|https://act-upload.mihoyo.com/nap-obc-indep/2026/02/14/73751405/59807d4c81ae3a672cfae5f0929a56e9_2985536356938487616.jpg,EP短片壁纸合集,EP把心跳变成节奏壁纸,1599,1631,6(3840x2160),6(3840x2160).jpg,壁纸合集\EP短片壁纸合集\EP把心跳变成节奏壁纸\6(3840x2160).jpg,https://act-upload.mihoyo.com/nap-obc-indep/2026/02/14/73751405/59807d4c81ae3a672cfae5f0929a56e9_2985536356938487616.jpg,,,
wallpapers,wallpapers|1599|1631|6(2560x1080)|https://act-upload.mihoyo.com/nap-obc-indep/2026/02/14/73751405/c1a279054cd98409acd23ffe1d7e25a9_340906087904506352.jpg,EP短片壁纸合集,EP把心跳变成节奏壁纸,1599,1631,6(2560x1080),6(2560x1080).jpg,壁纸合集\EP短片壁纸合集\EP把心跳变成节奏壁纸\6(2560x1080).jpg,https://act-upload.mihoyo.com/nap-obc-indep/2026/02/14/73751405/c1a279054cd98409acd23ffe1d7e25a9_340906087904506352.jpg,,,
wallpapers,wallpapers|1599|1631|7(3840x2160)|https://act-upload.mihoyo.com/nap-obc-indep/2026/02/14/73751405/4fc6b1bddd5fb09767621b2ee3e3be73_9172158332718512554.jpg,EP短片壁纸合集,EP把心跳变成节奏壁纸,1599,1631,7(3840x2160),7(3840x2160).jpg,壁纸合集\EP短片壁纸合集\EP把心跳变成节奏壁纸\7(3840x2160).jpg,https://act-upload.mihoyo.com/nap-obc-indep/2026/02/14/73751405/4fc6b1bddd5fb09767621b2ee3e3be73_9172158332718512554.jpg,,,
wallpapers,wallpapers|1599|1631|7(2560x1080)|https://act-upload.mihoyo.com/nap-obc-indep/2026/02/14/73751405/4af0a8f1a4ce6466f05d224c191c781a_4910360248794850452.jpg,EP短片壁纸合集,EP把心跳变成节奏壁纸,1599,1631,7(2560x1080),7(2560x1080).jpg,壁纸合集\EP短片壁纸合集\EP把心跳变成节奏壁纸\7(2560x1080).jpg,https://act-upload.mihoyo.com/nap-obc-indep/2026/02/14/73751405/4af0a8f1a4ce6466f05d224c191c781a_4910360248794850452.jpg,,,
wallpapers,wallpapers|1599|1631|8(3840x2160)|https://act-upload.mihoyo.com/nap-obc-indep/2026/02/14/73751405/ae8e6c08930c13af1cfb2d44cd6daf72_2806487011667065069.jpg,EP短片壁纸合集,EP把心跳变成节奏壁纸,1599,1631,8(3840x2160),8(3840x2160).jpg,壁纸合集\EP短片壁纸合集\EP把心跳变成节奏壁纸\8(3840x2160).jpg,https://act-upload.mihoyo.com/nap-obc-indep/2026/02/14/73751405/ae8e6c08930c13af1cfb2d44cd6daf72_2806487011667065069.jpg,,,
wallpapers,wallpapers|1599|1631|8(2560x1080)|https://act-upload.mihoyo.com/nap-obc-indep/2026/02/14/73751405/acd8dbd3d1f82776cb0d92ce53d5a4d1_5288734730000976046.jpg,EP短片壁纸合集,EP把心跳变成节奏壁纸,1599,1631,8(2560x1080),8(2560x1080).jpg,壁纸合集\EP短片壁纸合集\EP把心跳变成节奏壁纸\8(2560x1080).jpg,https://act-upload.mihoyo.com/nap-obc-indep/2026/02/14/73751405/acd8dbd3d1f82776cb0d92ce53d5a4d1_5288734730000976046.jpg,,,
wallpapers,wallpapers|1599|1631|9(3840x2160)|https://act-upload.mihoyo.com/nap-obc-indep/2026/02/14/73751405/4c124495c8c893c6bc9754cf14106fdf_4552670663140173278.jpg,EP短片壁纸合集,EP把心跳变成节奏壁纸,1599,1631,9(3840x2160),9(3840x2160).jpg,壁纸合集\EP短片壁纸合集\EP把心跳变成节奏壁纸\9(3840x2160).jpg,https://act-upload.mihoyo.com/nap-obc-indep/2026/02/14/73751405/4c124495c8c893c6bc9754cf14106fdf_4552670663140173278.jpg,,,
wallpapers,wallpapers|1599|1631|9(2560x1080)|https://act-upload.mihoyo.com/nap-obc-indep/2026/02/14/73751405/47811dc0a0eaf0649ad07598d28cbec3_4962381719082670660.jpg,EP短片壁纸合集,EP把心跳变成节奏壁纸,1599,1631,9(2560x1080),9(2560x1080).jpg,壁纸合集\EP短片壁纸合集\EP把心跳变成节奏壁纸\9(2560x1080).jpg,https://act-upload.mihoyo.com/nap-obc-indep/2026/02/14/73751405/47811dc0a0eaf0649ad07598d28cbec3_4962381719082670660.jpg,,,
wallpapers,wallpapers|1599|1631|10(3840x2160)|https://act-upload.mihoyo.com/nap-obc-indep/2026/02/14/73751405/f96dceebf497b4dab4f411d5175f7ae5_5167742672760099779.jpg,EP短片壁纸合集,EP把心跳变成节奏壁纸,1599,1631,10(3840x2160),10(3840x2160).jpg,壁纸合集\EP短片壁纸合集\EP把心跳变成节奏壁纸\10(3840x2160).jpg,https://act-upload.mihoyo.com/nap-obc-indep/2026/02/14/73751405/f96dceebf497b4dab4f411d5175f7ae5_5167742672760099779.jpg,,,
wallpapers,wallpapers|1599|1631|10(2560x1080)|https://act-upload.mihoyo.com/nap-obc-indep/2026/02/14/73751405/9676ce3d0005601e21b3494f036f2f17_3333062307179949453.jpg,EP短片壁纸合集,EP把心跳变成节奏壁纸,1599,1631,10(2560x1080),10(2560x1080).jpg,壁纸合集\EP短片壁纸合集\EP把心跳变成节奏壁纸\10(2560x1080).jpg,https://act-upload.mihoyo.com/nap-obc-indep/2026/02/14/73751405/9676ce3d0005601e21b3494f036f2f17_3333062307179949453.jpg,,,
wallpapers,wallpapers|1599|1631|11(3840x2160)|https://act-upload.mihoyo.com/nap-obc-indep/2026/02/14/73751405/54e0bccd177fdf722cd95fb0eaf2eb6a_2691780210060742972.jpg,EP短片壁纸合集,EP把心跳变成节奏壁纸,1599,1631,11(3840x2160),11(3840x2160).jpg,壁纸合集\EP短片壁纸合集\EP把心跳变成节奏壁纸\11(3840x2160).jpg,https://act-upload.mihoyo.com/nap-obc-indep/2026/02/14/73751405/54e0bccd177fdf722cd95fb0eaf2eb6a_2691780210060742972.jpg,,,
wallpapers,wallpapers|1599|1631|11(2560x1080)|https://act-upload.mihoyo.com/nap-obc-indep/2026/02/14/73751405/65710f76caa2cdeaae4901899919b958_6829410969247321108.jpg,EP短片壁纸合集,EP把心跳变成节奏壁纸,1599,1631,11(2560x1080),11(2560x1080).jpg,壁纸合集\EP短片壁纸合集\EP把心跳变成节奏壁纸\11(2560x1080).jpg,https://act-upload.mihoyo.com/nap-obc-indep/2026/02/14/73751405/65710f76caa2cdeaae4901899919b958_6829410969247321108.jpg,,,
wallpapers,wallpapers|1599|1631|12(3840x2160)|https://act-upload.mihoyo.com/nap-obc-indep/2026/02/14/73751405/1a5482bf86ddab6b0237e617cee7bb37_410194867976309483.jpg,EP短片壁纸合集,EP把心跳变成节奏壁纸,1599,1631,12(3840x2160),12(3840x2160).jpg,壁纸合集\EP短片壁纸合集\EP把心跳变成节奏壁纸\12(3840x2160).jpg,https://act-upload.mihoyo.com/nap-obc-indep/2026/02/14/73751405/1a5482bf86ddab6b0237e617cee7bb37_410194867976309483.jpg,,,
wallpapers,wallpapers|1599|1631|12(2560x1080)|https://act-upload.mihoyo.com/nap-obc-indep/2026/02/14/73751405/d5314c81e336b7e73a5426dadaeb8cdb_674961964992992871.jpg,EP短片壁纸合集,EP把心跳变成节奏壁纸,1599,1631,12(2560x1080),12(2560x1080).jpg,壁纸合集\EP短片壁纸合集\EP把心跳变成节奏壁纸\12(2560x1080).jpg,https://act-upload.mihoyo.com/nap-obc-indep/2026/02/14/73751405/d5314c81e336b7e73a5426dadaeb8cdb_674961964992992871.jpg,,,
wallpapers,wallpapers|1599|1631|13(3840x2160)|https://act-upload.mihoyo.com/nap-obc-indep/2026/02/14/73751405/c218463a2cb489a829e81accb5982cb4_6637640332024949151.jpg,EP短片壁纸合集,EP把心跳变成节奏壁纸,1599,1631,13(3840x2160),13(3840x2160).jpg,壁纸合集\EP短片壁纸合集\EP把心跳变成节奏壁纸\13(3840x2160).jpg,https://act-upload.mihoyo.com/nap-obc-indep/2026/02/14/73751405/c218463a2cb489a829e81accb5982cb4_6637640332024949151.jpg,,,
wallpapers,wallpapers|1599|1631|13(2560x1080)|https://act-upload.mihoyo.com/nap-obc-indep/2026/02/14/73751405/e3269dfdcb3d3ca1a674d957184c7728_1230924812805661252.jpg,EP短片壁纸合集,EP把心跳变成节奏壁纸,1599,1631,13(2560x1080),13(2560x1080).jpg,壁纸合集\EP短片壁纸合集\EP把心跳变成节奏壁纸\13(2560x1080).jpg,https://act-upload.mihoyo.com/nap-obc-indep/2026/02/14/73751405/e3269dfdcb3d3ca1a674d957184c7728_1230924812805661252.jpg,,,
wallpapers,wallpapers|1599|1631|14(3840x2160)|https://act-upload.mihoyo.com/nap-obc-indep/2026/02/14/73751405/d5802923ee6937727c07e85deb5d172f_5171777389791016131.jpg,EP短片壁纸合集,EP把心跳变成节奏壁纸,1599,1631,14(3840x2160),14(3840x2160).jpg,壁纸合集\EP短片壁纸合集\EP把心跳变成节奏壁纸\14(3840x2160).jpg,https://act-upload.mihoyo.com/nap-obc-indep/2026/02/14/73751405/d5802923ee6937727c07e85deb5d172f_5171777389791016131.jpg,,,
wallpapers,wallpapers|1599|1631|14(2560x1080)|https://act-upload.mihoyo.com/nap-obc-indep/2026/02/14/73751405/0d7a4495bab3d71cd72c2226b6d64885_2340466349673182791.jpg,EP短片壁纸合集,EP把心跳变成节奏壁纸,1599,1631,14(2560x1080),14(2560x1080).jpg,壁纸合集\EP短片壁纸合集\EP把心跳变成节奏壁纸\14(2560x1080).jpg,https://act-upload.mihoyo.com/nap-obc-indep/2026/02/14/73751405/0d7a4495bab3d71cd72c2226b6d64885_2340466349673182791.jpg,,,
wallpapers,wallpapers|1599|1631|15(3840x2160)|https://act-upload.mihoyo.com/nap-obc-indep/2026/02/14/73751405/607a29cb3f642ac7abb0981f3e27748f_8706633434376746657.jpg,EP短片壁纸合集,EP把心跳变成节奏壁纸,1599,1631,15(3840x2160),15(3840x2160).jpg,壁纸合集\EP短片壁纸合集\EP把心跳变成节奏壁纸\15(3840x2160).jpg,https://act-upload.mihoyo.com/nap-obc-indep/2026/02/14/73751405/607a29cb3f642ac7abb0981f3e27748f_8706633434376746657.jpg,,,
wallpapers,wallpapers|1599|1631|15(2560x1080)|https://act-upload.mihoyo.com/nap-obc-indep/2026/02/14/73751405/e7ea16f85c4ea85b73f0a46861eac36d_2639689317629943901.jpg,EP短片壁纸合集,EP把心跳变成节奏壁纸,1599,1631,15(2560x1080),15(2560x1080).jpg,壁纸合集\EP短片壁纸合集\EP把心跳变成节奏壁纸\15(2560x1080).jpg,https://act-upload.mihoyo.com/nap-obc-indep/2026/02/14/73751405/e7ea16f85c4ea85b73f0a46861eac36d_2639689317629943901.jpg,,,
wallpapers,wallpapers|1599|1631|16(3840x2160)|https://act-upload.mihoyo.com/nap-obc-indep/2026/02/14/73751405/c556b8af2c8343ac74b503dd63f5aac3_5252241042047451393.jpg,EP短片壁纸合集,EP把心跳变成节奏壁纸,1599,1631,16(3840x2160),16(3840x2160).jpg,壁纸合集\EP短片壁纸合集\EP把心跳变成节奏壁纸\16(3840x2160).jpg,https://act-upload.mihoyo.com/nap-obc-indep/2026/02/14/73751405/c556b8af2c8343ac74b503dd63f5aac3_5252241042047451393.jpg,,,
wallpapers,wallpapers|1599|1631|16(2560x1080)|https://act-upload.mihoyo.com/nap-obc-indep/2026/02/14/73751405/b793bea9d296c041425d42f63843fdc4_4870800230874874548.jpg,EP短片壁纸合集,EP把心跳变成节奏壁纸,1599,1631,16(2560x1080),16(2560x1080).jpg,壁纸合集\EP短片壁纸合集\EP把心跳变成节奏壁纸\16(2560x1080).jpg,https://act-upload.mihoyo.com/nap-obc-indep/2026/02/14/73751405/b793bea9d296c041425d42f63843fdc4_4870800230874874548.jpg,,,
wallpapers,wallpapers|1599|1631|17(3840x2160)|https://act-upload.mihoyo.com/nap-obc-indep/2026/02/14/73751405/3702edda15be94870d16b0a8e694c29e_4032994050936420133.jpg,EP短片壁纸合集,EP把心跳变成节奏壁纸,1599,1631,17(3840x2160),17(3840x2160).jpg,壁纸合集\EP短片壁纸合集\EP把心跳变成节奏壁纸\17(3840x2160).jpg,https://act-upload.mihoyo.com/nap-obc-indep/2026/02/14/73751405/3702edda15be94870d16b0a8e694c29e_4032994050936420133.jpg,,,
wallpapers,wallpapers|1599|1631|17(2560x1080)|https://act-upload.mihoyo.com/nap-obc-indep/2026/02/14/73751405/f091bfd03fca87ca18618ad357346fa2_7807252974130210503.jpg,EP短片壁纸合集,EP把心跳变成节奏壁纸,1599,1631,17(2560x1080),17(2560x1080).jpg,壁纸合集\EP短片壁纸合集\EP把心跳变成节奏壁纸\17(2560x1080).jpg,https://act-upload.mihoyo.com/nap-obc-indep/2026/02/14/73751405/f091bfd03fca87ca18618ad357346fa2_7807252974130210503.jpg,,,
wallpapers,wallpapers|1599|1631|18(3840x2160)|https://act-upload.mihoyo.com/nap-obc-indep/2026/02/14/73751405/66e1363b77da93accd254722fac970dd_5660036350603553470.jpg,EP短片壁纸合集,EP把心跳变成节奏壁纸,1599,1631,18(3840x2160),18(3840x2160).jpg,壁纸合集\EP短片壁纸合集\EP把心跳变成节奏壁纸\18(3840x2160).jpg,https://act-upload.mihoyo.com/nap-obc-indep/2026/02/14/73751405/66e1363b77da93accd254722fac970dd_5660036350603553470.jpg,,,
wallpapers,wallpapers|1599|1631|18(2560x1080)|https://act-upload.mihoyo.com/nap-obc-indep/2026/02/14/73751405/fc90746ff42b70ecdae65cbaffb1350a_2524147175790332590.jpg,EP短片壁纸合集,EP把心跳变成节奏壁纸,1599,1631,18(2560x1080),18(2560x1080).jpg,壁纸合集\EP短片壁纸合集\EP把心跳变成节奏壁纸\18(2560x1080).jpg,https://act-upload.mihoyo.com/nap-obc-indep/2026/02/14/73751405/fc90746ff42b70ecdae65cbaffb1350a_2524147175790332590.jpg,,,
wallpapers,wallpapers|1599|1631|19(1440x1080)|https://act-upload.mihoyo.com/nap-obc-indep/2026/02/14/73751405/4e5a891c042adba6d9dffe615ba39a4d_904547500759041168.jpg,EP短片壁纸合集,EP把心跳变成节奏壁纸,1599,1631,19(1440x1080),19(1440x1080).jpg,壁纸合集\EP短片壁纸合集\EP把心跳变成节奏壁纸\19(1440x1080).jpg,https://act-upload.mihoyo.com/nap-obc-indep/2026/02/14/73751405/4e5a891c042adba6d9dffe615ba39a4d_904547500759041168.jpg,,,
wallpapers,wallpapers|1599|1631|20(1440x1080)|https://act-upload.mihoyo.com/nap-obc-indep/2026/02/14/73751405/0d2e7acd6e468e22c920d45a379c925a_3050237736447250403.jpg,EP短片壁纸合集,EP把心跳变成节奏壁纸,1599,1631,20(1440x1080),20(1440x1080).jpg,壁纸合集\EP短片壁纸合集\EP把心跳变成节奏壁纸\20(1440x1080).jpg,https://act-upload.mihoyo.com/nap-obc-indep/2026/02/14/73751405/0d2e7acd6e468e22c920d45a379c925a_3050237736447250403.jpg,,,
wallpapers,wallpapers|1599|1631|21(1440x1080)|https://act-upload.mihoyo.com/nap-obc-indep/2026/02/14/73751405/cf4690654bfcc83d93d91e5d75d2ea83_9130130647004684633.jpg,EP短片壁纸合集,EP把心跳变成节奏壁纸,1599,1631,21(1440x1080),21(1440x1080).jpg,壁纸合集\EP短片壁纸合集\EP把心跳变成节奏壁纸\21(1440x1080).jpg,https://act-upload.mihoyo.com/nap-obc-indep/2026/02/14/73751405/cf4690654bfcc83d93d91e5d75d2ea83_9130130647004684633.jpg,,,
wallpapers,wallpapers|1599|1631|22(1440x1080)|https://act-upload.mihoyo.com/nap-obc-indep/2026/02/14/73751405/8d795ef363ca5e48368520ea34cbae2d_885943851187987179.jpg,EP短片壁纸合集,EP把心跳变成节奏壁纸,1599,1631,22(1440x1080),22(1440x1080).jpg,壁纸合集\EP短片壁纸合集\EP把心跳变成节奏壁纸\22(1440x1080).jpg,https://act-upload.mihoyo.com/nap-obc-indep/2026/02/14/73751405/8d795ef363ca5e48368520ea34cbae2d_885943851187987179.jpg,,,
wallpapers,wallpapers|1599|1631|23(1440x1080)|https://act-upload.mihoyo.com/nap-obc-indep/2026/02/14/73751405/dec139d06a8a749b7da445ed2d89e8bf_95162803299571982.jpg,EP短片壁纸合集,EP把心跳变成节奏壁纸,1599,1631,23(1440x1080),23(1440x1080).jpg,壁纸合集\EP短片壁纸合集\EP把心跳变成节奏壁纸\23(1440x1080).jpg,https://act-upload.mihoyo.com/nap-obc-indep/2026/02/14/73751405/dec139d06a8a749b7da445ed2d89e8bf_95162803299571982.jpg,,,
wallpapers,wallpapers|1599|1631|24(1440x1080)|https://act-upload.mihoyo.com/nap-obc-indep/2026/02/14/73751405/8cecd62f22a577a3a9056686d6ff8b17_5000982749654181816.jpg,EP短片壁纸合集,EP把心跳变成节奏壁纸,1599,1631,24(1440x1080),24(1440x1080).jpg,壁纸合集\EP短片壁纸合集\EP把心跳变成节奏壁纸\24(1440x1080).jpg,https://act-upload.mihoyo.com/nap-obc-indep/2026/02/14/73751405/8cecd62f22a577a3a9056686d6ff8b17_5000982749654181816.jpg,,,
wallpapers,wallpapers|1599|1631|25(1440x1080)|https://act-upload.mihoyo.com/nap-obc-indep/2026/02/14/73751405/c93e6165e34d468e42dd086ba58a81b0_4431038314363901969.jpg,EP短片壁纸合集,EP把心跳变成节奏壁纸,1599,1631,25(1440x1080),25(1440x1080).jpg,壁纸合集\EP短片壁纸合集\EP把心跳变成节奏壁纸\25(1440x1080).jpg,https://act-upload.mihoyo.com/nap-obc-indep/2026/02/14/73751405/c93e6165e34d468e42dd086ba58a81b0_4431038314363901969.jpg,,,
wallpapers,wallpapers|1599|1631|26(1440x1080)|https://act-upload.mihoyo.com/nap-obc-indep/2026/02/14/73751405/c04d7d1773b706d9b0cbfc3c3785b2cc_4115653870165462875.jpg,EP短片壁纸合集,EP把心跳变成节奏壁纸,1599,1631,26(1440x1080),26(1440x1080).jpg,壁纸合集\EP短片壁纸合集\EP把心跳变成节奏壁纸\26(1440x1080).jpg,https://act-upload.mihoyo.com/nap-obc-indep/2026/02/14/73751405/c04d7d1773b706d9b0cbfc3c3785b2cc_4115653870165462875.jpg,,,
wallpapers,wallpapers|1599|1592|1|https://act-upload.mihoyo.com/nap-obc-indep/2026/01/09/73751405/d3bad88c09d2ec59c1f8db2afd9fef8f_1081931116579936413.jpg,EP短片壁纸合集,照主题壁纸（3840x2160）,1599,1592,1,1.jpg,壁纸合集\EP短片壁纸合集\照主题壁纸（3840x2160）\1.jpg,https://act-upload.mihoyo.com/nap-obc-indep/2026/01/09/73751405/d3bad88c09d2ec59c1f8db2afd9fef8f_1081931116579936413.jpg,,,
wallpapers,wallpapers|1599|1592|2|https://act-upload.mihoyo.com/nap-obc-indep/2026/01/09/73751405/d6a83f2475e2bb776ddf5975e414869f_278886679940459382.jpg,EP短片壁纸合集,照主题壁纸（3840x2160）,1599,1592,2,2.jpg,壁纸合集\EP短片壁纸合集\照主题壁纸（3840x2160）\2.jpg,https://act-upload.mihoyo.com/nap-obc-indep/2026/01/09/73751405/d6a83f2475e2bb776ddf5975e414869f_278886679940459382.jpg,,,
wallpapers,wallpapers|1599|1592|3|https://act-upload.mihoyo.com/nap-obc-indep/2026/01/09/73751405/97661caffdae49316489ca9c655d2ff9_3822257419026615966.jpg,EP短片壁纸合集,照主题壁纸（3840x2160）,1599,1592,3,3.jpg,壁纸合集\EP短片壁纸合集\照主题壁纸（3840x2160）\3.jpg,https://act-upload.mihoyo.com/nap-obc-indep/2026/01/09/73751405/97661caffdae49316489ca9c655d2ff9_3822257419026615966.jpg,,,
wallpapers,wallpapers|1599|1592|4|https://act-upload.mihoyo.com/nap-obc-indep/2026/01/09/73751405/f4c0544a74fa79023f43782d68240dff_174187723013014046.jpg,EP短片壁纸合集,照主题壁纸（3840x2160）,1599,1592,4,4.jpg,壁纸合集\EP短片壁纸合集\照主题壁纸（3840x2160）\4.jpg,https://act-upload.mihoyo.com/nap-obc-indep/2026/01/09/73751405/f4c0544a74fa79023f43782d68240dff_174187723013014046.jpg,,,
wallpapers,wallpapers|1599|1592|5|https://act-upload.mihoyo.com/nap-obc-indep/2026/01/09/73751405/0f1615a46ba16e080beb7e565aeda1d4_9209857446432730646.jpg,EP短片壁纸合集,照主题壁纸（3840x2160）,1599,1592,5,5.jpg,壁纸合集\EP短片壁纸合集\照主题壁纸（3840x2160）\5.jpg,https://act-upload.mihoyo.com/nap-obc-indep/2026/01/09/73751405/0f1615a46ba16e080beb7e565aeda1d4_9209857446432730646.jpg,,,
wallpapers,wallpapers|1599|1592|6|https://act-upload.mihoyo.com/nap-obc-indep/2026/01/09/73751405/300b27385e1777e335c31fbeef2d6c89_7314694275698591711.jpg,EP短片壁纸合集,照主题壁纸（3840x2160）,1599,1592,6,6.jpg,壁纸合集\EP短片壁纸合集\照主题壁纸（3840x2160）\6.jpg,https://act-upload.mihoyo.com/nap-obc-indep/2026/01/09/73751405/300b27385e1777e335c31fbeef2d6c89_7314694275698591711.jpg,,,
wallpapers,wallpapers|1599|1592|7|https://act-upload.mihoyo.com/nap-obc-indep/2026/01/09/73751405/0e4e60c7fccd92c4bb2c77845902be89_2287505295244095666.jpg,EP短片壁纸合集,照主题壁纸（3840x2160）,1599,1592,7,7.jpg,壁纸合集\EP短片壁纸合集\照主题壁纸（3840x2160）\7.jpg,https://act-upload.mihoyo.com/nap-obc-indep/2026/01/09/73751405/0e4e60c7fccd92c4bb2c77845902be89_2287505295244095666.jpg,,,
wallpapers,wallpapers|1599|1592|8|https://act-upload.mihoyo.com/nap-obc-indep/2026/01/09/73751405/81fe94512808cf18c4ec9ec7880f5a76_7095439910659869463.jpg,EP短片壁纸合集,照主题壁纸（3840x2160）,1599,1592,8,8.jpg,壁纸合集\EP短片壁纸合集\照主题壁纸（3840x2160）\8.jpg,https://act-upload.mihoyo.com/nap-obc-indep/2026/01/09/73751405/81fe94512808cf18c4ec9ec7880f5a76_7095439910659869463.jpg,,,
wallpapers,wallpapers|1599|1592|9|https://act-upload.mihoyo.com/nap-obc-indep/2026/01/09/73751405/153903940f4bc5a0c74ecfe923cd5661_1152489334150717332.jpg,EP短片壁纸合集,照主题壁纸（3840x2160）,1599,1592,9,9.jpg,壁纸合集\EP短片壁纸合集\照主题壁纸（3840x2160）\9.jpg,https://act-upload.mihoyo.com/nap-obc-indep/2026/01/09/73751405/153903940f4bc5a0c74ecfe923cd5661_1152489334150717332.jpg,,,
wallpapers,wallpapers|1599|1592|10|https://act-upload.mihoyo.com/nap-obc-indep/2026/01/09/73751405/a89ef316c609a3d2dc780cb8bdd78fb3_5332821651437630569.jpg,EP短片壁纸合集,照主题壁纸（3840x2160）,1599,1592,10,10.jpg,壁纸合集\EP短片壁纸合集\照主题壁纸（3840x2160）\10.jpg,https://act-upload.mihoyo.com/nap-obc-indep/2026/01/09/73751405/a89ef316c609a3d2dc780cb8bdd78fb3_5332821651437630569.jpg,,,
wallpapers,wallpapers|1599|1592|11|https://act-upload.mihoyo.com/nap-obc-indep/2026/01/09/73751405/5c5b2f387bcb7dc1c8863f82091863f2_6993978645101622267.jpg,EP短片壁纸合集,照主题壁纸（3840x2160）,1599,1592,11,11.jpg,壁纸合集\EP短片壁纸合集\照主题壁纸（3840x2160）\11.jpg,https://act-upload.mihoyo.com/nap-obc-indep/2026/01/09/73751405/5c5b2f387bcb7dc1c8863f82091863f2_6993978645101622267.jpg,,,
wallpapers,wallpapers|1599|1592|12|https://act-upload.mihoyo.com/nap-obc-indep/2026/01/09/73751405/d15530ec30c5eadb6135393f2f867a08_8047947879648319395.jpg,EP短片壁纸合集,照主题壁纸（3840x2160）,1599,1592,12,12.jpg,壁纸合集\EP短片壁纸合集\照主题壁纸（3840x2160）\12.jpg,https://act-upload.mihoyo.com/nap-obc-indep/2026/01/09/73751405/d15530ec30c5eadb6135393f2f867a08_8047947879648319395.jpg,,,
wallpapers,wallpapers|1599|1592|13|https://act-upload.mihoyo.com/nap-obc-indep/2026/01/09/73751405/36d359f9deccc106b6efec62f48aacac_1732697888886395370.jpg,EP短片壁纸合集,照主题壁纸（3840x2160）,1599,1592,13,13.jpg,壁纸合集\EP短片壁纸合集\照主题壁纸（3840x2160）\13.jpg,https://act-upload.mihoyo.com/nap-obc-indep/2026/01/09/73751405/36d359f9deccc106b6efec62f48aacac_1732697888886395370.jpg,,,
wallpapers,wallpapers|1599|1592|14|https://act-upload.mihoyo.com/nap-obc-indep/2026/01/09/73751405/285294d7f3567c4c9de1c1963894f847_6444169587740844437.jpg,EP短片壁纸合集,照主题壁纸（3840x2160）,1599,1592,14,14.jpg,壁纸合集\EP短片壁纸合集\照主题壁纸（3840x2160）\14.jpg,https://act-upload.mihoyo.com/nap-obc-indep/2026/01/09/73751405/285294d7f3567c4c9de1c1963894f847_6444169587740844437.jpg,,,
wallpapers,wallpapers|1599|1592|15|https://act-upload.mihoyo.com/nap-obc-indep/2026/01/09/73751405/27d157d698f75e3c1d34e5005e2fd6e5_4990154729325035678.jpg,EP短片壁纸合集,照主题壁纸（3840x2160）,1599,1592,15,15.jpg,壁纸合集\EP短片壁纸合集\照主题壁纸（3840x2160）\15.jpg,https://act-upload.mihoyo.com/nap-obc-indep/2026/01/09/73751405/27d157d698f75e3c1d34e5005e2fd6e5_4990154729325035678.jpg,,,
wallpapers,wallpapers|1599|1592|16|https://act-upload.mihoyo.com/nap-obc-indep/2026/01/09/73751405/5a10f026195194bda805f397fde7db7d_4932746015852221550.jpg,EP短片壁纸合集,照主题壁纸（3840x2160）,1599,1592,16,16.jpg,壁纸合集\EP短片壁纸合集\照主题壁纸（3840x2160）\16.jpg,https://act-upload.mihoyo.com/nap-obc-indep/2026/01/09/73751405/5a10f026195194bda805f397fde7db7d_4932746015852221550.jpg,,,
wallpapers,wallpapers|1599|1592|17|https://act-upload.mihoyo.com/nap-obc-indep/2026/01/09/73751405/5d02966345e6c5710cb42f588182f1da_2480098530648324000.jpg,EP短片壁纸合集,照主题壁纸（3840x2160）,1599,1592,17,17.jpg,壁纸合集\EP短片壁纸合集\照主题壁纸（3840x2160）\17.jpg,https://act-upload.mihoyo.com/nap-obc-indep/2026/01/09/73751405/5d02966345e6c5710cb42f588182f1da_2480098530648324000.jpg,,,
wallpapers,wallpapers|1599|1592|18|https://act-upload.mihoyo.com/nap-obc-indep/2026/01/09/73751405/279eb1e814194bb8b8164ff212bbbbcf_7541249131260865290.jpg,EP短片壁纸合集,照主题壁纸（3840x2160）,1599,1592,18,18.jpg,壁纸合集\EP短片壁纸合集\照主题壁纸（3840x2160）\18.jpg,https://act-upload.mihoyo.com/nap-obc-indep/2026/01/09/73751405/279eb1e814194bb8b8164ff212bbbbcf_7541249131260865290.jpg,,,
wallpapers,wallpapers|1599|1592|19|https://act-upload.mihoyo.com/nap-obc-indep/2026/01/09/73751405/b573af0dc681dcc911f415edbc0a2587_665738737353977211.jpg,EP短片壁纸合集,照主题壁纸（3840x2160）,1599,1592,19,19.jpg,壁纸合集\EP短片壁纸合集\照主题壁纸（3840x2160）\19.jpg,https://act-upload.mihoyo.com/nap-obc-indep/2026/01/09/73751405/b573af0dc681dcc911f415edbc0a2587_665738737353977211.jpg,,,
wallpapers,wallpapers|1599|1592|20|https://act-upload.mihoyo.com/nap-obc-indep/2026/01/09/73751405/7a81433660c8f2f15f82783420143524_4264733389169569180.jpg,EP短片壁纸合集,照主题壁纸（3840x2160）,1599,1592,20,20.jpg,壁纸合集\EP短片壁纸合集\照主题壁纸（3840x2160）\20.jpg,https://act-upload.mihoyo.com/nap-obc-indep/2026/01/09/73751405/7a81433660c8f2f15f82783420143524_4264733389169569180.jpg,,,
wallpapers,wallpapers|1599|1592|21|https://act-upload.mihoyo.com/nap-obc-indep/2026/01/09/73751405/50506cf2d1b066884d5de0291ee8883a_1220971504050731588.jpg,EP短片壁纸合集,照主题壁纸（3840x2160）,1599,1592,21,21.jpg,壁纸合集\EP短片壁纸合集\照主题壁纸（3840x2160）\21.jpg,https://act-upload.mihoyo.com/nap-obc-indep/2026/01/09/73751405/50506cf2d1b066884d5de0291ee8883a_1220971504050731588.jpg,,,
wallpapers,wallpapers|1599|1592|22|https://act-upload.mihoyo.com/nap-obc-indep/2026/01/09/73751405/9be762f9a395368eef9ef1d67ce16e00_7231787108422873059.jpg,EP短片壁纸合集,照主题壁纸（3840x2160）,1599,1592,22,22.jpg,壁纸合集\EP短片壁纸合集\照主题壁纸（3840x2160）\22.jpg,https://act-upload.mihoyo.com/nap-obc-indep/2026/01/09/73751405/9be762f9a395368eef9ef1d67ce16e00_7231787108422873059.jpg,,,
wallpapers,wallpapers|1599|1592|23|https://act-upload.mihoyo.com/nap-obc-indep/2026/01/09/73751405/e25a94ad6365eb447186c64b8284c315_836704405161836736.jpg,EP短片壁纸合集,照主题壁纸（3840x2160）,1599,1592,23,23.jpg,壁纸合集\EP短片壁纸合集\照主题壁纸（3840x2160）\23.jpg,https://act-upload.mihoyo.com/nap-obc-indep/2026/01/09/73751405/e25a94ad6365eb447186c64b8284c315_836704405161836736.jpg,,,
wallpapers,wallpapers|1599|1592|24|https://act-upload.mihoyo.com/nap-obc-indep/2026/01/09/73751405/eef252905b56e1336a1ea6a2910a9e0a_7408862802213712265.jpg,EP短片壁纸合集,照主题壁纸（3840x2160）,1599,1592,24,24.jpg,壁纸合集\EP短片壁纸合集\照主题壁纸（3840x2160）\24.jpg,https://act-upload.mihoyo.com/nap-obc-indep/2026/01/09/73751405/eef252905b56e1336a1ea6a2910a9e0a_7408862802213712265.jpg,,,
wallpapers,wallpapers|1599|1592|25|https://act-upload.mihoyo.com/nap-obc-indep/2026/01/09/73751405/7e17d7cc6caaf41a909ddb5774df4ba3_8241702723754220045.jpg,EP短片壁纸合集,照主题壁纸（3840x2160）,1599,1592,25,25.jpg,壁纸合集\EP短片壁纸合集\照主题壁纸（3840x2160）\25.jpg,https://act-upload.mihoyo.com/nap-obc-indep/2026/01/09/73751405/7e17d7cc6caaf41a909ddb5774df4ba3_8241702723754220045.jpg,,,
wallpapers,wallpapers|1599|1592|26|https://act-upload.mihoyo.com/nap-obc-indep/2026/01/09/73751405/94693091265596850c45b084b8e29931_3997381784573805343.jpg,EP短片壁纸合集,照主题壁纸（3840x2160）,1599,1592,26,26.jpg,壁纸合集\EP短片壁纸合集\照主题壁纸（3840x2160）\26.jpg,https://act-upload.mihoyo.com/nap-obc-indep/2026/01/09/73751405/94693091265596850c45b084b8e29931_3997381784573805343.jpg,,,
wallpapers,wallpapers|1599|1592|27|https://act-upload.mihoyo.com/nap-obc-indep/2026/01/09/73751405/7e9095a5749508ed44064e2fb4bc6dc7_2722087137653980330.jpg,EP短片壁纸合集,照主题壁纸（3840x2160）,1599,1592,27,27.jpg,壁纸合集\EP短片壁纸合集\照主题壁纸（3840x2160）\27.jpg,https://act-upload.mihoyo.com/nap-obc-indep/2026/01/09/73751405/7e9095a5749508ed44064e2fb4bc6dc7_2722087137653980330.jpg,,,
wallpapers,wallpapers|1599|1592|28|https://act-upload.mihoyo.com/nap-obc-indep/2026/01/09/73751405/f356392830eb719acf8291461e5b60af_4522202352426419590.jpg,EP短片壁纸合集,照主题壁纸（3840x2160）,1599,1592,28,28.jpg,壁纸合集\EP短片壁纸合集\照主题壁纸（3840x2160）\28.jpg,https://act-upload.mihoyo.com/nap-obc-indep/2026/01/09/73751405/f356392830eb719acf8291461e5b60af_4522202352426419590.jpg,,,
wallpapers,wallpapers|1599|1592|29|https://act-upload.mihoyo.com/nap-obc-indep/2026/01/09/73751405/247943a0b1fed5eef20874c949b30fe2_142612267916311645.jpg,EP短片壁纸合集,照主题壁纸（3840x2160）,1599,1592,29,29.jpg,壁纸合集\EP短片壁纸合集\照主题壁纸（3840x2160）\29.jpg,https://act-upload.mihoyo.com/nap-obc-indep/2026/01/09/73751405/247943a0b1fed5eef20874c949b30fe2_142612267916311645.jpg,,,
wallpapers,wallpapers|1599|1592|30|https://act-upload.mihoyo.com/nap-obc-indep/2026/01/09/73751405/6009e24ed72f598fd96feeb7a4d871f4_5034254086297223045.jpg,EP短片壁纸合集,照主题壁纸（3840x2160）,1599,1592,30,30.jpg,壁纸合集\EP短片壁纸合集\照主题壁纸（3840x2160）\30.jpg,https://act-upload.mihoyo.com/nap-obc-indep/2026/01/09/73751405/6009e24ed72f598fd96feeb7a4d871f4_5034254086297223045.jpg,,,
wallpapers,wallpapers|1599|1592|31|https://act-upload.mihoyo.com/nap-obc-indep/2026/01/09/73751405/c5f32cae2f66c1d76fa7cbef548b8d5d_5737244159008784840.jpg,EP短片壁纸合集,照主题壁纸（3840x2160）,1599,1592,31,31.jpg,壁纸合集\EP短片壁纸合集\照主题壁纸（3840x2160）\31.jpg,https://act-upload.mihoyo.com/nap-obc-indep/2026/01/09/73751405/c5f32cae2f66c1d76fa7cbef548b8d5d_5737244159008784840.jpg,,,
wallpapers,wallpapers|1599|1592|32|https://act-upload.mihoyo.com/nap-obc-indep/2026/01/09/73751405/96a51aaa130f39593982b92b7666b8cc_6087367788683869044.jpg,EP短片壁纸合集,照主题壁纸（3840x2160）,1599,1592,32,32.jpg,壁纸合集\EP短片壁纸合集\照主题壁纸（3840x2160）\32.jpg,https://act-upload.mihoyo.com/nap-obc-indep/2026/01/09/73751405/96a51aaa130f39593982b92b7666b8cc_6087367788683869044.jpg,,,
wallpapers,wallpapers|1599|1592|33|https://act-upload.mihoyo.com/nap-obc-indep/2026/01/09/73751405/4d9056063018fb6d5d478ee5e1bf7109_3544264163747024131.jpg,EP短片壁纸合集,照主题壁纸（3840x2160）,1599,1592,33,33.jpg,壁纸合集\EP短片壁纸合集\照主题壁纸（3840x2160）\33.jpg,https://act-upload.mihoyo.com/nap-obc-indep/2026/01/09/73751405/4d9056063018fb6d5d478ee5e1bf7109_3544264163747024131.jpg,,,
wallpapers,wallpapers|1599|1592|34|https://act-upload.mihoyo.com/nap-obc-indep/2026/01/09/73751405/5a0a5e67a5df45fddd1b1dca8b1a6ff6_6258251954304567975.jpg,EP短片壁纸合集,照主题壁纸（3840x2160）,1599,1592,34,34.jpg,壁纸合集\EP短片壁纸合集\照主题壁纸（3840x2160）\34.jpg,https://act-upload.mihoyo.com/nap-obc-indep/2026/01/09/73751405/5a0a5e67a5df45fddd1b1dca8b1a6ff6_6258251954304567975.jpg,,,
wallpapers,wallpapers|1599|1592|35|https://act-upload.mihoyo.com/nap-obc-indep/2026/01/09/73751405/bee8c83861be4b2940ad0e0c83124db8_6588950754199106278.jpg,EP短片壁纸合集,照主题壁纸（3840x2160）,1599,1592,35,35.jpg,壁纸合集\EP短片壁纸合集\照主题壁纸（3840x2160）\35.jpg,https://act-upload.mihoyo.com/nap-obc-indep/2026/01/09/73751405/bee8c83861be4b2940ad0e0c83124db8_6588950754199106278.jpg,,,
wallpapers,wallpapers|1599|1592|36|https://act-upload.mihoyo.com/nap-obc-indep/2026/01/09/73751405/be3016763602dcee8bcac86b19e18dc5_686384733704718063.jpg,EP短片壁纸合集,照主题壁纸（3840x2160）,1599,1592,36,36.jpg,壁纸合集\EP短片壁纸合集\照主题壁纸（3840x2160）\36.jpg,https://act-upload.mihoyo.com/nap-obc-indep/2026/01/09/73751405/be3016763602dcee8bcac86b19e18dc5_686384733704718063.jpg,,,
wallpapers,wallpapers|1599|1592|37|https://act-upload.mihoyo.com/nap-obc-indep/2026/01/09/73751405/0eb896c3d3d16b4b4bf425e3962c40a2_6320043346581390970.jpg,EP短片壁纸合集,照主题壁纸（3840x2160）,1599,1592,37,37.jpg,壁纸合集\EP短片壁纸合集\照主题壁纸（3840x2160）\37.jpg,https://act-upload.mihoyo.com/nap-obc-indep/2026/01/09/73751405/0eb896c3d3d16b4b4bf425e3962c40a2_6320043346581390970.jpg,,,
wallpapers,wallpapers|1599|1592|38|https://act-upload.mihoyo.com/nap-obc-indep/2026/01/09/73751405/47ef097375eb8fb725bf73eb415196c6_8797824917187260703.jpg,EP短片壁纸合集,照主题壁纸（3840x2160）,1599,1592,38,38.jpg,壁纸合集\EP短片壁纸合集\照主题壁纸（3840x2160）\38.jpg,https://act-upload.mihoyo.com/nap-obc-indep/2026/01/09/73751405/47ef097375eb8fb725bf73eb415196c6_8797824917187260703.jpg,,,
wallpapers,wallpapers|1599|1591|1|https://act-upload.mihoyo.com/nap-obc-indep/2026/01/09/73751405/60fbad9ed8886f2d6b0b7a1c0e7e6a07_2311089352431832316.jpg,EP短片壁纸合集,照主题壁纸（2560x1080）,1599,1591,1,1.jpg,壁纸合集\EP短片壁纸合集\照主题壁纸（2560x1080）\1.jpg,https://act-upload.mihoyo.com/nap-obc-indep/2026/01/09/73751405/60fbad9ed8886f2d6b0b7a1c0e7e6a07_2311089352431832316.jpg,,,
wallpapers,wallpapers|1599|1591|2|https://act-upload.mihoyo.com/nap-obc-indep/2026/01/09/73751405/45939d4c8b6b4e7729dbeaba8898a9a8_7167439511554000157.jpg,EP短片壁纸合集,照主题壁纸（2560x1080）,1599,1591,2,2.jpg,壁纸合集\EP短片壁纸合集\照主题壁纸（2560x1080）\2.jpg,https://act-upload.mihoyo.com/nap-obc-indep/2026/01/09/73751405/45939d4c8b6b4e7729dbeaba8898a9a8_7167439511554000157.jpg,,,
wallpapers,wallpapers|1599|1591|3|https://act-upload.mihoyo.com/nap-obc-indep/2026/01/09/73751405/a217b08965b06c1bc8fb56174666b05c_2953768412045483080.jpg,EP短片壁纸合集,照主题壁纸（2560x1080）,1599,1591,3,3.jpg,壁纸合集\EP短片壁纸合集\照主题壁纸（2560x1080）\3.jpg,https://act-upload.mihoyo.com/nap-obc-indep/2026/01/09/73751405/a217b08965b06c1bc8fb56174666b05c_2953768412045483080.jpg,,,
wallpapers,wallpapers|1599|1591|4|https://act-upload.mihoyo.com/nap-obc-indep/2026/01/09/73751405/af019df444331eaa1dd0cf9341010228_7412906543178305419.jpg,EP短片壁纸合集,照主题壁纸（2560x1080）,1599,1591,4,4.jpg,壁纸合集\EP短片壁纸合集\照主题壁纸（2560x1080）\4.jpg,https://act-upload.mihoyo.com/nap-obc-indep/2026/01/09/73751405/af019df444331eaa1dd0cf9341010228_7412906543178305419.jpg,,,
wallpapers,wallpapers|1599|1591|5|https://act-upload.mihoyo.com/nap-obc-indep/2026/01/09/73751405/0769d5cf5a6090735c22f04a62169331_1798592752358094875.jpg,EP短片壁纸合集,照主题壁纸（2560x1080）,1599,1591,5,5.jpg,壁纸合集\EP短片壁纸合集\照主题壁纸（2560x1080）\5.jpg,https://act-upload.mihoyo.com/nap-obc-indep/2026/01/09/73751405/0769d5cf5a6090735c22f04a62169331_1798592752358094875.jpg,,,
wallpapers,wallpapers|1599|1591|6|https://act-upload.mihoyo.com/nap-obc-indep/2026/01/09/73751405/97ac52cce192afbce517035f11f709b8_2992687452115172338.jpg,EP短片壁纸合集,照主题壁纸（2560x1080）,1599,1591,6,6.jpg,壁纸合集\EP短片壁纸合集\照主题壁纸（2560x1080）\6.jpg,https://act-upload.mihoyo.com/nap-obc-indep/2026/01/09/73751405/97ac52cce192afbce517035f11f709b8_2992687452115172338.jpg,,,
wallpapers,wallpapers|1599|1591|7|https://act-upload.mihoyo.com/nap-obc-indep/2026/01/09/73751405/9cf22d696a9c45762102d8fa30299a10_838270388957319121.jpg,EP短片壁纸合集,照主题壁纸（2560x1080）,1599,1591,7,7.jpg,壁纸合集\EP短片壁纸合集\照主题壁纸（2560x1080）\7.jpg,https://act-upload.mihoyo.com/nap-obc-indep/2026/01/09/73751405/9cf22d696a9c45762102d8fa30299a10_838270388957319121.jpg,,,
wallpapers,wallpapers|1599|1591|8|https://act-upload.mihoyo.com/nap-obc-indep/2026/01/09/73751405/f3116560cd738704f7a4c9fe2e4af427_6280527657588679445.jpg,EP短片壁纸合集,照主题壁纸（2560x1080）,1599,1591,8,8.jpg,壁纸合集\EP短片壁纸合集\照主题壁纸（2560x1080）\8.jpg,https://act-upload.mihoyo.com/nap-obc-indep/2026/01/09/73751405/f3116560cd738704f7a4c9fe2e4af427_6280527657588679445.jpg,,,
wallpapers,wallpapers|1599|1591|9|https://act-upload.mihoyo.com/nap-obc-indep/2026/01/09/73751405/1580edfb5086dca23795664ed0fef381_5707455624985285735.jpg,EP短片壁纸合集,照主题壁纸（2560x1080）,1599,1591,9,9.jpg,壁纸合集\EP短片壁纸合集\照主题壁纸（2560x1080）\9.jpg,https://act-upload.mihoyo.com/nap-obc-indep/2026/01/09/73751405/1580edfb5086dca23795664ed0fef381_5707455624985285735.jpg,,,
wallpapers,wallpapers|1599|1591|10|https://act-upload.mihoyo.com/nap-obc-indep/2026/01/09/73751405/fba24721ab5de198faf1cb108695ff91_2749170589391614051.jpg,EP短片壁纸合集,照主题壁纸（2560x1080）,1599,1591,10,10.jpg,壁纸合集\EP短片壁纸合集\照主题壁纸（2560x1080）\10.jpg,https://act-upload.mihoyo.com/nap-obc-indep/2026/01/09/73751405/fba24721ab5de198faf1cb108695ff91_2749170589391614051.jpg,,,
wallpapers,wallpapers|1599|1591|11|https://act-upload.mihoyo.com/nap-obc-indep/2026/01/09/73751405/c6d426c01fd82ec3529e9c24703e5dcc_8446904395909789168.jpg,EP短片壁纸合集,照主题壁纸（2560x1080）,1599,1591,11,11.jpg,壁纸合集\EP短片壁纸合集\照主题壁纸（2560x1080）\11.jpg,https://act-upload.mihoyo.com/nap-obc-indep/2026/01/09/73751405/c6d426c01fd82ec3529e9c24703e5dcc_8446904395909789168.jpg,,,
wallpapers,wallpapers|1599|1591|12|https://act-upload.mihoyo.com/nap-obc-indep/2026/01/09/73751405/4e1c6223dbf29a38154eee6d887cb25e_1623693920106743324.jpg,EP短片壁纸合集,照主题壁纸（2560x1080）,1599,1591,12,12.jpg,壁纸合集\EP短片壁纸合集\照主题壁纸（2560x1080）\12.jpg,https://act-upload.mihoyo.com/nap-obc-indep/2026/01/09/73751405/4e1c6223dbf29a38154eee6d887cb25e_1623693920106743324.jpg,,,
wallpapers,wallpapers|1599|1591|13|https://act-upload.mihoyo.com/nap-obc-indep/2026/01/09/73751405/652377f86182704ee6cd6c1036187698_6915775824533403655.jpg,EP短片壁纸合集,照主题壁纸（2560x1080）,1599,1591,13,13.jpg,壁纸合集\EP短片壁纸合集\照主题壁纸（2560x1080）\13.jpg,https://act-upload.mihoyo.com/nap-obc-indep/2026/01/09/73751405/652377f86182704ee6cd6c1036187698_6915775824533403655.jpg,,,
wallpapers,wallpapers|1599|1591|14|https://act-upload.mihoyo.com/nap-obc-indep/2026/01/09/73751405/8869a15b637042b0e2ae83be27d1947c_4651187984688260189.jpg,EP短片壁纸合集,照主题壁纸（2560x1080）,1599,1591,14,14.jpg,壁纸合集\EP短片壁纸合集\照主题壁纸（2560x1080）\14.jpg,https://act-upload.mihoyo.com/nap-obc-indep/2026/01/09/73751405/8869a15b637042b0e2ae83be27d1947c_4651187984688260189.jpg,,,
wallpapers,wallpapers|1599|1591|15|https://act-upload.mihoyo.com/nap-obc-indep/2026/01/09/73751405/03b81dc37a081f7bd667256e6c3413cd_7153367636481176681.jpg,EP短片壁纸合集,照主题壁纸（2560x1080）,1599,1591,15,15.jpg,壁纸合集\EP短片壁纸合集\照主题壁纸（2560x1080）\15.jpg,https://act-upload.mihoyo.com/nap-obc-indep/2026/01/09/73751405/03b81dc37a081f7bd667256e6c3413cd_7153367636481176681.jpg,,,
wallpapers,wallpapers|1599|1591|16|https://act-upload.mihoyo.com/nap-obc-indep/2026/01/09/73751405/82d30d752ade3274f54d211311187bb0_665520270391024338.jpg,EP短片壁纸合集,照主题壁纸（2560x1080）,1599,1591,16,16.jpg,壁纸合集\EP短片壁纸合集\照主题壁纸（2560x1080）\16.jpg,https://act-upload.mihoyo.com/nap-obc-indep/2026/01/09/73751405/82d30d752ade3274f54d211311187bb0_665520270391024338.jpg,,,
wallpapers,wallpapers|1599|1591|17|https://act-upload.mihoyo.com/nap-obc-indep/2026/01/09/73751405/8b4738182aa4d56b3e4139c6a0feccc5_6473998728715176832.jpg,EP短片壁纸合集,照主题壁纸（2560x1080）,1599,1591,17,17.jpg,壁纸合集\EP短片壁纸合集\照主题壁纸（2560x1080）\17.jpg,https://act-upload.mihoyo.com/nap-obc-indep/2026/01/09/73751405/8b4738182aa4d56b3e4139c6a0feccc5_6473998728715176832.jpg,,,
wallpapers,wallpapers|1599|1591|18|https://act-upload.mihoyo.com/nap-obc-indep/2026/01/09/73751405/c514f5cb7f1b845226868b9dc8c8a8e3_8952258685086296686.jpg,EP短片壁纸合集,照主题壁纸（2560x1080）,1599,1591,18,18.jpg,壁纸合集\EP短片壁纸合集\照主题壁纸（2560x1080）\18.jpg,https://act-upload.mihoyo.com/nap-obc-indep/2026/01/09/73751405/c514f5cb7f1b845226868b9dc8c8a8e3_8952258685086296686.jpg,,,
wallpapers,wallpapers|1599|1591|19|https://act-upload.mihoyo.com/nap-obc-indep/2026/01/09/73751405/4cf05ab35d2ef91786727dfea38bbf9c_625598729580142202.jpg,EP短片壁纸合集,照主题壁纸（2560x1080）,1599,1591,19,19.jpg,壁纸合集\EP短片壁纸合集\照主题壁纸（2560x1080）\19.jpg,https://act-upload.mihoyo.com/nap-obc-indep/2026/01/09/73751405/4cf05ab35d2ef91786727dfea38bbf9c_625598729580142202.jpg,,,
wallpapers,wallpapers|1599|1591|20|https://act-upload.mihoyo.com/nap-obc-indep/2026/01/09/73751405/911746b7bad1d246a93df53cc986b5aa_8101485836898416264.jpg,EP短片壁纸合集,照主题壁纸（2560x1080）,1599,1591,20,20.jpg,壁纸合集\EP短片壁纸合集\照主题壁纸（2560x1080）\20.jpg,https://act-upload.mihoyo.com/nap-obc-indep/2026/01/09/73751405/911746b7bad1d246a93df53cc986b5aa_8101485836898416264.jpg,,,
wallpapers,wallpapers|1599|1591|21|https://act-upload.mihoyo.com/nap-obc-indep/2026/01/09/73751405/ef83577fcf0f14d82dd6ce34f5a0915c_6930017108454542160.jpg,EP短片壁纸合集,照主题壁纸（2560x1080）,1599,1591,21,21.jpg,壁纸合集\EP短片壁纸合集\照主题壁纸（2560x1080）\21.jpg,https://act-upload.mihoyo.com/nap-obc-indep/2026/01/09/73751405/ef83577fcf0f14d82dd6ce34f5a0915c_6930017108454542160.jpg,,,
wallpapers,wallpapers|1599|1591|22|https://act-upload.mihoyo.com/nap-obc-indep/2026/01/09/73751405/951117f0b22033edb45cae42e24e8093_4527962820888167227.jpg,EP短片壁纸合集,照主题壁纸（2560x1080）,1599,1591,22,22.jpg,壁纸合集\EP短片壁纸合集\照主题壁纸（2560x1080）\22.jpg,https://act-upload.mihoyo.com/nap-obc-indep/2026/01/09/73751405/951117f0b22033edb45cae42e24e8093_4527962820888167227.jpg,,,
wallpapers,wallpapers|1599|1591|23|https://act-upload.mihoyo.com/nap-obc-indep/2026/01/09/73751405/e6f15b893eaa98e94b1c506f96f37d80_5298032817895364384.jpg,EP短片壁纸合集,照主题壁纸（2560x1080）,1599,1591,23,23.jpg,壁纸合集\EP短片壁纸合集\照主题壁纸（2560x1080）\23.jpg,https://act-upload.mihoyo.com/nap-obc-indep/2026/01/09/73751405/e6f15b893eaa98e94b1c506f96f37d80_5298032817895364384.jpg,,,
wallpapers,wallpapers|1599|1591|24|https://act-upload.mihoyo.com/nap-obc-indep/2026/01/09/73751405/fe5928e41bfb85d30f9d2ccd53f8a221_6824688930778780545.jpg,EP短片壁纸合集,照主题壁纸（2560x1080）,1599,1591,24,24.jpg,壁纸合集\EP短片壁纸合集\照主题壁纸（2560x1080）\24.jpg,https://act-upload.mihoyo.com/nap-obc-indep/2026/01/09/73751405/fe5928e41bfb85d30f9d2ccd53f8a221_6824688930778780545.jpg,,,
wallpapers,wallpapers|1599|1591|25|https://act-upload.mihoyo.com/nap-obc-indep/2026/01/09/73751405/35ea63fef5a0d08f238e2bd4f5106ca1_3282508289041048136.jpg,EP短片壁纸合集,照主题壁纸（2560x1080）,1599,1591,25,25.jpg,壁纸合集\EP短片壁纸合集\照主题壁纸（2560x1080）\25.jpg,https://act-upload.mihoyo.com/nap-obc-indep/2026/01/09/73751405/35ea63fef5a0d08f238e2bd4f5106ca1_3282508289041048136.jpg,,,
wallpapers,wallpapers|1599|1591|26|https://act-upload.mihoyo.com/nap-obc-indep/2026/01/09/73751405/ccddbdd6f66cd2d89b5ac7a913b273e8_7870372174469421780.jpg,EP短片壁纸合集,照主题壁纸（2560x1080）,1599,1591,26,26.jpg,壁纸合集\EP短片壁纸合集\照主题壁纸（2560x1080）\26.jpg,https://act-upload.mihoyo.com/nap-obc-indep/2026/01/09/73751405/ccddbdd6f66cd2d89b5ac7a913b273e8_7870372174469421780.jpg,,,
wallpapers,wallpapers|1599|1591|27|https://act-upload.mihoyo.com/nap-obc-indep/2026/01/09/73751405/438ff7b6435827a07abff80cae4cb05f_471741988952208008.jpg,EP短片壁纸合集,照主题壁纸（2560x1080）,1599,1591,27,27.jpg,壁纸合集\EP短片壁纸合集\照主题壁纸（2560x1080）\27.jpg,https://act-upload.mihoyo.com/nap-obc-indep/2026/01/09/73751405/438ff7b6435827a07abff80cae4cb05f_471741988952208008.jpg,,,
wallpapers,wallpapers|1599|1591|28|https://act-upload.mihoyo.com/nap-obc-indep/2026/01/09/73751405/7d25273a6c41e2aa8bbf2e30674f334f_5400728487406282310.jpg,EP短片壁纸合集,照主题壁纸（2560x1080）,1599,1591,28,28.jpg,壁纸合集\EP短片壁纸合集\照主题壁纸（2560x1080）\28.jpg,https://act-upload.mihoyo.com/nap-obc-indep/2026/01/09/73751405/7d25273a6c41e2aa8bbf2e30674f334f_5400728487406282310.jpg,,,
wallpapers,wallpapers|1599|1591|29|https://act-upload.mihoyo.com/nap-obc-indep/2026/01/09/73751405/fbb7b42aeddcf4ede718b0bf46032b20_5206533181835486015.jpg,EP短片壁纸合集,照主题壁纸（2560x1080）,1599,1591,29,29.jpg,壁纸合集\EP短片壁纸合集\照主题壁纸（2560x1080）\29.jpg,https://act-upload.mihoyo.com/nap-obc-indep/2026/01/09/73751405/fbb7b42aeddcf4ede718b0bf46032b20_5206533181835486015.jpg,,,
wallpapers,wallpapers|1599|1591|30|https://act-upload.mihoyo.com/nap-obc-indep/2026/01/09/73751405/24596df600d7a4d16991091cca01e33d_5049198468995765219.jpg,EP短片壁纸合集,照主题壁纸（2560x1080）,1599,1591,30,30.jpg,壁纸合集\EP短片壁纸合集\照主题壁纸（2560x1080）\30.jpg,https://act-upload.mihoyo.com/nap-obc-indep/2026/01/09/73751405/24596df600d7a4d16991091cca01e33d_5049198468995765219.jpg,,,
wallpapers,wallpapers|1599|1591|31|https://act-upload.mihoyo.com/nap-obc-indep/2026/01/09/73751405/842f6eb7538a710cb5d5159da6c97217_7868653698481221131.jpg,EP短片壁纸合集,照主题壁纸（2560x1080）,1599,1591,31,31.jpg,壁纸合集\EP短片壁纸合集\照主题壁纸（2560x1080）\31.jpg,https://act-upload.mihoyo.com/nap-obc-indep/2026/01/09/73751405/842f6eb7538a710cb5d5159da6c97217_7868653698481221131.jpg,,,
wallpapers,wallpapers|1599|1591|32|https://act-upload.mihoyo.com/nap-obc-indep/2026/01/09/73751405/c347843aa43098ca63ccda4124daba5b_3532950753871546186.jpg,EP短片壁纸合集,照主题壁纸（2560x1080）,1599,1591,32,32.jpg,壁纸合集\EP短片壁纸合集\照主题壁纸（2560x1080）\32.jpg,https://act-upload.mihoyo.com/nap-obc-indep/2026/01/09/73751405/c347843aa43098ca63ccda4124daba5b_3532950753871546186.jpg,,,
wallpapers,wallpapers|1599|1591|33|https://act-upload.mihoyo.com/nap-obc-indep/2026/01/09/73751405/9b530b980163a862ad9759677c2e109a_7017483816831091337.jpg,EP短片壁纸合集,照主题壁纸（2560x1080）,1599,1591,33,33.jpg,壁纸合集\EP短片壁纸合集\照主题壁纸（2560x1080）\33.jpg,https://act-upload.mihoyo.com/nap-obc-indep/2026/01/09/73751405/9b530b980163a862ad9759677c2e109a_7017483816831091337.jpg,,,
wallpapers,wallpapers|1599|1591|34|https://act-upload.mihoyo.com/nap-obc-indep/2026/01/09/73751405/25e3a3710be4769d3a1caa8260d4d376_5729461713237167635.jpg,EP短片壁纸合集,照主题壁纸（2560x1080）,1599,1591,34,34.jpg,壁纸合集\EP短片壁纸合集\照主题壁纸（2560x1080）\34.jpg,https://act-upload.mihoyo.com/nap-obc-indep/2026/01/09/73751405/25e3a3710be4769d3a1caa8260d4d376_5729461713237167635.jpg,,,
wallpapers,wallpapers|1599|1591|35|https://act-upload.mihoyo.com/nap-obc-indep/2026/01/09/73751405/7cf1cc090a5440d786be45d21abe5a39_6885263783529590058.jpg,EP短片壁纸合集,照主题壁纸（2560x1080）,1599,1591,35,35.jpg,壁纸合集\EP短片壁纸合集\照主题壁纸（2560x1080）\35.jpg,https://act-upload.mihoyo.com/nap-obc-indep/2026/01/09/73751405/7cf1cc090a5440d786be45d21abe5a39_6885263783529590058.jpg,,,
wallpapers,wallpapers|1599|1591|36|https://act-upload.mihoyo.com/nap-obc-indep/2026/01/09/73751405/86a87a2c9078aee0c01331d7eb82cc73_2631828578764894185.jpg,EP短片壁纸合集,照主题壁纸（2560x1080）,1599,1591,36,36.jpg,壁纸合集\EP短片壁纸合集\照主题壁纸（2560x1080）\36.jpg,https://act-upload.mihoyo.com/nap-obc-indep/2026/01/09/73751405/86a87a2c9078aee0c01331d7eb82cc73_2631828578764894185.jpg,,,
wallpapers,wallpapers|1599|1591|37|https://act-upload.mihoyo.com/nap-obc-indep/2026/01/09/73751405/eeef287fc7d05cdb70392a27694dcfe7_5412761735119541609.jpg,EP短片壁纸合集,照主题壁纸（2560x1080）,1599,1591,37,37.jpg,壁纸合集\EP短片壁纸合集\照主题壁纸（2560x1080）\37.jpg,https://act-upload.mihoyo.com/nap-obc-indep/2026/01/09/73751405/eeef287fc7d05cdb70392a27694dcfe7_5412761735119541609.jpg,,,
wallpapers,wallpapers|1599|1591|38|https://act-upload.mihoyo.com/nap-obc-indep/2026/01/09/73751405/fb528d1ceb488b2fe674ec60cd6e1c39_769401616153744376.jpg,EP短片壁纸合集,照主题壁纸（2560x1080）,1599,1591,38,38.jpg,壁纸合集\EP短片壁纸合集\照主题壁纸（2560x1080）\38.jpg,https://act-upload.mihoyo.com/nap-obc-indep/2026/01/09/73751405/fb528d1ceb488b2fe674ec60cd6e1c39_769401616153744376.jpg,,,
wallpapers,wallpapers|1599|1578|1|https://act-upload.mihoyo.com/nap-obc-indep/2026/01/08/73751405/4ef9d06dcf2e4b4064b3976559a06f12_2165359500298856594.jpg,EP短片壁纸合集,叶瞬光主题壁纸（2560x1080）,1599,1578,1,1.jpg,壁纸合集\EP短片壁纸合集\叶瞬光主题壁纸（2560x1080）\1.jpg,https://act-upload.mihoyo.com/nap-obc-indep/2026/01/08/73751405/4ef9d06dcf2e4b4064b3976559a06f12_2165359500298856594.jpg,,,
wallpapers,wallpapers|1599|1578|2|https://act-upload.mihoyo.com/nap-obc-indep/2026/01/08/73751405/2ca128b2ab6c68b1a5fd8f21077e062e_852548235005092109.jpg,EP短片壁纸合集,叶瞬光主题壁纸（2560x1080）,1599,1578,2,2.jpg,壁纸合集\EP短片壁纸合集\叶瞬光主题壁纸（2560x1080）\2.jpg,https://act-upload.mihoyo.com/nap-obc-indep/2026/01/08/73751405/2ca128b2ab6c68b1a5fd8f21077e062e_852548235005092109.jpg,,,
wallpapers,wallpapers|1599|1578|3|https://act-upload.mihoyo.com/nap-obc-indep/2026/01/08/73751405/03f4abbd4dab2398a94e4c559ec67a14_9139164584276085162.jpg,EP短片壁纸合集,叶瞬光主题壁纸（2560x1080）,1599,1578,3,3.jpg,壁纸合集\EP短片壁纸合集\叶瞬光主题壁纸（2560x1080）\3.jpg,https://act-upload.mihoyo.com/nap-obc-indep/2026/01/08/73751405/03f4abbd4dab2398a94e4c559ec67a14_9139164584276085162.jpg,,,
wallpapers,wallpapers|1599|1578|4|https://act-upload.mihoyo.com/nap-obc-indep/2026/01/08/73751405/5e99d6bd181165baf4d90899da4e4519_369718280333277424.jpg,EP短片壁纸合集,叶瞬光主题壁纸（2560x1080）,1599,1578,4,4.jpg,壁纸合集\EP短片壁纸合集\叶瞬光主题壁纸（2560x1080）\4.jpg,https://act-upload.mihoyo.com/nap-obc-indep/2026/01/08/73751405/5e99d6bd181165baf4d90899da4e4519_369718280333277424.jpg,,,
wallpapers,wallpapers|1599|1578|5|https://act-upload.mihoyo.com/nap-obc-indep/2026/01/08/73751405/abe6e94edd9d6ebabbe3c93a66c29868_8374534414890585728.jpg,EP短片壁纸合集,叶瞬光主题壁纸（2560x1080）,1599,1578,5,5.jpg,壁纸合集\EP短片壁纸合集\叶瞬光主题壁纸（2560x1080）\5.jpg,https://act-upload.mihoyo.com/nap-obc-indep/2026/01/08/73751405/abe6e94edd9d6ebabbe3c93a66c29868_8374534414890585728.jpg,,,
wallpapers,wallpapers|1599|1578|6|https://act-upload.mihoyo.com/nap-obc-indep/2026/01/08/73751405/2b4be80dcd35794ad3b55754b8fad16d_341470409914165716.jpg,EP短片壁纸合集,叶瞬光主题壁纸（2560x1080）,1599,1578,6,6.jpg,壁纸合集\EP短片壁纸合集\叶瞬光主题壁纸（2560x1080）\6.jpg,https://act-upload.mihoyo.com/nap-obc-indep/2026/01/08/73751405/2b4be80dcd35794ad3b55754b8fad16d_341470409914165716.jpg,,,
wallpapers,wallpapers|1599|1578|7|https://act-upload.mihoyo.com/nap-obc-indep/2026/01/08/73751405/af9e43b91e573b8145cfd71ea0a09ddf_6498765556832964892.jpg,EP短片壁纸合集,叶瞬光主题壁纸（2560x1080）,1599,1578,7,7.jpg,壁纸合集\EP短片壁纸合集\叶瞬光主题壁纸（2560x1080）\7.jpg,https://act-upload.mihoyo.com/nap-obc-indep/2026/01/08/73751405/af9e43b91e573b8145cfd71ea0a09ddf_6498765556832964892.jpg,,,
wallpapers,wallpapers|1599|1578|8|https://act-upload.mihoyo.com/nap-obc-indep/2026/01/08/73751405/047f96c0833a1153860cc209a367486c_2093607936149414460.jpg,EP短片壁纸合集,叶瞬光主题壁纸（2560x1080）,1599,1578,8,8.jpg,壁纸合集\EP短片壁纸合集\叶瞬光主题壁纸（2560x1080）\8.jpg,https://act-upload.mihoyo.com/nap-obc-indep/2026/01/08/73751405/047f96c0833a1153860cc209a367486c_2093607936149414460.jpg,,,
wallpapers,wallpapers|1599|1578|9|https://act-upload.mihoyo.com/nap-obc-indep/2026/01/08/73751405/bc5a959db008babfb92b80066a5e6cc3_5734845976503119239.jpg,EP短片壁纸合集,叶瞬光主题壁纸（2560x1080）,1599,1578,9,9.jpg,壁纸合集\EP短片壁纸合集\叶瞬光主题壁纸（2560x1080）\9.jpg,https://act-upload.mihoyo.com/nap-obc-indep/2026/01/08/73751405/bc5a959db008babfb92b80066a5e6cc3_5734845976503119239.jpg,,,
wallpapers,wallpapers|1599|1578|10|https://act-upload.mihoyo.com/nap-obc-indep/2026/01/08/73751405/998a792bf7cfa279c9956fee4d48fc49_5753429872108384505.jpg,EP短片壁纸合集,叶瞬光主题壁纸（2560x1080）,1599,1578,10,10.jpg,壁纸合集\EP短片壁纸合集\叶瞬光主题壁纸（2560x1080）\10.jpg,https://act-upload.mihoyo.com/nap-obc-indep/2026/01/08/73751405/998a792bf7cfa279c9956fee4d48fc49_5753429872108384505.jpg,,,
wallpapers,wallpapers|1599|1578|11|https://act-upload.mihoyo.com/nap-obc-indep/2026/01/08/73751405/a42f13db0e1fbcd1d5d5a51379f1808d_5664817561221486018.jpg,EP短片壁纸合集,叶瞬光主题壁纸（2560x1080）,1599,1578,11,11.jpg,壁纸合集\EP短片壁纸合集\叶瞬光主题壁纸（2560x1080）\11.jpg,https://act-upload.mihoyo.com/nap-obc-indep/2026/01/08/73751405/a42f13db0e1fbcd1d5d5a51379f1808d_5664817561221486018.jpg,,,
wallpapers,wallpapers|1599|1578|12|https://act-upload.mihoyo.com/nap-obc-indep/2026/01/08/73751405/f93ee2e405833d3e75c9c1cded845f69_7534439403116488955.jpg,EP短片壁纸合集,叶瞬光主题壁纸（2560x1080）,1599,1578,12,12.jpg,壁纸合集\EP短片壁纸合集\叶瞬光主题壁纸（2560x1080）\12.jpg,https://act-upload.mihoyo.com/nap-obc-indep/2026/01/08/73751405/f93ee2e405833d3e75c9c1cded845f69_7534439403116488955.jpg,,,
wallpapers,wallpapers|1599|1578|13|https://act-upload.mihoyo.com/nap-obc-indep/2026/01/08/73751405/bf017450986f579941a75fbddebac14c_67232956707743925.jpg,EP短片壁纸合集,叶瞬光主题壁纸（2560x1080）,1599,1578,13,13.jpg,壁纸合集\EP短片壁纸合集\叶瞬光主题壁纸（2560x1080）\13.jpg,https://act-upload.mihoyo.com/nap-obc-indep/2026/01/08/73751405/bf017450986f579941a75fbddebac14c_67232956707743925.jpg,,,
wallpapers,wallpapers|1599|1578|14|https://act-upload.mihoyo.com/nap-obc-indep/2026/01/08/73751405/88047cfad4f482cc954ae98b1da4ec69_7314085318990334733.jpg,EP短片壁纸合集,叶瞬光主题壁纸（2560x1080）,1599,1578,14,14.jpg,壁纸合集\EP短片壁纸合集\叶瞬光主题壁纸（2560x1080）\14.jpg,https://act-upload.mihoyo.com/nap-obc-indep/2026/01/08/73751405/88047cfad4f482cc954ae98b1da4ec69_7314085318990334733.jpg,,,
wallpapers,wallpapers|1599|1578|15|https://act-upload.mihoyo.com/nap-obc-indep/2026/01/08/73751405/9ae7534b51d6ff008a54e6b7d6b2efea_1701840707393385402.jpg,EP短片壁纸合集,叶瞬光主题壁纸（2560x1080）,1599,1578,15,15.jpg,壁纸合集\EP短片壁纸合集\叶瞬光主题壁纸（2560x1080）\15.jpg,https://act-upload.mihoyo.com/nap-obc-indep/2026/01/08/73751405/9ae7534b51d6ff008a54e6b7d6b2efea_1701840707393385402.jpg,,,
wallpapers,wallpapers|1599|1578|16|https://act-upload.mihoyo.com/nap-obc-indep/2026/01/08/73751405/f4b956ba365bc883f97ff224444d273b_8942695606406338580.jpg,EP短片壁纸合集,叶瞬光主题壁纸（2560x1080）,1599,1578,16,16.jpg,壁纸合集\EP短片壁纸合集\叶瞬光主题壁纸（2560x1080）\16.jpg,https://act-upload.mihoyo.com/nap-obc-indep/2026/01/08/73751405/f4b956ba365bc883f97ff224444d273b_8942695606406338580.jpg,,,
wallpapers,wallpapers|1599|1578|17|https://act-upload.mihoyo.com/nap-obc-indep/2026/01/08/73751405/636a3ee6f6fd1eefd1852d88d9dd43fb_5947074646262285519.jpg,EP短片壁纸合集,叶瞬光主题壁纸（2560x1080）,1599,1578,17,17.jpg,壁纸合集\EP短片壁纸合集\叶瞬光主题壁纸（2560x1080）\17.jpg,https://act-upload.mihoyo.com/nap-obc-indep/2026/01/08/73751405/636a3ee6f6fd1eefd1852d88d9dd43fb_5947074646262285519.jpg,,,
wallpapers,wallpapers|1599|1578|18|https://act-upload.mihoyo.com/nap-obc-indep/2026/01/08/73751405/f6fdbab73d89ed5d1620c421dccc6c12_3052507972086837818.jpg,EP短片壁纸合集,叶瞬光主题壁纸（2560x1080）,1599,1578,18,18.jpg,壁纸合集\EP短片壁纸合集\叶瞬光主题壁纸（2560x1080）\18.jpg,https://act-upload.mihoyo.com/nap-obc-indep/2026/01/08/73751405/f6fdbab73d89ed5d1620c421dccc6c12_3052507972086837818.jpg,,,
wallpapers,wallpapers|1599|1578|19|https://act-upload.mihoyo.com/nap-obc-indep/2026/01/08/73751405/203f1eb3aa31ec349ef9ec7d72904a3b_5220829467804076650.jpg,EP短片壁纸合集,叶瞬光主题壁纸（2560x1080）,1599,1578,19,19.jpg,壁纸合集\EP短片壁纸合集\叶瞬光主题壁纸（2560x1080）\19.jpg,https://act-upload.mihoyo.com/nap-obc-indep/2026/01/08/73751405/203f1eb3aa31ec349ef9ec7d72904a3b_5220829467804076650.jpg,,,
wallpapers,wallpapers|1599|1578|20|https://act-upload.mihoyo.com/nap-obc-indep/2026/01/08/73751405/8966962f037a30240a506494d2763650_5647135830395960538.jpg,EP短片壁纸合集,叶瞬光主题壁纸（2560x1080）,1599,1578,20,20.jpg,壁纸合集\EP短片壁纸合集\叶瞬光主题壁纸（2560x1080）\20.jpg,https://act-upload.mihoyo.com/nap-obc-indep/2026/01/08/73751405/8966962f037a30240a506494d2763650_5647135830395960538.jpg,,,
wallpapers,wallpapers|1599|1578|21|https://act-upload.mihoyo.com/nap-obc-indep/2026/01/08/73751405/17260c8e3f2626f061a848ee8f39646d_5372149587624304717.jpg,EP短片壁纸合集,叶瞬光主题壁纸（2560x1080）,1599,1578,21,21.jpg,壁纸合集\EP短片壁纸合集\叶瞬光主题壁纸（2560x1080）\21.jpg,https://act-upload.mihoyo.com/nap-obc-indep/2026/01/08/73751405/17260c8e3f2626f061a848ee8f39646d_5372149587624304717.jpg,,,
wallpapers,wallpapers|1599|1578|22|https://act-upload.mihoyo.com/nap-obc-indep/2026/01/08/73751405/f14d6b78375fe5084b497ceabc08efa0_6136351719167127313.jpg,EP短片壁纸合集,叶瞬光主题壁纸（2560x1080）,1599,1578,22,22.jpg,壁纸合集\EP短片壁纸合集\叶瞬光主题壁纸（2560x1080）\22.jpg,https://act-upload.mihoyo.com/nap-obc-indep/2026/01/08/73751405/f14d6b78375fe5084b497ceabc08efa0_6136351719167127313.jpg,,,
wallpapers,wallpapers|1599|1578|23|https://act-upload.mihoyo.com/nap-obc-indep/2026/01/08/73751405/e0010198b7b64032403383d516adc813_7400238662512522408.jpg,EP短片壁纸合集,叶瞬光主题壁纸（2560x1080）,1599,1578,23,23.jpg,壁纸合集\EP短片壁纸合集\叶瞬光主题壁纸（2560x1080）\23.jpg,https://act-upload.mihoyo.com/nap-obc-indep/2026/01/08/73751405/e0010198b7b64032403383d516adc813_7400238662512522408.jpg,,,
wallpapers,wallpapers|1599|1578|24|https://act-upload.mihoyo.com/nap-obc-indep/2026/01/08/73751405/8b1adcf742fcc186fb03c3b5b79ca7de_7147350644357863677.jpg,EP短片壁纸合集,叶瞬光主题壁纸（2560x1080）,1599,1578,24,24.jpg,壁纸合集\EP短片壁纸合集\叶瞬光主题壁纸（2560x1080）\24.jpg,https://act-upload.mihoyo.com/nap-obc-indep/2026/01/08/73751405/8b1adcf742fcc186fb03c3b5b79ca7de_7147350644357863677.jpg,,,
wallpapers,wallpapers|1599|1578|25|https://act-upload.mihoyo.com/nap-obc-indep/2026/01/08/73751405/2b8e29f2cd3e5d9804e5a8cbedd2bfaa_6349667769967038070.jpg,EP短片壁纸合集,叶瞬光主题壁纸（2560x1080）,1599,1578,25,25.jpg,壁纸合集\EP短片壁纸合集\叶瞬光主题壁纸（2560x1080）\25.jpg,https://act-upload.mihoyo.com/nap-obc-indep/2026/01/08/73751405/2b8e29f2cd3e5d9804e5a8cbedd2bfaa_6349667769967038070.jpg,,,
wallpapers,wallpapers|1599|1578|26|https://act-upload.mihoyo.com/nap-obc-indep/2026/01/08/73751405/be2e04f8c0eb69142a2badb5883cd6a2_1040920929509618296.jpg,EP短片壁纸合集,叶瞬光主题壁纸（2560x1080）,1599,1578,26,26.jpg,壁纸合集\EP短片壁纸合集\叶瞬光主题壁纸（2560x1080）\26.jpg,https://act-upload.mihoyo.com/nap-obc-indep/2026/01/08/73751405/be2e04f8c0eb69142a2badb5883cd6a2_1040920929509618296.jpg,,,
wallpapers,wallpapers|1599|1578|27|https://act-upload.mihoyo.com/nap-obc-indep/2026/01/08/73751405/936239ce943d3d67a817d077c239735e_884144042439825297.jpg,EP短片壁纸合集,叶瞬光主题壁纸（2560x1080）,1599,1578,27,27.jpg,壁纸合集\EP短片壁纸合集\叶瞬光主题壁纸（2560x1080）\27.jpg,https://act-upload.mihoyo.com/nap-obc-indep/2026/01/08/73751405/936239ce943d3d67a817d077c239735e_884144042439825297.jpg,,,
wallpapers,wallpapers|1599|1578|28|https://act-upload.mihoyo.com/nap-obc-indep/2026/01/08/73751405/075e47518d6419fe8d50bf1848d23951_2377791069561748441.jpg,EP短片壁纸合集,叶瞬光主题壁纸（2560x1080）,1599,1578,28,28.jpg,壁纸合集\EP短片壁纸合集\叶瞬光主题壁纸（2560x1080）\28.jpg,https://act-upload.mihoyo.com/nap-obc-indep/2026/01/08/73751405/075e47518d6419fe8d50bf1848d23951_2377791069561748441.jpg,,,
wallpapers,wallpapers|1599|1578|29|https://act-upload.mihoyo.com/nap-obc-indep/2026/01/08/73751405/4c720c896c1bf3d07d36f94525156625_6506256589434159612.jpg,EP短片壁纸合集,叶瞬光主题壁纸（2560x1080）,1599,1578,29,29.jpg,壁纸合集\EP短片壁纸合集\叶瞬光主题壁纸（2560x1080）\29.jpg,https://act-upload.mihoyo.com/nap-obc-indep/2026/01/08/73751405/4c720c896c1bf3d07d36f94525156625_6506256589434159612.jpg,,,
wallpapers,wallpapers|1599|1578|30|https://act-upload.mihoyo.com/nap-obc-indep/2026/01/08/73751405/0a493932b6c8015d657b53e1f50bb319_6824536987258699092.jpg,EP短片壁纸合集,叶瞬光主题壁纸（2560x1080）,1599,1578,30,30.jpg,壁纸合集\EP短片壁纸合集\叶瞬光主题壁纸（2560x1080）\30.jpg,https://act-upload.mihoyo.com/nap-obc-indep/2026/01/08/73751405/0a493932b6c8015d657b53e1f50bb319_6824536987258699092.jpg,,,
wallpapers,wallpapers|1599|1578|31|https://act-upload.mihoyo.com/nap-obc-indep/2026/01/08/73751405/04c8c1b58adec3755e57535448077618_547146251790389389.jpg,EP短片壁纸合集,叶瞬光主题壁纸（2560x1080）,1599,1578,31,31.jpg,壁纸合集\EP短片壁纸合集\叶瞬光主题壁纸（2560x1080）\31.jpg,https://act-upload.mihoyo.com/nap-obc-indep/2026/01/08/73751405/04c8c1b58adec3755e57535448077618_547146251790389389.jpg,,,
wallpapers,wallpapers|1599|1578|32|https://act-upload.mihoyo.com/nap-obc-indep/2026/01/08/73751405/4f19efaa9ec5dd46041f29389f309f2a_665185746149033382.jpg,EP短片壁纸合集,叶瞬光主题壁纸（2560x1080）,1599,1578,32,32.jpg,壁纸合集\EP短片壁纸合集\叶瞬光主题壁纸（2560x1080）\32.jpg,https://act-upload.mihoyo.com/nap-obc-indep/2026/01/08/73751405/4f19efaa9ec5dd46041f29389f309f2a_665185746149033382.jpg,,,
wallpapers,wallpapers|1599|1578|33|https://act-upload.mihoyo.com/nap-obc-indep/2026/01/08/73751405/8f7c0bdd1231fd043e72257d9d8bfba9_4282893455699576505.jpg,EP短片壁纸合集,叶瞬光主题壁纸（2560x1080）,1599,1578,33,33.jpg,壁纸合集\EP短片壁纸合集\叶瞬光主题壁纸（2560x1080）\33.jpg,https://act-upload.mihoyo.com/nap-obc-indep/2026/01/08/73751405/8f7c0bdd1231fd043e72257d9d8bfba9_4282893455699576505.jpg,,,
wallpapers,wallpapers|1599|1578|34|https://act-upload.mihoyo.com/nap-obc-indep/2026/01/08/73751405/b7ce290377e38004a01c6fd6c9668b84_5763417410142469618.jpg,EP短片壁纸合集,叶瞬光主题壁纸（2560x1080）,1599,1578,34,34.jpg,壁纸合集\EP短片壁纸合集\叶瞬光主题壁纸（2560x1080）\34.jpg,https://act-upload.mihoyo.com/nap-obc-indep/2026/01/08/73751405/b7ce290377e38004a01c6fd6c9668b84_5763417410142469618.jpg,,,
wallpapers,wallpapers|1599|1578|35|https://act-upload.mihoyo.com/nap-obc-indep/2026/01/08/73751405/7ad890bd188f9faea58aa3b86ad9192b_5609041978965127767.jpg,EP短片壁纸合集,叶瞬光主题壁纸（2560x1080）,1599,1578,35,35.jpg,壁纸合集\EP短片壁纸合集\叶瞬光主题壁纸（2560x1080）\35.jpg,https://act-upload.mihoyo.com/nap-obc-indep/2026/01/08/73751405/7ad890bd188f9faea58aa3b86ad9192b_5609041978965127767.jpg,,,
wallpapers,wallpapers|1599|1578|36|https://act-upload.mihoyo.com/nap-obc-indep/2026/01/08/73751405/375c8e9846e87fd6c76378f15ed36928_4197593370522827584.jpg,EP短片壁纸合集,叶瞬光主题壁纸（2560x1080）,1599,1578,36,36.jpg,壁纸合集\EP短片壁纸合集\叶瞬光主题壁纸（2560x1080）\36.jpg,https://act-upload.mihoyo.com/nap-obc-indep/2026/01/08/73751405/375c8e9846e87fd6c76378f15ed36928_4197593370522827584.jpg,,,
wallpapers,wallpapers|1599|1578|37|https://act-upload.mihoyo.com/nap-obc-indep/2026/01/08/73751405/8fa075cbe70a62162308ffc3d3ed4394_9110088726958465859.jpg,EP短片壁纸合集,叶瞬光主题壁纸（2560x1080）,1599,1578,37,37.jpg,壁纸合集\EP短片壁纸合集\叶瞬光主题壁纸（2560x1080）\37.jpg,https://act-upload.mihoyo.com/nap-obc-indep/2026/01/08/73751405/8fa075cbe70a62162308ffc3d3ed4394_9110088726958465859.jpg,,,
wallpapers,wallpapers|1599|1578|38|https://act-upload.mihoyo.com/nap-obc-indep/2026/01/08/73751405/58eff5fcdc868b80cb017548af5d9a10_3514007065035410648.jpg,EP短片壁纸合集,叶瞬光主题壁纸（2560x1080）,1599,1578,38,38.jpg,壁纸合集\EP短片壁纸合集\叶瞬光主题壁纸（2560x1080）\38.jpg,https://act-upload.mihoyo.com/nap-obc-indep/2026/01/08/73751405/58eff5fcdc868b80cb017548af5d9a10_3514007065035410648.jpg,,,
wallpapers,wallpapers|1599|1578|39|https://act-upload.mihoyo.com/nap-obc-indep/2026/01/08/73751405/046ac68daebf72c99fdcda493f018cbf_9081044233367810676.jpg,EP短片壁纸合集,叶瞬光主题壁纸（2560x1080）,1599,1578,39,39.jpg,壁纸合集\EP短片壁纸合集\叶瞬光主题壁纸（2560x1080）\39.jpg,https://act-upload.mihoyo.com/nap-obc-indep/2026/01/08/73751405/046ac68daebf72c99fdcda493f018cbf_9081044233367810676.jpg,,,
wallpapers,wallpapers|1599|1578|40|https://act-upload.mihoyo.com/nap-obc-indep/2026/01/08/73751405/7549be0cb8f07fd96cd2d5ce34d59895_5913631023709226577.jpg,EP短片壁纸合集,叶瞬光主题壁纸（2560x1080）,1599,1578,40,40.jpg,壁纸合集\EP短片壁纸合集\叶瞬光主题壁纸（2560x1080）\40.jpg,https://act-upload.mihoyo.com/nap-obc-indep/2026/01/08/73751405/7549be0cb8f07fd96cd2d5ce34d59895_5913631023709226577.jpg,,,
wallpapers,wallpapers|1599|1578|41|https://act-upload.mihoyo.com/nap-obc-indep/2026/01/08/73751405/b91d9a404782e19e81845d6cdd8839b6_6649115232361793076.jpg,EP短片壁纸合集,叶瞬光主题壁纸（2560x1080）,1599,1578,41,41.jpg,壁纸合集\EP短片壁纸合集\叶瞬光主题壁纸（2560x1080）\41.jpg,https://act-upload.mihoyo.com/nap-obc-indep/2026/01/08/73751405/b91d9a404782e19e81845d6cdd8839b6_6649115232361793076.jpg,,,
wallpapers,wallpapers|1599|1578|42|https://act-upload.mihoyo.com/nap-obc-indep/2026/01/08/73751405/bcb312a0d34187e8f14f05350779eea8_940464953231851349.jpg,EP短片壁纸合集,叶瞬光主题壁纸（2560x1080）,1599,1578,42,42.jpg,壁纸合集\EP短片壁纸合集\叶瞬光主题壁纸（2560x1080）\42.jpg,https://act-upload.mihoyo.com/nap-obc-indep/2026/01/08/73751405/bcb312a0d34187e8f14f05350779eea8_940464953231851349.jpg,,,
wallpapers,wallpapers|1599|1578|43|https://act-upload.mihoyo.com/nap-obc-indep/2026/01/08/73751405/0b8a323cd236a6a0656d5e8bc8c2f79c_5750705041260779862.jpg,EP短片壁纸合集,叶瞬光主题壁纸（2560x1080）,1599,1578,43,43.jpg,壁纸合集\EP短片壁纸合集\叶瞬光主题壁纸（2560x1080）\43.jpg,https://act-upload.mihoyo.com/nap-obc-indep/2026/01/08/73751405/0b8a323cd236a6a0656d5e8bc8c2f79c_5750705041260779862.jpg,,,
wallpapers,wallpapers|1599|1578|44|https://act-upload.mihoyo.com/nap-obc-indep/2026/01/08/73751405/8648c2ebf3243cf776e8e27010f2622d_4327786034869049092.jpg,EP短片壁纸合集,叶瞬光主题壁纸（2560x1080）,1599,1578,44,44.jpg,壁纸合集\EP短片壁纸合集\叶瞬光主题壁纸（2560x1080）\44.jpg,https://act-upload.mihoyo.com/nap-obc-indep/2026/01/08/73751405/8648c2ebf3243cf776e8e27010f2622d_4327786034869049092.jpg,,,
wallpapers,wallpapers|1599|1578|45|https://act-upload.mihoyo.com/nap-obc-indep/2026/01/08/73751405/c7663be7f60c85db269c4e3e3419554a_3192133522988129093.jpg,EP短片壁纸合集,叶瞬光主题壁纸（2560x1080）,1599,1578,45,45.jpg,壁纸合集\EP短片壁纸合集\叶瞬光主题壁纸（2560x1080）\45.jpg,https://act-upload.mihoyo.com/nap-obc-indep/2026/01/08/73751405/c7663be7f60c85db269c4e3e3419554a_3192133522988129093.jpg,,,
wallpapers,wallpapers|1599|1578|46|https://act-upload.mihoyo.com/nap-obc-indep/2026/01/08/73751405/175d88f2d7b65a9ead58a6bbc30d9357_7925113318119951171.jpg,EP短片壁纸合集,叶瞬光主题壁纸（2560x1080）,1599,1578,46,46.jpg,壁纸合集\EP短片壁纸合集\叶瞬光主题壁纸（2560x1080）\46.jpg,https://act-upload.mihoyo.com/nap-obc-indep/2026/01/08/73751405/175d88f2d7b65a9ead58a6bbc30d9357_7925113318119951171.jpg,,,
wallpapers,wallpapers|1599|1578|47|https://act-upload.mihoyo.com/nap-obc-indep/2026/01/08/73751405/7fc5947bc329bf3d38ceac55897b6ee0_9032312318644120856.jpg,EP短片壁纸合集,叶瞬光主题壁纸（2560x1080）,1599,1578,47,47.jpg,壁纸合集\EP短片壁纸合集\叶瞬光主题壁纸（2560x1080）\47.jpg,https://act-upload.mihoyo.com/nap-obc-indep/2026/01/08/73751405/7fc5947bc329bf3d38ceac55897b6ee0_9032312318644120856.jpg,,,
wallpapers,wallpapers|1599|1578|48|https://act-upload.mihoyo.com/nap-obc-indep/2026/01/08/73751405/e4bed378268067ad7e9543f6fc2ba823_3982277356730592960.jpg,EP短片壁纸合集,叶瞬光主题壁纸（2560x1080）,1599,1578,48,48.jpg,壁纸合集\EP短片壁纸合集\叶瞬光主题壁纸（2560x1080）\48.jpg,https://act-upload.mihoyo.com/nap-obc-indep/2026/01/08/73751405/e4bed378268067ad7e9543f6fc2ba823_3982277356730592960.jpg,,,
wallpapers,wallpapers|1599|1578|49|https://act-upload.mihoyo.com/nap-obc-indep/2026/01/08/73751405/85a309a9d139323800ef477e915d005a_5902194174092255039.jpg,EP短片壁纸合集,叶瞬光主题壁纸（2560x1080）,1599,1578,49,49.jpg,壁纸合集\EP短片壁纸合集\叶瞬光主题壁纸（2560x1080）\49.jpg,https://act-upload.mihoyo.com/nap-obc-indep/2026/01/08/73751405/85a309a9d139323800ef477e915d005a_5902194174092255039.jpg,,,
wallpapers,wallpapers|1599|1578|50|https://act-upload.mihoyo.com/nap-obc-indep/2026/01/08/73751405/2200e0026dcb515e0084af5ce81ec0e4_4450714934708180751.jpg,EP短片壁纸合集,叶瞬光主题壁纸（2560x1080）,1599,1578,50,50.jpg,壁纸合集\EP短片壁纸合集\叶瞬光主题壁纸（2560x1080）\50.jpg,https://act-upload.mihoyo.com/nap-obc-indep/2026/01/08/73751405/2200e0026dcb515e0084af5ce81ec0e4_4450714934708180751.jpg,,,
wallpapers,wallpapers|1599|1578|51|https://act-upload.mihoyo.com/nap-obc-indep/2026/01/08/73751405/d460507f99bf92e174e01c216ecfe03e_2308609516698927721.jpg,EP短片壁纸合集,叶瞬光主题壁纸（2560x1080）,1599,1578,51,51.jpg,壁纸合集\EP短片壁纸合集\叶瞬光主题壁纸（2560x1080）\51.jpg,https://act-upload.mihoyo.com/nap-obc-indep/2026/01/08/73751405/d460507f99bf92e174e01c216ecfe03e_2308609516698927721.jpg,,,
wallpapers,wallpapers|1599|1578|52|https://act-upload.mihoyo.com/nap-obc-indep/2026/01/08/73751405/b88c3b0f22eba8d28540be1374482af6_2631112689316881545.jpg,EP短片壁纸合集,叶瞬光主题壁纸（2560x1080）,1599,1578,52,52.jpg,壁纸合集\EP短片壁纸合集\叶瞬光主题壁纸（2560x1080）\52.jpg,https://act-upload.mihoyo.com/nap-obc-indep/2026/01/08/73751405/b88c3b0f22eba8d28540be1374482af6_2631112689316881545.jpg,,,
wallpapers,wallpapers|1599|1578|53|https://act-upload.mihoyo.com/nap-obc-indep/2026/01/08/73751405/b5339cc9fe0b64918288b76bb0512689_4840887088388226516.jpg,EP短片壁纸合集,叶瞬光主题壁纸（2560x1080）,1599,1578,53,53.jpg,壁纸合集\EP短片壁纸合集\叶瞬光主题壁纸（2560x1080）\53.jpg,https://act-upload.mihoyo.com/nap-obc-indep/2026/01/08/73751405/b5339cc9fe0b64918288b76bb0512689_4840887088388226516.jpg,,,
wallpapers,wallpapers|1599|1578|54|https://act-upload.mihoyo.com/nap-obc-indep/2026/01/08/73751405/d9679466b9c206e00c8536aa043d6dbf_5572123450968509003.jpg,EP短片壁纸合集,叶瞬光主题壁纸（2560x1080）,1599,1578,54,54.jpg,壁纸合集\EP短片壁纸合集\叶瞬光主题壁纸（2560x1080）\54.jpg,https://act-upload.mihoyo.com/nap-obc-indep/2026/01/08/73751405/d9679466b9c206e00c8536aa043d6dbf_5572123450968509003.jpg,,,
wallpapers,wallpapers|1599|1578|55|https://act-upload.mihoyo.com/nap-obc-indep/2026/01/08/73751405/2530b53b3ab88a5e1b3c27b83bf4d501_8792697617865365850.jpg,EP短片壁纸合集,叶瞬光主题壁纸（2560x1080）,1599,1578,55,55.jpg,壁纸合集\EP短片壁纸合集\叶瞬光主题壁纸（2560x1080）\55.jpg,https://act-upload.mihoyo.com/nap-obc-indep/2026/01/08/73751405/2530b53b3ab88a5e1b3c27b83bf4d501_8792697617865365850.jpg,,,
wallpapers,wallpapers|1599|1578|56|https://act-upload.mihoyo.com/nap-obc-indep/2026/01/08/73751405/ed67b48fcd67e240fda4510f100f5019_4752890515813499203.jpg,EP短片壁纸合集,叶瞬光主题壁纸（2560x1080）,1599,1578,56,56.jpg,壁纸合集\EP短片壁纸合集\叶瞬光主题壁纸（2560x1080）\56.jpg,https://act-upload.mihoyo.com/nap-obc-indep/2026/01/08/73751405/ed67b48fcd67e240fda4510f100f5019_4752890515813499203.jpg,,,
wallpapers,wallpapers|1599|1578|57|https://act-upload.mihoyo.com/nap-obc-indep/2026/01/08/73751405/2072398350778cc2765a551f242722d9_688419633992410407.jpg,EP短片壁纸合集,叶瞬光主题壁纸（2560x1080）,1599,1578,57,57.jpg,壁纸合集\EP短片壁纸合集\叶瞬光主题壁纸（2560x1080）\57.jpg,https://act-upload.mihoyo.com/nap-obc-indep/2026/01/08/73751405/2072398350778cc2765a551f242722d9_688419633992410407.jpg,,,
wallpapers,wallpapers|1599|1578|58|https://act-upload.mihoyo.com/nap-obc-indep/2026/01/08/73751405/a5714096ac1a413ef4d6280567854c62_5013006624955010071.jpg,EP短片壁纸合集,叶瞬光主题壁纸（2560x1080）,1599,1578,58,58.jpg,壁纸合集\EP短片壁纸合集\叶瞬光主题壁纸（2560x1080）\58.jpg,https://act-upload.mihoyo.com/nap-obc-indep/2026/01/08/73751405/a5714096ac1a413ef4d6280567854c62_5013006624955010071.jpg,,,
wallpapers,wallpapers|1599|1578|59|https://act-upload.mihoyo.com/nap-obc-indep/2026/01/08/73751405/9e24e4cc93e00a3a38ef8c0983d88af5_4495350941980049942.jpg,EP短片壁纸合集,叶瞬光主题壁纸（2560x1080）,1599,1578,59,59.jpg,壁纸合集\EP短片壁纸合集\叶瞬光主题壁纸（2560x1080）\59.jpg,https://act-upload.mihoyo.com/nap-obc-indep/2026/01/08/73751405/9e24e4cc93e00a3a38ef8c0983d88af5_4495350941980049942.jpg,,,
wallpapers,wallpapers|1599|1578|60|https://act-upload.mihoyo.com/nap-obc-indep/2026/01/08/73751405/30402b95de03869bea48bb16f74bc94c_5030873566854623302.jpg,EP短片壁纸合集,叶瞬光主题壁纸（2560x1080）,1599,1578,60,60.jpg,壁纸合集\EP短片壁纸合集\叶瞬光主题壁纸（2560x1080）\60.jpg,https://act-upload.mihoyo.com/nap-obc-indep/2026/01/08/73751405/30402b95de03869bea48bb16f74bc94c_5030873566854623302.jpg,,,
wallpapers,wallpapers|1599|1578|61|https://act-upload.mihoyo.com/nap-obc-indep/2026/01/08/73751405/20b75c9ac779e45bf59a1236b7652533_3379837788400564494.jpg,EP短片壁纸合集,叶瞬光主题壁纸（2560x1080）,1599,1578,61,61.jpg,壁纸合集\EP短片壁纸合集\叶瞬光主题壁纸（2560x1080）\61.jpg,https://act-upload.mihoyo.com/nap-obc-indep/2026/01/08/73751405/20b75c9ac779e45bf59a1236b7652533_3379837788400564494.jpg,,,
wallpapers,wallpapers|1599|1578|62|https://act-upload.mihoyo.com/nap-obc-indep/2026/01/08/73751405/4362062e093aaf2a468af83218dc7d75_7741064437676182877.jpg,EP短片壁纸合集,叶瞬光主题壁纸（2560x1080）,1599,1578,62,62.jpg,壁纸合集\EP短片壁纸合集\叶瞬光主题壁纸（2560x1080）\62.jpg,https://act-upload.mihoyo.com/nap-obc-indep/2026/01/08/73751405/4362062e093aaf2a468af83218dc7d75_7741064437676182877.jpg,,,
wallpapers,wallpapers|1599|1578|63|https://act-upload.mihoyo.com/nap-obc-indep/2026/01/08/73751405/155870e867bfb8d6ae06eb3a80170ee0_2866720011107013030.jpg,EP短片壁纸合集,叶瞬光主题壁纸（2560x1080）,1599,1578,63,63.jpg,壁纸合集\EP短片壁纸合集\叶瞬光主题壁纸（2560x1080）\63.jpg,https://act-upload.mihoyo.com/nap-obc-indep/2026/01/08/73751405/155870e867bfb8d6ae06eb3a80170ee0_2866720011107013030.jpg,,,
wallpapers,wallpapers|1599|1578|64|https://act-upload.mihoyo.com/nap-obc-indep/2026/01/08/73751405/b6d1f3d7ba480ab6ddd499cf7dc857d3_3603856011672421825.jpg,EP短片壁纸合集,叶瞬光主题壁纸（2560x1080）,1599,1578,64,64.jpg,壁纸合集\EP短片壁纸合集\叶瞬光主题壁纸（2560x1080）\64.jpg,https://act-upload.mihoyo.com/nap-obc-indep/2026/01/08/73751405/b6d1f3d7ba480ab6ddd499cf7dc857d3_3603856011672421825.jpg,,,
wallpapers,wallpapers|1599|1500|1|https://act-upload.mihoyo.com/nap-obc-indep/2025/12/05/73751405/f916256897131be39a708ce93ea0bd11_538796785959502157.jpg,EP短片壁纸合集,琉音角色展示壁纸,1599,1500,1,1.jpg,壁纸合集\EP短片壁纸合集\琉音角色展示壁纸\1.jpg,https://act-upload.mihoyo.com/nap-obc-indep/2025/12/05/73751405/f916256897131be39a708ce93ea0bd11_538796785959502157.jpg,,,
wallpapers,wallpapers|1599|1500|2|https://act-upload.mihoyo.com/nap-obc-indep/2025/12/05/73751405/6ddf3ec4e4f144e6371d5bb186c6c86c_8633454096395948989.jpg,EP短片壁纸合集,琉音角色展示壁纸,1599,1500,2,2.jpg,壁纸合集\EP短片壁纸合集\琉音角色展示壁纸\2.jpg,https://act-upload.mihoyo.com/nap-obc-indep/2025/12/05/73751405/6ddf3ec4e4f144e6371d5bb186c6c86c_8633454096395948989.jpg,,,
wallpapers,wallpapers|1599|1500|3|https://act-upload.mihoyo.com/nap-obc-indep/2025/12/05/73751405/ace9249344b1b6e1ab59e3c1c03bd30d_2862677525207306679.jpg,EP短片壁纸合集,琉音角色展示壁纸,1599,1500,3,3.jpg,壁纸合集\EP短片壁纸合集\琉音角色展示壁纸\3.jpg,https://act-upload.mihoyo.com/nap-obc-indep/2025/12/05/73751405/ace9249344b1b6e1ab59e3c1c03bd30d_2862677525207306679.jpg,,,
wallpapers,wallpapers|1599|1500|4|https://act-upload.mihoyo.com/nap-obc-indep/2025/12/05/73751405/b75a13ef7aed4889ea0db853bfe31678_8818643687522808214.jpg,EP短片壁纸合集,琉音角色展示壁纸,1599,1500,4,4.jpg,壁纸合集\EP短片壁纸合集\琉音角色展示壁纸\4.jpg,https://act-upload.mihoyo.com/nap-obc-indep/2025/12/05/73751405/b75a13ef7aed4889ea0db853bfe31678_8818643687522808214.jpg,,,
wallpapers,wallpapers|1599|1500|5|https://act-upload.mihoyo.com/nap-obc-indep/2025/12/05/73751405/7bcbd64ce165f429403349161c43a7c6_4290858443192666008.jpg,EP短片壁纸合集,琉音角色展示壁纸,1599,1500,5,5.jpg,壁纸合集\EP短片壁纸合集\琉音角色展示壁纸\5.jpg,https://act-upload.mihoyo.com/nap-obc-indep/2025/12/05/73751405/7bcbd64ce165f429403349161c43a7c6_4290858443192666008.jpg,,,
wallpapers,wallpapers|1599|1500|6|https://act-upload.mihoyo.com/nap-obc-indep/2025/12/05/73751405/398497cc0382eb13a8b5d50b56515f12_3082253181590943251.jpg,EP短片壁纸合集,琉音角色展示壁纸,1599,1500,6,6.jpg,壁纸合集\EP短片壁纸合集\琉音角色展示壁纸\6.jpg,https://act-upload.mihoyo.com/nap-obc-indep/2025/12/05/73751405/398497cc0382eb13a8b5d50b56515f12_3082253181590943251.jpg,,,
wallpapers,wallpapers|1599|1500|7|https://act-upload.mihoyo.com/nap-obc-indep/2025/12/05/73751405/2dfe3b8c934ee105a65df15376565ae1_4178684051529248408.jpg,EP短片壁纸合集,琉音角色展示壁纸,1599,1500,7,7.jpg,壁纸合集\EP短片壁纸合集\琉音角色展示壁纸\7.jpg,https://act-upload.mihoyo.com/nap-obc-indep/2025/12/05/73751405/2dfe3b8c934ee105a65df15376565ae1_4178684051529248408.jpg,,,
wallpapers,wallpapers|1599|1500|8|https://act-upload.mihoyo.com/nap-obc-indep/2025/12/05/73751405/75443da9c7f610a28b5045c36722a479_1153429695236666645.jpg,EP短片壁纸合集,琉音角色展示壁纸,1599,1500,8,8.jpg,壁纸合集\EP短片壁纸合集\琉音角色展示壁纸\8.jpg,https://act-upload.mihoyo.com/nap-obc-indep/2025/12/05/73751405/75443da9c7f610a28b5045c36722a479_1153429695236666645.jpg,,,
wallpapers,wallpapers|1599|1500|9|https://act-upload.mihoyo.com/nap-obc-indep/2025/12/05/73751405/6da149bc890fbd89b3c832d3dba9e17e_6373446962859432738.jpg,EP短片壁纸合集,琉音角色展示壁纸,1599,1500,9,9.jpg,壁纸合集\EP短片壁纸合集\琉音角色展示壁纸\9.jpg,https://act-upload.mihoyo.com/nap-obc-indep/2025/12/05/73751405/6da149bc890fbd89b3c832d3dba9e17e_6373446962859432738.jpg,,,
wallpapers,wallpapers|1599|1500|10|https://act-upload.mihoyo.com/nap-obc-indep/2025/12/05/73751405/420843468c82cd2e06737772dcdf9776_6800087022317886259.jpg,EP短片壁纸合集,琉音角色展示壁纸,1599,1500,10,10.jpg,壁纸合集\EP短片壁纸合集\琉音角色展示壁纸\10.jpg,https://act-upload.mihoyo.com/nap-obc-indep/2025/12/05/73751405/420843468c82cd2e06737772dcdf9776_6800087022317886259.jpg,,,
wallpapers,wallpapers|1599|1500|11|https://act-upload.mihoyo.com/nap-obc-indep/2025/12/05/73751405/40d9f65f33489606b5e7067ee6930705_502507637954412329.jpg,EP短片壁纸合集,琉音角色展示壁纸,1599,1500,11,11.jpg,壁纸合集\EP短片壁纸合集\琉音角色展示壁纸\11.jpg,https://act-upload.mihoyo.com/nap-obc-indep/2025/12/05/73751405/40d9f65f33489606b5e7067ee6930705_502507637954412329.jpg,,,
wallpapers,wallpapers|1599|1500|12|https://act-upload.mihoyo.com/nap-obc-indep/2025/12/05/73751405/eed0b010e5660cd9f3dc4cabbd742cf6_1875334344124831999.jpg,EP短片壁纸合集,琉音角色展示壁纸,1599,1500,12,12.jpg,壁纸合集\EP短片壁纸合集\琉音角色展示壁纸\12.jpg,https://act-upload.mihoyo.com/nap-obc-indep/2025/12/05/73751405/eed0b010e5660cd9f3dc4cabbd742cf6_1875334344124831999.jpg,,,
wallpapers,wallpapers|1599|1452|1|https://act-upload.mihoyo.com/nap-obc-indep/2025/11/12/73751405/f2d38609a626579257a05b66b0721375_7569584841135497020.jpg,EP短片壁纸合集,伊德海莉主题壁纸(3840x2160),1599,1452,1,1.jpg,壁纸合集\EP短片壁纸合集\伊德海莉主题壁纸(3840x2160)\1.jpg,https://act-upload.mihoyo.com/nap-obc-indep/2025/11/12/73751405/f2d38609a626579257a05b66b0721375_7569584841135497020.jpg,,,
wallpapers,wallpapers|1599|1452|2|https://act-upload.mihoyo.com/nap-obc-indep/2025/11/12/73751405/2a4f4344a6148312bd086a29b7b42a86_4687990627424088276.jpg,EP短片壁纸合集,伊德海莉主题壁纸(3840x2160),1599,1452,2,2.jpg,壁纸合集\EP短片壁纸合集\伊德海莉主题壁纸(3840x2160)\2.jpg,https://act-upload.mihoyo.com/nap-obc-indep/2025/11/12/73751405/2a4f4344a6148312bd086a29b7b42a86_4687990627424088276.jpg,,,
wallpapers,wallpapers|1599|1452|3|https://act-upload.mihoyo.com/nap-obc-indep/2025/11/12/73751405/a482e60b9ef32fcbc436968ba27e59e3_1598640114203799989.jpg,EP短片壁纸合集,伊德海莉主题壁纸(3840x2160),1599,1452,3,3.jpg,壁纸合集\EP短片壁纸合集\伊德海莉主题壁纸(3840x2160)\3.jpg,https://act-upload.mihoyo.com/nap-obc-indep/2025/11/12/73751405/a482e60b9ef32fcbc436968ba27e59e3_1598640114203799989.jpg,,,
wallpapers,wallpapers|1599|1452|4|https://act-upload.mihoyo.com/nap-obc-indep/2025/11/12/73751405/c000b63801cfaecbff0a8ec81c5d555d_5673365799693054464.jpg,EP短片壁纸合集,伊德海莉主题壁纸(3840x2160),1599,1452,4,4.jpg,壁纸合集\EP短片壁纸合集\伊德海莉主题壁纸(3840x2160)\4.jpg,https://act-upload.mihoyo.com/nap-obc-indep/2025/11/12/73751405/c000b63801cfaecbff0a8ec81c5d555d_5673365799693054464.jpg,,,
wallpapers,wallpapers|1599|1452|5|https://act-upload.mihoyo.com/nap-obc-indep/2025/11/12/73751405/a89f45f1b202f78d7e6a00f3fe69fc28_3255943911181991207.jpg,EP短片壁纸合集,伊德海莉主题壁纸(3840x2160),1599,1452,5,5.jpg,壁纸合集\EP短片壁纸合集\伊德海莉主题壁纸(3840x2160)\5.jpg,https://act-upload.mihoyo.com/nap-obc-indep/2025/11/12/73751405/a89f45f1b202f78d7e6a00f3fe69fc28_3255943911181991207.jpg,,,
wallpapers,wallpapers|1599|1452|6|https://act-upload.mihoyo.com/nap-obc-indep/2025/11/12/73751405/6362e89af00d4cd0d7d7fd4938320275_6986329002409321442.jpg,EP短片壁纸合集,伊德海莉主题壁纸(3840x2160),1599,1452,6,6.jpg,壁纸合集\EP短片壁纸合集\伊德海莉主题壁纸(3840x2160)\6.jpg,https://act-upload.mihoyo.com/nap-obc-indep/2025/11/12/73751405/6362e89af00d4cd0d7d7fd4938320275_6986329002409321442.jpg,,,
wallpapers,wallpapers|1599|1452|7|https://act-upload.mihoyo.com/nap-obc-indep/2025/11/12/73751405/e15c70584e765a438c1f92eb50e593c8_7520077141161900964.jpg,EP短片壁纸合集,伊德海莉主题壁纸(3840x2160),1599,1452,7,7.jpg,壁纸合集\EP短片壁纸合集\伊德海莉主题壁纸(3840x2160)\7.jpg,https://act-upload.mihoyo.com/nap-obc-indep/2025/11/12/73751405/e15c70584e765a438c1f92eb50e593c8_7520077141161900964.jpg,,,
wallpapers,wallpapers|1599|1452|8|https://act-upload.mihoyo.com/nap-obc-indep/2025/11/12/73751405/880826d36ac60d0746adae3e390e9cff_8078934127416831988.jpg,EP短片壁纸合集,伊德海莉主题壁纸(3840x2160),1599,1452,8,8.jpg,壁纸合集\EP短片壁纸合集\伊德海莉主题壁纸(3840x2160)\8.jpg,https://act-upload.mihoyo.com/nap-obc-indep/2025/11/12/73751405/880826d36ac60d0746adae3e390e9cff_8078934127416831988.jpg,,,
wallpapers,wallpapers|1599|1452|9|https://act-upload.mihoyo.com/nap-obc-indep/2025/11/12/73751405/51f4f40a43c7974c12bbb6af11215d15_8058557534812721798.jpg,EP短片壁纸合集,伊德海莉主题壁纸(3840x2160),1599,1452,9,9.jpg,壁纸合集\EP短片壁纸合集\伊德海莉主题壁纸(3840x2160)\9.jpg,https://act-upload.mihoyo.com/nap-obc-indep/2025/11/12/73751405/51f4f40a43c7974c12bbb6af11215d15_8058557534812721798.jpg,,,
wallpapers,wallpapers|1599|1452|10|https://act-upload.mihoyo.com/nap-obc-indep/2025/11/12/73751405/03fe6e270cae095732f479c38eeafab5_869154560709733200.jpg,EP短片壁纸合集,伊德海莉主题壁纸(3840x2160),1599,1452,10,10.jpg,壁纸合集\EP短片壁纸合集\伊德海莉主题壁纸(3840x2160)\10.jpg,https://act-upload.mihoyo.com/nap-obc-indep/2025/11/12/73751405/03fe6e270cae095732f479c38eeafab5_869154560709733200.jpg,,,
wallpapers,wallpapers|1599|1452|11|https://act-upload.mihoyo.com/nap-obc-indep/2025/11/12/73751405/9043592e49795a9237b7124b31f8949a_3197624072837870134.jpg,EP短片壁纸合集,伊德海莉主题壁纸(3840x2160),1599,1452,11,11.jpg,壁纸合集\EP短片壁纸合集\伊德海莉主题壁纸(3840x2160)\11.jpg,https://act-upload.mihoyo.com/nap-obc-indep/2025/11/12/73751405/9043592e49795a9237b7124b31f8949a_3197624072837870134.jpg,,,
wallpapers,wallpapers|1599|1452|12|https://act-upload.mihoyo.com/nap-obc-indep/2025/11/12/73751405/90df5df1cc0d9a64f964ca713e4525b0_4838503267839061458.jpg,EP短片壁纸合集,伊德海莉主题壁纸(3840x2160),1599,1452,12,12.jpg,壁纸合集\EP短片壁纸合集\伊德海莉主题壁纸(3840x2160)\12.jpg,https://act-upload.mihoyo.com/nap-obc-indep/2025/11/12/73751405/90df5df1cc0d9a64f964ca713e4525b0_4838503267839061458.jpg,,,
wallpapers,wallpapers|1599|1452|13|https://act-upload.mihoyo.com/nap-obc-indep/2025/11/12/73751405/ca253dc66cb2c9df9241cba5a9df23d3_7965487620430504048.jpg,EP短片壁纸合集,伊德海莉主题壁纸(3840x2160),1599,1452,13,13.jpg,壁纸合集\EP短片壁纸合集\伊德海莉主题壁纸(3840x2160)\13.jpg,https://act-upload.mihoyo.com/nap-obc-indep/2025/11/12/73751405/ca253dc66cb2c9df9241cba5a9df23d3_7965487620430504048.jpg,,,
wallpapers,wallpapers|1599|1452|14|https://act-upload.mihoyo.com/nap-obc-indep/2025/11/12/73751405/6cd9801b8700eb15fc9e1065bdf91124_71682550964904840.jpg,EP短片壁纸合集,伊德海莉主题壁纸(3840x2160),1599,1452,14,14.jpg,壁纸合集\EP短片壁纸合集\伊德海莉主题壁纸(3840x2160)\14.jpg,https://act-upload.mihoyo.com/nap-obc-indep/2025/11/12/73751405/6cd9801b8700eb15fc9e1065bdf91124_71682550964904840.jpg,,,
wallpapers,wallpapers|1599|1452|15|https://act-upload.mihoyo.com/nap-obc-indep/2025/11/12/73751405/3b6c4f61523c7ffde899d411e256ded1_180286325768878024.jpg,EP短片壁纸合集,伊德海莉主题壁纸(3840x2160),1599,1452,15,15.jpg,壁纸合集\EP短片壁纸合集\伊德海莉主题壁纸(3840x2160)\15.jpg,https://act-upload.mihoyo.com/nap-obc-indep/2025/11/12/73751405/3b6c4f61523c7ffde899d411e256ded1_180286325768878024.jpg,,,
wallpapers,wallpapers|1599|1452|16|https://act-upload.mihoyo.com/nap-obc-indep/2025/11/12/73751405/f474df33d80416e656181a491ce3a303_6594765709261830215.jpg,EP短片壁纸合集,伊德海莉主题壁纸(3840x2160),1599,1452,16,16.jpg,壁纸合集\EP短片壁纸合集\伊德海莉主题壁纸(3840x2160)\16.jpg,https://act-upload.mihoyo.com/nap-obc-indep/2025/11/12/73751405/f474df33d80416e656181a491ce3a303_6594765709261830215.jpg,,,
wallpapers,wallpapers|1599|1452|17|https://act-upload.mihoyo.com/nap-obc-indep/2025/11/12/73751405/2f057a471a28f2ed4974bf0a918edb28_2849102367939892007.jpg,EP短片壁纸合集,伊德海莉主题壁纸(3840x2160),1599,1452,17,17.jpg,壁纸合集\EP短片壁纸合集\伊德海莉主题壁纸(3840x2160)\17.jpg,https://act-upload.mihoyo.com/nap-obc-indep/2025/11/12/73751405/2f057a471a28f2ed4974bf0a918edb28_2849102367939892007.jpg,,,
wallpapers,wallpapers|1599|1451|1|https://act-upload.mihoyo.com/nap-obc-indep/2025/11/12/73751405/6a80a8fc54fd1cd7a23e6ff0c1534ede_6448891757021157198.jpg,EP短片壁纸合集,伊德海莉主题壁纸(2560x1080),1599,1451,1,1.jpg,壁纸合集\EP短片壁纸合集\伊德海莉主题壁纸(2560x1080)\1.jpg,https://act-upload.mihoyo.com/nap-obc-indep/2025/11/12/73751405/6a80a8fc54fd1cd7a23e6ff0c1534ede_6448891757021157198.jpg,,,
wallpapers,wallpapers|1599|1451|2|https://act-upload.mihoyo.com/nap-obc-indep/2025/11/12/73751405/06680eb896f7821ad16fb259cf4a95fb_6902056976431899794.jpg,EP短片壁纸合集,伊德海莉主题壁纸(2560x1080),1599,1451,2,2.jpg,壁纸合集\EP短片壁纸合集\伊德海莉主题壁纸(2560x1080)\2.jpg,https://act-upload.mihoyo.com/nap-obc-indep/2025/11/12/73751405/06680eb896f7821ad16fb259cf4a95fb_6902056976431899794.jpg,,,
wallpapers,wallpapers|1599|1451|3|https://act-upload.mihoyo.com/nap-obc-indep/2025/11/12/73751405/df312b6b1a32a346b6007670f7009245_7795799916633515337.jpg,EP短片壁纸合集,伊德海莉主题壁纸(2560x1080),1599,1451,3,3.jpg,壁纸合集\EP短片壁纸合集\伊德海莉主题壁纸(2560x1080)\3.jpg,https://act-upload.mihoyo.com/nap-obc-indep/2025/11/12/73751405/df312b6b1a32a346b6007670f7009245_7795799916633515337.jpg,,,
wallpapers,wallpapers|1599|1451|4|https://act-upload.mihoyo.com/nap-obc-indep/2025/11/12/73751405/f279caf0abd0625aa2de76adb89b0689_3349753464643377432.jpg,EP短片壁纸合集,伊德海莉主题壁纸(2560x1080),1599,1451,4,4.jpg,壁纸合集\EP短片壁纸合集\伊德海莉主题壁纸(2560x1080)\4.jpg,https://act-upload.mihoyo.com/nap-obc-indep/2025/11/12/73751405/f279caf0abd0625aa2de76adb89b0689_3349753464643377432.jpg,,,
wallpapers,wallpapers|1599|1451|5|https://act-upload.mihoyo.com/nap-obc-indep/2025/11/12/73751405/ce5ccf298ddb1715e41505a969fd87c4_5948710668268875968.jpg,EP短片壁纸合集,伊德海莉主题壁纸(2560x1080),1599,1451,5,5.jpg,壁纸合集\EP短片壁纸合集\伊德海莉主题壁纸(2560x1080)\5.jpg,https://act-upload.mihoyo.com/nap-obc-indep/2025/11/12/73751405/ce5ccf298ddb1715e41505a969fd87c4_5948710668268875968.jpg,,,
wallpapers,wallpapers|1599|1451|6|https://act-upload.mihoyo.com/nap-obc-indep/2025/11/12/73751405/e38b4c2e65bd577d1f27f325ccc5a0b0_1345964849590687598.jpg,EP短片壁纸合集,伊德海莉主题壁纸(2560x1080),1599,1451,6,6.jpg,壁纸合集\EP短片壁纸合集\伊德海莉主题壁纸(2560x1080)\6.jpg,https://act-upload.mihoyo.com/nap-obc-indep/2025/11/12/73751405/e38b4c2e65bd577d1f27f325ccc5a0b0_1345964849590687598.jpg,,,
wallpapers,wallpapers|1599|1451|7|https://act-upload.mihoyo.com/nap-obc-indep/2025/11/12/73751405/60a9b12814c2a493e3fa0596476cdcd4_350432050847288992.jpg,EP短片壁纸合集,伊德海莉主题壁纸(2560x1080),1599,1451,7,7.jpg,壁纸合集\EP短片壁纸合集\伊德海莉主题壁纸(2560x1080)\7.jpg,https://act-upload.mihoyo.com/nap-obc-indep/2025/11/12/73751405/60a9b12814c2a493e3fa0596476cdcd4_350432050847288992.jpg,,,
wallpapers,wallpapers|1599|1451|8|https://act-upload.mihoyo.com/nap-obc-indep/2025/11/12/73751405/6cf194e98f2a4565299096f51adedadf_6772317433707810831.jpg,EP短片壁纸合集,伊德海莉主题壁纸(2560x1080),1599,1451,8,8.jpg,壁纸合集\EP短片壁纸合集\伊德海莉主题壁纸(2560x1080)\8.jpg,https://act-upload.mihoyo.com/nap-obc-indep/2025/11/12/73751405/6cf194e98f2a4565299096f51adedadf_6772317433707810831.jpg,,,
wallpapers,wallpapers|1599|1451|9|https://act-upload.mihoyo.com/nap-obc-indep/2025/11/12/73751405/cfe37f7d0501ccf7e3ed60fd35e7c62b_8418760253310965036.jpg,EP短片壁纸合集,伊德海莉主题壁纸(2560x1080),1599,1451,9,9.jpg,壁纸合集\EP短片壁纸合集\伊德海莉主题壁纸(2560x1080)\9.jpg,https://act-upload.mihoyo.com/nap-obc-indep/2025/11/12/73751405/cfe37f7d0501ccf7e3ed60fd35e7c62b_8418760253310965036.jpg,,,
wallpapers,wallpapers|1599|1451|10|https://act-upload.mihoyo.com/nap-obc-indep/2025/11/12/73751405/9755e34c26f9b680cc9bcd6008d519fc_4654617745139270300.jpg,EP短片壁纸合集,伊德海莉主题壁纸(2560x1080),1599,1451,10,10.jpg,壁纸合集\EP短片壁纸合集\伊德海莉主题壁纸(2560x1080)\10.jpg,https://act-upload.mihoyo.com/nap-obc-indep/2025/11/12/73751405/9755e34c26f9b680cc9bcd6008d519fc_4654617745139270300.jpg,,,
wallpapers,wallpapers|1599|1451|11|https://act-upload.mihoyo.com/nap-obc-indep/2025/11/12/73751405/1472f4375bd891e8980feba4572f2b8f_5419206183751606431.jpg,EP短片壁纸合集,伊德海莉主题壁纸(2560x1080),1599,1451,11,11.jpg,壁纸合集\EP短片壁纸合集\伊德海莉主题壁纸(2560x1080)\11.jpg,https://act-upload.mihoyo.com/nap-obc-indep/2025/11/12/73751405/1472f4375bd891e8980feba4572f2b8f_5419206183751606431.jpg,,,
wallpapers,wallpapers|1599|1451|12|https://act-upload.mihoyo.com/nap-obc-indep/2025/11/12/73751405/916b5d528c29bbaed9297e9b146bd486_546591898466002234.jpg,EP短片壁纸合集,伊德海莉主题壁纸(2560x1080),1599,1451,12,12.jpg,壁纸合集\EP短片壁纸合集\伊德海莉主题壁纸(2560x1080)\12.jpg,https://act-upload.mihoyo.com/nap-obc-indep/2025/11/12/73751405/916b5d528c29bbaed9297e9b146bd486_546591898466002234.jpg,,,
wallpapers,wallpapers|1599|1451|13|https://act-upload.mihoyo.com/nap-obc-indep/2025/11/12/73751405/fe9d03ff8e6e6964bc37acd0d4566928_7526414090085348161.jpg,EP短片壁纸合集,伊德海莉主题壁纸(2560x1080),1599,1451,13,13.jpg,壁纸合集\EP短片壁纸合集\伊德海莉主题壁纸(2560x1080)\13.jpg,https://act-upload.mihoyo.com/nap-obc-indep/2025/11/12/73751405/fe9d03ff8e6e6964bc37acd0d4566928_7526414090085348161.jpg,,,
wallpapers,wallpapers|1599|1451|14|https://act-upload.mihoyo.com/nap-obc-indep/2025/11/12/73751405/23fbafd4bc57394ec94d5ecdc9d9bb15_8031951895495793897.jpg,EP短片壁纸合集,伊德海莉主题壁纸(2560x1080),1599,1451,14,14.jpg,壁纸合集\EP短片壁纸合集\伊德海莉主题壁纸(2560x1080)\14.jpg,https://act-upload.mihoyo.com/nap-obc-indep/2025/11/12/73751405/23fbafd4bc57394ec94d5ecdc9d9bb15_8031951895495793897.jpg,,,
wallpapers,wallpapers|1599|1451|15|https://act-upload.mihoyo.com/nap-obc-indep/2025/11/12/73751405/f1e70ed56d2804b93665d313d72a58f1_1664637688739492108.jpg,EP短片壁纸合集,伊德海莉主题壁纸(2560x1080),1599,1451,15,15.jpg,壁纸合集\EP短片壁纸合集\伊德海莉主题壁纸(2560x1080)\15.jpg,https://act-upload.mihoyo.com/nap-obc-indep/2025/11/12/73751405/f1e70ed56d2804b93665d313d72a58f1_1664637688739492108.jpg,,,
wallpapers,wallpapers|1599|1451|16|https://act-upload.mihoyo.com/nap-obc-indep/2025/11/12/73751405/3dc462430a0dc5152651b604b5d87b69_5304157075805670551.jpg,EP短片壁纸合集,伊德海莉主题壁纸(2560x1080),1599,1451,16,16.jpg,壁纸合集\EP短片壁纸合集\伊德海莉主题壁纸(2560x1080)\16.jpg,https://act-upload.mihoyo.com/nap-obc-indep/2025/11/12/73751405/3dc462430a0dc5152651b604b5d87b69_5304157075805670551.jpg,,,
wallpapers,wallpapers|1599|1416|1|https://act-upload.mihoyo.com/nap-obc-indep/2025/10/23/73751405/12aac64ecec0122b5f9c17bda67c7d53_8937152759771590371.png,EP短片壁纸合集,狛野真斗主题壁纸（2560x1080）,1599,1416,1,1.png,壁纸合集\EP短片壁纸合集\狛野真斗主题壁纸（2560x1080）\1.png,https://act-upload.mihoyo.com/nap-obc-indep/2025/10/23/73751405/12aac64ecec0122b5f9c17bda67c7d53_8937152759771590371.png,,,
wallpapers,wallpapers|1599|1416|2|https://act-upload.mihoyo.com/nap-obc-indep/2025/10/23/73751405/aed08b9baf95ba4e43aee9c085f03692_2404266424228007308.png,EP短片壁纸合集,狛野真斗主题壁纸（2560x1080）,1599,1416,2,2.png,壁纸合集\EP短片壁纸合集\狛野真斗主题壁纸（2560x1080）\2.png,https://act-upload.mihoyo.com/nap-obc-indep/2025/10/23/73751405/aed08b9baf95ba4e43aee9c085f03692_2404266424228007308.png,,,
wallpapers,wallpapers|1599|1416|3|https://act-upload.mihoyo.com/nap-obc-indep/2025/10/23/73751405/4cc451e622a3359e60f35ae328c7032b_8450882446475115541.png,EP短片壁纸合集,狛野真斗主题壁纸（2560x1080）,1599,1416,3,3.png,壁纸合集\EP短片壁纸合集\狛野真斗主题壁纸（2560x1080）\3.png,https://act-upload.mihoyo.com/nap-obc-indep/2025/10/23/73751405/4cc451e622a3359e60f35ae328c7032b_8450882446475115541.png,,,
wallpapers,wallpapers|1599|1416|4|https://act-upload.mihoyo.com/nap-obc-indep/2025/10/23/73751405/ff5c5ae3988cf1d613f67c9785c353a2_7545003290052205679.png,EP短片壁纸合集,狛野真斗主题壁纸（2560x1080）,1599,1416,4,4.png,壁纸合集\EP短片壁纸合集\狛野真斗主题壁纸（2560x1080）\4.png,https://act-upload.mihoyo.com/nap-obc-indep/2025/10/23/73751405/ff5c5ae3988cf1d613f67c9785c353a2_7545003290052205679.png,,,
wallpapers,wallpapers|1599|1416|5|https://act-upload.mihoyo.com/nap-obc-indep/2025/10/23/73751405/94b6ed35c82179214a62f9a2f175b451_8040841923180906234.png,EP短片壁纸合集,狛野真斗主题壁纸（2560x1080）,1599,1416,5,5.png,壁纸合集\EP短片壁纸合集\狛野真斗主题壁纸（2560x1080）\5.png,https://act-upload.mihoyo.com/nap-obc-indep/2025/10/23/73751405/94b6ed35c82179214a62f9a2f175b451_8040841923180906234.png,,,
wallpapers,wallpapers|1599|1416|6|https://act-upload.mihoyo.com/nap-obc-indep/2025/10/23/73751405/feecbfa2fc622d4728d01d404adba65e_3984951406741204367.png,EP短片壁纸合集,狛野真斗主题壁纸（2560x1080）,1599,1416,6,6.png,壁纸合集\EP短片壁纸合集\狛野真斗主题壁纸（2560x1080）\6.png,https://act-upload.mihoyo.com/nap-obc-indep/2025/10/23/73751405/feecbfa2fc622d4728d01d404adba65e_3984951406741204367.png,,,
wallpapers,wallpapers|1599|1416|7|https://act-upload.mihoyo.com/nap-obc-indep/2025/10/23/73751405/3ad5f25db14dc297a478e6cace25efe8_8831796049708331986.png,EP短片壁纸合集,狛野真斗主题壁纸（2560x1080）,1599,1416,7,7.png,壁纸合集\EP短片壁纸合集\狛野真斗主题壁纸（2560x1080）\7.png,https://act-upload.mihoyo.com/nap-obc-indep/2025/10/23/73751405/3ad5f25db14dc297a478e6cace25efe8_8831796049708331986.png,,,
wallpapers,wallpapers|1599|1416|8|https://act-upload.mihoyo.com/nap-obc-indep/2025/10/23/73751405/d0b5bedf26342fc2afd6dbeaa6c3764a_168825766215381267.png,EP短片壁纸合集,狛野真斗主题壁纸（2560x1080）,1599,1416,8,8.png,壁纸合集\EP短片壁纸合集\狛野真斗主题壁纸（2560x1080）\8.png,https://act-upload.mihoyo.com/nap-obc-indep/2025/10/23/73751405/d0b5bedf26342fc2afd6dbeaa6c3764a_168825766215381267.png,,,
wallpapers,wallpapers|1599|1416|9|https://act-upload.mihoyo.com/nap-obc-indep/2025/10/23/73751405/b1fc51c34e903032b259ee2f7284da44_70339394964522397.png,EP短片壁纸合集,狛野真斗主题壁纸（2560x1080）,1599,1416,9,9.png,壁纸合集\EP短片壁纸合集\狛野真斗主题壁纸（2560x1080）\9.png,https://act-upload.mihoyo.com/nap-obc-indep/2025/10/23/73751405/b1fc51c34e903032b259ee2f7284da44_70339394964522397.png,,,
wallpapers,wallpapers|1599|1416|10|https://act-upload.mihoyo.com/nap-obc-indep/2025/10/23/73751405/29927888c4c49adb02844b78ec78867d_3805372003284566685.png,EP短片壁纸合集,狛野真斗主题壁纸（2560x1080）,1599,1416,10,10.png,壁纸合集\EP短片壁纸合集\狛野真斗主题壁纸（2560x1080）\10.png,https://act-upload.mihoyo.com/nap-obc-indep/2025/10/23/73751405/29927888c4c49adb02844b78ec78867d_3805372003284566685.png,,,
wallpapers,wallpapers|1599|1416|11|https://act-upload.mihoyo.com/nap-obc-indep/2025/10/23/73751405/2a99305a62539f36a4a5dc6920bdbc0e_591721691081601701.png,EP短片壁纸合集,狛野真斗主题壁纸（2560x1080）,1599,1416,11,11.png,壁纸合集\EP短片壁纸合集\狛野真斗主题壁纸（2560x1080）\11.png,https://act-upload.mihoyo.com/nap-obc-indep/2025/10/23/73751405/2a99305a62539f36a4a5dc6920bdbc0e_591721691081601701.png,,,
wallpapers,wallpapers|1599|1416|12|https://act-upload.mihoyo.com/nap-obc-indep/2025/10/23/73751405/ff714a104fb4ad348c41a34108babe17_1083158647009047278.png,EP短片壁纸合集,狛野真斗主题壁纸（2560x1080）,1599,1416,12,12.png,壁纸合集\EP短片壁纸合集\狛野真斗主题壁纸（2560x1080）\12.png,https://act-upload.mihoyo.com/nap-obc-indep/2025/10/23/73751405/ff714a104fb4ad348c41a34108babe17_1083158647009047278.png,,,
wallpapers,wallpapers|1599|1416|13|https://act-upload.mihoyo.com/nap-obc-indep/2025/10/23/73751405/d3cbf83f9c143973d69e33df59d0731b_238571742114019831.png,EP短片壁纸合集,狛野真斗主题壁纸（2560x1080）,1599,1416,13,13.png,壁纸合集\EP短片壁纸合集\狛野真斗主题壁纸（2560x1080）\13.png,https://act-upload.mihoyo.com/nap-obc-indep/2025/10/23/73751405/d3cbf83f9c143973d69e33df59d0731b_238571742114019831.png,,,
wallpapers,wallpapers|1599|1416|14|https://act-upload.mihoyo.com/nap-obc-indep/2025/10/23/73751405/4dcff63d4c5f05a252ae13e3d6cca3e0_2162874681463913896.png,EP短片壁纸合集,狛野真斗主题壁纸（2560x1080）,1599,1416,14,14.png,壁纸合集\EP短片壁纸合集\狛野真斗主题壁纸（2560x1080）\14.png,https://act-upload.mihoyo.com/nap-obc-indep/2025/10/23/73751405/4dcff63d4c5f05a252ae13e3d6cca3e0_2162874681463913896.png,,,
wallpapers,wallpapers|1599|1416|15|https://act-upload.mihoyo.com/nap-obc-indep/2025/10/23/73751405/bff4a3b5880f1ec1c5fcb4b4cf4f16e3_8234028704688907727.png,EP短片壁纸合集,狛野真斗主题壁纸（2560x1080）,1599,1416,15,15.png,壁纸合集\EP短片壁纸合集\狛野真斗主题壁纸（2560x1080）\15.png,https://act-upload.mihoyo.com/nap-obc-indep/2025/10/23/73751405/bff4a3b5880f1ec1c5fcb4b4cf4f16e3_8234028704688907727.png,,,
wallpapers,wallpapers|1599|1416|16|https://act-upload.mihoyo.com/nap-obc-indep/2025/10/23/73751405/c16eb176bd80ecf3ecaf72d2875085f8_2594039930233722943.png,EP短片壁纸合集,狛野真斗主题壁纸（2560x1080）,1599,1416,16,16.png,壁纸合集\EP短片壁纸合集\狛野真斗主题壁纸（2560x1080）\16.png,https://act-upload.mihoyo.com/nap-obc-indep/2025/10/23/73751405/c16eb176bd80ecf3ecaf72d2875085f8_2594039930233722943.png,,,
wallpapers,wallpapers|1599|1416|17|https://act-upload.mihoyo.com/nap-obc-indep/2025/10/23/73751405/9eb1a8c3eb3ad6c557aa7cf0bab1679e_2521094688192962201.png,EP短片壁纸合集,狛野真斗主题壁纸（2560x1080）,1599,1416,17,17.png,壁纸合集\EP短片壁纸合集\狛野真斗主题壁纸（2560x1080）\17.png,https://act-upload.mihoyo.com/nap-obc-indep/2025/10/23/73751405/9eb1a8c3eb3ad6c557aa7cf0bab1679e_2521094688192962201.png,,,
wallpapers,wallpapers|1599|1416|18|https://act-upload.mihoyo.com/nap-obc-indep/2025/10/23/73751405/8bfaf196fd0ee0e56cac062ced1a7c18_157162848750636140.png,EP短片壁纸合集,狛野真斗主题壁纸（2560x1080）,1599,1416,18,18.png,壁纸合集\EP短片壁纸合集\狛野真斗主题壁纸（2560x1080）\18.png,https://act-upload.mihoyo.com/nap-obc-indep/2025/10/23/73751405/8bfaf196fd0ee0e56cac062ced1a7c18_157162848750636140.png,,,
wallpapers,wallpapers|1599|1416|19|https://act-upload.mihoyo.com/nap-obc-indep/2025/10/23/73751405/b215cd23aec4c85b3931e897f8d01a1e_8776408874540578050.png,EP短片壁纸合集,狛野真斗主题壁纸（2560x1080）,1599,1416,19,19.png,壁纸合集\EP短片壁纸合集\狛野真斗主题壁纸（2560x1080）\19.png,https://act-upload.mihoyo.com/nap-obc-indep/2025/10/23/73751405/b215cd23aec4c85b3931e897f8d01a1e_8776408874540578050.png,,,
wallpapers,wallpapers|1599|1416|20|https://act-upload.mihoyo.com/nap-obc-indep/2025/10/23/73751405/4d60b1820ea97e2da84a8eb0888b5a65_7954930352770191044.png,EP短片壁纸合集,狛野真斗主题壁纸（2560x1080）,1599,1416,20,20.png,壁纸合集\EP短片壁纸合集\狛野真斗主题壁纸（2560x1080）\20.png,https://act-upload.mihoyo.com/nap-obc-indep/2025/10/23/73751405/4d60b1820ea97e2da84a8eb0888b5a65_7954930352770191044.png,,,
wallpapers,wallpapers|1599|1416|21|https://act-upload.mihoyo.com/nap-obc-indep/2025/10/23/73751405/6f6e6c264335ab497b59c90019a95774_1172027222980514954.png,EP短片壁纸合集,狛野真斗主题壁纸（2560x1080）,1599,1416,21,21.png,壁纸合集\EP短片壁纸合集\狛野真斗主题壁纸（2560x1080）\21.png,https://act-upload.mihoyo.com/nap-obc-indep/2025/10/23/73751405/6f6e6c264335ab497b59c90019a95774_1172027222980514954.png,,,
wallpapers,wallpapers|1599|1416|22|https://act-upload.mihoyo.com/nap-obc-indep/2025/10/23/73751405/4b31662768968aaac2b8bc25efdaa60c_3828263991400608720.png,EP短片壁纸合集,狛野真斗主题壁纸（2560x1080）,1599,1416,22,22.png,壁纸合集\EP短片壁纸合集\狛野真斗主题壁纸（2560x1080）\22.png,https://act-upload.mihoyo.com/nap-obc-indep/2025/10/23/73751405/4b31662768968aaac2b8bc25efdaa60c_3828263991400608720.png,,,
wallpapers,wallpapers|1599|1416|23|https://act-upload.mihoyo.com/nap-obc-indep/2025/10/23/73751405/08232e1e8384bd413af2393477cd4e0b_7419239547571723942.png,EP短片壁纸合集,狛野真斗主题壁纸（2560x1080）,1599,1416,23,23.png,壁纸合集\EP短片壁纸合集\狛野真斗主题壁纸（2560x1080）\23.png,https://act-upload.mihoyo.com/nap-obc-indep/2025/10/23/73751405/08232e1e8384bd413af2393477cd4e0b_7419239547571723942.png,,,
wallpapers,wallpapers|1599|1416|24|https://act-upload.mihoyo.com/nap-obc-indep/2025/10/23/73751405/45a7655f2b1be583dabf21f9b07b63a5_3907941265421716764.png,EP短片壁纸合集,狛野真斗主题壁纸（2560x1080）,1599,1416,24,24.png,壁纸合集\EP短片壁纸合集\狛野真斗主题壁纸（2560x1080）\24.png,https://act-upload.mihoyo.com/nap-obc-indep/2025/10/23/73751405/45a7655f2b1be583dabf21f9b07b63a5_3907941265421716764.png,,,
wallpapers,wallpapers|1599|1416|25|https://act-upload.mihoyo.com/nap-obc-indep/2025/10/23/73751405/af157aa533c42740a070a06cac9d790d_4813820278418592371.png,EP短片壁纸合集,狛野真斗主题壁纸（2560x1080）,1599,1416,25,25.png,壁纸合集\EP短片壁纸合集\狛野真斗主题壁纸（2560x1080）\25.png,https://act-upload.mihoyo.com/nap-obc-indep/2025/10/23/73751405/af157aa533c42740a070a06cac9d790d_4813820278418592371.png,,,
wallpapers,wallpapers|1599|1416|26|https://act-upload.mihoyo.com/nap-obc-indep/2025/10/23/73751405/0654324f708c751883d5e83d5e62b748_2793475280007649176.png,EP短片壁纸合集,狛野真斗主题壁纸（2560x1080）,1599,1416,26,26.png,壁纸合集\EP短片壁纸合集\狛野真斗主题壁纸（2560x1080）\26.png,https://act-upload.mihoyo.com/nap-obc-indep/2025/10/23/73751405/0654324f708c751883d5e83d5e62b748_2793475280007649176.png,,,
wallpapers,wallpapers|1599|1416|27|https://act-upload.mihoyo.com/nap-obc-indep/2025/10/23/73751405/c1bde5a1abd4dad73bd391c60265cecc_5255703690924804466.png,EP短片壁纸合集,狛野真斗主题壁纸（2560x1080）,1599,1416,27,27.png,壁纸合集\EP短片壁纸合集\狛野真斗主题壁纸（2560x1080）\27.png,https://act-upload.mihoyo.com/nap-obc-indep/2025/10/23/73751405/c1bde5a1abd4dad73bd391c60265cecc_5255703690924804466.png,,,
wallpapers,wallpapers|1599|1575|1|https://act-upload.mihoyo.com/nap-obc-indep/2026/01/05/73751405/fc697881b99a52a9a2a0ec556821c8ef_7185455538381375058.png,EP短片壁纸合集,般岳主题壁纸（3840x2160）,1599,1575,1,1.png,壁纸合集\EP短片壁纸合集\般岳主题壁纸（3840x2160）\1.png,https://act-upload.mihoyo.com/nap-obc-indep/2026/01/05/73751405/fc697881b99a52a9a2a0ec556821c8ef_7185455538381375058.png,,,
wallpapers,wallpapers|1599|1575|2|https://act-upload.mihoyo.com/nap-obc-indep/2026/01/05/73751405/1736af1acd3a53225dfd8cbe61de73e5_1456448646838845500.png,EP短片壁纸合集,般岳主题壁纸（3840x2160）,1599,1575,2,2.png,壁纸合集\EP短片壁纸合集\般岳主题壁纸（3840x2160）\2.png,https://act-upload.mihoyo.com/nap-obc-indep/2026/01/05/73751405/1736af1acd3a53225dfd8cbe61de73e5_1456448646838845500.png,,,
wallpapers,wallpapers|1599|1575|3|https://act-upload.mihoyo.com/nap-obc-indep/2026/01/05/73751405/1c1b8bf0f0026b5b2d23f0cf0bf3d5ae_903443635377322103.png,EP短片壁纸合集,般岳主题壁纸（3840x2160）,1599,1575,3,3.png,壁纸合集\EP短片壁纸合集\般岳主题壁纸（3840x2160）\3.png,https://act-upload.mihoyo.com/nap-obc-indep/2026/01/05/73751405/1c1b8bf0f0026b5b2d23f0cf0bf3d5ae_903443635377322103.png,,,
wallpapers,wallpapers|1599|1575|4|https://act-upload.mihoyo.com/nap-obc-indep/2026/01/05/73751405/46505bd93e583794db9968d408f0e434_8822255466628992283.png,EP短片壁纸合集,般岳主题壁纸（3840x2160）,1599,1575,4,4.png,壁纸合集\EP短片壁纸合集\般岳主题壁纸（3840x2160）\4.png,https://act-upload.mihoyo.com/nap-obc-indep/2026/01/05/73751405/46505bd93e583794db9968d408f0e434_8822255466628992283.png,,,
wallpapers,wallpapers|1599|1575|5|https://act-upload.mihoyo.com/nap-obc-indep/2026/01/05/73751405/8ebafa29ee84175e44c9329ec4d5bcd2_3232563266232893110.png,EP短片壁纸合集,般岳主题壁纸（3840x2160）,1599,1575,5,5.png,壁纸合集\EP短片壁纸合集\般岳主题壁纸（3840x2160）\5.png,https://act-upload.mihoyo.com/nap-obc-indep/2026/01/05/73751405/8ebafa29ee84175e44c9329ec4d5bcd2_3232563266232893110.png,,,
wallpapers,wallpapers|1599|1575|6|https://act-upload.mihoyo.com/nap-obc-indep/2026/01/05/73751405/84ba0041915aa69feca590aa401308f0_8702980553089330334.png,EP短片壁纸合集,般岳主题壁纸（3840x2160）,1599,1575,6,6.png,壁纸合集\EP短片壁纸合集\般岳主题壁纸（3840x2160）\6.png,https://act-upload.mihoyo.com/nap-obc-indep/2026/01/05/73751405/84ba0041915aa69feca590aa401308f0_8702980553089330334.png,,,
wallpapers,wallpapers|1599|1575|7|https://act-upload.mihoyo.com/nap-obc-indep/2026/01/05/73751405/574179c64185780773fcd477237d20f1_979349382941683448.png,EP短片壁纸合集,般岳主题壁纸（3840x2160）,1599,1575,7,7.png,壁纸合集\EP短片壁纸合集\般岳主题壁纸（3840x2160）\7.png,https://act-upload.mihoyo.com/nap-obc-indep/2026/01/05/73751405/574179c64185780773fcd477237d20f1_979349382941683448.png,,,
wallpapers,wallpapers|1599|1575|8|https://act-upload.mihoyo.com/nap-obc-indep/2026/01/05/73751405/1a420a03abfcab133bd144734eaa0185_3816276633213685512.png,EP短片壁纸合集,般岳主题壁纸（3840x2160）,1599,1575,8,8.png,壁纸合集\EP短片壁纸合集\般岳主题壁纸（3840x2160）\8.png,https://act-upload.mihoyo.com/nap-obc-indep/2026/01/05/73751405/1a420a03abfcab133bd144734eaa0185_3816276633213685512.png,,,
wallpapers,wallpapers|1599|1575|9|https://act-upload.mihoyo.com/nap-obc-indep/2026/01/05/73751405/9da6cd38d586a3f1a61b2e4db2fa68b6_836969634680685124.png,EP短片壁纸合集,般岳主题壁纸（3840x2160）,1599,1575,9,9.png,壁纸合集\EP短片壁纸合集\般岳主题壁纸（3840x2160）\9.png,https://act-upload.mihoyo.com/nap-obc-indep/2026/01/05/73751405/9da6cd38d586a3f1a61b2e4db2fa68b6_836969634680685124.png,,,
wallpapers,wallpapers|1599|1575|10|https://act-upload.mihoyo.com/nap-obc-indep/2026/01/05/73751405/f1cda341a435edad6fb41a549272f507_1053392887943753192.png,EP短片壁纸合集,般岳主题壁纸（3840x2160）,1599,1575,10,10.png,壁纸合集\EP短片壁纸合集\般岳主题壁纸（3840x2160）\10.png,https://act-upload.mihoyo.com/nap-obc-indep/2026/01/05/73751405/f1cda341a435edad6fb41a549272f507_1053392887943753192.png,,,
wallpapers,wallpapers|1599|1575|11|https://act-upload.mihoyo.com/nap-obc-indep/2026/01/05/73751405/6323dd744d494b9e9cb93c714be6d27c_763477680054418180.png,EP短片壁纸合集,般岳主题壁纸（3840x2160）,1599,1575,11,11.png,壁纸合集\EP短片壁纸合集\般岳主题壁纸（3840x2160）\11.png,https://act-upload.mihoyo.com/nap-obc-indep/2026/01/05/73751405/6323dd744d494b9e9cb93c714be6d27c_763477680054418180.png,,,
wallpapers,wallpapers|1599|1575|12|https://act-upload.mihoyo.com/nap-obc-indep/2026/01/05/73751405/b4c5e53a56ca1643eb1b971551b673a4_2787561687519769278.png,EP短片壁纸合集,般岳主题壁纸（3840x2160）,1599,1575,12,12.png,壁纸合集\EP短片壁纸合集\般岳主题壁纸（3840x2160）\12.png,https://act-upload.mihoyo.com/nap-obc-indep/2026/01/05/73751405/b4c5e53a56ca1643eb1b971551b673a4_2787561687519769278.png,,,
wallpapers,wallpapers|1599|1575|13|https://act-upload.mihoyo.com/nap-obc-indep/2026/01/05/73751405/b279edf6aa05a750fc5d2b8c36e87c62_2507618504175858123.png,EP短片壁纸合集,般岳主题壁纸（3840x2160）,1599,1575,13,13.png,壁纸合集\EP短片壁纸合集\般岳主题壁纸（3840x2160）\13.png,https://act-upload.mihoyo.com/nap-obc-indep/2026/01/05/73751405/b279edf6aa05a750fc5d2b8c36e87c62_2507618504175858123.png,,,
wallpapers,wallpapers|1599|1575|14|https://act-upload.mihoyo.com/nap-obc-indep/2026/01/05/73751405/61af7c5510f0f3f773719de6c1a56286_1077309323117214674.png,EP短片壁纸合集,般岳主题壁纸（3840x2160）,1599,1575,14,14.png,壁纸合集\EP短片壁纸合集\般岳主题壁纸（3840x2160）\14.png,https://act-upload.mihoyo.com/nap-obc-indep/2026/01/05/73751405/61af7c5510f0f3f773719de6c1a56286_1077309323117214674.png,,,
wallpapers,wallpapers|1599|1575|15|https://act-upload.mihoyo.com/nap-obc-indep/2026/01/05/73751405/fb188cff7b93a0cdb9388e32ab2f5609_1701004281388917267.png,EP短片壁纸合集,般岳主题壁纸（3840x2160）,1599,1575,15,15.png,壁纸合集\EP短片壁纸合集\般岳主题壁纸（3840x2160）\15.png,https://act-upload.mihoyo.com/nap-obc-indep/2026/01/05/73751405/fb188cff7b93a0cdb9388e32ab2f5609_1701004281388917267.png,,,
wallpapers,wallpapers|1599|1575|16|https://act-upload.mihoyo.com/nap-obc-indep/2026/01/05/73751405/a33d4b4cba2ca51a4f7c52d32c012f50_1574655927680508897.png,EP短片壁纸合集,般岳主题壁纸（3840x2160）,1599,1575,16,16.png,壁纸合集\EP短片壁纸合集\般岳主题壁纸（3840x2160）\16.png,https://act-upload.mihoyo.com/nap-obc-indep/2026/01/05/73751405/a33d4b4cba2ca51a4f7c52d32c012f50_1574655927680508897.png,,,
wallpapers,wallpapers|1599|1575|17|https://act-upload.mihoyo.com/nap-obc-indep/2026/01/05/73751405/b9044ffbd67447c6b39daa5c649f1a2a_8644900713976901502.png,EP短片壁纸合集,般岳主题壁纸（3840x2160）,1599,1575,17,17.png,壁纸合集\EP短片壁纸合集\般岳主题壁纸（3840x2160）\17.png,https://act-upload.mihoyo.com/nap-obc-indep/2026/01/05/73751405/b9044ffbd67447c6b39daa5c649f1a2a_8644900713976901502.png,,,
wallpapers,wallpapers|1599|1575|18|https://act-upload.mihoyo.com/nap-obc-indep/2026/01/05/73751405/fd562ed071cd83ac99afeca94c68bd15_4956309440220232222.jpg,EP短片壁纸合集,般岳主题壁纸（3840x2160）,1599,1575,18,18.jpg,壁纸合集\EP短片壁纸合集\般岳主题壁纸（3840x2160）\18.jpg,https://act-upload.mihoyo.com/nap-obc-indep/2026/01/05/73751405/fd562ed071cd83ac99afeca94c68bd15_4956309440220232222.jpg,,,
wallpapers,wallpapers|1599|1575|19|https://act-upload.mihoyo.com/nap-obc-indep/2026/01/05/73751405/35b66fef3081a69a5439f132e50c289a_4516994588149723332.jpg,EP短片壁纸合集,般岳主题壁纸（3840x2160）,1599,1575,19,19.jpg,壁纸合集\EP短片壁纸合集\般岳主题壁纸（3840x2160）\19.jpg,https://act-upload.mihoyo.com/nap-obc-indep/2026/01/05/73751405/35b66fef3081a69a5439f132e50c289a_4516994588149723332.jpg,,,
wallpapers,wallpapers|1599|1575|20|https://act-upload.mihoyo.com/nap-obc-indep/2026/01/05/73751405/bde5967d80d0e53bbbfd4b5430b563d8_4365870520799601865.jpg,EP短片壁纸合集,般岳主题壁纸（3840x2160）,1599,1575,20,20.jpg,壁纸合集\EP短片壁纸合集\般岳主题壁纸（3840x2160）\20.jpg,https://act-upload.mihoyo.com/nap-obc-indep/2026/01/05/73751405/bde5967d80d0e53bbbfd4b5430b563d8_4365870520799601865.jpg,,,
wallpapers,wallpapers|1599|1575|21|https://act-upload.mihoyo.com/nap-obc-indep/2026/01/05/73751405/7aa216cbce8366086c14e3ecbeafe342_32203590964449752.jpg,EP短片壁纸合集,般岳主题壁纸（3840x2160）,1599,1575,21,21.jpg,壁纸合集\EP短片壁纸合集\般岳主题壁纸（3840x2160）\21.jpg,https://act-upload.mihoyo.com/nap-obc-indep/2026/01/05/73751405/7aa216cbce8366086c14e3ecbeafe342_32203590964449752.jpg,,,
wallpapers,wallpapers|1599|1575|22|https://act-upload.mihoyo.com/nap-obc-indep/2026/01/05/73751405/c540f477d4b6effa05a130bb23a37499_8139432614290690384.jpg,EP短片壁纸合集,般岳主题壁纸（3840x2160）,1599,1575,22,22.jpg,壁纸合集\EP短片壁纸合集\般岳主题壁纸（3840x2160）\22.jpg,https://act-upload.mihoyo.com/nap-obc-indep/2026/01/05/73751405/c540f477d4b6effa05a130bb23a37499_8139432614290690384.jpg,,,
wallpapers,wallpapers|1599|1575|23|https://act-upload.mihoyo.com/nap-obc-indep/2026/01/05/73751405/502e6cf565e8e748ff07f7883d4e2b58_5823806354635494580.jpg,EP短片壁纸合集,般岳主题壁纸（3840x2160）,1599,1575,23,23.jpg,壁纸合集\EP短片壁纸合集\般岳主题壁纸（3840x2160）\23.jpg,https://act-upload.mihoyo.com/nap-obc-indep/2026/01/05/73751405/502e6cf565e8e748ff07f7883d4e2b58_5823806354635494580.jpg,,,
wallpapers,wallpapers|1599|1575|24|https://act-upload.mihoyo.com/nap-obc-indep/2026/01/05/73751405/397388e8226ac87327251fc9ffd9b0d5_187569970293525686.jpg,EP短片壁纸合集,般岳主题壁纸（3840x2160）,1599,1575,24,24.jpg,壁纸合集\EP短片壁纸合集\般岳主题壁纸（3840x2160）\24.jpg,https://act-upload.mihoyo.com/nap-obc-indep/2026/01/05/73751405/397388e8226ac87327251fc9ffd9b0d5_187569970293525686.jpg,,,
wallpapers,wallpapers|1599|1575|25|https://act-upload.mihoyo.com/nap-obc-indep/2026/01/05/73751405/28b12f8dcef2604a257a216b42d3ed58_5704002707904992110.jpg,EP短片壁纸合集,般岳主题壁纸（3840x2160）,1599,1575,25,25.jpg,壁纸合集\EP短片壁纸合集\般岳主题壁纸（3840x2160）\25.jpg,https://act-upload.mihoyo.com/nap-obc-indep/2026/01/05/73751405/28b12f8dcef2604a257a216b42d3ed58_5704002707904992110.jpg,,,
wallpapers,wallpapers|1599|1575|26|https://act-upload.mihoyo.com/nap-obc-indep/2026/01/05/73751405/1e946665e066d3241253d8dc63c8dc81_2061462384310482180.jpg,EP短片壁纸合集,般岳主题壁纸（3840x2160）,1599,1575,26,26.jpg,壁纸合集\EP短片壁纸合集\般岳主题壁纸（3840x2160）\26.jpg,https://act-upload.mihoyo.com/nap-obc-indep/2026/01/05/73751405/1e946665e066d3241253d8dc63c8dc81_2061462384310482180.jpg,,,
wallpapers,wallpapers|1599|1575|27|https://act-upload.mihoyo.com/nap-obc-indep/2026/01/05/73751405/bf5b9fc5994a137055ec9eb260c6bce5_254421782787328136.jpg,EP短片壁纸合集,般岳主题壁纸（3840x2160）,1599,1575,27,27.jpg,壁纸合集\EP短片壁纸合集\般岳主题壁纸（3840x2160）\27.jpg,https://act-upload.mihoyo.com/nap-obc-indep/2026/01/05/73751405/bf5b9fc5994a137055ec9eb260c6bce5_254421782787328136.jpg,,,
wallpapers,wallpapers|1599|1575|28|https://act-upload.mihoyo.com/nap-obc-indep/2026/01/05/73751405/72c9d0ec97aeda7f44704e34247dd1fe_7477414822033598455.jpg,EP短片壁纸合集,般岳主题壁纸（3840x2160）,1599,1575,28,28.jpg,壁纸合集\EP短片壁纸合集\般岳主题壁纸（3840x2160）\28.jpg,https://act-upload.mihoyo.com/nap-obc-indep/2026/01/05/73751405/72c9d0ec97aeda7f44704e34247dd1fe_7477414822033598455.jpg,,,
wallpapers,wallpapers|1599|1575|29|https://act-upload.mihoyo.com/nap-obc-indep/2026/01/05/73751405/620e502171331bdf3c3dbe76f86f08bf_8247043668925924793.jpg,EP短片壁纸合集,般岳主题壁纸（3840x2160）,1599,1575,29,29.jpg,壁纸合集\EP短片壁纸合集\般岳主题壁纸（3840x2160）\29.jpg,https://act-upload.mihoyo.com/nap-obc-indep/2026/01/05/73751405/620e502171331bdf3c3dbe76f86f08bf_8247043668925924793.jpg,,,
wallpapers,wallpapers|1599|1574|1|https://act-upload.mihoyo.com/nap-obc-indep/2026/01/05/73751405/67f49303ecbf87aada173954e49d41a3_251442784852186657.png,EP短片壁纸合集,般岳主题壁纸（2560x1080）,1599,1574,1,1.png,壁纸合集\EP短片壁纸合集\般岳主题壁纸（2560x1080）\1.png,https://act-upload.mihoyo.com/nap-obc-indep/2026/01/05/73751405/67f49303ecbf87aada173954e49d41a3_251442784852186657.png,,,
wallpapers,wallpapers|1599|1574|2|https://act-upload.mihoyo.com/nap-obc-indep/2026/01/05/73751405/0286681659db6033e2384a1d6352daf6_7185021143588285891.png,EP短片壁纸合集,般岳主题壁纸（2560x1080）,1599,1574,2,2.png,壁纸合集\EP短片壁纸合集\般岳主题壁纸（2560x1080）\2.png,https://act-upload.mihoyo.com/nap-obc-indep/2026/01/05/73751405/0286681659db6033e2384a1d6352daf6_7185021143588285891.png,,,
wallpapers,wallpapers|1599|1574|3|https://act-upload.mihoyo.com/nap-obc-indep/2026/01/05/73751405/27919ee4b70f468298bd38479998e5b4_7453164680140403300.png,EP短片壁纸合集,般岳主题壁纸（2560x1080）,1599,1574,3,3.png,壁纸合集\EP短片壁纸合集\般岳主题壁纸（2560x1080）\3.png,https://act-upload.mihoyo.com/nap-obc-indep/2026/01/05/73751405/27919ee4b70f468298bd38479998e5b4_7453164680140403300.png,,,
wallpapers,wallpapers|1599|1574|4|https://act-upload.mihoyo.com/nap-obc-indep/2026/01/05/73751405/62c75f16a44a038a980d1664b01eabe9_2732939430460516718.png,EP短片壁纸合集,般岳主题壁纸（2560x1080）,1599,1574,4,4.png,壁纸合集\EP短片壁纸合集\般岳主题壁纸（2560x1080）\4.png,https://act-upload.mihoyo.com/nap-obc-indep/2026/01/05/73751405/62c75f16a44a038a980d1664b01eabe9_2732939430460516718.png,,,
wallpapers,wallpapers|1599|1574|5|https://act-upload.mihoyo.com/nap-obc-indep/2026/01/05/73751405/363c99644fb45f7c29b5b977e64248be_6732657175715071433.png,EP短片壁纸合集,般岳主题壁纸（2560x1080）,1599,1574,5,5.png,壁纸合集\EP短片壁纸合集\般岳主题壁纸（2560x1080）\5.png,https://act-upload.mihoyo.com/nap-obc-indep/2026/01/05/73751405/363c99644fb45f7c29b5b977e64248be_6732657175715071433.png,,,
wallpapers,wallpapers|1599|1574|6|https://act-upload.mihoyo.com/nap-obc-indep/2026/01/05/73751405/682472a5870a843434ca2f4224c1ced6_431883017998214590.png,EP短片壁纸合集,般岳主题壁纸（2560x1080）,1599,1574,6,6.png,壁纸合集\EP短片壁纸合集\般岳主题壁纸（2560x1080）\6.png,https://act-upload.mihoyo.com/nap-obc-indep/2026/01/05/73751405/682472a5870a843434ca2f4224c1ced6_431883017998214590.png,,,
wallpapers,wallpapers|1599|1574|7|https://act-upload.mihoyo.com/nap-obc-indep/2026/01/05/73751405/3b3ec192445d35f6440844683bb10662_3487045968468048186.png,EP短片壁纸合集,般岳主题壁纸（2560x1080）,1599,1574,7,7.png,壁纸合集\EP短片壁纸合集\般岳主题壁纸（2560x1080）\7.png,https://act-upload.mihoyo.com/nap-obc-indep/2026/01/05/73751405/3b3ec192445d35f6440844683bb10662_3487045968468048186.png,,,
wallpapers,wallpapers|1599|1574|8|https://act-upload.mihoyo.com/nap-obc-indep/2026/01/05/73751405/61f516ec2a180935cc12ed1bd9a477c8_6590059626376504716.png,EP短片壁纸合集,般岳主题壁纸（2560x1080）,1599,1574,8,8.png,壁纸合集\EP短片壁纸合集\般岳主题壁纸（2560x1080）\8.png,https://act-upload.mihoyo.com/nap-obc-indep/2026/01/05/73751405/61f516ec2a180935cc12ed1bd9a477c8_6590059626376504716.png,,,
wallpapers,wallpapers|1599|1574|9|https://act-upload.mihoyo.com/nap-obc-indep/2026/01/05/73751405/fd8760143d08247ef231787d33fdf182_8724058146046420708.png,EP短片壁纸合集,般岳主题壁纸（2560x1080）,1599,1574,9,9.png,壁纸合集\EP短片壁纸合集\般岳主题壁纸（2560x1080）\9.png,https://act-upload.mihoyo.com/nap-obc-indep/2026/01/05/73751405/fd8760143d08247ef231787d33fdf182_8724058146046420708.png,,,
wallpapers,wallpapers|1599|1574|10|https://act-upload.mihoyo.com/nap-obc-indep/2026/01/05/73751405/7f58119787da60f3805baa0435602ba0_7438601160298002685.png,EP短片壁纸合集,般岳主题壁纸（2560x1080）,1599,1574,10,10.png,壁纸合集\EP短片壁纸合集\般岳主题壁纸（2560x1080）\10.png,https://act-upload.mihoyo.com/nap-obc-indep/2026/01/05/73751405/7f58119787da60f3805baa0435602ba0_7438601160298002685.png,,,
wallpapers,wallpapers|1599|1574|11|https://act-upload.mihoyo.com/nap-obc-indep/2026/01/05/73751405/b18881b3e99b688e1db5ed2721ec96e0_101276153297958577.png,EP短片壁纸合集,般岳主题壁纸（2560x1080）,1599,1574,11,11.png,壁纸合集\EP短片壁纸合集\般岳主题壁纸（2560x1080）\11.png,https://act-upload.mihoyo.com/nap-obc-indep/2026/01/05/73751405/b18881b3e99b688e1db5ed2721ec96e0_101276153297958577.png,,,
wallpapers,wallpapers|1599|1574|12|https://act-upload.mihoyo.com/nap-obc-indep/2026/01/05/73751405/a8027d2acdb4b633bf7911248a6af10a_4693030248594989608.png,EP短片壁纸合集,般岳主题壁纸（2560x1080）,1599,1574,12,12.png,壁纸合集\EP短片壁纸合集\般岳主题壁纸（2560x1080）\12.png,https://act-upload.mihoyo.com/nap-obc-indep/2026/01/05/73751405/a8027d2acdb4b633bf7911248a6af10a_4693030248594989608.png,,,
wallpapers,wallpapers|1599|1574|13|https://act-upload.mihoyo.com/nap-obc-indep/2026/01/05/73751405/3a61bb9f27168bf48a317033e85ccf9f_1752038780805165668.png,EP短片壁纸合集,般岳主题壁纸（2560x1080）,1599,1574,13,13.png,壁纸合集\EP短片壁纸合集\般岳主题壁纸（2560x1080）\13.png,https://act-upload.mihoyo.com/nap-obc-indep/2026/01/05/73751405/3a61bb9f27168bf48a317033e85ccf9f_1752038780805165668.png,,,
wallpapers,wallpapers|1599|1574|14|https://act-upload.mihoyo.com/nap-obc-indep/2026/01/05/73751405/9518079120af36483dfc03d070fdc102_2420526019009363253.png,EP短片壁纸合集,般岳主题壁纸（2560x1080）,1599,1574,14,14.png,壁纸合集\EP短片壁纸合集\般岳主题壁纸（2560x1080）\14.png,https://act-upload.mihoyo.com/nap-obc-indep/2026/01/05/73751405/9518079120af36483dfc03d070fdc102_2420526019009363253.png,,,
wallpapers,wallpapers|1599|1574|15|https://act-upload.mihoyo.com/nap-obc-indep/2026/01/05/73751405/b6c58b1f8b3f9815ba1cc94f329172f0_8921910242325582644.png,EP短片壁纸合集,般岳主题壁纸（2560x1080）,1599,1574,15,15.png,壁纸合集\EP短片壁纸合集\般岳主题壁纸（2560x1080）\15.png,https://act-upload.mihoyo.com/nap-obc-indep/2026/01/05/73751405/b6c58b1f8b3f9815ba1cc94f329172f0_8921910242325582644.png,,,
wallpapers,wallpapers|1599|1574|16|https://act-upload.mihoyo.com/nap-obc-indep/2026/01/05/73751405/5ae7001d425d9e907bbf41913d7bf542_6630963052747116090.png,EP短片壁纸合集,般岳主题壁纸（2560x1080）,1599,1574,16,16.png,壁纸合集\EP短片壁纸合集\般岳主题壁纸（2560x1080）\16.png,https://act-upload.mihoyo.com/nap-obc-indep/2026/01/05/73751405/5ae7001d425d9e907bbf41913d7bf542_6630963052747116090.png,,,
wallpapers,wallpapers|1599|1574|17|https://act-upload.mihoyo.com/nap-obc-indep/2026/01/05/73751405/b1ae716936ee0ad6bda13930931589a7_4549711595099280560.png,EP短片壁纸合集,般岳主题壁纸（2560x1080）,1599,1574,17,17.png,壁纸合集\EP短片壁纸合集\般岳主题壁纸（2560x1080）\17.png,https://act-upload.mihoyo.com/nap-obc-indep/2026/01/05/73751405/b1ae716936ee0ad6bda13930931589a7_4549711595099280560.png,,,
wallpapers,wallpapers|1599|1574|18|https://act-upload.mihoyo.com/nap-obc-indep/2026/01/05/73751405/e76cb9aec89035bd3aa76e27287131e7_3630206435812474778.jpg,EP短片壁纸合集,般岳主题壁纸（2560x1080）,1599,1574,18,18.jpg,壁纸合集\EP短片壁纸合集\般岳主题壁纸（2560x1080）\18.jpg,https://act-upload.mihoyo.com/nap-obc-indep/2026/01/05/73751405/e76cb9aec89035bd3aa76e27287131e7_3630206435812474778.jpg,,,
wallpapers,wallpapers|1599|1574|19|https://act-upload.mihoyo.com/nap-obc-indep/2026/01/05/73751405/2c63f60a45f1dc6cddac022bdd4ce44e_9105696114749911959.jpg,EP短片壁纸合集,般岳主题壁纸（2560x1080）,1599,1574,19,19.jpg,壁纸合集\EP短片壁纸合集\般岳主题壁纸（2560x1080）\19.jpg,https://act-upload.mihoyo.com/nap-obc-indep/2026/01/05/73751405/2c63f60a45f1dc6cddac022bdd4ce44e_9105696114749911959.jpg,,,
wallpapers,wallpapers|1599|1574|20|https://act-upload.mihoyo.com/nap-obc-indep/2026/01/05/73751405/9379fb36f7a4d1963b46858d225b49eb_681160166664452923.jpg,EP短片壁纸合集,般岳主题壁纸（2560x1080）,1599,1574,20,20.jpg,壁纸合集\EP短片壁纸合集\般岳主题壁纸（2560x1080）\20.jpg,https://act-upload.mihoyo.com/nap-obc-indep/2026/01/05/73751405/9379fb36f7a4d1963b46858d225b49eb_681160166664452923.jpg,,,
wallpapers,wallpapers|1599|1574|21|https://act-upload.mihoyo.com/nap-obc-indep/2026/01/05/73751405/bb6cc200249c8413c5b24c5078f63a30_5076907758382326786.jpg,EP短片壁纸合集,般岳主题壁纸（2560x1080）,1599,1574,21,21.jpg,壁纸合集\EP短片壁纸合集\般岳主题壁纸（2560x1080）\21.jpg,https://act-upload.mihoyo.com/nap-obc-indep/2026/01/05/73751405/bb6cc200249c8413c5b24c5078f63a30_5076907758382326786.jpg,,,
wallpapers,wallpapers|1599|1574|22|https://act-upload.mihoyo.com/nap-obc-indep/2026/01/05/73751405/67f5931b090322caba50525dba100a2d_463131197095935942.jpg,EP短片壁纸合集,般岳主题壁纸（2560x1080）,1599,1574,22,22.jpg,壁纸合集\EP短片壁纸合集\般岳主题壁纸（2560x1080）\22.jpg,https://act-upload.mihoyo.com/nap-obc-indep/2026/01/05/73751405/67f5931b090322caba50525dba100a2d_463131197095935942.jpg,,,
wallpapers,wallpapers|1599|1574|23|https://act-upload.mihoyo.com/nap-obc-indep/2026/01/05/73751405/84bf7b5fca645d9bbf8233d97f680155_8030362388927551008.jpg,EP短片壁纸合集,般岳主题壁纸（2560x1080）,1599,1574,23,23.jpg,壁纸合集\EP短片壁纸合集\般岳主题壁纸（2560x1080）\23.jpg,https://act-upload.mihoyo.com/nap-obc-indep/2026/01/05/73751405/84bf7b5fca645d9bbf8233d97f680155_8030362388927551008.jpg,,,
wallpapers,wallpapers|1599|1574|24|https://act-upload.mihoyo.com/nap-obc-indep/2026/01/05/73751405/258dcd4317248a06f87b9d3f852099ba_224894425917354867.jpg,EP短片壁纸合集,般岳主题壁纸（2560x1080）,1599,1574,24,24.jpg,壁纸合集\EP短片壁纸合集\般岳主题壁纸（2560x1080）\24.jpg,https://act-upload.mihoyo.com/nap-obc-indep/2026/01/05/73751405/258dcd4317248a06f87b9d3f852099ba_224894425917354867.jpg,,,
wallpapers,wallpapers|1599|1574|25|https://act-upload.mihoyo.com/nap-obc-indep/2026/01/05/73751405/012be36d7a99f114feb2dbd3fc2e4208_641155071245628375.jpg,EP短片壁纸合集,般岳主题壁纸（2560x1080）,1599,1574,25,25.jpg,壁纸合集\EP短片壁纸合集\般岳主题壁纸（2560x1080）\25.jpg,https://act-upload.mihoyo.com/nap-obc-indep/2026/01/05/73751405/012be36d7a99f114feb2dbd3fc2e4208_641155071245628375.jpg,,,
wallpapers,wallpapers|1599|1574|26|https://act-upload.mihoyo.com/nap-obc-indep/2026/01/05/73751405/5b3734b3ae47f13c8a6ac62710bb0eca_5441673398451143191.jpg,EP短片壁纸合集,般岳主题壁纸（2560x1080）,1599,1574,26,26.jpg,壁纸合集\EP短片壁纸合集\般岳主题壁纸（2560x1080）\26.jpg,https://act-upload.mihoyo.com/nap-obc-indep/2026/01/05/73751405/5b3734b3ae47f13c8a6ac62710bb0eca_5441673398451143191.jpg,,,
wallpapers,wallpapers|1599|1574|27|https://act-upload.mihoyo.com/nap-obc-indep/2026/01/05/73751405/4bcb8a0852e6f44e6ab8da3c6f974255_3072941404809443830.jpg,EP短片壁纸合集,般岳主题壁纸（2560x1080）,1599,1574,27,27.jpg,壁纸合集\EP短片壁纸合集\般岳主题壁纸（2560x1080）\27.jpg,https://act-upload.mihoyo.com/nap-obc-indep/2026/01/05/73751405/4bcb8a0852e6f44e6ab8da3c6f974255_3072941404809443830.jpg,,,
wallpapers,wallpapers|1599|1574|28|https://act-upload.mihoyo.com/nap-obc-indep/2026/01/05/73751405/9583c7191eb9da0ee09c98389b9bd520_2333794603434766424.jpg,EP短片壁纸合集,般岳主题壁纸（2560x1080）,1599,1574,28,28.jpg,壁纸合集\EP短片壁纸合集\般岳主题壁纸（2560x1080）\28.jpg,https://act-upload.mihoyo.com/nap-obc-indep/2026/01/05/73751405/9583c7191eb9da0ee09c98389b9bd520_2333794603434766424.jpg,,,
wallpapers,wallpapers|1599|1574|29|https://act-upload.mihoyo.com/nap-obc-indep/2026/01/05/73751405/49265748dfa78b08d700d4d4724378f8_4135539387434734825.jpg,EP短片壁纸合集,般岳主题壁纸（2560x1080）,1599,1574,29,29.jpg,壁纸合集\EP短片壁纸合集\般岳主题壁纸（2560x1080）\29.jpg,https://act-upload.mihoyo.com/nap-obc-indep/2026/01/05/73751405/49265748dfa78b08d700d4d4724378f8_4135539387434734825.jpg,,,
wallpapers,wallpapers|1599|1499|1(2560x1080)|https://act-upload.mihoyo.com/nap-obc-indep/2025/12/05/73751405/a149d3c79609f38d2f3545ca11e1f118_4037253324870973015.jpg,EP短片壁纸合集,琉音角色PV壁纸,1599,1499,1(2560x1080),1(2560x1080).jpg,壁纸合集\EP短片壁纸合集\琉音角色PV壁纸\1(2560x1080).jpg,https://act-upload.mihoyo.com/nap-obc-indep/2025/12/05/73751405/a149d3c79609f38d2f3545ca11e1f118_4037253324870973015.jpg,,,
wallpapers,wallpapers|1599|1499|1(3840x2160)|https://act-upload.mihoyo.com/nap-obc-indep/2025/12/05/73751405/09619060978fbe9c52fa37634c645301_4524593670937644073.jpg,EP短片壁纸合集,琉音角色PV壁纸,1599,1499,1(3840x2160),1(3840x2160).jpg,壁纸合集\EP短片壁纸合集\琉音角色PV壁纸\1(3840x2160).jpg,https://act-upload.mihoyo.com/nap-obc-indep/2025/12/05/73751405/09619060978fbe9c52fa37634c645301_4524593670937644073.jpg,,,
wallpapers,wallpapers|1599|1499|2(2560x1080)|https://act-upload.mihoyo.com/nap-obc-indep/2025/12/05/73751405/f759de27dd054f110a831a0c5c941208_3928239203623838359.jpg,EP短片壁纸合集,琉音角色PV壁纸,1599,1499,2(2560x1080),2(2560x1080).jpg,壁纸合集\EP短片壁纸合集\琉音角色PV壁纸\2(2560x1080).jpg,https://act-upload.mihoyo.com/nap-obc-indep/2025/12/05/73751405/f759de27dd054f110a831a0c5c941208_3928239203623838359.jpg,,,
wallpapers,wallpapers|1599|1499|2(3840x2160)|https://act-upload.mihoyo.com/nap-obc-indep/2025/12/05/73751405/b0ca4ac15c9c0fb4aaefad3555c1f541_4469397737114124824.jpg,EP短片壁纸合集,琉音角色PV壁纸,1599,1499,2(3840x2160),2(3840x2160).jpg,壁纸合集\EP短片壁纸合集\琉音角色PV壁纸\2(3840x2160).jpg,https://act-upload.mihoyo.com/nap-obc-indep/2025/12/05/73751405/b0ca4ac15c9c0fb4aaefad3555c1f541_4469397737114124824.jpg,,,
wallpapers,wallpapers|1599|1499|3(2560x1080)|https://act-upload.mihoyo.com/nap-obc-indep/2025/12/05/73751405/b0321f36f4b676b119a303397214630b_1384727686094289496.jpg,EP短片壁纸合集,琉音角色PV壁纸,1599,1499,3(2560x1080),3(2560x1080).jpg,壁纸合集\EP短片壁纸合集\琉音角色PV壁纸\3(2560x1080).jpg,https://act-upload.mihoyo.com/nap-obc-indep/2025/12/05/73751405/b0321f36f4b676b119a303397214630b_1384727686094289496.jpg,,,
wallpapers,wallpapers|1599|1499|3(3840x2160)|https://act-upload.mihoyo.com/nap-obc-indep/2025/12/05/73751405/ea91d060f24a8e2c4097c9cf416bca09_5433709403297096234.jpg,EP短片壁纸合集,琉音角色PV壁纸,1599,1499,3(3840x2160),3(3840x2160).jpg,壁纸合集\EP短片壁纸合集\琉音角色PV壁纸\3(3840x2160).jpg,https://act-upload.mihoyo.com/nap-obc-indep/2025/12/05/73751405/ea91d060f24a8e2c4097c9cf416bca09_5433709403297096234.jpg,,,
wallpapers,wallpapers|1599|1499|4(2560x1080)|https://act-upload.mihoyo.com/nap-obc-indep/2025/12/05/73751405/b431082e206b15b8e6ef1c0b37b445e9_7020390732527281773.jpg,EP短片壁纸合集,琉音角色PV壁纸,1599,1499,4(2560x1080),4(2560x1080).jpg,壁纸合集\EP短片壁纸合集\琉音角色PV壁纸\4(2560x1080).jpg,https://act-upload.mihoyo.com/nap-obc-indep/2025/12/05/73751405/b431082e206b15b8e6ef1c0b37b445e9_7020390732527281773.jpg,,,
wallpapers,wallpapers|1599|1499|4(3840x2160)|https://act-upload.mihoyo.com/nap-obc-indep/2025/12/05/73751405/469f422604759f2b4f31d9a66e8e0f6b_1214595337199798141.jpg,EP短片壁纸合集,琉音角色PV壁纸,1599,1499,4(3840x2160),4(3840x2160).jpg,壁纸合集\EP短片壁纸合集\琉音角色PV壁纸\4(3840x2160).jpg,https://act-upload.mihoyo.com/nap-obc-indep/2025/12/05/73751405/469f422604759f2b4f31d9a66e8e0f6b_1214595337199798141.jpg,,,
wallpapers,wallpapers|1599|1499|5(2560x1080)|https://act-upload.mihoyo.com/nap-obc-indep/2025/12/05/73751405/9e5ce2db8a03778d64642924f8441b32_8798838773665894254.jpg,EP短片壁纸合集,琉音角色PV壁纸,1599,1499,5(2560x1080),5(2560x1080).jpg,壁纸合集\EP短片壁纸合集\琉音角色PV壁纸\5(2560x1080).jpg,https://act-upload.mihoyo.com/nap-obc-indep/2025/12/05/73751405/9e5ce2db8a03778d64642924f8441b32_8798838773665894254.jpg,,,
wallpapers,wallpapers|1599|1499|5(3840x2160)|https://act-upload.mihoyo.com/nap-obc-indep/2025/12/05/73751405/89738f3dcf1c2e1f7f6d45e69ee0dfdc_363354467445563844.jpg,EP短片壁纸合集,琉音角色PV壁纸,1599,1499,5(3840x2160),5(3840x2160).jpg,壁纸合集\EP短片壁纸合集\琉音角色PV壁纸\5(3840x2160).jpg,https://act-upload.mihoyo.com/nap-obc-indep/2025/12/05/73751405/89738f3dcf1c2e1f7f6d45e69ee0dfdc_363354467445563844.jpg,,,
wallpapers,wallpapers|1599|1499|6(2560x1080)|https://act-upload.mihoyo.com/nap-obc-indep/2025/12/05/73751405/4376af19c5b36ebfef48bee67bef792b_4026182932122777477.jpg,EP短片壁纸合集,琉音角色PV壁纸,1599,1499,6(2560x1080),6(2560x1080).jpg,壁纸合集\EP短片壁纸合集\琉音角色PV壁纸\6(2560x1080).jpg,https://act-upload.mihoyo.com/nap-obc-indep/2025/12/05/73751405/4376af19c5b36ebfef48bee67bef792b_4026182932122777477.jpg,,,
wallpapers,wallpapers|1599|1499|6(3840x2160)|https://act-upload.mihoyo.com/nap-obc-indep/2025/12/05/73751405/87b8f1ae2374ba8e982bb882a708aeb7_5908290660428578068.jpg,EP短片壁纸合集,琉音角色PV壁纸,1599,1499,6(3840x2160),6(3840x2160).jpg,壁纸合集\EP短片壁纸合集\琉音角色PV壁纸\6(3840x2160).jpg,https://act-upload.mihoyo.com/nap-obc-indep/2025/12/05/73751405/87b8f1ae2374ba8e982bb882a708aeb7_5908290660428578068.jpg,,,
wallpapers,wallpapers|1599|1499|7(2560x1080)|https://act-upload.mihoyo.com/nap-obc-indep/2025/12/05/73751405/f075272ce2daa3126787002f9c4ce09c_2191931227068116295.jpg,EP短片壁纸合集,琉音角色PV壁纸,1599,1499,7(2560x1080),7(2560x1080).jpg,壁纸合集\EP短片壁纸合集\琉音角色PV壁纸\7(2560x1080).jpg,https://act-upload.mihoyo.com/nap-obc-indep/2025/12/05/73751405/f075272ce2daa3126787002f9c4ce09c_2191931227068116295.jpg,,,
wallpapers,wallpapers|1599|1499|7(3840x2160)|https://act-upload.mihoyo.com/nap-obc-indep/2025/12/05/73751405/761ae3b38bd24664add8c8200235ba11_5216449574984022561.jpg,EP短片壁纸合集,琉音角色PV壁纸,1599,1499,7(3840x2160),7(3840x2160).jpg,壁纸合集\EP短片壁纸合集\琉音角色PV壁纸\7(3840x2160).jpg,https://act-upload.mihoyo.com/nap-obc-indep/2025/12/05/73751405/761ae3b38bd24664add8c8200235ba11_5216449574984022561.jpg,,,
wallpapers,wallpapers|1599|1499|8(2560x1080)|https://act-upload.mihoyo.com/nap-obc-indep/2025/12/05/73751405/7e4d0e4a08c7ce662e980b6350dfb058_719377502127873179.jpg,EP短片壁纸合集,琉音角色PV壁纸,1599,1499,8(2560x1080),8(2560x1080).jpg,壁纸合集\EP短片壁纸合集\琉音角色PV壁纸\8(2560x1080).jpg,https://act-upload.mihoyo.com/nap-obc-indep/2025/12/05/73751405/7e4d0e4a08c7ce662e980b6350dfb058_719377502127873179.jpg,,,
wallpapers,wallpapers|1599|1499|8(3840x2160)|https://act-upload.mihoyo.com/nap-obc-indep/2025/12/05/73751405/baee36730c30b9f0e81c829ea859535f_6438814692366595266.jpg,EP短片壁纸合集,琉音角色PV壁纸,1599,1499,8(3840x2160),8(3840x2160).jpg,壁纸合集\EP短片壁纸合集\琉音角色PV壁纸\8(3840x2160).jpg,https://act-upload.mihoyo.com/nap-obc-indep/2025/12/05/73751405/baee36730c30b9f0e81c829ea859535f_6438814692366595266.jpg,,,
wallpapers,wallpapers|1599|1499|9(2560x1080)|https://act-upload.mihoyo.com/nap-obc-indep/2025/12/05/73751405/393b5792efb3aedbfbbf8ff00387cb03_8555282726623148048.jpg,EP短片壁纸合集,琉音角色PV壁纸,1599,1499,9(2560x1080),9(2560x1080).jpg,壁纸合集\EP短片壁纸合集\琉音角色PV壁纸\9(2560x1080).jpg,https://act-upload.mihoyo.com/nap-obc-indep/2025/12/05/73751405/393b5792efb3aedbfbbf8ff00387cb03_8555282726623148048.jpg,,,
wallpapers,wallpapers|1599|1499|9(3840x2160)|https://act-upload.mihoyo.com/nap-obc-indep/2025/12/05/73751405/f7378eeeb476151508f7606befe8d60c_2926889952196162158.jpg,EP短片壁纸合集,琉音角色PV壁纸,1599,1499,9(3840x2160),9(3840x2160).jpg,壁纸合集\EP短片壁纸合集\琉音角色PV壁纸\9(3840x2160).jpg,https://act-upload.mihoyo.com/nap-obc-indep/2025/12/05/73751405/f7378eeeb476151508f7606befe8d60c_2926889952196162158.jpg,,,
wallpapers,wallpapers|1599|1415|1|https://act-upload.mihoyo.com/nap-obc-indep/2025/10/23/73751405/2beae89b7019f24a6b96027202b5694e_6953349704256736974.png,EP短片壁纸合集,狛野真斗主题壁纸（3840x2160）,1599,1415,1,1.png,壁纸合集\EP短片壁纸合集\狛野真斗主题壁纸（3840x2160）\1.png,https://act-upload.mihoyo.com/nap-obc-indep/2025/10/23/73751405/2beae89b7019f24a6b96027202b5694e_6953349704256736974.png,,,
wallpapers,wallpapers|1599|1415|2|https://act-upload.mihoyo.com/nap-obc-indep/2025/10/23/73751405/915619fdb325e8142cfd6143ecc5f05f_2536029733952119464.png,EP短片壁纸合集,狛野真斗主题壁纸（3840x2160）,1599,1415,2,2.png,壁纸合集\EP短片壁纸合集\狛野真斗主题壁纸（3840x2160）\2.png,https://act-upload.mihoyo.com/nap-obc-indep/2025/10/23/73751405/915619fdb325e8142cfd6143ecc5f05f_2536029733952119464.png,,,
wallpapers,wallpapers|1599|1415|3|https://act-upload.mihoyo.com/nap-obc-indep/2025/10/23/73751405/36d303875360497ad2131dcd6e607384_145031158027058348.png,EP短片壁纸合集,狛野真斗主题壁纸（3840x2160）,1599,1415,3,3.png,壁纸合集\EP短片壁纸合集\狛野真斗主题壁纸（3840x2160）\3.png,https://act-upload.mihoyo.com/nap-obc-indep/2025/10/23/73751405/36d303875360497ad2131dcd6e607384_145031158027058348.png,,,
wallpapers,wallpapers|1599|1415|4|https://act-upload.mihoyo.com/nap-obc-indep/2025/10/23/73751405/1ca583cbc42695dec7cf21134dd10b04_4869689271250099339.png,EP短片壁纸合集,狛野真斗主题壁纸（3840x2160）,1599,1415,4,4.png,壁纸合集\EP短片壁纸合集\狛野真斗主题壁纸（3840x2160）\4.png,https://act-upload.mihoyo.com/nap-obc-indep/2025/10/23/73751405/1ca583cbc42695dec7cf21134dd10b04_4869689271250099339.png,,,
wallpapers,wallpapers|1599|1415|5|https://act-upload.mihoyo.com/nap-obc-indep/2025/10/23/73751405/1ca8061b538dcc16a305dea9f007d626_4890728785911806852.png,EP短片壁纸合集,狛野真斗主题壁纸（3840x2160）,1599,1415,5,5.png,壁纸合集\EP短片壁纸合集\狛野真斗主题壁纸（3840x2160）\5.png,https://act-upload.mihoyo.com/nap-obc-indep/2025/10/23/73751405/1ca8061b538dcc16a305dea9f007d626_4890728785911806852.png,,,
wallpapers,wallpapers|1599|1415|6|https://act-upload.mihoyo.com/nap-obc-indep/2025/10/23/73751405/36694eb2468457829f3c3c0f8ca4fa4c_4113839091810906701.png,EP短片壁纸合集,狛野真斗主题壁纸（3840x2160）,1599,1415,6,6.png,壁纸合集\EP短片壁纸合集\狛野真斗主题壁纸（3840x2160）\6.png,https://act-upload.mihoyo.com/nap-obc-indep/2025/10/23/73751405/36694eb2468457829f3c3c0f8ca4fa4c_4113839091810906701.png,,,
wallpapers,wallpapers|1599|1415|7|https://act-upload.mihoyo.com/nap-obc-indep/2025/10/23/73751405/4d9dbf070e637dbf1afcdcf54a47acd2_3676327673040794176.png,EP短片壁纸合集,狛野真斗主题壁纸（3840x2160）,1599,1415,7,7.png,壁纸合集\EP短片壁纸合集\狛野真斗主题壁纸（3840x2160）\7.png,https://act-upload.mihoyo.com/nap-obc-indep/2025/10/23/73751405/4d9dbf070e637dbf1afcdcf54a47acd2_3676327673040794176.png,,,
wallpapers,wallpapers|1599|1415|8|https://act-upload.mihoyo.com/nap-obc-indep/2025/10/23/73751405/3d115ceb0f51e4858d5066138a3e722b_8170870213027535709.png,EP短片壁纸合集,狛野真斗主题壁纸（3840x2160）,1599,1415,8,8.png,壁纸合集\EP短片壁纸合集\狛野真斗主题壁纸（3840x2160）\8.png,https://act-upload.mihoyo.com/nap-obc-indep/2025/10/23/73751405/3d115ceb0f51e4858d5066138a3e722b_8170870213027535709.png,,,
wallpapers,wallpapers|1599|1415|9|https://act-upload.mihoyo.com/nap-obc-indep/2025/10/23/73751405/43e811133ea3b04c8e08d45a99340852_3741761364196869060.png,EP短片壁纸合集,狛野真斗主题壁纸（3840x2160）,1599,1415,9,9.png,壁纸合集\EP短片壁纸合集\狛野真斗主题壁纸（3840x2160）\9.png,https://act-upload.mihoyo.com/nap-obc-indep/2025/10/23/73751405/43e811133ea3b04c8e08d45a99340852_3741761364196869060.png,,,
wallpapers,wallpapers|1599|1415|10|https://act-upload.mihoyo.com/nap-obc-indep/2025/10/23/73751405/c478414ac1bf9634649a8e0d3fa8ca57_678354891786653973.png,EP短片壁纸合集,狛野真斗主题壁纸（3840x2160）,1599,1415,10,10.png,壁纸合集\EP短片壁纸合集\狛野真斗主题壁纸（3840x2160）\10.png,https://act-upload.mihoyo.com/nap-obc-indep/2025/10/23/73751405/c478414ac1bf9634649a8e0d3fa8ca57_678354891786653973.png,,,
wallpapers,wallpapers|1599|1415|11|https://act-upload.mihoyo.com/nap-obc-indep/2025/10/23/73751405/69fcc05c9c818d868726467f4c78f334_4660000835393517162.png,EP短片壁纸合集,狛野真斗主题壁纸（3840x2160）,1599,1415,11,11.png,壁纸合集\EP短片壁纸合集\狛野真斗主题壁纸（3840x2160）\11.png,https://act-upload.mihoyo.com/nap-obc-indep/2025/10/23/73751405/69fcc05c9c818d868726467f4c78f334_4660000835393517162.png,,,
wallpapers,wallpapers|1599|1415|12|https://act-upload.mihoyo.com/nap-obc-indep/2025/10/23/73751405/0f5dc2981180f4a2c1f4673bc75fd93b_1299704164883326965.png,EP短片壁纸合集,狛野真斗主题壁纸（3840x2160）,1599,1415,12,12.png,壁纸合集\EP短片壁纸合集\狛野真斗主题壁纸（3840x2160）\12.png,https://act-upload.mihoyo.com/nap-obc-indep/2025/10/23/73751405/0f5dc2981180f4a2c1f4673bc75fd93b_1299704164883326965.png,,,
wallpapers,wallpapers|1599|1415|13|https://act-upload.mihoyo.com/nap-obc-indep/2025/10/23/73751405/fffb2b86e576e17b50990adf3270373a_6998747495379085308.png,EP短片壁纸合集,狛野真斗主题壁纸（3840x2160）,1599,1415,13,13.png,壁纸合集\EP短片壁纸合集\狛野真斗主题壁纸（3840x2160）\13.png,https://act-upload.mihoyo.com/nap-obc-indep/2025/10/23/73751405/fffb2b86e576e17b50990adf3270373a_6998747495379085308.png,,,
wallpapers,wallpapers|1599|1415|14|https://act-upload.mihoyo.com/nap-obc-indep/2025/10/23/73751405/4003f10bc527674e80926a1652a2c836_1831678239201793127.png,EP短片壁纸合集,狛野真斗主题壁纸（3840x2160）,1599,1415,14,14.png,壁纸合集\EP短片壁纸合集\狛野真斗主题壁纸（3840x2160）\14.png,https://act-upload.mihoyo.com/nap-obc-indep/2025/10/23/73751405/4003f10bc527674e80926a1652a2c836_1831678239201793127.png,,,
wallpapers,wallpapers|1599|1415|15|https://act-upload.mihoyo.com/nap-obc-indep/2025/10/23/73751405/61b8a7162b8da070a0a49fa57654711a_7985641451123846647.png,EP短片壁纸合集,狛野真斗主题壁纸（3840x2160）,1599,1415,15,15.png,壁纸合集\EP短片壁纸合集\狛野真斗主题壁纸（3840x2160）\15.png,https://act-upload.mihoyo.com/nap-obc-indep/2025/10/23/73751405/61b8a7162b8da070a0a49fa57654711a_7985641451123846647.png,,,
wallpapers,wallpapers|1599|1415|16|https://act-upload.mihoyo.com/nap-obc-indep/2025/10/23/73751405/186161f25cf801e75ec154de5b81b3d9_4364312841343173786.png,EP短片壁纸合集,狛野真斗主题壁纸（3840x2160）,1599,1415,16,16.png,壁纸合集\EP短片壁纸合集\狛野真斗主题壁纸（3840x2160）\16.png,https://act-upload.mihoyo.com/nap-obc-indep/2025/10/23/73751405/186161f25cf801e75ec154de5b81b3d9_4364312841343173786.png,,,
wallpapers,wallpapers|1599|1415|17|https://act-upload.mihoyo.com/nap-obc-indep/2025/10/23/73751405/160e902e35edb31e3f6a389da6b675be_7053747455134111891.png,EP短片壁纸合集,狛野真斗主题壁纸（3840x2160）,1599,1415,17,17.png,壁纸合集\EP短片壁纸合集\狛野真斗主题壁纸（3840x2160）\17.png,https://act-upload.mihoyo.com/nap-obc-indep/2025/10/23/73751405/160e902e35edb31e3f6a389da6b675be_7053747455134111891.png,,,
wallpapers,wallpapers|1599|1415|18|https://act-upload.mihoyo.com/nap-obc-indep/2025/10/23/73751405/6a4683d3eed271516d6e73f407da0656_7873154532965780801.png,EP短片壁纸合集,狛野真斗主题壁纸（3840x2160）,1599,1415,18,18.png,壁纸合集\EP短片壁纸合集\狛野真斗主题壁纸（3840x2160）\18.png,https://act-upload.mihoyo.com/nap-obc-indep/2025/10/23/73751405/6a4683d3eed271516d6e73f407da0656_7873154532965780801.png,,,
wallpapers,wallpapers|1599|1415|19|https://act-upload.mihoyo.com/nap-obc-indep/2025/10/23/73751405/306746bf6ebda04ee67cf468a3174ea8_8032866307716769294.png,EP短片壁纸合集,狛野真斗主题壁纸（3840x2160）,1599,1415,19,19.png,壁纸合集\EP短片壁纸合集\狛野真斗主题壁纸（3840x2160）\19.png,https://act-upload.mihoyo.com/nap-obc-indep/2025/10/23/73751405/306746bf6ebda04ee67cf468a3174ea8_8032866307716769294.png,,,
wallpapers,wallpapers|1599|1415|20|https://act-upload.mihoyo.com/nap-obc-indep/2025/10/23/73751405/6df3bdd34f074f2795144d7fead2276d_5431079380314968199.png,EP短片壁纸合集,狛野真斗主题壁纸（3840x2160）,1599,1415,20,20.png,壁纸合集\EP短片壁纸合集\狛野真斗主题壁纸（3840x2160）\20.png,https://act-upload.mihoyo.com/nap-obc-indep/2025/10/23/73751405/6df3bdd34f074f2795144d7fead2276d_5431079380314968199.png,,,
wallpapers,wallpapers|1599|1415|21|https://act-upload.mihoyo.com/nap-obc-indep/2025/10/23/73751405/c9daee2cb8049a649523a3b6dd78bad4_3489429366356869574.png,EP短片壁纸合集,狛野真斗主题壁纸（3840x2160）,1599,1415,21,21.png,壁纸合集\EP短片壁纸合集\狛野真斗主题壁纸（3840x2160）\21.png,https://act-upload.mihoyo.com/nap-obc-indep/2025/10/23/73751405/c9daee2cb8049a649523a3b6dd78bad4_3489429366356869574.png,,,
wallpapers,wallpapers|1599|1415|22|https://act-upload.mihoyo.com/nap-obc-indep/2025/10/23/73751405/1d8c6f0cd32211b36bf6417556cea74e_128295232759137169.png,EP短片壁纸合集,狛野真斗主题壁纸（3840x2160）,1599,1415,22,22.png,壁纸合集\EP短片壁纸合集\狛野真斗主题壁纸（3840x2160）\22.png,https://act-upload.mihoyo.com/nap-obc-indep/2025/10/23/73751405/1d8c6f0cd32211b36bf6417556cea74e_128295232759137169.png,,,
wallpapers,wallpapers|1599|1415|23|https://act-upload.mihoyo.com/nap-obc-indep/2025/10/23/73751405/1488786e627eb1a5a9f8d24116ab9720_8155769748698408400.png,EP短片壁纸合集,狛野真斗主题壁纸（3840x2160）,1599,1415,23,23.png,壁纸合集\EP短片壁纸合集\狛野真斗主题壁纸（3840x2160）\23.png,https://act-upload.mihoyo.com/nap-obc-indep/2025/10/23/73751405/1488786e627eb1a5a9f8d24116ab9720_8155769748698408400.png,,,
wallpapers,wallpapers|1599|1415|24|https://act-upload.mihoyo.com/nap-obc-indep/2025/10/23/73751405/3f1c2dab1b5c17a7137a74c6106c4e2f_7565765532906287817.png,EP短片壁纸合集,狛野真斗主题壁纸（3840x2160）,1599,1415,24,24.png,壁纸合集\EP短片壁纸合集\狛野真斗主题壁纸（3840x2160）\24.png,https://act-upload.mihoyo.com/nap-obc-indep/2025/10/23/73751405/3f1c2dab1b5c17a7137a74c6106c4e2f_7565765532906287817.png,,,
wallpapers,wallpapers|1599|1415|25|https://act-upload.mihoyo.com/nap-obc-indep/2025/10/23/73751405/9779a5e4f804ea255f164ec77e7fabdd_811782373066049066.png,EP短片壁纸合集,狛野真斗主题壁纸（3840x2160）,1599,1415,25,25.png,壁纸合集\EP短片壁纸合集\狛野真斗主题壁纸（3840x2160）\25.png,https://act-upload.mihoyo.com/nap-obc-indep/2025/10/23/73751405/9779a5e4f804ea255f164ec77e7fabdd_811782373066049066.png,,,
wallpapers,wallpapers|1599|1415|26|https://act-upload.mihoyo.com/nap-obc-indep/2025/10/23/73751405/7cd3773aceb4a0666b3babc5c927ac81_6616188932970875379.png,EP短片壁纸合集,狛野真斗主题壁纸（3840x2160）,1599,1415,26,26.png,壁纸合集\EP短片壁纸合集\狛野真斗主题壁纸（3840x2160）\26.png,https://act-upload.mihoyo.com/nap-obc-indep/2025/10/23/73751405/7cd3773aceb4a0666b3babc5c927ac81_6616188932970875379.png,,,
wallpapers,wallpapers|1599|1415|27|https://act-upload.mihoyo.com/nap-obc-indep/2025/10/23/73751405/281c0987d7036bf083b4c2d0294e0ea1_202808070732224440.png,EP短片壁纸合集,狛野真斗主题壁纸（3840x2160）,1599,1415,27,27.png,壁纸合集\EP短片壁纸合集\狛野真斗主题壁纸（3840x2160）\27.png,https://act-upload.mihoyo.com/nap-obc-indep/2025/10/23/73751405/281c0987d7036bf083b4c2d0294e0ea1_202808070732224440.png,,,
wallpapers,wallpapers|1599|1359|1|https://act-upload.mihoyo.com/nap-obc-indep/2025/09/28/73751405/d4b4f0742b73dc97d707b259f389675d_3353383914763399601.jpg,EP短片壁纸合集,奥菲丝&鬼火EP壁纸(3840x2160),1599,1359,1,1.jpg,壁纸合集\EP短片壁纸合集\奥菲丝&鬼火EP壁纸(3840x2160)\1.jpg,https://act-upload.mihoyo.com/nap-obc-indep/2025/09/28/73751405/d4b4f0742b73dc97d707b259f389675d_3353383914763399601.jpg,,,
wallpapers,wallpapers|1599|1359|2|https://act-upload.mihoyo.com/nap-obc-indep/2025/09/28/73751405/fb9e77ea6741ced209b1d5e604587ea5_78756105770174931.jpg,EP短片壁纸合集,奥菲丝&鬼火EP壁纸(3840x2160),1599,1359,2,2.jpg,壁纸合集\EP短片壁纸合集\奥菲丝&鬼火EP壁纸(3840x2160)\2.jpg,https://act-upload.mihoyo.com/nap-obc-indep/2025/09/28/73751405/fb9e77ea6741ced209b1d5e604587ea5_78756105770174931.jpg,,,
wallpapers,wallpapers|1599|1359|3|https://act-upload.mihoyo.com/nap-obc-indep/2025/09/28/73751405/ce22bd1c662785f782e747aeb56371d8_6113276252352592686.jpg,EP短片壁纸合集,奥菲丝&鬼火EP壁纸(3840x2160),1599,1359,3,3.jpg,壁纸合集\EP短片壁纸合集\奥菲丝&鬼火EP壁纸(3840x2160)\3.jpg,https://act-upload.mihoyo.com/nap-obc-indep/2025/09/28/73751405/ce22bd1c662785f782e747aeb56371d8_6113276252352592686.jpg,,,
wallpapers,wallpapers|1599|1359|4|https://act-upload.mihoyo.com/nap-obc-indep/2025/09/28/73751405/db47f416854de21b8e8ad63ab41b86dc_319542723128487931.jpg,EP短片壁纸合集,奥菲丝&鬼火EP壁纸(3840x2160),1599,1359,4,4.jpg,壁纸合集\EP短片壁纸合集\奥菲丝&鬼火EP壁纸(3840x2160)\4.jpg,https://act-upload.mihoyo.com/nap-obc-indep/2025/09/28/73751405/db47f416854de21b8e8ad63ab41b86dc_319542723128487931.jpg,,,
wallpapers,wallpapers|1599|1359|5|https://act-upload.mihoyo.com/nap-obc-indep/2025/09/28/73751405/2c6c95bab1ea14064f4c06451aac1f77_2182674663119776271.jpg,EP短片壁纸合集,奥菲丝&鬼火EP壁纸(3840x2160),1599,1359,5,5.jpg,壁纸合集\EP短片壁纸合集\奥菲丝&鬼火EP壁纸(3840x2160)\5.jpg,https://act-upload.mihoyo.com/nap-obc-indep/2025/09/28/73751405/2c6c95bab1ea14064f4c06451aac1f77_2182674663119776271.jpg,,,
wallpapers,wallpapers|1599|1359|6|https://act-upload.mihoyo.com/nap-obc-indep/2025/09/28/73751405/72e8f0bf5ce0e68feb8dde11a4c47592_6769682457572424702.jpg,EP短片壁纸合集,奥菲丝&鬼火EP壁纸(3840x2160),1599,1359,6,6.jpg,壁纸合集\EP短片壁纸合集\奥菲丝&鬼火EP壁纸(3840x2160)\6.jpg,https://act-upload.mihoyo.com/nap-obc-indep/2025/09/28/73751405/72e8f0bf5ce0e68feb8dde11a4c47592_6769682457572424702.jpg,,,
wallpapers,wallpapers|1599|1359|7|https://act-upload.mihoyo.com/nap-obc-indep/2025/09/28/73751405/5ae05f04ad9ab5fa5a9fbd21a83ad2f6_6213713819665643102.jpg,EP短片壁纸合集,奥菲丝&鬼火EP壁纸(3840x2160),1599,1359,7,7.jpg,壁纸合集\EP短片壁纸合集\奥菲丝&鬼火EP壁纸(3840x2160)\7.jpg,https://act-upload.mihoyo.com/nap-obc-indep/2025/09/28/73751405/5ae05f04ad9ab5fa5a9fbd21a83ad2f6_6213713819665643102.jpg,,,
wallpapers,wallpapers|1599|1359|8|https://act-upload.mihoyo.com/nap-obc-indep/2025/09/28/73751405/afba9056271a2e1e2fdb024b12158ce8_717607611301596847.jpg,EP短片壁纸合集,奥菲丝&鬼火EP壁纸(3840x2160),1599,1359,8,8.jpg,壁纸合集\EP短片壁纸合集\奥菲丝&鬼火EP壁纸(3840x2160)\8.jpg,https://act-upload.mihoyo.com/nap-obc-indep/2025/09/28/73751405/afba9056271a2e1e2fdb024b12158ce8_717607611301596847.jpg,,,
wallpapers,wallpapers|1599|1359|9|https://act-upload.mihoyo.com/nap-obc-indep/2025/09/28/73751405/b0ec812fdddf8b7de4c759b0effc435f_830746471367298378.jpg,EP短片壁纸合集,奥菲丝&鬼火EP壁纸(3840x2160),1599,1359,9,9.jpg,壁纸合集\EP短片壁纸合集\奥菲丝&鬼火EP壁纸(3840x2160)\9.jpg,https://act-upload.mihoyo.com/nap-obc-indep/2025/09/28/73751405/b0ec812fdddf8b7de4c759b0effc435f_830746471367298378.jpg,,,
wallpapers,wallpapers|1599|1359|10|https://act-upload.mihoyo.com/nap-obc-indep/2025/09/28/73751405/1a7d1c9dc4da4dbed0a837706c45dc79_8627696030778297256.jpg,EP短片壁纸合集,奥菲丝&鬼火EP壁纸(3840x2160),1599,1359,10,10.jpg,壁纸合集\EP短片壁纸合集\奥菲丝&鬼火EP壁纸(3840x2160)\10.jpg,https://act-upload.mihoyo.com/nap-obc-indep/2025/09/28/73751405/1a7d1c9dc4da4dbed0a837706c45dc79_8627696030778297256.jpg,,,
wallpapers,wallpapers|1599|1359|11|https://act-upload.mihoyo.com/nap-obc-indep/2025/09/28/73751405/2ac369d6c5dddb891cf83b5df6200fae_5865281837064294401.jpg,EP短片壁纸合集,奥菲丝&鬼火EP壁纸(3840x2160),1599,1359,11,11.jpg,壁纸合集\EP短片壁纸合集\奥菲丝&鬼火EP壁纸(3840x2160)\11.jpg,https://act-upload.mihoyo.com/nap-obc-indep/2025/09/28/73751405/2ac369d6c5dddb891cf83b5df6200fae_5865281837064294401.jpg,,,
wallpapers,wallpapers|1599|1359|12|https://act-upload.mihoyo.com/nap-obc-indep/2025/09/28/73751405/a28e0d438bd4c3849653a5de55fc407f_2462938218509728723.jpg,EP短片壁纸合集,奥菲丝&鬼火EP壁纸(3840x2160),1599,1359,12,12.jpg,壁纸合集\EP短片壁纸合集\奥菲丝&鬼火EP壁纸(3840x2160)\12.jpg,https://act-upload.mihoyo.com/nap-obc-indep/2025/09/28/73751405/a28e0d438bd4c3849653a5de55fc407f_2462938218509728723.jpg,,,
wallpapers,wallpapers|1599|1359|13|https://act-upload.mihoyo.com/nap-obc-indep/2025/09/28/73751405/2262280d49e82b249bf6e4dabc1d6e97_1343938251782247974.jpg,EP短片壁纸合集,奥菲丝&鬼火EP壁纸(3840x2160),1599,1359,13,13.jpg,壁纸合集\EP短片壁纸合集\奥菲丝&鬼火EP壁纸(3840x2160)\13.jpg,https://act-upload.mihoyo.com/nap-obc-indep/2025/09/28/73751405/2262280d49e82b249bf6e4dabc1d6e97_1343938251782247974.jpg,,,
wallpapers,wallpapers|1599|1359|14|https://act-upload.mihoyo.com/nap-obc-indep/2025/09/28/73751405/e7b6d0f106418270e3550fb732fb363c_151381071383194283.jpg,EP短片壁纸合集,奥菲丝&鬼火EP壁纸(3840x2160),1599,1359,14,14.jpg,壁纸合集\EP短片壁纸合集\奥菲丝&鬼火EP壁纸(3840x2160)\14.jpg,https://act-upload.mihoyo.com/nap-obc-indep/2025/09/28/73751405/e7b6d0f106418270e3550fb732fb363c_151381071383194283.jpg,,,
wallpapers,wallpapers|1599|1359|15|https://act-upload.mihoyo.com/nap-obc-indep/2025/09/28/73751405/8ce9313550685586db61b03463f089db_3142795434500678938.jpg,EP短片壁纸合集,奥菲丝&鬼火EP壁纸(3840x2160),1599,1359,15,15.jpg,壁纸合集\EP短片壁纸合集\奥菲丝&鬼火EP壁纸(3840x2160)\15.jpg,https://act-upload.mihoyo.com/nap-obc-indep/2025/09/28/73751405/8ce9313550685586db61b03463f089db_3142795434500678938.jpg,,,
wallpapers,wallpapers|1599|1359|16|https://act-upload.mihoyo.com/nap-obc-indep/2025/09/28/73751405/ddc5193ac4b9e69bba2a37f1c05679fd_8862440116035369436.jpg,EP短片壁纸合集,奥菲丝&鬼火EP壁纸(3840x2160),1599,1359,16,16.jpg,壁纸合集\EP短片壁纸合集\奥菲丝&鬼火EP壁纸(3840x2160)\16.jpg,https://act-upload.mihoyo.com/nap-obc-indep/2025/09/28/73751405/ddc5193ac4b9e69bba2a37f1c05679fd_8862440116035369436.jpg,,,
wallpapers,wallpapers|1599|1359|17|https://act-upload.mihoyo.com/nap-obc-indep/2025/09/28/73751405/236e1adaeff7c7b5d8f0bd776af9bec7_1069487647991163151.jpg,EP短片壁纸合集,奥菲丝&鬼火EP壁纸(3840x2160),1599,1359,17,17.jpg,壁纸合集\EP短片壁纸合集\奥菲丝&鬼火EP壁纸(3840x2160)\17.jpg,https://act-upload.mihoyo.com/nap-obc-indep/2025/09/28/73751405/236e1adaeff7c7b5d8f0bd776af9bec7_1069487647991163151.jpg,,,
wallpapers,wallpapers|1599|1359|18|https://act-upload.mihoyo.com/nap-obc-indep/2025/09/28/73751405/d17f634d5489f9a7ce5a48873dbddf73_1539523133827815435.jpg,EP短片壁纸合集,奥菲丝&鬼火EP壁纸(3840x2160),1599,1359,18,18.jpg,壁纸合集\EP短片壁纸合集\奥菲丝&鬼火EP壁纸(3840x2160)\18.jpg,https://act-upload.mihoyo.com/nap-obc-indep/2025/09/28/73751405/d17f634d5489f9a7ce5a48873dbddf73_1539523133827815435.jpg,,,
wallpapers,wallpapers|1599|1359|19|https://act-upload.mihoyo.com/nap-obc-indep/2025/09/28/73751405/9ce69167228aa3f6443de5cb59af35ef_1753934616579904895.jpg,EP短片壁纸合集,奥菲丝&鬼火EP壁纸(3840x2160),1599,1359,19,19.jpg,壁纸合集\EP短片壁纸合集\奥菲丝&鬼火EP壁纸(3840x2160)\19.jpg,https://act-upload.mihoyo.com/nap-obc-indep/2025/09/28/73751405/9ce69167228aa3f6443de5cb59af35ef_1753934616579904895.jpg,,,
wallpapers,wallpapers|1599|1359|20|https://act-upload.mihoyo.com/nap-obc-indep/2025/09/28/73751405/b699a1e428f2da7ac6de4d1ff8350623_3925992162187984500.jpg,EP短片壁纸合集,奥菲丝&鬼火EP壁纸(3840x2160),1599,1359,20,20.jpg,壁纸合集\EP短片壁纸合集\奥菲丝&鬼火EP壁纸(3840x2160)\20.jpg,https://act-upload.mihoyo.com/nap-obc-indep/2025/09/28/73751405/b699a1e428f2da7ac6de4d1ff8350623_3925992162187984500.jpg,,,
wallpapers,wallpapers|1599|1359|21|https://act-upload.mihoyo.com/nap-obc-indep/2025/09/28/73751405/46580995849435d88e36403bcf3edf1a_3262191244823239949.jpg,EP短片壁纸合集,奥菲丝&鬼火EP壁纸(3840x2160),1599,1359,21,21.jpg,壁纸合集\EP短片壁纸合集\奥菲丝&鬼火EP壁纸(3840x2160)\21.jpg,https://act-upload.mihoyo.com/nap-obc-indep/2025/09/28/73751405/46580995849435d88e36403bcf3edf1a_3262191244823239949.jpg,,,
wallpapers,wallpapers|1599|1359|22|https://act-upload.mihoyo.com/nap-obc-indep/2025/09/28/73751405/0814eaff39bccff5d2e7413a3968cfab_4456170221519291851.jpg,EP短片壁纸合集,奥菲丝&鬼火EP壁纸(3840x2160),1599,1359,22,22.jpg,壁纸合集\EP短片壁纸合集\奥菲丝&鬼火EP壁纸(3840x2160)\22.jpg,https://act-upload.mihoyo.com/nap-obc-indep/2025/09/28/73751405/0814eaff39bccff5d2e7413a3968cfab_4456170221519291851.jpg,,,
wallpapers,wallpapers|1599|1359|23|https://act-upload.mihoyo.com/nap-obc-indep/2025/09/28/73751405/dda6405a0ea2b955c2ae84d478f3c69d_1339205633342993403.jpg,EP短片壁纸合集,奥菲丝&鬼火EP壁纸(3840x2160),1599,1359,23,23.jpg,壁纸合集\EP短片壁纸合集\奥菲丝&鬼火EP壁纸(3840x2160)\23.jpg,https://act-upload.mihoyo.com/nap-obc-indep/2025/09/28/73751405/dda6405a0ea2b955c2ae84d478f3c69d_1339205633342993403.jpg,,,
wallpapers,wallpapers|1599|1359|24|https://act-upload.mihoyo.com/nap-obc-indep/2025/09/28/73751405/b7f0c8faa29c6bbecd83e3c789601e4b_4495944813711058259.jpg,EP短片壁纸合集,奥菲丝&鬼火EP壁纸(3840x2160),1599,1359,24,24.jpg,壁纸合集\EP短片壁纸合集\奥菲丝&鬼火EP壁纸(3840x2160)\24.jpg,https://act-upload.mihoyo.com/nap-obc-indep/2025/09/28/73751405/b7f0c8faa29c6bbecd83e3c789601e4b_4495944813711058259.jpg,,,
wallpapers,wallpapers|1599|1359|25|https://act-upload.mihoyo.com/nap-obc-indep/2025/09/28/73751405/e207a774af9cbf656c9ec4703d0cbc0d_6455408307195876457.jpg,EP短片壁纸合集,奥菲丝&鬼火EP壁纸(3840x2160),1599,1359,25,25.jpg,壁纸合集\EP短片壁纸合集\奥菲丝&鬼火EP壁纸(3840x2160)\25.jpg,https://act-upload.mihoyo.com/nap-obc-indep/2025/09/28/73751405/e207a774af9cbf656c9ec4703d0cbc0d_6455408307195876457.jpg,,,
wallpapers,wallpapers|1599|1359|26|https://act-upload.mihoyo.com/nap-obc-indep/2025/09/28/73751405/7cab7e9c01dac57660f6c537c9f76b2e_6526714236390480535.jpg,EP短片壁纸合集,奥菲丝&鬼火EP壁纸(3840x2160),1599,1359,26,26.jpg,壁纸合集\EP短片壁纸合集\奥菲丝&鬼火EP壁纸(3840x2160)\26.jpg,https://act-upload.mihoyo.com/nap-obc-indep/2025/09/28/73751405/7cab7e9c01dac57660f6c537c9f76b2e_6526714236390480535.jpg,,,
wallpapers,wallpapers|1599|1359|27|https://act-upload.mihoyo.com/nap-obc-indep/2025/09/28/73751405/3cfae5a8fc17e9327748e1aaa9c91d19_6728803560284142726.jpg,EP短片壁纸合集,奥菲丝&鬼火EP壁纸(3840x2160),1599,1359,27,27.jpg,壁纸合集\EP短片壁纸合集\奥菲丝&鬼火EP壁纸(3840x2160)\27.jpg,https://act-upload.mihoyo.com/nap-obc-indep/2025/09/28/73751405/3cfae5a8fc17e9327748e1aaa9c91d19_6728803560284142726.jpg,,,
wallpapers,wallpapers|1599|1359|28|https://act-upload.mihoyo.com/nap-obc-indep/2025/09/28/73751405/29eb8f6dc2242e4b8cd64437f2556c21_4316153248371525110.jpg,EP短片壁纸合集,奥菲丝&鬼火EP壁纸(3840x2160),1599,1359,28,28.jpg,壁纸合集\EP短片壁纸合集\奥菲丝&鬼火EP壁纸(3840x2160)\28.jpg,https://act-upload.mihoyo.com/nap-obc-indep/2025/09/28/73751405/29eb8f6dc2242e4b8cd64437f2556c21_4316153248371525110.jpg,,,
wallpapers,wallpapers|1599|1359|29|https://act-upload.mihoyo.com/nap-obc-indep/2025/09/28/73751405/edc7c506e7c6c037bb215e7233f19301_8526999402282012666.jpg,EP短片壁纸合集,奥菲丝&鬼火EP壁纸(3840x2160),1599,1359,29,29.jpg,壁纸合集\EP短片壁纸合集\奥菲丝&鬼火EP壁纸(3840x2160)\29.jpg,https://act-upload.mihoyo.com/nap-obc-indep/2025/09/28/73751405/edc7c506e7c6c037bb215e7233f19301_8526999402282012666.jpg,,,
wallpapers,wallpapers|1599|1359|30|https://act-upload.mihoyo.com/nap-obc-indep/2025/09/28/73751405/0cb5312895fb89fc84e16ae421433b58_6639425674646779746.jpg,EP短片壁纸合集,奥菲丝&鬼火EP壁纸(3840x2160),1599,1359,30,30.jpg,壁纸合集\EP短片壁纸合集\奥菲丝&鬼火EP壁纸(3840x2160)\30.jpg,https://act-upload.mihoyo.com/nap-obc-indep/2025/09/28/73751405/0cb5312895fb89fc84e16ae421433b58_6639425674646779746.jpg,,,
wallpapers,wallpapers|1599|1359|31|https://act-upload.mihoyo.com/nap-obc-indep/2025/09/28/73751405/04a64361cb7a6ac76c046ac30a8f6f62_2003414965950490281.jpg,EP短片壁纸合集,奥菲丝&鬼火EP壁纸(3840x2160),1599,1359,31,31.jpg,壁纸合集\EP短片壁纸合集\奥菲丝&鬼火EP壁纸(3840x2160)\31.jpg,https://act-upload.mihoyo.com/nap-obc-indep/2025/09/28/73751405/04a64361cb7a6ac76c046ac30a8f6f62_2003414965950490281.jpg,,,
wallpapers,wallpapers|1599|1359|32|https://act-upload.mihoyo.com/nap-obc-indep/2025/09/28/73751405/17489181817988e0d9d9fef9d9fa0881_5657979428720549335.jpg,EP短片壁纸合集,奥菲丝&鬼火EP壁纸(3840x2160),1599,1359,32,32.jpg,壁纸合集\EP短片壁纸合集\奥菲丝&鬼火EP壁纸(3840x2160)\32.jpg,https://act-upload.mihoyo.com/nap-obc-indep/2025/09/28/73751405/17489181817988e0d9d9fef9d9fa0881_5657979428720549335.jpg,,,
wallpapers,wallpapers|1599|1359|33|https://act-upload.mihoyo.com/nap-obc-indep/2025/09/28/73751405/8caefa82334b116a59d6af6a55142126_7750756072559551971.jpg,EP短片壁纸合集,奥菲丝&鬼火EP壁纸(3840x2160),1599,1359,33,33.jpg,壁纸合集\EP短片壁纸合集\奥菲丝&鬼火EP壁纸(3840x2160)\33.jpg,https://act-upload.mihoyo.com/nap-obc-indep/2025/09/28/73751405/8caefa82334b116a59d6af6a55142126_7750756072559551971.jpg,,,
wallpapers,wallpapers|1599|1630|1|https://act-upload.mihoyo.com/nap-obc-indep/2026/02/14/73751405/f448026c2280a1c49cfc58acbf6f733e_6613811288245407827.png,EP短片壁纸合集,EP Redreaming Angel复梦天使壁纸,1599,1630,1,1.png,壁纸合集\EP短片壁纸合集\EP Redreaming Angel复梦天使壁纸\1.png,https://act-upload.mihoyo.com/nap-obc-indep/2026/02/14/73751405/f448026c2280a1c49cfc58acbf6f733e_6613811288245407827.png,,,
wallpapers,wallpapers|1599|1630|2|https://act-upload.mihoyo.com/nap-obc-indep/2026/02/14/73751405/b1a7fdd2b0f766e04b7715e4f0419c4c_2423499391749682062.png,EP短片壁纸合集,EP Redreaming Angel复梦天使壁纸,1599,1630,2,2.png,壁纸合集\EP短片壁纸合集\EP Redreaming Angel复梦天使壁纸\2.png,https://act-upload.mihoyo.com/nap-obc-indep/2026/02/14/73751405/b1a7fdd2b0f766e04b7715e4f0419c4c_2423499391749682062.png,,,
wallpapers,wallpapers|1599|1630|3|https://act-upload.mihoyo.com/nap-obc-indep/2026/02/14/73751405/cc6be3bf711640dc34a13f706bdbc377_1155586854121139625.png,EP短片壁纸合集,EP Redreaming Angel复梦天使壁纸,1599,1630,3,3.png,壁纸合集\EP短片壁纸合集\EP Redreaming Angel复梦天使壁纸\3.png,https://act-upload.mihoyo.com/nap-obc-indep/2026/02/14/73751405/cc6be3bf711640dc34a13f706bdbc377_1155586854121139625.png,,,
wallpapers,wallpapers|1599|1630|4|https://act-upload.mihoyo.com/nap-obc-indep/2026/02/14/73751405/6e75972cf07998b10b48ee6afcde3a57_9020731484585083053.png,EP短片壁纸合集,EP Redreaming Angel复梦天使壁纸,1599,1630,4,4.png,壁纸合集\EP短片壁纸合集\EP Redreaming Angel复梦天使壁纸\4.png,https://act-upload.mihoyo.com/nap-obc-indep/2026/02/14/73751405/6e75972cf07998b10b48ee6afcde3a57_9020731484585083053.png,,,
wallpapers,wallpapers|1599|1630|5|https://act-upload.mihoyo.com/nap-obc-indep/2026/02/14/73751405/7cfd633de23c8451a03bd0feded9c6c2_3187086297760080270.png,EP短片壁纸合集,EP Redreaming Angel复梦天使壁纸,1599,1630,5,5.png,壁纸合集\EP短片壁纸合集\EP Redreaming Angel复梦天使壁纸\5.png,https://act-upload.mihoyo.com/nap-obc-indep/2026/02/14/73751405/7cfd633de23c8451a03bd0feded9c6c2_3187086297760080270.png,,,
wallpapers,wallpapers|1599|1630|6|https://act-upload.mihoyo.com/nap-obc-indep/2026/02/14/73751405/ea44dec314502dca433bf8dd1c1dded1_7535307068264560433.png,EP短片壁纸合集,EP Redreaming Angel复梦天使壁纸,1599,1630,6,6.png,壁纸合集\EP短片壁纸合集\EP Redreaming Angel复梦天使壁纸\6.png,https://act-upload.mihoyo.com/nap-obc-indep/2026/02/14/73751405/ea44dec314502dca433bf8dd1c1dded1_7535307068264560433.png,,,
wallpapers,wallpapers|1599|1630|7|https://act-upload.mihoyo.com/nap-obc-indep/2026/02/14/73751405/e1c900758059e35242771399998b8020_7670401623509018187.png,EP短片壁纸合集,EP Redreaming Angel复梦天使壁纸,1599,1630,7,7.png,壁纸合集\EP短片壁纸合集\EP Redreaming Angel复梦天使壁纸\7.png,https://act-upload.mihoyo.com/nap-obc-indep/2026/02/14/73751405/e1c900758059e35242771399998b8020_7670401623509018187.png,,,
wallpapers,wallpapers|1599|1630|8|https://act-upload.mihoyo.com/nap-obc-indep/2026/02/14/73751405/2fabe322702980d4e1e7696fb30f9395_4533985713763962438.png,EP短片壁纸合集,EP Redreaming Angel复梦天使壁纸,1599,1630,8,8.png,壁纸合集\EP短片壁纸合集\EP Redreaming Angel复梦天使壁纸\8.png,https://act-upload.mihoyo.com/nap-obc-indep/2026/02/14/73751405/2fabe322702980d4e1e7696fb30f9395_4533985713763962438.png,,,
wallpapers,wallpapers|1599|1630|9|https://act-upload.mihoyo.com/nap-obc-indep/2026/02/14/73751405/cc649488285b3cc8107231dea790fca7_7584381099767570321.png,EP短片壁纸合集,EP Redreaming Angel复梦天使壁纸,1599,1630,9,9.png,壁纸合集\EP短片壁纸合集\EP Redreaming Angel复梦天使壁纸\9.png,https://act-upload.mihoyo.com/nap-obc-indep/2026/02/14/73751405/cc649488285b3cc8107231dea790fca7_7584381099767570321.png,,,
wallpapers,wallpapers|1599|1630|10|https://act-upload.mihoyo.com/nap-obc-indep/2026/02/14/73751405/e33ac9016f2a4843d8b9e5f4351e73ca_5098047307707788022.png,EP短片壁纸合集,EP Redreaming Angel复梦天使壁纸,1599,1630,10,10.png,壁纸合集\EP短片壁纸合集\EP Redreaming Angel复梦天使壁纸\10.png,https://act-upload.mihoyo.com/nap-obc-indep/2026/02/14/73751405/e33ac9016f2a4843d8b9e5f4351e73ca_5098047307707788022.png,,,
wallpapers,wallpapers|1599|1630|11|https://act-upload.mihoyo.com/nap-obc-indep/2026/02/14/73751405/9e33b8a2d5446093ff4d5fc68b4997a6_8888402771915569146.png,EP短片壁纸合集,EP Redreaming Angel复梦天使壁纸,1599,1630,11,11.png,壁纸合集\EP短片壁纸合集\EP Redreaming Angel复梦天使壁纸\11.png,https://act-upload.mihoyo.com/nap-obc-indep/2026/02/14/73751405/9e33b8a2d5446093ff4d5fc68b4997a6_8888402771915569146.png,,,
wallpapers,wallpapers|1599|1630|12|https://act-upload.mihoyo.com/nap-obc-indep/2026/02/14/73751405/7f851367e152bf57e72dd35f62badc5e_6366096594966551366.png,EP短片壁纸合集,EP Redreaming Angel复梦天使壁纸,1599,1630,12,12.png,壁纸合集\EP短片壁纸合集\EP Redreaming Angel复梦天使壁纸\12.png,https://act-upload.mihoyo.com/nap-obc-indep/2026/02/14/73751405/7f851367e152bf57e72dd35f62badc5e_6366096594966551366.png,,,
wallpapers,wallpapers|1599|1630|13|https://act-upload.mihoyo.com/nap-obc-indep/2026/02/14/73751405/35b9f6c43abbe78df6b4f0c91655eab9_2278882529843378850.png,EP短片壁纸合集,EP Redreaming Angel复梦天使壁纸,1599,1630,13,13.png,壁纸合集\EP短片壁纸合集\EP Redreaming Angel复梦天使壁纸\13.png,https://act-upload.mihoyo.com/nap-obc-indep/2026/02/14/73751405/35b9f6c43abbe78df6b4f0c91655eab9_2278882529843378850.png,,,
wallpapers,wallpapers|1599|1630|14|https://act-upload.mihoyo.com/nap-obc-indep/2026/02/14/73751405/d272429b88d6394f640fa8bcbdd9a274_1308030173183751603.png,EP短片壁纸合集,EP Redreaming Angel复梦天使壁纸,1599,1630,14,14.png,壁纸合集\EP短片壁纸合集\EP Redreaming Angel复梦天使壁纸\14.png,https://act-upload.mihoyo.com/nap-obc-indep/2026/02/14/73751405/d272429b88d6394f640fa8bcbdd9a274_1308030173183751603.png,,,
wallpapers,wallpapers|1599|1630|15|https://act-upload.mihoyo.com/nap-obc-indep/2026/02/14/73751405/fe344ccb89228a2dceacccd7b8f7fe82_1228234208726874280.png,EP短片壁纸合集,EP Redreaming Angel复梦天使壁纸,1599,1630,15,15.png,壁纸合集\EP短片壁纸合集\EP Redreaming Angel复梦天使壁纸\15.png,https://act-upload.mihoyo.com/nap-obc-indep/2026/02/14/73751405/fe344ccb89228a2dceacccd7b8f7fe82_1228234208726874280.png,,,
wallpapers,wallpapers|1599|1630|16|https://act-upload.mihoyo.com/nap-obc-indep/2026/02/14/73751405/a1f0967d1f23d3277c7d31f9736e1142_7882476684815809689.png,EP短片壁纸合集,EP Redreaming Angel复梦天使壁纸,1599,1630,16,16.png,壁纸合集\EP短片壁纸合集\EP Redreaming Angel复梦天使壁纸\16.png,https://act-upload.mihoyo.com/nap-obc-indep/2026/02/14/73751405/a1f0967d1f23d3277c7d31f9736e1142_7882476684815809689.png,,,
wallpapers,wallpapers|1599|1630|17|https://act-upload.mihoyo.com/nap-obc-indep/2026/02/14/73751405/28d850daa70676c488b96521c6439ac5_2709977953244910841.png,EP短片壁纸合集,EP Redreaming Angel复梦天使壁纸,1599,1630,17,17.png,壁纸合集\EP短片壁纸合集\EP Redreaming Angel复梦天使壁纸\17.png,https://act-upload.mihoyo.com/nap-obc-indep/2026/02/14/73751405/28d850daa70676c488b96521c6439ac5_2709977953244910841.png,,,
wallpapers,wallpapers|1599|1630|18|https://act-upload.mihoyo.com/nap-obc-indep/2026/02/14/73751405/9d666e2dfb742a371a7cbaf748612b97_8656816442150528366.png,EP短片壁纸合集,EP Redreaming Angel复梦天使壁纸,1599,1630,18,18.png,壁纸合集\EP短片壁纸合集\EP Redreaming Angel复梦天使壁纸\18.png,https://act-upload.mihoyo.com/nap-obc-indep/2026/02/14/73751405/9d666e2dfb742a371a7cbaf748612b97_8656816442150528366.png,,,
wallpapers,wallpapers|1599|1630|19|https://act-upload.mihoyo.com/nap-obc-indep/2026/02/14/73751405/a6b0bbc54aafd39257e3e078ae3cf22e_9123308497347543603.png,EP短片壁纸合集,EP Redreaming Angel复梦天使壁纸,1599,1630,19,19.png,壁纸合集\EP短片壁纸合集\EP Redreaming Angel复梦天使壁纸\19.png,https://act-upload.mihoyo.com/nap-obc-indep/2026/02/14/73751405/a6b0bbc54aafd39257e3e078ae3cf22e_9123308497347543603.png,,,
wallpapers,wallpapers|1599|1630|20|https://act-upload.mihoyo.com/nap-obc-indep/2026/02/14/73751405/bfa1ace0ff5e53baa54c7fcb7cd13fe3_1861247486892928780.png,EP短片壁纸合集,EP Redreaming Angel复梦天使壁纸,1599,1630,20,20.png,壁纸合集\EP短片壁纸合集\EP Redreaming Angel复梦天使壁纸\20.png,https://act-upload.mihoyo.com/nap-obc-indep/2026/02/14/73751405/bfa1ace0ff5e53baa54c7fcb7cd13fe3_1861247486892928780.png,,,
wallpapers,wallpapers|1599|1630|21|https://act-upload.mihoyo.com/nap-obc-indep/2026/02/14/73751405/cdfa94e8709bade235859467bcb82ce5_7050401071462178524.png,EP短片壁纸合集,EP Redreaming Angel复梦天使壁纸,1599,1630,21,21.png,壁纸合集\EP短片壁纸合集\EP Redreaming Angel复梦天使壁纸\21.png,https://act-upload.mihoyo.com/nap-obc-indep/2026/02/14/73751405/cdfa94e8709bade235859467bcb82ce5_7050401071462178524.png,,,
wallpapers,wallpapers|1599|1630|22|https://act-upload.mihoyo.com/nap-obc-indep/2026/02/14/73751405/f7600307d7a9894b092c31d5d4de0c64_1188014396319289996.png,EP短片壁纸合集,EP Redreaming Angel复梦天使壁纸,1599,1630,22,22.png,壁纸合集\EP短片壁纸合集\EP Redreaming Angel复梦天使壁纸\22.png,https://act-upload.mihoyo.com/nap-obc-indep/2026/02/14/73751405/f7600307d7a9894b092c31d5d4de0c64_1188014396319289996.png,,,
wallpapers,wallpapers|1599|1630|23|https://act-upload.mihoyo.com/nap-obc-indep/2026/02/14/73751405/e8ae787516994499241dc57f5dec9e4d_1811684255408000063.png,EP短片壁纸合集,EP Redreaming Angel复梦天使壁纸,1599,1630,23,23.png,壁纸合集\EP短片壁纸合集\EP Redreaming Angel复梦天使壁纸\23.png,https://act-upload.mihoyo.com/nap-obc-indep/2026/02/14/73751405/e8ae787516994499241dc57f5dec9e4d_1811684255408000063.png,,,
wallpapers,wallpapers|1599|1630|24|https://act-upload.mihoyo.com/nap-obc-indep/2026/02/14/73751405/64a666d5e70f5eb3b6e332782b55f06d_8789722545846422213.png,EP短片壁纸合集,EP Redreaming Angel复梦天使壁纸,1599,1630,24,24.png,壁纸合集\EP短片壁纸合集\EP Redreaming Angel复梦天使壁纸\24.png,https://act-upload.mihoyo.com/nap-obc-indep/2026/02/14/73751405/64a666d5e70f5eb3b6e332782b55f06d_8789722545846422213.png,,,
wallpapers,wallpapers|1599|1630|25|https://act-upload.mihoyo.com/nap-obc-indep/2026/02/14/73751405/40889c5bb3008a889c7cffff59afdac7_7259914139896181482.png,EP短片壁纸合集,EP Redreaming Angel复梦天使壁纸,1599,1630,25,25.png,壁纸合集\EP短片壁纸合集\EP Redreaming Angel复梦天使壁纸\25.png,https://act-upload.mihoyo.com/nap-obc-indep/2026/02/14/73751405/40889c5bb3008a889c7cffff59afdac7_7259914139896181482.png,,,
wallpapers,wallpapers|1599|1630|26|https://act-upload.mihoyo.com/nap-obc-indep/2026/02/14/73751405/a6083c7c8c906889d217d3b4e6dd47a9_4457837895476542459.png,EP短片壁纸合集,EP Redreaming Angel复梦天使壁纸,1599,1630,26,26.png,壁纸合集\EP短片壁纸合集\EP Redreaming Angel复梦天使壁纸\26.png,https://act-upload.mihoyo.com/nap-obc-indep/2026/02/14/73751405/a6083c7c8c906889d217d3b4e6dd47a9_4457837895476542459.png,,,
wallpapers,wallpapers|1599|1630|27|https://act-upload.mihoyo.com/nap-obc-indep/2026/02/14/73751405/9bdc9146d0d733ac2c117a35fb33f78a_1308866215806956637.png,EP短片壁纸合集,EP Redreaming Angel复梦天使壁纸,1599,1630,27,27.png,壁纸合集\EP短片壁纸合集\EP Redreaming Angel复梦天使壁纸\27.png,https://act-upload.mihoyo.com/nap-obc-indep/2026/02/14/73751405/9bdc9146d0d733ac2c117a35fb33f78a_1308866215806956637.png,,,
wallpapers,wallpapers|1599|1630|28|https://act-upload.mihoyo.com/nap-obc-indep/2026/02/14/73751405/8926c6ee92a8b6c512eb737a6e4dc50f_8151430637165749060.png,EP短片壁纸合集,EP Redreaming Angel复梦天使壁纸,1599,1630,28,28.png,壁纸合集\EP短片壁纸合集\EP Redreaming Angel复梦天使壁纸\28.png,https://act-upload.mihoyo.com/nap-obc-indep/2026/02/14/73751405/8926c6ee92a8b6c512eb737a6e4dc50f_8151430637165749060.png,,,
wallpapers,wallpapers|1599|1630|29|https://act-upload.mihoyo.com/nap-obc-indep/2026/02/14/73751405/7f5f8691390d0b7a5c1d400ab23a2729_5664417778846610702.png,EP短片壁纸合集,EP Redreaming Angel复梦天使壁纸,1599,1630,29,29.png,壁纸合集\EP短片壁纸合集\EP Redreaming Angel复梦天使壁纸\29.png,https://act-upload.mihoyo.com/nap-obc-indep/2026/02/14/73751405/7f5f8691390d0b7a5c1d400ab23a2729_5664417778846610702.png,,,
wallpapers,wallpapers|1599|1630|30|https://act-upload.mihoyo.com/nap-obc-indep/2026/02/14/73751405/c17a7d27547b714c7e91d2fd86e689bc_4697894594256545225.png,EP短片壁纸合集,EP Redreaming Angel复梦天使壁纸,1599,1630,30,30.png,壁纸合集\EP短片壁纸合集\EP Redreaming Angel复梦天使壁纸\30.png,https://act-upload.mihoyo.com/nap-obc-indep/2026/02/14/73751405/c17a7d27547b714c7e91d2fd86e689bc_4697894594256545225.png,,,
wallpapers,wallpapers|1599|1630|31|https://act-upload.mihoyo.com/nap-obc-indep/2026/02/14/73751405/de1458b7ef3ae60a2e089de802fde2ed_2369957632218635863.png,EP短片壁纸合集,EP Redreaming Angel复梦天使壁纸,1599,1630,31,31.png,壁纸合集\EP短片壁纸合集\EP Redreaming Angel复梦天使壁纸\31.png,https://act-upload.mihoyo.com/nap-obc-indep/2026/02/14/73751405/de1458b7ef3ae60a2e089de802fde2ed_2369957632218635863.png,,,
wallpapers,wallpapers|1599|1630|32|https://act-upload.mihoyo.com/nap-obc-indep/2026/02/14/73751405/ede5cda4dae788083fd106fa946753a7_8175122490189735815.png,EP短片壁纸合集,EP Redreaming Angel复梦天使壁纸,1599,1630,32,32.png,壁纸合集\EP短片壁纸合集\EP Redreaming Angel复梦天使壁纸\32.png,https://act-upload.mihoyo.com/nap-obc-indep/2026/02/14/73751405/ede5cda4dae788083fd106fa946753a7_8175122490189735815.png,,,
wallpapers,wallpapers|1599|1630|33|https://act-upload.mihoyo.com/nap-obc-indep/2026/02/14/73751405/76fcfbe1e069af82d235ee494b1ba9ac_1290944535911968716.png,EP短片壁纸合集,EP Redreaming Angel复梦天使壁纸,1599,1630,33,33.png,壁纸合集\EP短片壁纸合集\EP Redreaming Angel复梦天使壁纸\33.png,https://act-upload.mihoyo.com/nap-obc-indep/2026/02/14/73751405/76fcfbe1e069af82d235ee494b1ba9ac_1290944535911968716.png,,,
wallpapers,wallpapers|1599|1630|34|https://act-upload.mihoyo.com/nap-obc-indep/2026/02/14/73751405/fa64b7825c7b5cb5b3572f66dd43773b_4204604911906781847.png,EP短片壁纸合集,EP Redreaming Angel复梦天使壁纸,1599,1630,34,34.png,壁纸合集\EP短片壁纸合集\EP Redreaming Angel复梦天使壁纸\34.png,https://act-upload.mihoyo.com/nap-obc-indep/2026/02/14/73751405/fa64b7825c7b5cb5b3572f66dd43773b_4204604911906781847.png,,,
wallpapers,wallpapers|1599|1630|35|https://act-upload.mihoyo.com/nap-obc-indep/2026/02/14/73751405/3de1e701aa8c5e78f6f018b01db7f9a4_3404559212129217522.png,EP短片壁纸合集,EP Redreaming Angel复梦天使壁纸,1599,1630,35,35.png,壁纸合集\EP短片壁纸合集\EP Redreaming Angel复梦天使壁纸\35.png,https://act-upload.mihoyo.com/nap-obc-indep/2026/02/14/73751405/3de1e701aa8c5e78f6f018b01db7f9a4_3404559212129217522.png,,,
wallpapers,wallpapers|1599|1630|36|https://act-upload.mihoyo.com/nap-obc-indep/2026/02/14/73751405/77da6fc6ae3bbb946d787bbafdbe6d46_2721883495240355669.png,EP短片壁纸合集,EP Redreaming Angel复梦天使壁纸,1599,1630,36,36.png,壁纸合集\EP短片壁纸合集\EP Redreaming Angel复梦天使壁纸\36.png,https://act-upload.mihoyo.com/nap-obc-indep/2026/02/14/73751405/77da6fc6ae3bbb946d787bbafdbe6d46_2721883495240355669.png,,,
wallpapers,wallpapers|1599|1630|37|https://act-upload.mihoyo.com/nap-obc-indep/2026/02/14/73751405/baffbe6690d7690fc8c6817a3931d61d_8772176415885941882.png,EP短片壁纸合集,EP Redreaming Angel复梦天使壁纸,1599,1630,37,37.png,壁纸合集\EP短片壁纸合集\EP Redreaming Angel复梦天使壁纸\37.png,https://act-upload.mihoyo.com/nap-obc-indep/2026/02/14/73751405/baffbe6690d7690fc8c6817a3931d61d_8772176415885941882.png,,,
wallpapers,wallpapers|1599|1414|1|https://act-upload.mihoyo.com/nap-obc-indep/2025/10/21/73751405/c00ee6f64c69a015a61541325e7d9aed_352499742213171219.png,EP短片壁纸合集,卢西娅EP壁纸(2560x1080),1599,1414,1,1.png,壁纸合集\EP短片壁纸合集\卢西娅EP壁纸(2560x1080)\1.png,https://act-upload.mihoyo.com/nap-obc-indep/2025/10/21/73751405/c00ee6f64c69a015a61541325e7d9aed_352499742213171219.png,,,
wallpapers,wallpapers|1599|1414|2|https://act-upload.mihoyo.com/nap-obc-indep/2025/10/21/73751405/ca9d215f69d9e1ceb2b5dc752c7fbce5_8903892869827853211.png,EP短片壁纸合集,卢西娅EP壁纸(2560x1080),1599,1414,2,2.png,壁纸合集\EP短片壁纸合集\卢西娅EP壁纸(2560x1080)\2.png,https://act-upload.mihoyo.com/nap-obc-indep/2025/10/21/73751405/ca9d215f69d9e1ceb2b5dc752c7fbce5_8903892869827853211.png,,,
wallpapers,wallpapers|1599|1414|3|https://act-upload.mihoyo.com/nap-obc-indep/2025/10/21/73751405/9c11836d57a3c8b7deee302025c14289_7959161075005559336.png,EP短片壁纸合集,卢西娅EP壁纸(2560x1080),1599,1414,3,3.png,壁纸合集\EP短片壁纸合集\卢西娅EP壁纸(2560x1080)\3.png,https://act-upload.mihoyo.com/nap-obc-indep/2025/10/21/73751405/9c11836d57a3c8b7deee302025c14289_7959161075005559336.png,,,
wallpapers,wallpapers|1599|1414|4|https://act-upload.mihoyo.com/nap-obc-indep/2025/10/21/73751405/f5360236562339d63141d13c6b67b7d7_289235801017057504.png,EP短片壁纸合集,卢西娅EP壁纸(2560x1080),1599,1414,4,4.png,壁纸合集\EP短片壁纸合集\卢西娅EP壁纸(2560x1080)\4.png,https://act-upload.mihoyo.com/nap-obc-indep/2025/10/21/73751405/f5360236562339d63141d13c6b67b7d7_289235801017057504.png,,,
wallpapers,wallpapers|1599|1414|5|https://act-upload.mihoyo.com/nap-obc-indep/2025/10/21/73751405/05533ba85e18826ca43822be640e0ae3_1476493744955150269.png,EP短片壁纸合集,卢西娅EP壁纸(2560x1080),1599,1414,5,5.png,壁纸合集\EP短片壁纸合集\卢西娅EP壁纸(2560x1080)\5.png,https://act-upload.mihoyo.com/nap-obc-indep/2025/10/21/73751405/05533ba85e18826ca43822be640e0ae3_1476493744955150269.png,,,
wallpapers,wallpapers|1599|1414|6|https://act-upload.mihoyo.com/nap-obc-indep/2025/10/21/73751405/436babf1dda32b55581f88d43813f002_74194735102963822.png,EP短片壁纸合集,卢西娅EP壁纸(2560x1080),1599,1414,6,6.png,壁纸合集\EP短片壁纸合集\卢西娅EP壁纸(2560x1080)\6.png,https://act-upload.mihoyo.com/nap-obc-indep/2025/10/21/73751405/436babf1dda32b55581f88d43813f002_74194735102963822.png,,,
wallpapers,wallpapers|1599|1414|7|https://act-upload.mihoyo.com/nap-obc-indep/2025/10/21/73751405/9d1e1d825546dbcb8779753a1ef10b5e_6682044276888918840.png,EP短片壁纸合集,卢西娅EP壁纸(2560x1080),1599,1414,7,7.png,壁纸合集\EP短片壁纸合集\卢西娅EP壁纸(2560x1080)\7.png,https://act-upload.mihoyo.com/nap-obc-indep/2025/10/21/73751405/9d1e1d825546dbcb8779753a1ef10b5e_6682044276888918840.png,,,
wallpapers,wallpapers|1599|1414|8|https://act-upload.mihoyo.com/nap-obc-indep/2025/10/21/73751405/0d583c7869f972656cb05bedd6d2a651_6931540282871132770.png,EP短片壁纸合集,卢西娅EP壁纸(2560x1080),1599,1414,8,8.png,壁纸合集\EP短片壁纸合集\卢西娅EP壁纸(2560x1080)\8.png,https://act-upload.mihoyo.com/nap-obc-indep/2025/10/21/73751405/0d583c7869f972656cb05bedd6d2a651_6931540282871132770.png,,,
wallpapers,wallpapers|1599|1414|9|https://act-upload.mihoyo.com/nap-obc-indep/2025/10/21/73751405/6c1a596a56fd4209750137402609e61e_8848739508027418664.png,EP短片壁纸合集,卢西娅EP壁纸(2560x1080),1599,1414,9,9.png,壁纸合集\EP短片壁纸合集\卢西娅EP壁纸(2560x1080)\9.png,https://act-upload.mihoyo.com/nap-obc-indep/2025/10/21/73751405/6c1a596a56fd4209750137402609e61e_8848739508027418664.png,,,
wallpapers,wallpapers|1599|1414|10|https://act-upload.mihoyo.com/nap-obc-indep/2025/10/21/73751405/b9cafc35e568f1b9776a7a0cb74cc082_2134876960955315146.png,EP短片壁纸合集,卢西娅EP壁纸(2560x1080),1599,1414,10,10.png,壁纸合集\EP短片壁纸合集\卢西娅EP壁纸(2560x1080)\10.png,https://act-upload.mihoyo.com/nap-obc-indep/2025/10/21/73751405/b9cafc35e568f1b9776a7a0cb74cc082_2134876960955315146.png,,,
wallpapers,wallpapers|1599|1414|11|https://act-upload.mihoyo.com/nap-obc-indep/2025/10/21/73751405/41e893df4bbd955f6e78ae3d14f23bde_8142181342047743171.png,EP短片壁纸合集,卢西娅EP壁纸(2560x1080),1599,1414,11,11.png,壁纸合集\EP短片壁纸合集\卢西娅EP壁纸(2560x1080)\11.png,https://act-upload.mihoyo.com/nap-obc-indep/2025/10/21/73751405/41e893df4bbd955f6e78ae3d14f23bde_8142181342047743171.png,,,
wallpapers,wallpapers|1599|1414|12|https://act-upload.mihoyo.com/nap-obc-indep/2025/10/21/73751405/2b5e31e55580f0bc3e2640cd691e451c_3925029520095058994.png,EP短片壁纸合集,卢西娅EP壁纸(2560x1080),1599,1414,12,12.png,壁纸合集\EP短片壁纸合集\卢西娅EP壁纸(2560x1080)\12.png,https://act-upload.mihoyo.com/nap-obc-indep/2025/10/21/73751405/2b5e31e55580f0bc3e2640cd691e451c_3925029520095058994.png,,,
wallpapers,wallpapers|1599|1414|13|https://act-upload.mihoyo.com/nap-obc-indep/2025/10/21/73751405/60af0675169eaf46a0c08052c61bdb55_23760672719911390.png,EP短片壁纸合集,卢西娅EP壁纸(2560x1080),1599,1414,13,13.png,壁纸合集\EP短片壁纸合集\卢西娅EP壁纸(2560x1080)\13.png,https://act-upload.mihoyo.com/nap-obc-indep/2025/10/21/73751405/60af0675169eaf46a0c08052c61bdb55_23760672719911390.png,,,
wallpapers,wallpapers|1599|1414|14|https://act-upload.mihoyo.com/nap-obc-indep/2025/10/21/73751405/bd4d1d1ada348bb75344db22007f6471_7134946112577119189.png,EP短片壁纸合集,卢西娅EP壁纸(2560x1080),1599,1414,14,14.png,壁纸合集\EP短片壁纸合集\卢西娅EP壁纸(2560x1080)\14.png,https://act-upload.mihoyo.com/nap-obc-indep/2025/10/21/73751405/bd4d1d1ada348bb75344db22007f6471_7134946112577119189.png,,,
wallpapers,wallpapers|1599|1414|15|https://act-upload.mihoyo.com/nap-obc-indep/2025/10/21/73751405/fe53272027fc4575afcc05bafdb97e4d_6595793586082147115.png,EP短片壁纸合集,卢西娅EP壁纸(2560x1080),1599,1414,15,15.png,壁纸合集\EP短片壁纸合集\卢西娅EP壁纸(2560x1080)\15.png,https://act-upload.mihoyo.com/nap-obc-indep/2025/10/21/73751405/fe53272027fc4575afcc05bafdb97e4d_6595793586082147115.png,,,
wallpapers,wallpapers|1599|1414|16|https://act-upload.mihoyo.com/nap-obc-indep/2025/10/21/73751405/e4febaf66cfc43b9dba3b83c2fc3a9c0_4844886462638539526.png,EP短片壁纸合集,卢西娅EP壁纸(2560x1080),1599,1414,16,16.png,壁纸合集\EP短片壁纸合集\卢西娅EP壁纸(2560x1080)\16.png,https://act-upload.mihoyo.com/nap-obc-indep/2025/10/21/73751405/e4febaf66cfc43b9dba3b83c2fc3a9c0_4844886462638539526.png,,,
wallpapers,wallpapers|1599|1414|17|https://act-upload.mihoyo.com/nap-obc-indep/2025/10/21/73751405/13f238e01ea9b52c08f5c860b48d0d0f_859220502848651643.png,EP短片壁纸合集,卢西娅EP壁纸(2560x1080),1599,1414,17,17.png,壁纸合集\EP短片壁纸合集\卢西娅EP壁纸(2560x1080)\17.png,https://act-upload.mihoyo.com/nap-obc-indep/2025/10/21/73751405/13f238e01ea9b52c08f5c860b48d0d0f_859220502848651643.png,,,
wallpapers,wallpapers|1599|1414|18|https://act-upload.mihoyo.com/nap-obc-indep/2025/10/21/73751405/9aaa07fc804c7d43473180d289a1278a_1321789488528669841.png,EP短片壁纸合集,卢西娅EP壁纸(2560x1080),1599,1414,18,18.png,壁纸合集\EP短片壁纸合集\卢西娅EP壁纸(2560x1080)\18.png,https://act-upload.mihoyo.com/nap-obc-indep/2025/10/21/73751405/9aaa07fc804c7d43473180d289a1278a_1321789488528669841.png,,,
wallpapers,wallpapers|1599|1414|19|https://act-upload.mihoyo.com/nap-obc-indep/2025/10/21/73751405/7eb2d4f3c7a805648aa4f26e843d7579_1976870482528679543.png,EP短片壁纸合集,卢西娅EP壁纸(2560x1080),1599,1414,19,19.png,壁纸合集\EP短片壁纸合集\卢西娅EP壁纸(2560x1080)\19.png,https://act-upload.mihoyo.com/nap-obc-indep/2025/10/21/73751405/7eb2d4f3c7a805648aa4f26e843d7579_1976870482528679543.png,,,
wallpapers,wallpapers|1599|1414|20|https://act-upload.mihoyo.com/nap-obc-indep/2025/10/21/73751405/4054d785a168bff8a0f7520c5ce23f32_6413395596574279009.png,EP短片壁纸合集,卢西娅EP壁纸(2560x1080),1599,1414,20,20.png,壁纸合集\EP短片壁纸合集\卢西娅EP壁纸(2560x1080)\20.png,https://act-upload.mihoyo.com/nap-obc-indep/2025/10/21/73751405/4054d785a168bff8a0f7520c5ce23f32_6413395596574279009.png,,,
wallpapers,wallpapers|1599|1414|21|https://act-upload.mihoyo.com/nap-obc-indep/2025/10/21/73751405/ca986636a3efb8b38f022c0cfe27427d_73051516040889126.png,EP短片壁纸合集,卢西娅EP壁纸(2560x1080),1599,1414,21,21.png,壁纸合集\EP短片壁纸合集\卢西娅EP壁纸(2560x1080)\21.png,https://act-upload.mihoyo.com/nap-obc-indep/2025/10/21/73751405/ca986636a3efb8b38f022c0cfe27427d_73051516040889126.png,,,
wallpapers,wallpapers|1599|1414|22|https://act-upload.mihoyo.com/nap-obc-indep/2025/10/21/73751405/0230ef96feb09107ccd948311856d9d1_6430086259017888364.png,EP短片壁纸合集,卢西娅EP壁纸(2560x1080),1599,1414,22,22.png,壁纸合集\EP短片壁纸合集\卢西娅EP壁纸(2560x1080)\22.png,https://act-upload.mihoyo.com/nap-obc-indep/2025/10/21/73751405/0230ef96feb09107ccd948311856d9d1_6430086259017888364.png,,,
wallpapers,wallpapers|1599|1414|23|https://act-upload.mihoyo.com/nap-obc-indep/2025/10/21/73751405/a230ffbd3ee451245d366ca99626d498_422283006826990547.png,EP短片壁纸合集,卢西娅EP壁纸(2560x1080),1599,1414,23,23.png,壁纸合集\EP短片壁纸合集\卢西娅EP壁纸(2560x1080)\23.png,https://act-upload.mihoyo.com/nap-obc-indep/2025/10/21/73751405/a230ffbd3ee451245d366ca99626d498_422283006826990547.png,,,
wallpapers,wallpapers|1599|1414|24|https://act-upload.mihoyo.com/nap-obc-indep/2025/10/21/73751405/febf5bb13c2ebef8fec532c4a49830d3_7292728356616722024.png,EP短片壁纸合集,卢西娅EP壁纸(2560x1080),1599,1414,24,24.png,壁纸合集\EP短片壁纸合集\卢西娅EP壁纸(2560x1080)\24.png,https://act-upload.mihoyo.com/nap-obc-indep/2025/10/21/73751405/febf5bb13c2ebef8fec532c4a49830d3_7292728356616722024.png,,,
wallpapers,wallpapers|1599|1414|25|https://act-upload.mihoyo.com/nap-obc-indep/2025/10/21/73751405/7a8053f9b3fa53909dc36575eb6e5148_912293914251719750.png,EP短片壁纸合集,卢西娅EP壁纸(2560x1080),1599,1414,25,25.png,壁纸合集\EP短片壁纸合集\卢西娅EP壁纸(2560x1080)\25.png,https://act-upload.mihoyo.com/nap-obc-indep/2025/10/21/73751405/7a8053f9b3fa53909dc36575eb6e5148_912293914251719750.png,,,
wallpapers,wallpapers|1599|1414|26|https://act-upload.mihoyo.com/nap-obc-indep/2025/10/21/73751405/6e643b80f612aad43ce873540a609e91_9122160133263671072.png,EP短片壁纸合集,卢西娅EP壁纸(2560x1080),1599,1414,26,26.png,壁纸合集\EP短片壁纸合集\卢西娅EP壁纸(2560x1080)\26.png,https://act-upload.mihoyo.com/nap-obc-indep/2025/10/21/73751405/6e643b80f612aad43ce873540a609e91_9122160133263671072.png,,,
wallpapers,wallpapers|1599|1414|27|https://act-upload.mihoyo.com/nap-obc-indep/2025/10/21/73751405/be548d3653d51e89950b3ca352d421d5_8347434015594682339.png,EP短片壁纸合集,卢西娅EP壁纸(2560x1080),1599,1414,27,27.png,壁纸合集\EP短片壁纸合集\卢西娅EP壁纸(2560x1080)\27.png,https://act-upload.mihoyo.com/nap-obc-indep/2025/10/21/73751405/be548d3653d51e89950b3ca352d421d5_8347434015594682339.png,,,
wallpapers,wallpapers|1599|1414|28|https://act-upload.mihoyo.com/nap-obc-indep/2025/10/21/73751405/2d0fc42fca9f670040af3da5feb5be46_2649005083087919099.png,EP短片壁纸合集,卢西娅EP壁纸(2560x1080),1599,1414,28,28.png,壁纸合集\EP短片壁纸合集\卢西娅EP壁纸(2560x1080)\28.png,https://act-upload.mihoyo.com/nap-obc-indep/2025/10/21/73751405/2d0fc42fca9f670040af3da5feb5be46_2649005083087919099.png,,,
wallpapers,wallpapers|1599|1414|29|https://act-upload.mihoyo.com/nap-obc-indep/2025/10/21/73751405/1304a202537860f455f39404dea65538_8753041258080253571.png,EP短片壁纸合集,卢西娅EP壁纸(2560x1080),1599,1414,29,29.png,壁纸合集\EP短片壁纸合集\卢西娅EP壁纸(2560x1080)\29.png,https://act-upload.mihoyo.com/nap-obc-indep/2025/10/21/73751405/1304a202537860f455f39404dea65538_8753041258080253571.png,,,
wallpapers,wallpapers|1599|1414|30|https://act-upload.mihoyo.com/nap-obc-indep/2025/10/21/73751405/0564f89e7dd7b1e6d8b0d168fbbbde62_3043463342453764781.png,EP短片壁纸合集,卢西娅EP壁纸(2560x1080),1599,1414,30,30.png,壁纸合集\EP短片壁纸合集\卢西娅EP壁纸(2560x1080)\30.png,https://act-upload.mihoyo.com/nap-obc-indep/2025/10/21/73751405/0564f89e7dd7b1e6d8b0d168fbbbde62_3043463342453764781.png,,,
wallpapers,wallpapers|1599|1414|31|https://act-upload.mihoyo.com/nap-obc-indep/2025/10/21/73751405/d321929105626a5a91fd3d757b0c9221_8985731298150263618.png,EP短片壁纸合集,卢西娅EP壁纸(2560x1080),1599,1414,31,31.png,壁纸合集\EP短片壁纸合集\卢西娅EP壁纸(2560x1080)\31.png,https://act-upload.mihoyo.com/nap-obc-indep/2025/10/21/73751405/d321929105626a5a91fd3d757b0c9221_8985731298150263618.png,,,
wallpapers,wallpapers|1599|1414|32|https://act-upload.mihoyo.com/nap-obc-indep/2025/10/21/73751405/7d5ad4cf2fe8c5a2ccb6264e3e95d811_456912782206148033.png,EP短片壁纸合集,卢西娅EP壁纸(2560x1080),1599,1414,32,32.png,壁纸合集\EP短片壁纸合集\卢西娅EP壁纸(2560x1080)\32.png,https://act-upload.mihoyo.com/nap-obc-indep/2025/10/21/73751405/7d5ad4cf2fe8c5a2ccb6264e3e95d811_456912782206148033.png,,,
wallpapers,wallpapers|1599|1414|33|https://act-upload.mihoyo.com/nap-obc-indep/2025/10/21/73751405/88324a7247781d3e53181b445ae26368_5756702875808173687.png,EP短片壁纸合集,卢西娅EP壁纸(2560x1080),1599,1414,33,33.png,壁纸合集\EP短片壁纸合集\卢西娅EP壁纸(2560x1080)\33.png,https://act-upload.mihoyo.com/nap-obc-indep/2025/10/21/73751405/88324a7247781d3e53181b445ae26368_5756702875808173687.png,,,
wallpapers,wallpapers|1599|1414|34|https://act-upload.mihoyo.com/nap-obc-indep/2025/10/21/73751405/ac0f06078d674964674f8cb5fe058ffd_7270726721923288818.png,EP短片壁纸合集,卢西娅EP壁纸(2560x1080),1599,1414,34,34.png,壁纸合集\EP短片壁纸合集\卢西娅EP壁纸(2560x1080)\34.png,https://act-upload.mihoyo.com/nap-obc-indep/2025/10/21/73751405/ac0f06078d674964674f8cb5fe058ffd_7270726721923288818.png,,,
wallpapers,wallpapers|1599|1414|35|https://act-upload.mihoyo.com/nap-obc-indep/2025/10/21/73751405/b9539266e2accae9f39b01105cbce988_1919021850000886073.png,EP短片壁纸合集,卢西娅EP壁纸(2560x1080),1599,1414,35,35.png,壁纸合集\EP短片壁纸合集\卢西娅EP壁纸(2560x1080)\35.png,https://act-upload.mihoyo.com/nap-obc-indep/2025/10/21/73751405/b9539266e2accae9f39b01105cbce988_1919021850000886073.png,,,
wallpapers,wallpapers|1599|1414|36|https://act-upload.mihoyo.com/nap-obc-indep/2025/10/21/73751405/9a994bd10f811b038b7cf46489a708a4_5429399296155701933.png,EP短片壁纸合集,卢西娅EP壁纸(2560x1080),1599,1414,36,36.png,壁纸合集\EP短片壁纸合集\卢西娅EP壁纸(2560x1080)\36.png,https://act-upload.mihoyo.com/nap-obc-indep/2025/10/21/73751405/9a994bd10f811b038b7cf46489a708a4_5429399296155701933.png,,,
wallpapers,wallpapers|1599|1414|37|https://act-upload.mihoyo.com/nap-obc-indep/2025/10/21/73751405/2e840789bdbf6384f659da50d2d75e38_2080435149756741540.png,EP短片壁纸合集,卢西娅EP壁纸(2560x1080),1599,1414,37,37.png,壁纸合集\EP短片壁纸合集\卢西娅EP壁纸(2560x1080)\37.png,https://act-upload.mihoyo.com/nap-obc-indep/2025/10/21/73751405/2e840789bdbf6384f659da50d2d75e38_2080435149756741540.png,,,
wallpapers,wallpapers|1599|1414|38|https://act-upload.mihoyo.com/nap-obc-indep/2025/10/21/73751405/fb1ef7349cca3f9e300c805dd1703cc3_2671128975437876687.png,EP短片壁纸合集,卢西娅EP壁纸(2560x1080),1599,1414,38,38.png,壁纸合集\EP短片壁纸合集\卢西娅EP壁纸(2560x1080)\38.png,https://act-upload.mihoyo.com/nap-obc-indep/2025/10/21/73751405/fb1ef7349cca3f9e300c805dd1703cc3_2671128975437876687.png,,,
wallpapers,wallpapers|1599|1414|39|https://act-upload.mihoyo.com/nap-obc-indep/2025/10/21/73751405/a290b518dc05145e5af884dfdae2993f_7164743493176766820.png,EP短片壁纸合集,卢西娅EP壁纸(2560x1080),1599,1414,39,39.png,壁纸合集\EP短片壁纸合集\卢西娅EP壁纸(2560x1080)\39.png,https://act-upload.mihoyo.com/nap-obc-indep/2025/10/21/73751405/a290b518dc05145e5af884dfdae2993f_7164743493176766820.png,,,
wallpapers,wallpapers|1599|1414|40|https://act-upload.mihoyo.com/nap-obc-indep/2025/10/21/73751405/a3986ef5549048c944f72701280f514b_3965570769997707558.png,EP短片壁纸合集,卢西娅EP壁纸(2560x1080),1599,1414,40,40.png,壁纸合集\EP短片壁纸合集\卢西娅EP壁纸(2560x1080)\40.png,https://act-upload.mihoyo.com/nap-obc-indep/2025/10/21/73751405/a3986ef5549048c944f72701280f514b_3965570769997707558.png,,,
wallpapers,wallpapers|1599|1414|41|https://act-upload.mihoyo.com/nap-obc-indep/2025/10/21/73751405/13c72caa3674940bd9a85fcd62fe7453_2901879938642981615.png,EP短片壁纸合集,卢西娅EP壁纸(2560x1080),1599,1414,41,41.png,壁纸合集\EP短片壁纸合集\卢西娅EP壁纸(2560x1080)\41.png,https://act-upload.mihoyo.com/nap-obc-indep/2025/10/21/73751405/13c72caa3674940bd9a85fcd62fe7453_2901879938642981615.png,,,
wallpapers,wallpapers|1599|1414|42|https://act-upload.mihoyo.com/nap-obc-indep/2025/10/21/73751405/037c8162e55b8506badede69921abd20_3731548075301021025.png,EP短片壁纸合集,卢西娅EP壁纸(2560x1080),1599,1414,42,42.png,壁纸合集\EP短片壁纸合集\卢西娅EP壁纸(2560x1080)\42.png,https://act-upload.mihoyo.com/nap-obc-indep/2025/10/21/73751405/037c8162e55b8506badede69921abd20_3731548075301021025.png,,,
wallpapers,wallpapers|1599|1414|43|https://act-upload.mihoyo.com/nap-obc-indep/2025/10/21/73751405/29cffca0df2b2da2c3320e3c7be505d0_1806802215033940104.png,EP短片壁纸合集,卢西娅EP壁纸(2560x1080),1599,1414,43,43.png,壁纸合集\EP短片壁纸合集\卢西娅EP壁纸(2560x1080)\43.png,https://act-upload.mihoyo.com/nap-obc-indep/2025/10/21/73751405/29cffca0df2b2da2c3320e3c7be505d0_1806802215033940104.png,,,
wallpapers,wallpapers|1599|1414|44|https://act-upload.mihoyo.com/nap-obc-indep/2025/10/21/73751405/fda13e990ccdf8c34750aed14a090d07_4201644383670151390.png,EP短片壁纸合集,卢西娅EP壁纸(2560x1080),1599,1414,44,44.png,壁纸合集\EP短片壁纸合集\卢西娅EP壁纸(2560x1080)\44.png,https://act-upload.mihoyo.com/nap-obc-indep/2025/10/21/73751405/fda13e990ccdf8c34750aed14a090d07_4201644383670151390.png,,,
wallpapers,wallpapers|1599|1414|45|https://act-upload.mihoyo.com/nap-obc-indep/2025/10/21/73751405/05567be1d4a8831ab5facf8adb3b87eb_2234000928036087454.png,EP短片壁纸合集,卢西娅EP壁纸(2560x1080),1599,1414,45,45.png,壁纸合集\EP短片壁纸合集\卢西娅EP壁纸(2560x1080)\45.png,https://act-upload.mihoyo.com/nap-obc-indep/2025/10/21/73751405/05567be1d4a8831ab5facf8adb3b87eb_2234000928036087454.png,,,
wallpapers,wallpapers|1599|1414|46|https://act-upload.mihoyo.com/nap-obc-indep/2025/10/21/73751405/5f3c9e2d562edb3abd4bfe7c22bdf8f5_624740863174841333.png,EP短片壁纸合集,卢西娅EP壁纸(2560x1080),1599,1414,46,46.png,壁纸合集\EP短片壁纸合集\卢西娅EP壁纸(2560x1080)\46.png,https://act-upload.mihoyo.com/nap-obc-indep/2025/10/21/73751405/5f3c9e2d562edb3abd4bfe7c22bdf8f5_624740863174841333.png,,,
wallpapers,wallpapers|1599|1414|47|https://act-upload.mihoyo.com/nap-obc-indep/2025/10/21/73751405/10d10ba29b37fd177299b774811d4b4f_6755466881483563899.png,EP短片壁纸合集,卢西娅EP壁纸(2560x1080),1599,1414,47,47.png,壁纸合集\EP短片壁纸合集\卢西娅EP壁纸(2560x1080)\47.png,https://act-upload.mihoyo.com/nap-obc-indep/2025/10/21/73751405/10d10ba29b37fd177299b774811d4b4f_6755466881483563899.png,,,
wallpapers,wallpapers|1127|924|「厄匹斯极钓大师赛」活动壁纸|https://act-upload.mihoyo.com/nap-obc-indep/2025/02/21/76099754/dd53a30b3d7a96d084f88e77c56cf36d_2453874659596811262.mp4,动态壁纸合集,,1127,924,「厄匹斯极钓大师赛」活动壁纸,「厄匹斯极钓大师赛」活动壁纸.mp4,壁纸合集\动态壁纸合集\「厄匹斯极钓大师赛」活动壁纸.mp4,https://act-upload.mihoyo.com/nap-obc-indep/2025/02/21/76099754/dd53a30b3d7a96d084f88e77c56cf36d_2453874659596811262.mp4,,,
wallpapers,wallpapers|1127|1403|卢西娅「未眠的絮语」直播-动态壁纸Ⅰ|https://act-upload.mihoyo.com/nap-obc-indep/2025/10/21/73751405/e7bd175aede82acfdabf2b9f30bb699a_6071900828974355725.mp4,动态壁纸合集,,1127,1403,卢西娅「未眠的絮语」直播-动态壁纸Ⅰ,卢西娅「未眠的絮语」直播-动态壁纸Ⅰ.mp4,壁纸合集\动态壁纸合集\卢西娅「未眠的絮语」直播-动态壁纸Ⅰ.mp4,https://act-upload.mihoyo.com/nap-obc-indep/2025/10/21/73751405/e7bd175aede82acfdabf2b9f30bb699a_6071900828974355725.mp4,,,
wallpapers,wallpapers|1127|1673|妄想进行时|https://act-upload.mihoyo.com/nap-obc-indep/2026/04/21/73751405/7bd5446d3af0e91c106116f163c75351_4152873131957588510.mp4,动态壁纸合集,,1127,1673,妄想进行时,妄想进行时.mp4,壁纸合集\动态壁纸合集\妄想进行时.mp4,https://act-upload.mihoyo.com/nap-obc-indep/2026/04/21/73751405/7bd5446d3af0e91c106116f163c75351_4152873131957588510.mp4,,,
wallpapers,wallpapers|1127|1407|卢西娅「未眠的絮语」直播-动态壁纸Ⅱ|https://act-upload.mihoyo.com/nap-obc-indep/2025/10/21/73751405/24526cd0bf3debd02bbb546c614cb536_6416520530073840074.mp4,动态壁纸合集,,1127,1407,卢西娅「未眠的絮语」直播-动态壁纸Ⅱ,卢西娅「未眠的絮语」直播-动态壁纸Ⅱ.mp4,壁纸合集\动态壁纸合集\卢西娅「未眠的絮语」直播-动态壁纸Ⅱ.mp4,https://act-upload.mihoyo.com/nap-obc-indep/2025/10/21/73751405/24526cd0bf3debd02bbb546c614cb536_6416520530073840074.mp4,,,
wallpapers,wallpapers|1127|1236|「嗯呢棋闻录」活动壁纸|https://act-upload.mihoyo.com/nap-obc-indep/2025/08/07/76099754/4edf2893612a1105cd4380ada657a207_187723558528396273.mp4,动态壁纸合集,,1127,1236,「嗯呢棋闻录」活动壁纸,「嗯呢棋闻录」活动壁纸.mp4,壁纸合集\动态壁纸合集\「嗯呢棋闻录」活动壁纸.mp4,https://act-upload.mihoyo.com/nap-obc-indep/2025/08/07/76099754/4edf2893612a1105cd4380ada657a207_187723558528396273.mp4,,,
wallpapers,wallpapers|1127|1409|卢西娅「未眠的絮语」直播-动态壁纸Ⅲ|https://act-upload.mihoyo.com/nap-obc-indep/2025/10/21/73751405/9a783162457582fb4847892e587e28fc_1641493292225332358.mp4,动态壁纸合集,,1127,1409,卢西娅「未眠的絮语」直播-动态壁纸Ⅲ,卢西娅「未眠的絮语」直播-动态壁纸Ⅲ.mp4,壁纸合集\动态壁纸合集\卢西娅「未眠的絮语」直播-动态壁纸Ⅲ.mp4,https://act-upload.mihoyo.com/nap-obc-indep/2025/10/21/73751405/9a783162457582fb4847892e587e28fc_1641493292225332358.mp4,,,
wallpapers,wallpapers|1127|1411|卢西娅「未眠的絮语」直播-动态壁纸Ⅳ|https://act-upload.mihoyo.com/nap-obc-indep/2025/10/21/73751405/a34a083a40120ae234a761de804265ad_252853731328677318.mp4,动态壁纸合集,,1127,1411,卢西娅「未眠的絮语」直播-动态壁纸Ⅳ,卢西娅「未眠的絮语」直播-动态壁纸Ⅳ.mp4,壁纸合集\动态壁纸合集\卢西娅「未眠的絮语」直播-动态壁纸Ⅳ.mp4,https://act-upload.mihoyo.com/nap-obc-indep/2025/10/21/73751405/a34a083a40120ae234a761de804265ad_252853731328677318.mp4,,,
wallpapers,wallpapers|1127|1401|「若能化作天琴」动态壁纸|https://act-upload.mihoyo.com/nap-obc-indep/2025/10/21/73751405/80f2e6c9a9814146b260476416b37bfb_2088333385159485535.mp4,动态壁纸合集,,1127,1401,「若能化作天琴」动态壁纸,「若能化作天琴」动态壁纸.mp4,壁纸合集\动态壁纸合集\「若能化作天琴」动态壁纸.mp4,https://act-upload.mihoyo.com/nap-obc-indep/2025/10/21/73751405/80f2e6c9a9814146b260476416b37bfb_2088333385159485535.mp4,,,
wallpapers,wallpapers|1085|1070|1(2560x1080)|https://act-upload.mihoyo.com/nap-obc-indep/2025/05/13/73751405/1eaee2f2bc380562475009635f9aefe3_3068717576582020024.jpg,EP短片壁纸合集,零号·安比角色PV&角色展示壁纸,1085,1070,1(2560x1080),1(2560x1080).jpg,壁纸合集\EP短片壁纸合集\零号·安比角色PV&角色展示壁纸\1(2560x1080).jpg,https://act-upload.mihoyo.com/nap-obc-indep/2025/05/13/73751405/1eaee2f2bc380562475009635f9aefe3_3068717576582020024.jpg,,,
wallpapers,wallpapers|1085|1070|1(3840x2160)|https://act-upload.mihoyo.com/nap-obc-indep/2025/05/13/73751405/2c8d03cc2306c6077f320267657d0dc3_5318925881633242883.jpg,EP短片壁纸合集,零号·安比角色PV&角色展示壁纸,1085,1070,1(3840x2160),1(3840x2160).jpg,壁纸合集\EP短片壁纸合集\零号·安比角色PV&角色展示壁纸\1(3840x2160).jpg,https://act-upload.mihoyo.com/nap-obc-indep/2025/05/13/73751405/2c8d03cc2306c6077f320267657d0dc3_5318925881633242883.jpg,,,
wallpapers,wallpapers|1085|1070|2(2560x1080)|https://act-upload.mihoyo.com/nap-obc-indep/2025/05/13/73751405/6006fe2bda225b3df24b62ce1a795b92_8283696531720165248.jpg,EP短片壁纸合集,零号·安比角色PV&角色展示壁纸,1085,1070,2(2560x1080),2(2560x1080).jpg,壁纸合集\EP短片壁纸合集\零号·安比角色PV&角色展示壁纸\2(2560x1080).jpg,https://act-upload.mihoyo.com/nap-obc-indep/2025/05/13/73751405/6006fe2bda225b3df24b62ce1a795b92_8283696531720165248.jpg,,,
wallpapers,wallpapers|1085|1070|2(3840x2160)|https://act-upload.mihoyo.com/nap-obc-indep/2025/05/13/73751405/2ef917c8f310a45d8a2b5d9786baba92_8353102090853352018.jpg,EP短片壁纸合集,零号·安比角色PV&角色展示壁纸,1085,1070,2(3840x2160),2(3840x2160).jpg,壁纸合集\EP短片壁纸合集\零号·安比角色PV&角色展示壁纸\2(3840x2160).jpg,https://act-upload.mihoyo.com/nap-obc-indep/2025/05/13/73751405/2ef917c8f310a45d8a2b5d9786baba92_8353102090853352018.jpg,,,
wallpapers,wallpapers|1085|1070|3(2560x1080)|https://act-upload.mihoyo.com/nap-obc-indep/2025/05/13/73751405/a0afb9cf5e33bd8660696da997b83604_3373781586343836008.jpg,EP短片壁纸合集,零号·安比角色PV&角色展示壁纸,1085,1070,3(2560x1080),3(2560x1080).jpg,壁纸合集\EP短片壁纸合集\零号·安比角色PV&角色展示壁纸\3(2560x1080).jpg,https://act-upload.mihoyo.com/nap-obc-indep/2025/05/13/73751405/a0afb9cf5e33bd8660696da997b83604_3373781586343836008.jpg,,,
wallpapers,wallpapers|1085|1070|3(3840x2160)|https://act-upload.mihoyo.com/nap-obc-indep/2025/05/13/73751405/aca96e2d350df91be2061bf4ef0f30bd_6178656212895686258.jpg,EP短片壁纸合集,零号·安比角色PV&角色展示壁纸,1085,1070,3(3840x2160),3(3840x2160).jpg,壁纸合集\EP短片壁纸合集\零号·安比角色PV&角色展示壁纸\3(3840x2160).jpg,https://act-upload.mihoyo.com/nap-obc-indep/2025/05/13/73751405/aca96e2d350df91be2061bf4ef0f30bd_6178656212895686258.jpg,,,
wallpapers,wallpapers|1085|1070|4(2560x1080)|https://act-upload.mihoyo.com/nap-obc-indep/2025/05/13/73751405/ba810af32fd2a0b6a5ac08e244d42261_6435001580335480681.jpg,EP短片壁纸合集,零号·安比角色PV&角色展示壁纸,1085,1070,4(2560x1080),4(2560x1080).jpg,壁纸合集\EP短片壁纸合集\零号·安比角色PV&角色展示壁纸\4(2560x1080).jpg,https://act-upload.mihoyo.com/nap-obc-indep/2025/05/13/73751405/ba810af32fd2a0b6a5ac08e244d42261_6435001580335480681.jpg,,,
wallpapers,wallpapers|1085|1070|4(3840x2160)|https://act-upload.mihoyo.com/nap-obc-indep/2025/05/13/73751405/f026b7c39556e634f7b186c7f60eeeb1_7795667241744934092.jpg,EP短片壁纸合集,零号·安比角色PV&角色展示壁纸,1085,1070,4(3840x2160),4(3840x2160).jpg,壁纸合集\EP短片壁纸合集\零号·安比角色PV&角色展示壁纸\4(3840x2160).jpg,https://act-upload.mihoyo.com/nap-obc-indep/2025/05/13/73751405/f026b7c39556e634f7b186c7f60eeeb1_7795667241744934092.jpg,,,
wallpapers,wallpapers|1085|1070|5(2560x1080)|https://act-upload.mihoyo.com/nap-obc-indep/2025/05/13/73751405/65b582f37af66f6e3105b7674f360964_6759098670509041661.jpg,EP短片壁纸合集,零号·安比角色PV&角色展示壁纸,1085,1070,5(2560x1080),5(2560x1080).jpg,壁纸合集\EP短片壁纸合集\零号·安比角色PV&角色展示壁纸\5(2560x1080).jpg,https://act-upload.mihoyo.com/nap-obc-indep/2025/05/13/73751405/65b582f37af66f6e3105b7674f360964_6759098670509041661.jpg,,,
wallpapers,wallpapers|1085|1070|5(3840x2160)|https://act-upload.mihoyo.com/nap-obc-indep/2025/05/13/73751405/d8fbde8ac4f52c8eae055dc23888f882_3146676423911661918.jpg,EP短片壁纸合集,零号·安比角色PV&角色展示壁纸,1085,1070,5(3840x2160),5(3840x2160).jpg,壁纸合集\EP短片壁纸合集\零号·安比角色PV&角色展示壁纸\5(3840x2160).jpg,https://act-upload.mihoyo.com/nap-obc-indep/2025/05/13/73751405/d8fbde8ac4f52c8eae055dc23888f882_3146676423911661918.jpg,,,
wallpapers,wallpapers|1085|1070|6(2560x1080)|https://act-upload.mihoyo.com/nap-obc-indep/2025/05/13/73751405/8f82ed9749c2e8605062fd21be800a2c_8412759271222359223.jpg,EP短片壁纸合集,零号·安比角色PV&角色展示壁纸,1085,1070,6(2560x1080),6(2560x1080).jpg,壁纸合集\EP短片壁纸合集\零号·安比角色PV&角色展示壁纸\6(2560x1080).jpg,https://act-upload.mihoyo.com/nap-obc-indep/2025/05/13/73751405/8f82ed9749c2e8605062fd21be800a2c_8412759271222359223.jpg,,,
wallpapers,wallpapers|1085|1070|6(3840x2160)|https://act-upload.mihoyo.com/nap-obc-indep/2025/05/13/73751405/6649acdd7136861d7d8d8885f429de5c_4578807024660678050.jpg,EP短片壁纸合集,零号·安比角色PV&角色展示壁纸,1085,1070,6(3840x2160),6(3840x2160).jpg,壁纸合集\EP短片壁纸合集\零号·安比角色PV&角色展示壁纸\6(3840x2160).jpg,https://act-upload.mihoyo.com/nap-obc-indep/2025/05/13/73751405/6649acdd7136861d7d8d8885f429de5c_4578807024660678050.jpg,,,
wallpapers,wallpapers|1085|956|1|https://act-upload.mihoyo.com/nap-obc-indep/2025/02/28/73751405/865377233ad707ea8769e90a062f4228_8644498355537436553.png,EP短片壁纸合集,耀嘉音角色展示&MV壁纸,1085,956,1,1.png,壁纸合集\EP短片壁纸合集\耀嘉音角色展示&MV壁纸\1.png,https://act-upload.mihoyo.com/nap-obc-indep/2025/02/28/73751405/865377233ad707ea8769e90a062f4228_8644498355537436553.png,,,
wallpapers,wallpapers|1085|956|2|https://act-upload.mihoyo.com/nap-obc-indep/2025/02/28/73751405/5aba72e1cf895d0ec37f795404475dd7_2440450848947222666.png,EP短片壁纸合集,耀嘉音角色展示&MV壁纸,1085,956,2,2.png,壁纸合集\EP短片壁纸合集\耀嘉音角色展示&MV壁纸\2.png,https://act-upload.mihoyo.com/nap-obc-indep/2025/02/28/73751405/5aba72e1cf895d0ec37f795404475dd7_2440450848947222666.png,,,
wallpapers,wallpapers|1085|956|3|https://act-upload.mihoyo.com/nap-obc-indep/2025/02/28/73751405/45ef841c6b813075a0f4777aac6cb33e_8483562389207858617.png,EP短片壁纸合集,耀嘉音角色展示&MV壁纸,1085,956,3,3.png,壁纸合集\EP短片壁纸合集\耀嘉音角色展示&MV壁纸\3.png,https://act-upload.mihoyo.com/nap-obc-indep/2025/02/28/73751405/45ef841c6b813075a0f4777aac6cb33e_8483562389207858617.png,,,
wallpapers,wallpapers|1085|956|4|https://act-upload.mihoyo.com/nap-obc-indep/2025/02/28/73751405/021a1901627efa672fbd4928f4202e6a_7020794333828927218.png,EP短片壁纸合集,耀嘉音角色展示&MV壁纸,1085,956,4,4.png,壁纸合集\EP短片壁纸合集\耀嘉音角色展示&MV壁纸\4.png,https://act-upload.mihoyo.com/nap-obc-indep/2025/02/28/73751405/021a1901627efa672fbd4928f4202e6a_7020794333828927218.png,,,
wallpapers,wallpapers|1085|956|5|https://act-upload.mihoyo.com/nap-obc-indep/2025/02/28/73751405/77b8bb0d6bd3c1f0ec8a62cabd555ecb_2130893739704118486.png,EP短片壁纸合集,耀嘉音角色展示&MV壁纸,1085,956,5,5.png,壁纸合集\EP短片壁纸合集\耀嘉音角色展示&MV壁纸\5.png,https://act-upload.mihoyo.com/nap-obc-indep/2025/02/28/73751405/77b8bb0d6bd3c1f0ec8a62cabd555ecb_2130893739704118486.png,,,
wallpapers,wallpapers|1085|956|6|https://act-upload.mihoyo.com/nap-obc-indep/2025/02/28/73751405/e6366b8da5f6dc3b01b01aed754794f4_1723561175806364338.png,EP短片壁纸合集,耀嘉音角色展示&MV壁纸,1085,956,6,6.png,壁纸合集\EP短片壁纸合集\耀嘉音角色展示&MV壁纸\6.png,https://act-upload.mihoyo.com/nap-obc-indep/2025/02/28/73751405/e6366b8da5f6dc3b01b01aed754794f4_1723561175806364338.png,,,
wallpapers,wallpapers|1085|956|7|https://act-upload.mihoyo.com/nap-obc-indep/2025/02/28/73751405/185ef65a5cf9e7a6eacdf1f774e317e5_5214228748167262133.png,EP短片壁纸合集,耀嘉音角色展示&MV壁纸,1085,956,7,7.png,壁纸合集\EP短片壁纸合集\耀嘉音角色展示&MV壁纸\7.png,https://act-upload.mihoyo.com/nap-obc-indep/2025/02/28/73751405/185ef65a5cf9e7a6eacdf1f774e317e5_5214228748167262133.png,,,
wallpapers,wallpapers|1085|956|8|https://act-upload.mihoyo.com/nap-obc-indep/2025/02/28/73751405/bd13a29d1f3b80d478f6f745abd04a87_8787853353549219526.png,EP短片壁纸合集,耀嘉音角色展示&MV壁纸,1085,956,8,8.png,壁纸合集\EP短片壁纸合集\耀嘉音角色展示&MV壁纸\8.png,https://act-upload.mihoyo.com/nap-obc-indep/2025/02/28/73751405/bd13a29d1f3b80d478f6f745abd04a87_8787853353549219526.png,,,
wallpapers,wallpapers|1085|956|9|https://act-upload.mihoyo.com/nap-obc-indep/2025/02/28/73751405/87932e67f14351b607d7df008ceff53a_2974221239645379839.png,EP短片壁纸合集,耀嘉音角色展示&MV壁纸,1085,956,9,9.png,壁纸合集\EP短片壁纸合集\耀嘉音角色展示&MV壁纸\9.png,https://act-upload.mihoyo.com/nap-obc-indep/2025/02/28/73751405/87932e67f14351b607d7df008ceff53a_2974221239645379839.png,,,
wallpapers,wallpapers|1085|956|10|https://act-upload.mihoyo.com/nap-obc-indep/2025/02/28/73751405/89dad3598670ee4d400f7cdafc8ce061_4278621895379865125.png,EP短片壁纸合集,耀嘉音角色展示&MV壁纸,1085,956,10,10.png,壁纸合集\EP短片壁纸合集\耀嘉音角色展示&MV壁纸\10.png,https://act-upload.mihoyo.com/nap-obc-indep/2025/02/28/73751405/89dad3598670ee4d400f7cdafc8ce061_4278621895379865125.png,,,
wallpapers,wallpapers|1085|956|11|https://act-upload.mihoyo.com/nap-obc-indep/2025/02/28/73751405/c6e6c0a453d9a749ab036eb07d246518_7545990420508736014.png,EP短片壁纸合集,耀嘉音角色展示&MV壁纸,1085,956,11,11.png,壁纸合集\EP短片壁纸合集\耀嘉音角色展示&MV壁纸\11.png,https://act-upload.mihoyo.com/nap-obc-indep/2025/02/28/73751405/c6e6c0a453d9a749ab036eb07d246518_7545990420508736014.png,,,
wallpapers,wallpapers|1085|956|12|https://act-upload.mihoyo.com/nap-obc-indep/2025/02/28/73751405/ed61b36c5cf0dfa3026f7db896ecf4ad_1518445614393833945.png,EP短片壁纸合集,耀嘉音角色展示&MV壁纸,1085,956,12,12.png,壁纸合集\EP短片壁纸合集\耀嘉音角色展示&MV壁纸\12.png,https://act-upload.mihoyo.com/nap-obc-indep/2025/02/28/73751405/ed61b36c5cf0dfa3026f7db896ecf4ad_1518445614393833945.png,,,
wallpapers,wallpapers|1085|956|13|https://act-upload.mihoyo.com/nap-obc-indep/2025/02/28/73751405/e0fbf381646a719b7d7195f2a34ae8e7_7875603050312648760.png,EP短片壁纸合集,耀嘉音角色展示&MV壁纸,1085,956,13,13.png,壁纸合集\EP短片壁纸合集\耀嘉音角色展示&MV壁纸\13.png,https://act-upload.mihoyo.com/nap-obc-indep/2025/02/28/73751405/e0fbf381646a719b7d7195f2a34ae8e7_7875603050312648760.png,,,
wallpapers,wallpapers|1085|956|14|https://act-upload.mihoyo.com/nap-obc-indep/2025/02/28/73751405/3218591904c6f52180552275677342e6_3949733624235127723.png,EP短片壁纸合集,耀嘉音角色展示&MV壁纸,1085,956,14,14.png,壁纸合集\EP短片壁纸合集\耀嘉音角色展示&MV壁纸\14.png,https://act-upload.mihoyo.com/nap-obc-indep/2025/02/28/73751405/3218591904c6f52180552275677342e6_3949733624235127723.png,,,
wallpapers,wallpapers|1085|807|1|https://act-upload.mihoyo.com/nap-obc-indep/2025/01/03/73751405/5e362d01fc30cfca782a30dec8914c80_5827628460189377725.png,EP短片壁纸合集,星见雅EP丨晓,1085,807,1,1.png,壁纸合集\EP短片壁纸合集\星见雅EP丨晓\1.png,https://act-upload.mihoyo.com/nap-obc-indep/2025/01/03/73751405/5e362d01fc30cfca782a30dec8914c80_5827628460189377725.png,,,
wallpapers,wallpapers|1085|807|2|https://act-upload.mihoyo.com/nap-obc-indep/2025/01/03/73751405/215b1fd35e222e2fec7f10659d5eadae_4744041270065831445.png,EP短片壁纸合集,星见雅EP丨晓,1085,807,2,2.png,壁纸合集\EP短片壁纸合集\星见雅EP丨晓\2.png,https://act-upload.mihoyo.com/nap-obc-indep/2025/01/03/73751405/215b1fd35e222e2fec7f10659d5eadae_4744041270065831445.png,,,
wallpapers,wallpapers|1085|807|3|https://act-upload.mihoyo.com/nap-obc-indep/2025/01/03/73751405/a23d1c410a7e8c01e156d23d0cb5920c_9197029229920456429.png,EP短片壁纸合集,星见雅EP丨晓,1085,807,3,3.png,壁纸合集\EP短片壁纸合集\星见雅EP丨晓\3.png,https://act-upload.mihoyo.com/nap-obc-indep/2025/01/03/73751405/a23d1c410a7e8c01e156d23d0cb5920c_9197029229920456429.png,,,
wallpapers,wallpapers|1085|807|4|https://act-upload.mihoyo.com/nap-obc-indep/2025/01/03/73751405/bdf9a348f804f633b3447bae4f098f0e_6034731216333987915.png,EP短片壁纸合集,星见雅EP丨晓,1085,807,4,4.png,壁纸合集\EP短片壁纸合集\星见雅EP丨晓\4.png,https://act-upload.mihoyo.com/nap-obc-indep/2025/01/03/73751405/bdf9a348f804f633b3447bae4f098f0e_6034731216333987915.png,,,
wallpapers,wallpapers|1085|807|5|https://act-upload.mihoyo.com/nap-obc-indep/2025/01/03/73751405/4714221a89fb03bff9823dce59bbb1dd_920642551221018731.png,EP短片壁纸合集,星见雅EP丨晓,1085,807,5,5.png,壁纸合集\EP短片壁纸合集\星见雅EP丨晓\5.png,https://act-upload.mihoyo.com/nap-obc-indep/2025/01/03/73751405/4714221a89fb03bff9823dce59bbb1dd_920642551221018731.png,,,
wallpapers,wallpapers|1085|807|6|https://act-upload.mihoyo.com/nap-obc-indep/2025/01/03/73751405/c17985e65367574ce5f25ca388df1996_9185058369317838074.png,EP短片壁纸合集,星见雅EP丨晓,1085,807,6,6.png,壁纸合集\EP短片壁纸合集\星见雅EP丨晓\6.png,https://act-upload.mihoyo.com/nap-obc-indep/2025/01/03/73751405/c17985e65367574ce5f25ca388df1996_9185058369317838074.png,,,
wallpapers,wallpapers|1085|810|1|https://act-upload.mihoyo.com/nap-obc-indep/2025/01/03/73751405/5518f1f4cb4a8d784f4b04de73d7a8ce_3476613953870686241.png,EP短片壁纸合集,月城柳EP&PV,1085,810,1,1.png,壁纸合集\EP短片壁纸合集\月城柳EP&PV\1.png,https://act-upload.mihoyo.com/nap-obc-indep/2025/01/03/73751405/5518f1f4cb4a8d784f4b04de73d7a8ce_3476613953870686241.png,,,
wallpapers,wallpapers|1085|810|2|https://act-upload.mihoyo.com/nap-obc-indep/2025/01/03/73751405/7f12bf029b2a77623ee3b2e007dbe24e_7752511480134335700.png,EP短片壁纸合集,月城柳EP&PV,1085,810,2,2.png,壁纸合集\EP短片壁纸合集\月城柳EP&PV\2.png,https://act-upload.mihoyo.com/nap-obc-indep/2025/01/03/73751405/7f12bf029b2a77623ee3b2e007dbe24e_7752511480134335700.png,,,
wallpapers,wallpapers|1085|810|3|https://act-upload.mihoyo.com/nap-obc-indep/2025/01/03/73751405/07479d51f043a5aa648c3d9534e61dfb_7181361994016630044.png,EP短片壁纸合集,月城柳EP&PV,1085,810,3,3.png,壁纸合集\EP短片壁纸合集\月城柳EP&PV\3.png,https://act-upload.mihoyo.com/nap-obc-indep/2025/01/03/73751405/07479d51f043a5aa648c3d9534e61dfb_7181361994016630044.png,,,
wallpapers,wallpapers|1085|810|4|https://act-upload.mihoyo.com/nap-obc-indep/2025/01/03/73751405/9efe0ae9dba43a00bd7ad6bdff8ad531_8900116690431594400.png,EP短片壁纸合集,月城柳EP&PV,1085,810,4,4.png,壁纸合集\EP短片壁纸合集\月城柳EP&PV\4.png,https://act-upload.mihoyo.com/nap-obc-indep/2025/01/03/73751405/9efe0ae9dba43a00bd7ad6bdff8ad531_8900116690431594400.png,,,
wallpapers,wallpapers|1085|810|5|https://act-upload.mihoyo.com/nap-obc-indep/2025/01/03/73751405/2af99a679e26181f4c9408bb94c9caa3_2639540173828044803.png,EP短片壁纸合集,月城柳EP&PV,1085,810,5,5.png,壁纸合集\EP短片壁纸合集\月城柳EP&PV\5.png,https://act-upload.mihoyo.com/nap-obc-indep/2025/01/03/73751405/2af99a679e26181f4c9408bb94c9caa3_2639540173828044803.png,,,
wallpapers,wallpapers|1085|810|6|https://act-upload.mihoyo.com/nap-obc-indep/2025/01/03/73751405/f5747cbc1a315e58dda11a00b8ba1671_3413069782817274211.png,EP短片壁纸合集,月城柳EP&PV,1085,810,6,6.png,壁纸合集\EP短片壁纸合集\月城柳EP&PV\6.png,https://act-upload.mihoyo.com/nap-obc-indep/2025/01/03/73751405/f5747cbc1a315e58dda11a00b8ba1671_3413069782817274211.png,,,
wallpapers,wallpapers|1085|810|7|https://act-upload.mihoyo.com/nap-obc-indep/2025/01/03/73751405/133c7f110043d01c33a229271af3551f_6403742466854680300.png,EP短片壁纸合集,月城柳EP&PV,1085,810,7,7.png,壁纸合集\EP短片壁纸合集\月城柳EP&PV\7.png,https://act-upload.mihoyo.com/nap-obc-indep/2025/01/03/73751405/133c7f110043d01c33a229271af3551f_6403742466854680300.png,,,
wallpapers,wallpapers|1085|810|8|https://act-upload.mihoyo.com/nap-obc-indep/2025/01/03/73751405/62122363ed24608e5e5b9e065910cb76_4499179291680046724.png,EP短片壁纸合集,月城柳EP&PV,1085,810,8,8.png,壁纸合集\EP短片壁纸合集\月城柳EP&PV\8.png,https://act-upload.mihoyo.com/nap-obc-indep/2025/01/03/73751405/62122363ed24608e5e5b9e065910cb76_4499179291680046724.png,,,
wallpapers,wallpapers|1085|810|9|https://act-upload.mihoyo.com/nap-obc-indep/2025/01/03/73751405/790074d1b2cdc2775541f5bfd5536f7c_7582798371313537634.png,EP短片壁纸合集,月城柳EP&PV,1085,810,9,9.png,壁纸合集\EP短片壁纸合集\月城柳EP&PV\9.png,https://act-upload.mihoyo.com/nap-obc-indep/2025/01/03/73751405/790074d1b2cdc2775541f5bfd5536f7c_7582798371313537634.png,,,
wallpapers,wallpapers|1085|810|10|https://act-upload.mihoyo.com/nap-obc-indep/2025/01/03/73751405/23267da534c73a4c637be807a75c2255_2281322258376937407.png,EP短片壁纸合集,月城柳EP&PV,1085,810,10,10.png,壁纸合集\EP短片壁纸合集\月城柳EP&PV\10.png,https://act-upload.mihoyo.com/nap-obc-indep/2025/01/03/73751405/23267da534c73a4c637be807a75c2255_2281322258376937407.png,,,
wallpapers,wallpapers|1085|810|11|https://act-upload.mihoyo.com/nap-obc-indep/2025/01/03/73751405/1cd98c6be6133c860f277d9c7f4befbe_3186159283717500366.png,EP短片壁纸合集,月城柳EP&PV,1085,810,11,11.png,壁纸合集\EP短片壁纸合集\月城柳EP&PV\11.png,https://act-upload.mihoyo.com/nap-obc-indep/2025/01/03/73751405/1cd98c6be6133c860f277d9c7f4befbe_3186159283717500366.png,,,
wallpapers,wallpapers|1085|810|12|https://act-upload.mihoyo.com/nap-obc-indep/2025/01/03/73751405/52813ba09fafb529abf453d05a9ad564_8474574186367458971.png,EP短片壁纸合集,月城柳EP&PV,1085,810,12,12.png,壁纸合集\EP短片壁纸合集\月城柳EP&PV\12.png,https://act-upload.mihoyo.com/nap-obc-indep/2025/01/03/73751405/52813ba09fafb529abf453d05a9ad564_8474574186367458971.png,,,
wallpapers,wallpapers|1085|1232|1(2560x1080)|https://act-upload.mihoyo.com/nap-obc-indep/2025/08/02/73751405/695df378f5ba332c1510c5c280539177_5921153479509165909.jpg,EP短片壁纸合集,浮波柚叶主题壁纸,1085,1232,1(2560x1080),1(2560x1080).jpg,壁纸合集\EP短片壁纸合集\浮波柚叶主题壁纸\1(2560x1080).jpg,https://act-upload.mihoyo.com/nap-obc-indep/2025/08/02/73751405/695df378f5ba332c1510c5c280539177_5921153479509165909.jpg,,,
wallpapers,wallpapers|1085|1232|1(3840x2160)|https://act-upload.mihoyo.com/nap-obc-indep/2025/08/02/73751405/242999c916f60d5788a0726ef459e178_284150384826845117.jpg,EP短片壁纸合集,浮波柚叶主题壁纸,1085,1232,1(3840x2160),1(3840x2160).jpg,壁纸合集\EP短片壁纸合集\浮波柚叶主题壁纸\1(3840x2160).jpg,https://act-upload.mihoyo.com/nap-obc-indep/2025/08/02/73751405/242999c916f60d5788a0726ef459e178_284150384826845117.jpg,,,
wallpapers,wallpapers|1085|1232|2(2560x1080)|https://act-upload.mihoyo.com/nap-obc-indep/2025/08/02/73751405/22fdae8ad6091e9a24350ce914cf7258_5373567397868607793.jpg,EP短片壁纸合集,浮波柚叶主题壁纸,1085,1232,2(2560x1080),2(2560x1080).jpg,壁纸合集\EP短片壁纸合集\浮波柚叶主题壁纸\2(2560x1080).jpg,https://act-upload.mihoyo.com/nap-obc-indep/2025/08/02/73751405/22fdae8ad6091e9a24350ce914cf7258_5373567397868607793.jpg,,,
wallpapers,wallpapers|1085|1232|2(3840x2160)|https://act-upload.mihoyo.com/nap-obc-indep/2025/08/02/73751405/0ab94735469ef22536f6d6f5dd2f407c_2531340787830281790.jpg,EP短片壁纸合集,浮波柚叶主题壁纸,1085,1232,2(3840x2160),2(3840x2160).jpg,壁纸合集\EP短片壁纸合集\浮波柚叶主题壁纸\2(3840x2160).jpg,https://act-upload.mihoyo.com/nap-obc-indep/2025/08/02/73751405/0ab94735469ef22536f6d6f5dd2f407c_2531340787830281790.jpg,,,
wallpapers,wallpapers|1085|1232|3(2560x1080)|https://act-upload.mihoyo.com/nap-obc-indep/2025/08/02/73751405/a1c7835e8e394265714cfd09ccc9ded5_7034813772466660195.jpg,EP短片壁纸合集,浮波柚叶主题壁纸,1085,1232,3(2560x1080),3(2560x1080).jpg,壁纸合集\EP短片壁纸合集\浮波柚叶主题壁纸\3(2560x1080).jpg,https://act-upload.mihoyo.com/nap-obc-indep/2025/08/02/73751405/a1c7835e8e394265714cfd09ccc9ded5_7034813772466660195.jpg,,,
wallpapers,wallpapers|1085|1232|3(3840x2160)|https://act-upload.mihoyo.com/nap-obc-indep/2025/08/02/73751405/2f59960525ad429e722340e501b7f18d_7930277304236842506.jpg,EP短片壁纸合集,浮波柚叶主题壁纸,1085,1232,3(3840x2160),3(3840x2160).jpg,壁纸合集\EP短片壁纸合集\浮波柚叶主题壁纸\3(3840x2160).jpg,https://act-upload.mihoyo.com/nap-obc-indep/2025/08/02/73751405/2f59960525ad429e722340e501b7f18d_7930277304236842506.jpg,,,
wallpapers,wallpapers|1085|1232|4(2560x1080)|https://act-upload.mihoyo.com/nap-obc-indep/2025/08/02/73751405/74c6e3c17412ef37338190800183164a_8336452158873917947.jpg,EP短片壁纸合集,浮波柚叶主题壁纸,1085,1232,4(2560x1080),4(2560x1080).jpg,壁纸合集\EP短片壁纸合集\浮波柚叶主题壁纸\4(2560x1080).jpg,https://act-upload.mihoyo.com/nap-obc-indep/2025/08/02/73751405/74c6e3c17412ef37338190800183164a_8336452158873917947.jpg,,,
wallpapers,wallpapers|1085|1232|4(3840x2160)|https://act-upload.mihoyo.com/nap-obc-indep/2025/08/02/73751405/703795dd64e85323d0188f30ff74e837_4195447760007557196.jpg,EP短片壁纸合集,浮波柚叶主题壁纸,1085,1232,4(3840x2160),4(3840x2160).jpg,壁纸合集\EP短片壁纸合集\浮波柚叶主题壁纸\4(3840x2160).jpg,https://act-upload.mihoyo.com/nap-obc-indep/2025/08/02/73751405/703795dd64e85323d0188f30ff74e837_4195447760007557196.jpg,,,
wallpapers,wallpapers|1085|1232|5(2560x1080)|https://act-upload.mihoyo.com/nap-obc-indep/2025/08/02/73751405/3a7fd8c0f15f6e8978af76cfb9a2d9cb_2383003538935692384.jpg,EP短片壁纸合集,浮波柚叶主题壁纸,1085,1232,5(2560x1080),5(2560x1080).jpg,壁纸合集\EP短片壁纸合集\浮波柚叶主题壁纸\5(2560x1080).jpg,https://act-upload.mihoyo.com/nap-obc-indep/2025/08/02/73751405/3a7fd8c0f15f6e8978af76cfb9a2d9cb_2383003538935692384.jpg,,,
wallpapers,wallpapers|1085|1232|5(3840x2160)|https://act-upload.mihoyo.com/nap-obc-indep/2025/08/02/73751405/4147d349458634e267097e3e70762e7f_826764878049400339.jpg,EP短片壁纸合集,浮波柚叶主题壁纸,1085,1232,5(3840x2160),5(3840x2160).jpg,壁纸合集\EP短片壁纸合集\浮波柚叶主题壁纸\5(3840x2160).jpg,https://act-upload.mihoyo.com/nap-obc-indep/2025/08/02/73751405/4147d349458634e267097e3e70762e7f_826764878049400339.jpg,,,
wallpapers,wallpapers|1085|1232|6(2560x1080)|https://act-upload.mihoyo.com/nap-obc-indep/2025/08/02/73751405/2be7c452ea901ad8a75986e7048eb408_3528025196394642156.jpg,EP短片壁纸合集,浮波柚叶主题壁纸,1085,1232,6(2560x1080),6(2560x1080).jpg,壁纸合集\EP短片壁纸合集\浮波柚叶主题壁纸\6(2560x1080).jpg,https://act-upload.mihoyo.com/nap-obc-indep/2025/08/02/73751405/2be7c452ea901ad8a75986e7048eb408_3528025196394642156.jpg,,,
wallpapers,wallpapers|1085|1232|6(3840x2160)|https://act-upload.mihoyo.com/nap-obc-indep/2025/08/02/73751405/59ccb7f639ef631e42634af407fd51fe_863619721861832523.jpg,EP短片壁纸合集,浮波柚叶主题壁纸,1085,1232,6(3840x2160),6(3840x2160).jpg,壁纸合集\EP短片壁纸合集\浮波柚叶主题壁纸\6(3840x2160).jpg,https://act-upload.mihoyo.com/nap-obc-indep/2025/08/02/73751405/59ccb7f639ef631e42634af407fd51fe_863619721861832523.jpg,,,
wallpapers,wallpapers|1085|1232|7(2560x1080)|https://act-upload.mihoyo.com/nap-obc-indep/2025/08/02/73751405/c3182df6cc04e8b13d55712458381375_8348460638276829518.jpg,EP短片壁纸合集,浮波柚叶主题壁纸,1085,1232,7(2560x1080),7(2560x1080).jpg,壁纸合集\EP短片壁纸合集\浮波柚叶主题壁纸\7(2560x1080).jpg,https://act-upload.mihoyo.com/nap-obc-indep/2025/08/02/73751405/c3182df6cc04e8b13d55712458381375_8348460638276829518.jpg,,,
wallpapers,wallpapers|1085|1232|7(3840x2160)|https://act-upload.mihoyo.com/nap-obc-indep/2025/08/02/73751405/df76e25254c57ebf6c7c887788f40774_1578503946420158061.jpg,EP短片壁纸合集,浮波柚叶主题壁纸,1085,1232,7(3840x2160),7(3840x2160).jpg,壁纸合集\EP短片壁纸合集\浮波柚叶主题壁纸\7(3840x2160).jpg,https://act-upload.mihoyo.com/nap-obc-indep/2025/08/02/73751405/df76e25254c57ebf6c7c887788f40774_1578503946420158061.jpg,,,
wallpapers,wallpapers|1085|1232|8(2560x1080)|https://act-upload.mihoyo.com/nap-obc-indep/2025/08/02/73751405/f0e8b1fbf147175d5cbcf8edc932baa5_7384356040294464847.jpg,EP短片壁纸合集,浮波柚叶主题壁纸,1085,1232,8(2560x1080),8(2560x1080).jpg,壁纸合集\EP短片壁纸合集\浮波柚叶主题壁纸\8(2560x1080).jpg,https://act-upload.mihoyo.com/nap-obc-indep/2025/08/02/73751405/f0e8b1fbf147175d5cbcf8edc932baa5_7384356040294464847.jpg,,,
wallpapers,wallpapers|1085|1232|8(3840x2160)|https://act-upload.mihoyo.com/nap-obc-indep/2025/08/02/73751405/3254b1ecc2e3ba2f2ccea4887e7cf9e2_935631899348807991.jpg,EP短片壁纸合集,浮波柚叶主题壁纸,1085,1232,8(3840x2160),8(3840x2160).jpg,壁纸合集\EP短片壁纸合集\浮波柚叶主题壁纸\8(3840x2160).jpg,https://act-upload.mihoyo.com/nap-obc-indep/2025/08/02/73751405/3254b1ecc2e3ba2f2ccea4887e7cf9e2_935631899348807991.jpg,,,
wallpapers,wallpapers|1085|1232|9(2560x1080)|https://act-upload.mihoyo.com/nap-obc-indep/2025/08/02/73751405/f1b922a3e098024a4a7c1d0d7cd24366_2198277992189297202.jpg,EP短片壁纸合集,浮波柚叶主题壁纸,1085,1232,9(2560x1080),9(2560x1080).jpg,壁纸合集\EP短片壁纸合集\浮波柚叶主题壁纸\9(2560x1080).jpg,https://act-upload.mihoyo.com/nap-obc-indep/2025/08/02/73751405/f1b922a3e098024a4a7c1d0d7cd24366_2198277992189297202.jpg,,,
wallpapers,wallpapers|1085|1232|9(3840x2160)|https://act-upload.mihoyo.com/nap-obc-indep/2025/08/02/73751405/94961d5d6d33df859b1581557cb3be2c_5510081723229343044.jpg,EP短片壁纸合集,浮波柚叶主题壁纸,1085,1232,9(3840x2160),9(3840x2160).jpg,壁纸合集\EP短片壁纸合集\浮波柚叶主题壁纸\9(3840x2160).jpg,https://act-upload.mihoyo.com/nap-obc-indep/2025/08/02/73751405/94961d5d6d33df859b1581557cb3be2c_5510081723229343044.jpg,,,
wallpapers,wallpapers|1085|1232|10(2560x1080)|https://act-upload.mihoyo.com/nap-obc-indep/2025/08/02/73751405/2a2c806fc865a4845f75e798555dcde1_6582877168154699556.jpg,EP短片壁纸合集,浮波柚叶主题壁纸,1085,1232,10(2560x1080),10(2560x1080).jpg,壁纸合集\EP短片壁纸合集\浮波柚叶主题壁纸\10(2560x1080).jpg,https://act-upload.mihoyo.com/nap-obc-indep/2025/08/02/73751405/2a2c806fc865a4845f75e798555dcde1_6582877168154699556.jpg,,,
wallpapers,wallpapers|1085|1232|10(3840x2160)|https://act-upload.mihoyo.com/nap-obc-indep/2025/08/02/73751405/37a31642f997037bcb28a2949817560b_5152207020497065960.jpg,EP短片壁纸合集,浮波柚叶主题壁纸,1085,1232,10(3840x2160),10(3840x2160).jpg,壁纸合集\EP短片壁纸合集\浮波柚叶主题壁纸\10(3840x2160).jpg,https://act-upload.mihoyo.com/nap-obc-indep/2025/08/02/73751405/37a31642f997037bcb28a2949817560b_5152207020497065960.jpg,,,
wallpapers,wallpapers|1085|1232|11(2560x1080)|https://act-upload.mihoyo.com/nap-obc-indep/2025/08/02/73751405/39fcc813c5ee0997289f1d79ba665dbb_3456363928831686513.jpg,EP短片壁纸合集,浮波柚叶主题壁纸,1085,1232,11(2560x1080),11(2560x1080).jpg,壁纸合集\EP短片壁纸合集\浮波柚叶主题壁纸\11(2560x1080).jpg,https://act-upload.mihoyo.com/nap-obc-indep/2025/08/02/73751405/39fcc813c5ee0997289f1d79ba665dbb_3456363928831686513.jpg,,,
wallpapers,wallpapers|1085|1232|11(3840x2160)|https://act-upload.mihoyo.com/nap-obc-indep/2025/08/02/73751405/04811302e30615fa4b2e834dd68b28d8_9016786617925333171.jpg,EP短片壁纸合集,浮波柚叶主题壁纸,1085,1232,11(3840x2160),11(3840x2160).jpg,壁纸合集\EP短片壁纸合集\浮波柚叶主题壁纸\11(3840x2160).jpg,https://act-upload.mihoyo.com/nap-obc-indep/2025/08/02/73751405/04811302e30615fa4b2e834dd68b28d8_9016786617925333171.jpg,,,
wallpapers,wallpapers|1085|1232|12(2560x1080)|https://act-upload.mihoyo.com/nap-obc-indep/2025/08/02/73751405/58925af9b05975a3891ef9e3a90fa6e0_7207149791649938136.jpg,EP短片壁纸合集,浮波柚叶主题壁纸,1085,1232,12(2560x1080),12(2560x1080).jpg,壁纸合集\EP短片壁纸合集\浮波柚叶主题壁纸\12(2560x1080).jpg,https://act-upload.mihoyo.com/nap-obc-indep/2025/08/02/73751405/58925af9b05975a3891ef9e3a90fa6e0_7207149791649938136.jpg,,,
wallpapers,wallpapers|1085|1232|12(3840x2160)|https://act-upload.mihoyo.com/nap-obc-indep/2025/08/02/73751405/8ae581da1482d2ee8a0e37e18ec862d9_2670611779491254023.jpg,EP短片壁纸合集,浮波柚叶主题壁纸,1085,1232,12(3840x2160),12(3840x2160).jpg,壁纸合集\EP短片壁纸合集\浮波柚叶主题壁纸\12(3840x2160).jpg,https://act-upload.mihoyo.com/nap-obc-indep/2025/08/02/73751405/8ae581da1482d2ee8a0e37e18ec862d9_2670611779491254023.jpg,,,
wallpapers,wallpapers|1085|1232|13(2560x1080)|https://act-upload.mihoyo.com/nap-obc-indep/2025/08/02/73751405/4880c42b72c56fee33f5902bc1c02f74_8583881748659453581.jpg,EP短片壁纸合集,浮波柚叶主题壁纸,1085,1232,13(2560x1080),13(2560x1080).jpg,壁纸合集\EP短片壁纸合集\浮波柚叶主题壁纸\13(2560x1080).jpg,https://act-upload.mihoyo.com/nap-obc-indep/2025/08/02/73751405/4880c42b72c56fee33f5902bc1c02f74_8583881748659453581.jpg,,,
wallpapers,wallpapers|1085|1232|13(3840x2160)|https://act-upload.mihoyo.com/nap-obc-indep/2025/08/02/73751405/c4b94e759f3f9532d05f5ab689648737_5521410110940549644.jpg,EP短片壁纸合集,浮波柚叶主题壁纸,1085,1232,13(3840x2160),13(3840x2160).jpg,壁纸合集\EP短片壁纸合集\浮波柚叶主题壁纸\13(3840x2160).jpg,https://act-upload.mihoyo.com/nap-obc-indep/2025/08/02/73751405/c4b94e759f3f9532d05f5ab689648737_5521410110940549644.jpg,,,
wallpapers,wallpapers|1085|1232|14(2560x1080)|https://act-upload.mihoyo.com/nap-obc-indep/2025/08/02/73751405/dd3b4f8d8ad57ea03d76121fde517506_4229371843579470853.jpg,EP短片壁纸合集,浮波柚叶主题壁纸,1085,1232,14(2560x1080),14(2560x1080).jpg,壁纸合集\EP短片壁纸合集\浮波柚叶主题壁纸\14(2560x1080).jpg,https://act-upload.mihoyo.com/nap-obc-indep/2025/08/02/73751405/dd3b4f8d8ad57ea03d76121fde517506_4229371843579470853.jpg,,,
wallpapers,wallpapers|1085|1232|14(3840x2160)|https://act-upload.mihoyo.com/nap-obc-indep/2025/08/02/73751405/4a73b2b412ea82c42c5c50c902efd60c_1984899328813689315.jpg,EP短片壁纸合集,浮波柚叶主题壁纸,1085,1232,14(3840x2160),14(3840x2160).jpg,壁纸合集\EP短片壁纸合集\浮波柚叶主题壁纸\14(3840x2160).jpg,https://act-upload.mihoyo.com/nap-obc-indep/2025/08/02/73751405/4a73b2b412ea82c42c5c50c902efd60c_1984899328813689315.jpg,,,
wallpapers,wallpapers|1085|1232|15(2560x1080)|https://act-upload.mihoyo.com/nap-obc-indep/2025/08/02/73751405/9c53038c45e0b8e3fdf5451742b84343_7332139496312916091.jpg,EP短片壁纸合集,浮波柚叶主题壁纸,1085,1232,15(2560x1080),15(2560x1080).jpg,壁纸合集\EP短片壁纸合集\浮波柚叶主题壁纸\15(2560x1080).jpg,https://act-upload.mihoyo.com/nap-obc-indep/2025/08/02/73751405/9c53038c45e0b8e3fdf5451742b84343_7332139496312916091.jpg,,,
wallpapers,wallpapers|1085|1232|15(3840x2160)|https://act-upload.mihoyo.com/nap-obc-indep/2025/08/02/73751405/246c65a28639e812035ac5481cb5a040_6364993205454330945.jpg,EP短片壁纸合集,浮波柚叶主题壁纸,1085,1232,15(3840x2160),15(3840x2160).jpg,壁纸合集\EP短片壁纸合集\浮波柚叶主题壁纸\15(3840x2160).jpg,https://act-upload.mihoyo.com/nap-obc-indep/2025/08/02/73751405/246c65a28639e812035ac5481cb5a040_6364993205454330945.jpg,,,
wallpapers,wallpapers|1085|1232|16(2560x1080)|https://act-upload.mihoyo.com/nap-obc-indep/2025/08/02/73751405/32607800cb618812d63d593f699193ee_1198968956485533887.jpg,EP短片壁纸合集,浮波柚叶主题壁纸,1085,1232,16(2560x1080),16(2560x1080).jpg,壁纸合集\EP短片壁纸合集\浮波柚叶主题壁纸\16(2560x1080).jpg,https://act-upload.mihoyo.com/nap-obc-indep/2025/08/02/73751405/32607800cb618812d63d593f699193ee_1198968956485533887.jpg,,,
wallpapers,wallpapers|1085|1232|16(3840x2160)|https://act-upload.mihoyo.com/nap-obc-indep/2025/08/02/73751405/28428dafc8d34931698eb583ccd3e838_5862670309515405970.jpg,EP短片壁纸合集,浮波柚叶主题壁纸,1085,1232,16(3840x2160),16(3840x2160).jpg,壁纸合集\EP短片壁纸合集\浮波柚叶主题壁纸\16(3840x2160).jpg,https://act-upload.mihoyo.com/nap-obc-indep/2025/08/02/73751405/28428dafc8d34931698eb583ccd3e838_5862670309515405970.jpg,,,
wallpapers,wallpapers|1085|1232|17(2560x1080)|https://act-upload.mihoyo.com/nap-obc-indep/2025/08/02/73751405/1c0ed76c3503344cbcf0cc4dc3b422e2_2583847946458106732.jpg,EP短片壁纸合集,浮波柚叶主题壁纸,1085,1232,17(2560x1080),17(2560x1080).jpg,壁纸合集\EP短片壁纸合集\浮波柚叶主题壁纸\17(2560x1080).jpg,https://act-upload.mihoyo.com/nap-obc-indep/2025/08/02/73751405/1c0ed76c3503344cbcf0cc4dc3b422e2_2583847946458106732.jpg,,,
wallpapers,wallpapers|1085|1232|17(3840x2160)|https://act-upload.mihoyo.com/nap-obc-indep/2025/08/02/73751405/ef54f895983e541df732a9fcce88adb3_1638431672780927178.jpg,EP短片壁纸合集,浮波柚叶主题壁纸,1085,1232,17(3840x2160),17(3840x2160).jpg,壁纸合集\EP短片壁纸合集\浮波柚叶主题壁纸\17(3840x2160).jpg,https://act-upload.mihoyo.com/nap-obc-indep/2025/08/02/73751405/ef54f895983e541df732a9fcce88adb3_1638431672780927178.jpg,,,
wallpapers,wallpapers|1085|1232|18(2560x1080)|https://act-upload.mihoyo.com/nap-obc-indep/2025/08/02/73751405/e8a5f5762fbd51a5c10fac7a7fc2d43a_2996572930720882070.jpg,EP短片壁纸合集,浮波柚叶主题壁纸,1085,1232,18(2560x1080),18(2560x1080).jpg,壁纸合集\EP短片壁纸合集\浮波柚叶主题壁纸\18(2560x1080).jpg,https://act-upload.mihoyo.com/nap-obc-indep/2025/08/02/73751405/e8a5f5762fbd51a5c10fac7a7fc2d43a_2996572930720882070.jpg,,,
wallpapers,wallpapers|1085|1232|18(3840x2160)|https://act-upload.mihoyo.com/nap-obc-indep/2025/08/02/73751405/0a5244afa765344258dc97f01af1b884_8396479902625173696.jpg,EP短片壁纸合集,浮波柚叶主题壁纸,1085,1232,18(3840x2160),18(3840x2160).jpg,壁纸合集\EP短片壁纸合集\浮波柚叶主题壁纸\18(3840x2160).jpg,https://act-upload.mihoyo.com/nap-obc-indep/2025/08/02/73751405/0a5244afa765344258dc97f01af1b884_8396479902625173696.jpg,,,
wallpapers,wallpapers|1085|1232|19(2560x1080)|https://act-upload.mihoyo.com/nap-obc-indep/2025/08/02/73751405/167a5009c097721a6f848273bc97cc4a_1266526467556520543.jpg,EP短片壁纸合集,浮波柚叶主题壁纸,1085,1232,19(2560x1080),19(2560x1080).jpg,壁纸合集\EP短片壁纸合集\浮波柚叶主题壁纸\19(2560x1080).jpg,https://act-upload.mihoyo.com/nap-obc-indep/2025/08/02/73751405/167a5009c097721a6f848273bc97cc4a_1266526467556520543.jpg,,,
wallpapers,wallpapers|1085|1232|19(3840x2160)|https://act-upload.mihoyo.com/nap-obc-indep/2025/08/02/73751405/5c262fc7bc3ca5f706b0861fc37cba65_360976103775084745.jpg,EP短片壁纸合集,浮波柚叶主题壁纸,1085,1232,19(3840x2160),19(3840x2160).jpg,壁纸合集\EP短片壁纸合集\浮波柚叶主题壁纸\19(3840x2160).jpg,https://act-upload.mihoyo.com/nap-obc-indep/2025/08/02/73751405/5c262fc7bc3ca5f706b0861fc37cba65_360976103775084745.jpg,,,
wallpapers,wallpapers|1085|1232|20(2560x1080)|https://act-upload.mihoyo.com/nap-obc-indep/2025/08/02/73751405/1c003c0acd0e4b9a7d052ffa81c66afb_3174035852155407431.jpg,EP短片壁纸合集,浮波柚叶主题壁纸,1085,1232,20(2560x1080),20(2560x1080).jpg,壁纸合集\EP短片壁纸合集\浮波柚叶主题壁纸\20(2560x1080).jpg,https://act-upload.mihoyo.com/nap-obc-indep/2025/08/02/73751405/1c003c0acd0e4b9a7d052ffa81c66afb_3174035852155407431.jpg,,,
wallpapers,wallpapers|1085|1232|20(3840x2160)|https://act-upload.mihoyo.com/nap-obc-indep/2025/08/02/73751405/82ce7b1bf8044c40199024f124aa3d92_7641121208898414221.jpg,EP短片壁纸合集,浮波柚叶主题壁纸,1085,1232,20(3840x2160),20(3840x2160).jpg,壁纸合集\EP短片壁纸合集\浮波柚叶主题壁纸\20(3840x2160).jpg,https://act-upload.mihoyo.com/nap-obc-indep/2025/08/02/73751405/82ce7b1bf8044c40199024f124aa3d92_7641121208898414221.jpg,,,
wallpapers,wallpapers|1085|1273|1(2560x1080)|https://act-upload.mihoyo.com/nap-obc-indep/2025/08/29/73751405/bb54b1be902d536e7b6a1fef3b179c15_870824935839256112.jpg,EP短片壁纸合集,爱丽丝主题壁纸,1085,1273,1(2560x1080),1(2560x1080).jpg,壁纸合集\EP短片壁纸合集\爱丽丝主题壁纸\1(2560x1080).jpg,https://act-upload.mihoyo.com/nap-obc-indep/2025/08/29/73751405/bb54b1be902d536e7b6a1fef3b179c15_870824935839256112.jpg,,,
wallpapers,wallpapers|1085|1273|1(3840x2160)|https://act-upload.mihoyo.com/nap-obc-indep/2025/08/29/73751405/626d55d4f2786afcf3458a610ce9f0fb_1110353310297873797.jpg,EP短片壁纸合集,爱丽丝主题壁纸,1085,1273,1(3840x2160),1(3840x2160).jpg,壁纸合集\EP短片壁纸合集\爱丽丝主题壁纸\1(3840x2160).jpg,https://act-upload.mihoyo.com/nap-obc-indep/2025/08/29/73751405/626d55d4f2786afcf3458a610ce9f0fb_1110353310297873797.jpg,,,
wallpapers,wallpapers|1085|1273|2(2560x1080)|https://act-upload.mihoyo.com/nap-obc-indep/2025/08/29/73751405/718d216ffe66380d08398f87bb46254f_1361563275078500265.jpg,EP短片壁纸合集,爱丽丝主题壁纸,1085,1273,2(2560x1080),2(2560x1080).jpg,壁纸合集\EP短片壁纸合集\爱丽丝主题壁纸\2(2560x1080).jpg,https://act-upload.mihoyo.com/nap-obc-indep/2025/08/29/73751405/718d216ffe66380d08398f87bb46254f_1361563275078500265.jpg,,,
wallpapers,wallpapers|1085|1273|2(3840x2160)|https://act-upload.mihoyo.com/nap-obc-indep/2025/08/29/73751405/29cc46498bbcb7aab091fb467e90fc06_594724714834333119.jpg,EP短片壁纸合集,爱丽丝主题壁纸,1085,1273,2(3840x2160),2(3840x2160).jpg,壁纸合集\EP短片壁纸合集\爱丽丝主题壁纸\2(3840x2160).jpg,https://act-upload.mihoyo.com/nap-obc-indep/2025/08/29/73751405/29cc46498bbcb7aab091fb467e90fc06_594724714834333119.jpg,,,
wallpapers,wallpapers|1085|1273|3(2560x1080)|https://act-upload.mihoyo.com/nap-obc-indep/2025/08/29/73751405/2af7362aec58aab7e894aba02526ba38_8326011702764423899.jpg,EP短片壁纸合集,爱丽丝主题壁纸,1085,1273,3(2560x1080),3(2560x1080).jpg,壁纸合集\EP短片壁纸合集\爱丽丝主题壁纸\3(2560x1080).jpg,https://act-upload.mihoyo.com/nap-obc-indep/2025/08/29/73751405/2af7362aec58aab7e894aba02526ba38_8326011702764423899.jpg,,,
wallpapers,wallpapers|1085|1273|3(3840x2160)|https://act-upload.mihoyo.com/nap-obc-indep/2025/08/29/73751405/1b0ad26063b8a36efd5576a12c2e8868_4393846856878817117.jpg,EP短片壁纸合集,爱丽丝主题壁纸,1085,1273,3(3840x2160),3(3840x2160).jpg,壁纸合集\EP短片壁纸合集\爱丽丝主题壁纸\3(3840x2160).jpg,https://act-upload.mihoyo.com/nap-obc-indep/2025/08/29/73751405/1b0ad26063b8a36efd5576a12c2e8868_4393846856878817117.jpg,,,
wallpapers,wallpapers|1085|1273|4(2560x1080)|https://act-upload.mihoyo.com/nap-obc-indep/2025/08/29/73751405/0f04f565bb119fca9479a0e3b5010033_6953052740792766622.jpg,EP短片壁纸合集,爱丽丝主题壁纸,1085,1273,4(2560x1080),4(2560x1080).jpg,壁纸合集\EP短片壁纸合集\爱丽丝主题壁纸\4(2560x1080).jpg,https://act-upload.mihoyo.com/nap-obc-indep/2025/08/29/73751405/0f04f565bb119fca9479a0e3b5010033_6953052740792766622.jpg,,,
wallpapers,wallpapers|1085|1273|4(3840x2160)|https://act-upload.mihoyo.com/nap-obc-indep/2025/08/29/73751405/230bcfd37be6ade440755a18564f024a_5244461474981862911.jpg,EP短片壁纸合集,爱丽丝主题壁纸,1085,1273,4(3840x2160),4(3840x2160).jpg,壁纸合集\EP短片壁纸合集\爱丽丝主题壁纸\4(3840x2160).jpg,https://act-upload.mihoyo.com/nap-obc-indep/2025/08/29/73751405/230bcfd37be6ade440755a18564f024a_5244461474981862911.jpg,,,
wallpapers,wallpapers|1085|1273|5(2560x1080)|https://act-upload.mihoyo.com/nap-obc-indep/2025/08/29/73751405/400648433e9a1ac605adcbda61ba3178_7551584856878494836.jpg,EP短片壁纸合集,爱丽丝主题壁纸,1085,1273,5(2560x1080),5(2560x1080).jpg,壁纸合集\EP短片壁纸合集\爱丽丝主题壁纸\5(2560x1080).jpg,https://act-upload.mihoyo.com/nap-obc-indep/2025/08/29/73751405/400648433e9a1ac605adcbda61ba3178_7551584856878494836.jpg,,,
wallpapers,wallpapers|1085|1273|5(3840x2160)|https://act-upload.mihoyo.com/nap-obc-indep/2025/08/29/73751405/5fdf43a865b66802bf6c11b5081d843d_7859383562062403095.jpg,EP短片壁纸合集,爱丽丝主题壁纸,1085,1273,5(3840x2160),5(3840x2160).jpg,壁纸合集\EP短片壁纸合集\爱丽丝主题壁纸\5(3840x2160).jpg,https://act-upload.mihoyo.com/nap-obc-indep/2025/08/29/73751405/5fdf43a865b66802bf6c11b5081d843d_7859383562062403095.jpg,,,
wallpapers,wallpapers|1085|1273|6(2560x1080)|https://act-upload.mihoyo.com/nap-obc-indep/2025/08/29/73751405/06bfe96d2d0ca9e5bcc77a456f209e17_5075447942535933953.jpg,EP短片壁纸合集,爱丽丝主题壁纸,1085,1273,6(2560x1080),6(2560x1080).jpg,壁纸合集\EP短片壁纸合集\爱丽丝主题壁纸\6(2560x1080).jpg,https://act-upload.mihoyo.com/nap-obc-indep/2025/08/29/73751405/06bfe96d2d0ca9e5bcc77a456f209e17_5075447942535933953.jpg,,,
wallpapers,wallpapers|1085|1273|6(3840x2160)|https://act-upload.mihoyo.com/nap-obc-indep/2025/08/29/73751405/b172c0d91cdbec56608f5bafd89eff99_2399405962054854682.jpg,EP短片壁纸合集,爱丽丝主题壁纸,1085,1273,6(3840x2160),6(3840x2160).jpg,壁纸合集\EP短片壁纸合集\爱丽丝主题壁纸\6(3840x2160).jpg,https://act-upload.mihoyo.com/nap-obc-indep/2025/08/29/73751405/b172c0d91cdbec56608f5bafd89eff99_2399405962054854682.jpg,,,
wallpapers,wallpapers|1085|1273|7(2560x1080)|https://act-upload.mihoyo.com/nap-obc-indep/2025/08/29/73751405/5081ea545d1ad8f80f8e00a303e3dcf2_6348758429924277357.jpg,EP短片壁纸合集,爱丽丝主题壁纸,1085,1273,7(2560x1080),7(2560x1080).jpg,壁纸合集\EP短片壁纸合集\爱丽丝主题壁纸\7(2560x1080).jpg,https://act-upload.mihoyo.com/nap-obc-indep/2025/08/29/73751405/5081ea545d1ad8f80f8e00a303e3dcf2_6348758429924277357.jpg,,,
wallpapers,wallpapers|1085|1273|7(3840x2160)|https://act-upload.mihoyo.com/nap-obc-indep/2025/08/29/73751405/2d35e8f79ea2aa87f9afe0e5935f33fd_7878639331477026083.jpg,EP短片壁纸合集,爱丽丝主题壁纸,1085,1273,7(3840x2160),7(3840x2160).jpg,壁纸合集\EP短片壁纸合集\爱丽丝主题壁纸\7(3840x2160).jpg,https://act-upload.mihoyo.com/nap-obc-indep/2025/08/29/73751405/2d35e8f79ea2aa87f9afe0e5935f33fd_7878639331477026083.jpg,,,
wallpapers,wallpapers|1085|1273|8(2560x1080)|https://act-upload.mihoyo.com/nap-obc-indep/2025/08/29/73751405/4d8b89048d4b740984dbfda42c659d3d_2028523937530762378.jpg,EP短片壁纸合集,爱丽丝主题壁纸,1085,1273,8(2560x1080),8(2560x1080).jpg,壁纸合集\EP短片壁纸合集\爱丽丝主题壁纸\8(2560x1080).jpg,https://act-upload.mihoyo.com/nap-obc-indep/2025/08/29/73751405/4d8b89048d4b740984dbfda42c659d3d_2028523937530762378.jpg,,,
wallpapers,wallpapers|1085|1273|8(3840x2160)|https://act-upload.mihoyo.com/nap-obc-indep/2025/08/29/73751405/18e6fd182cb4138cb958504ca83ee793_8275801589230258044.jpg,EP短片壁纸合集,爱丽丝主题壁纸,1085,1273,8(3840x2160),8(3840x2160).jpg,壁纸合集\EP短片壁纸合集\爱丽丝主题壁纸\8(3840x2160).jpg,https://act-upload.mihoyo.com/nap-obc-indep/2025/08/29/73751405/18e6fd182cb4138cb958504ca83ee793_8275801589230258044.jpg,,,
wallpapers,wallpapers|1085|1273|9(2560x1080)|https://act-upload.mihoyo.com/nap-obc-indep/2025/08/29/73751405/be241a7cbcf3dba6a5bd02c8f3f0e9d8_2982329194412916073.jpg,EP短片壁纸合集,爱丽丝主题壁纸,1085,1273,9(2560x1080),9(2560x1080).jpg,壁纸合集\EP短片壁纸合集\爱丽丝主题壁纸\9(2560x1080).jpg,https://act-upload.mihoyo.com/nap-obc-indep/2025/08/29/73751405/be241a7cbcf3dba6a5bd02c8f3f0e9d8_2982329194412916073.jpg,,,
wallpapers,wallpapers|1085|1273|9(3840x2160)|https://act-upload.mihoyo.com/nap-obc-indep/2025/08/29/73751405/f5854e90174eea978f9e3fae1d97ae09_6934725468585165088.jpg,EP短片壁纸合集,爱丽丝主题壁纸,1085,1273,9(3840x2160),9(3840x2160).jpg,壁纸合集\EP短片壁纸合集\爱丽丝主题壁纸\9(3840x2160).jpg,https://act-upload.mihoyo.com/nap-obc-indep/2025/08/29/73751405/f5854e90174eea978f9e3fae1d97ae09_6934725468585165088.jpg,,,
wallpapers,wallpapers|1085|1273|10(2560x1080)|https://act-upload.mihoyo.com/nap-obc-indep/2025/08/29/73751405/8d2b590de7dfa2cd507a428d0b7b6405_7020504542576363906.jpg,EP短片壁纸合集,爱丽丝主题壁纸,1085,1273,10(2560x1080),10(2560x1080).jpg,壁纸合集\EP短片壁纸合集\爱丽丝主题壁纸\10(2560x1080).jpg,https://act-upload.mihoyo.com/nap-obc-indep/2025/08/29/73751405/8d2b590de7dfa2cd507a428d0b7b6405_7020504542576363906.jpg,,,
wallpapers,wallpapers|1085|1273|10(3840x2160)|https://act-upload.mihoyo.com/nap-obc-indep/2025/08/29/73751405/ea3ceed252fcaae767b210b6dcb6b644_2221864039990767105.jpg,EP短片壁纸合集,爱丽丝主题壁纸,1085,1273,10(3840x2160),10(3840x2160).jpg,壁纸合集\EP短片壁纸合集\爱丽丝主题壁纸\10(3840x2160).jpg,https://act-upload.mihoyo.com/nap-obc-indep/2025/08/29/73751405/ea3ceed252fcaae767b210b6dcb6b644_2221864039990767105.jpg,,,
wallpapers,wallpapers|1085|1273|11(2560x1080)|https://act-upload.mihoyo.com/nap-obc-indep/2025/08/29/73751405/95d98c1c5e4c61f97dfd1d3d78c23be4_1239323403334755273.jpg,EP短片壁纸合集,爱丽丝主题壁纸,1085,1273,11(2560x1080),11(2560x1080).jpg,壁纸合集\EP短片壁纸合集\爱丽丝主题壁纸\11(2560x1080).jpg,https://act-upload.mihoyo.com/nap-obc-indep/2025/08/29/73751405/95d98c1c5e4c61f97dfd1d3d78c23be4_1239323403334755273.jpg,,,
wallpapers,wallpapers|1085|1273|11(3840x2160)|https://act-upload.mihoyo.com/nap-obc-indep/2025/08/29/73751405/454dee011576df09bef598f5d88ad709_3835379239662404666.jpg,EP短片壁纸合集,爱丽丝主题壁纸,1085,1273,11(3840x2160),11(3840x2160).jpg,壁纸合集\EP短片壁纸合集\爱丽丝主题壁纸\11(3840x2160).jpg,https://act-upload.mihoyo.com/nap-obc-indep/2025/08/29/73751405/454dee011576df09bef598f5d88ad709_3835379239662404666.jpg,,,
wallpapers,wallpapers|1085|1273|12(2560x1080)|https://act-upload.mihoyo.com/nap-obc-indep/2025/08/29/73751405/2f6f44f2a238c0c8f1e84d5f27ea349d_886338381909177171.jpg,EP短片壁纸合集,爱丽丝主题壁纸,1085,1273,12(2560x1080),12(2560x1080).jpg,壁纸合集\EP短片壁纸合集\爱丽丝主题壁纸\12(2560x1080).jpg,https://act-upload.mihoyo.com/nap-obc-indep/2025/08/29/73751405/2f6f44f2a238c0c8f1e84d5f27ea349d_886338381909177171.jpg,,,
wallpapers,wallpapers|1085|1273|12(3840x2160)|https://act-upload.mihoyo.com/nap-obc-indep/2025/08/29/73751405/f346ad6a8906c1ec24c9a19a6e6d49d3_484780288697796067.jpg,EP短片壁纸合集,爱丽丝主题壁纸,1085,1273,12(3840x2160),12(3840x2160).jpg,壁纸合集\EP短片壁纸合集\爱丽丝主题壁纸\12(3840x2160).jpg,https://act-upload.mihoyo.com/nap-obc-indep/2025/08/29/73751405/f346ad6a8906c1ec24c9a19a6e6d49d3_484780288697796067.jpg,,,
wallpapers,wallpapers|1085|1273|13(2560x1080)|https://act-upload.mihoyo.com/nap-obc-indep/2025/08/29/73751405/9af3f425ca50b5b30eb4d8f84c7488af_5369886542179838578.jpg,EP短片壁纸合集,爱丽丝主题壁纸,1085,1273,13(2560x1080),13(2560x1080).jpg,壁纸合集\EP短片壁纸合集\爱丽丝主题壁纸\13(2560x1080).jpg,https://act-upload.mihoyo.com/nap-obc-indep/2025/08/29/73751405/9af3f425ca50b5b30eb4d8f84c7488af_5369886542179838578.jpg,,,
wallpapers,wallpapers|1085|1273|13(3840x2160)|https://act-upload.mihoyo.com/nap-obc-indep/2025/08/29/73751405/6ac670ccd1e36558b453f80904891e4b_7256777598531153659.jpg,EP短片壁纸合集,爱丽丝主题壁纸,1085,1273,13(3840x2160),13(3840x2160).jpg,壁纸合集\EP短片壁纸合集\爱丽丝主题壁纸\13(3840x2160).jpg,https://act-upload.mihoyo.com/nap-obc-indep/2025/08/29/73751405/6ac670ccd1e36558b453f80904891e4b_7256777598531153659.jpg,,,
wallpapers,wallpapers|1085|1273|14(2560x1080)|https://act-upload.mihoyo.com/nap-obc-indep/2025/08/29/73751405/a9de2932ca06cfe3cdb17c4d7c08bb20_2871245963128162375.jpg,EP短片壁纸合集,爱丽丝主题壁纸,1085,1273,14(2560x1080),14(2560x1080).jpg,壁纸合集\EP短片壁纸合集\爱丽丝主题壁纸\14(2560x1080).jpg,https://act-upload.mihoyo.com/nap-obc-indep/2025/08/29/73751405/a9de2932ca06cfe3cdb17c4d7c08bb20_2871245963128162375.jpg,,,
wallpapers,wallpapers|1085|1273|14(3840x2160)|https://act-upload.mihoyo.com/nap-obc-indep/2025/08/29/73751405/693eb6e9a74de363d165008dcc5f1ad5_927630967396239024.jpg,EP短片壁纸合集,爱丽丝主题壁纸,1085,1273,14(3840x2160),14(3840x2160).jpg,壁纸合集\EP短片壁纸合集\爱丽丝主题壁纸\14(3840x2160).jpg,https://act-upload.mihoyo.com/nap-obc-indep/2025/08/29/73751405/693eb6e9a74de363d165008dcc5f1ad5_927630967396239024.jpg,,,
wallpapers,wallpapers|1085|1273|15(2560x1080)|https://act-upload.mihoyo.com/nap-obc-indep/2025/08/29/73751405/47fc2d331da7d5d408ebc36caf40d46c_1524182813168445307.jpg,EP短片壁纸合集,爱丽丝主题壁纸,1085,1273,15(2560x1080),15(2560x1080).jpg,壁纸合集\EP短片壁纸合集\爱丽丝主题壁纸\15(2560x1080).jpg,https://act-upload.mihoyo.com/nap-obc-indep/2025/08/29/73751405/47fc2d331da7d5d408ebc36caf40d46c_1524182813168445307.jpg,,,
wallpapers,wallpapers|1085|1273|15(3840x2160)|https://act-upload.mihoyo.com/nap-obc-indep/2025/08/29/73751405/a4783bca96868dcd06a580d50576d645_4702199265088647833.jpg,EP短片壁纸合集,爱丽丝主题壁纸,1085,1273,15(3840x2160),15(3840x2160).jpg,壁纸合集\EP短片壁纸合集\爱丽丝主题壁纸\15(3840x2160).jpg,https://act-upload.mihoyo.com/nap-obc-indep/2025/08/29/73751405/a4783bca96868dcd06a580d50576d645_4702199265088647833.jpg,,,
wallpapers,wallpapers|1085|1094|1(2360x1080)|https://act-upload.mihoyo.com/nap-obc-indep/2025/06/05/73751405/4d7869920c078c0e05959b36cdf523ce_3620558535420696120.png,EP短片壁纸合集,薇薇安角色PV&角色展示壁纸,1085,1094,1(2360x1080),1(2360x1080).png,壁纸合集\EP短片壁纸合集\薇薇安角色PV&角色展示壁纸\1(2360x1080).png,https://act-upload.mihoyo.com/nap-obc-indep/2025/06/05/73751405/4d7869920c078c0e05959b36cdf523ce_3620558535420696120.png,,,
wallpapers,wallpapers|1085|1094|1(3840x2160)|https://act-upload.mihoyo.com/nap-obc-indep/2025/06/05/73751405/5e988fa07f225ce0eca769a6291f2032_96265698509199698.png,EP短片壁纸合集,薇薇安角色PV&角色展示壁纸,1085,1094,1(3840x2160),1(3840x2160).png,壁纸合集\EP短片壁纸合集\薇薇安角色PV&角色展示壁纸\1(3840x2160).png,https://act-upload.mihoyo.com/nap-obc-indep/2025/06/05/73751405/5e988fa07f225ce0eca769a6291f2032_96265698509199698.png,,,
wallpapers,wallpapers|1085|1094|2(2360x1080)|https://act-upload.mihoyo.com/nap-obc-indep/2025/06/05/73751405/daef8e7c80f5f142e45d1badd5e35ada_6620084820764607645.png,EP短片壁纸合集,薇薇安角色PV&角色展示壁纸,1085,1094,2(2360x1080),2(2360x1080).png,壁纸合集\EP短片壁纸合集\薇薇安角色PV&角色展示壁纸\2(2360x1080).png,https://act-upload.mihoyo.com/nap-obc-indep/2025/06/05/73751405/daef8e7c80f5f142e45d1badd5e35ada_6620084820764607645.png,,,
wallpapers,wallpapers|1085|1094|2(3840x2160)|https://act-upload.mihoyo.com/nap-obc-indep/2025/06/05/73751405/055d305e7dfa76c4db67a341f5aeebf9_3565376363300081389.png,EP短片壁纸合集,薇薇安角色PV&角色展示壁纸,1085,1094,2(3840x2160),2(3840x2160).png,壁纸合集\EP短片壁纸合集\薇薇安角色PV&角色展示壁纸\2(3840x2160).png,https://act-upload.mihoyo.com/nap-obc-indep/2025/06/05/73751405/055d305e7dfa76c4db67a341f5aeebf9_3565376363300081389.png,,,
wallpapers,wallpapers|1085|1094|3(2360x1080)|https://act-upload.mihoyo.com/nap-obc-indep/2025/06/05/73751405/d3fe8e1b26326f8fe7fdf4394ef028fc_8449506972840419839.png,EP短片壁纸合集,薇薇安角色PV&角色展示壁纸,1085,1094,3(2360x1080),3(2360x1080).png,壁纸合集\EP短片壁纸合集\薇薇安角色PV&角色展示壁纸\3(2360x1080).png,https://act-upload.mihoyo.com/nap-obc-indep/2025/06/05/73751405/d3fe8e1b26326f8fe7fdf4394ef028fc_8449506972840419839.png,,,
wallpapers,wallpapers|1085|1094|3(3840x2160)|https://act-upload.mihoyo.com/nap-obc-indep/2025/06/05/73751405/194d540305f7aa0927fda6dc5ceecbcf_5568595070481690575.png,EP短片壁纸合集,薇薇安角色PV&角色展示壁纸,1085,1094,3(3840x2160),3(3840x2160).png,壁纸合集\EP短片壁纸合集\薇薇安角色PV&角色展示壁纸\3(3840x2160).png,https://act-upload.mihoyo.com/nap-obc-indep/2025/06/05/73751405/194d540305f7aa0927fda6dc5ceecbcf_5568595070481690575.png,,,
wallpapers,wallpapers|1085|1094|4(2360x1080)|https://act-upload.mihoyo.com/nap-obc-indep/2025/06/05/73751405/df1bc0afc9da7b1ff0ef939ffdc976b7_7617746296761851730.png,EP短片壁纸合集,薇薇安角色PV&角色展示壁纸,1085,1094,4(2360x1080),4(2360x1080).png,壁纸合集\EP短片壁纸合集\薇薇安角色PV&角色展示壁纸\4(2360x1080).png,https://act-upload.mihoyo.com/nap-obc-indep/2025/06/05/73751405/df1bc0afc9da7b1ff0ef939ffdc976b7_7617746296761851730.png,,,
wallpapers,wallpapers|1085|1094|4(3840x2160)|https://act-upload.mihoyo.com/nap-obc-indep/2025/06/05/73751405/728f8660bcc031d28fc511d182d66c48_3267685304567360930.png,EP短片壁纸合集,薇薇安角色PV&角色展示壁纸,1085,1094,4(3840x2160),4(3840x2160).png,壁纸合集\EP短片壁纸合集\薇薇安角色PV&角色展示壁纸\4(3840x2160).png,https://act-upload.mihoyo.com/nap-obc-indep/2025/06/05/73751405/728f8660bcc031d28fc511d182d66c48_3267685304567360930.png,,,
wallpapers,wallpapers|1085|1094|5(2360x1080)|https://act-upload.mihoyo.com/nap-obc-indep/2025/06/05/73751405/547a83a97d535bd932497c4f604f72c9_8413428085077484616.png,EP短片壁纸合集,薇薇安角色PV&角色展示壁纸,1085,1094,5(2360x1080),5(2360x1080).png,壁纸合集\EP短片壁纸合集\薇薇安角色PV&角色展示壁纸\5(2360x1080).png,https://act-upload.mihoyo.com/nap-obc-indep/2025/06/05/73751405/547a83a97d535bd932497c4f604f72c9_8413428085077484616.png,,,
wallpapers,wallpapers|1085|1094|5(3840x2160)|https://act-upload.mihoyo.com/nap-obc-indep/2025/06/05/73751405/cb7c91d21c3c1383bbdd725ce9c521b3_8198825907070773703.png,EP短片壁纸合集,薇薇安角色PV&角色展示壁纸,1085,1094,5(3840x2160),5(3840x2160).png,壁纸合集\EP短片壁纸合集\薇薇安角色PV&角色展示壁纸\5(3840x2160).png,https://act-upload.mihoyo.com/nap-obc-indep/2025/06/05/73751405/cb7c91d21c3c1383bbdd725ce9c521b3_8198825907070773703.png,,,
wallpapers,wallpapers|1085|1094|6(2360x1080)|https://act-upload.mihoyo.com/nap-obc-indep/2025/06/05/73751405/9fbca02006177e60d43e7ee51b74595e_6128151440396715421.png,EP短片壁纸合集,薇薇安角色PV&角色展示壁纸,1085,1094,6(2360x1080),6(2360x1080).png,壁纸合集\EP短片壁纸合集\薇薇安角色PV&角色展示壁纸\6(2360x1080).png,https://act-upload.mihoyo.com/nap-obc-indep/2025/06/05/73751405/9fbca02006177e60d43e7ee51b74595e_6128151440396715421.png,,,
wallpapers,wallpapers|1085|1094|6(3840x2160)|https://act-upload.mihoyo.com/nap-obc-indep/2025/06/05/73751405/54b252056d0e535a488b4789d7d13faa_3674834664991763724.png,EP短片壁纸合集,薇薇安角色PV&角色展示壁纸,1085,1094,6(3840x2160),6(3840x2160).png,壁纸合集\EP短片壁纸合集\薇薇安角色PV&角色展示壁纸\6(3840x2160).png,https://act-upload.mihoyo.com/nap-obc-indep/2025/06/05/73751405/54b252056d0e535a488b4789d7d13faa_3674834664991763724.png,,,
wallpapers,wallpapers|1085|1094|7(2360x1080)|https://act-upload.mihoyo.com/nap-obc-indep/2025/06/05/73751405/912a6043c96c00bae99073263adf1fbb_4557957178314515212.png,EP短片壁纸合集,薇薇安角色PV&角色展示壁纸,1085,1094,7(2360x1080),7(2360x1080).png,壁纸合集\EP短片壁纸合集\薇薇安角色PV&角色展示壁纸\7(2360x1080).png,https://act-upload.mihoyo.com/nap-obc-indep/2025/06/05/73751405/912a6043c96c00bae99073263adf1fbb_4557957178314515212.png,,,
wallpapers,wallpapers|1085|1094|7(3840x2160)|https://act-upload.mihoyo.com/nap-obc-indep/2025/06/05/73751405/027f7967b31d53d5af23951487fb914c_8356432976306479481.png,EP短片壁纸合集,薇薇安角色PV&角色展示壁纸,1085,1094,7(3840x2160),7(3840x2160).png,壁纸合集\EP短片壁纸合集\薇薇安角色PV&角色展示壁纸\7(3840x2160).png,https://act-upload.mihoyo.com/nap-obc-indep/2025/06/05/73751405/027f7967b31d53d5af23951487fb914c_8356432976306479481.png,,,
wallpapers,wallpapers|1085|1094|8|https://act-upload.mihoyo.com/nap-obc-indep/2025/06/05/73751405/fb17d8c929ef2edc61fde3753f76fe3f_7367463547394274671.png,EP短片壁纸合集,薇薇安角色PV&角色展示壁纸,1085,1094,8,8.png,壁纸合集\EP短片壁纸合集\薇薇安角色PV&角色展示壁纸\8.png,https://act-upload.mihoyo.com/nap-obc-indep/2025/06/05/73751405/fb17d8c929ef2edc61fde3753f76fe3f_7367463547394274671.png,,,
wallpapers,wallpapers|1085|1094|9|https://act-upload.mihoyo.com/nap-obc-indep/2025/06/05/73751405/0e346b96fc7649c591e76c2f4c15c062_954202988513273092.png,EP短片壁纸合集,薇薇安角色PV&角色展示壁纸,1085,1094,9,9.png,壁纸合集\EP短片壁纸合集\薇薇安角色PV&角色展示壁纸\9.png,https://act-upload.mihoyo.com/nap-obc-indep/2025/06/05/73751405/0e346b96fc7649c591e76c2f4c15c062_954202988513273092.png,,,
wallpapers,wallpapers|1085|1094|10|https://act-upload.mihoyo.com/nap-obc-indep/2025/06/05/73751405/d5816919b9a282388178f30abea0b85a_3089990716058897102.png,EP短片壁纸合集,薇薇安角色PV&角色展示壁纸,1085,1094,10,10.png,壁纸合集\EP短片壁纸合集\薇薇安角色PV&角色展示壁纸\10.png,https://act-upload.mihoyo.com/nap-obc-indep/2025/06/05/73751405/d5816919b9a282388178f30abea0b85a_3089990716058897102.png,,,
wallpapers,wallpapers|1085|1094|11|https://act-upload.mihoyo.com/nap-obc-indep/2025/06/05/73751405/ae4aa38222e28d06b3642b39fc8098ee_8235741391567554713.png,EP短片壁纸合集,薇薇安角色PV&角色展示壁纸,1085,1094,11,11.png,壁纸合集\EP短片壁纸合集\薇薇安角色PV&角色展示壁纸\11.png,https://act-upload.mihoyo.com/nap-obc-indep/2025/06/05/73751405/ae4aa38222e28d06b3642b39fc8098ee_8235741391567554713.png,,,
wallpapers,wallpapers|1085|1071|1(2560x1080)|https://act-upload.mihoyo.com/nap-obc-indep/2025/05/13/73751405/b80ba3b117a1fc548d7badc19acd0084_4047335723114996744.jpg,EP短片壁纸合集,「扳机」角色PV&角色展示壁纸,1085,1071,1(2560x1080),1(2560x1080).jpg,壁纸合集\EP短片壁纸合集\「扳机」角色PV&角色展示壁纸\1(2560x1080).jpg,https://act-upload.mihoyo.com/nap-obc-indep/2025/05/13/73751405/b80ba3b117a1fc548d7badc19acd0084_4047335723114996744.jpg,,,
wallpapers,wallpapers|1085|1071|1(3840x2160)|https://act-upload.mihoyo.com/nap-obc-indep/2025/05/13/73751405/0e9376a7391cbccf8de7a74408989370_8813904478802220015.jpg,EP短片壁纸合集,「扳机」角色PV&角色展示壁纸,1085,1071,1(3840x2160),1(3840x2160).jpg,壁纸合集\EP短片壁纸合集\「扳机」角色PV&角色展示壁纸\1(3840x2160).jpg,https://act-upload.mihoyo.com/nap-obc-indep/2025/05/13/73751405/0e9376a7391cbccf8de7a74408989370_8813904478802220015.jpg,,,
wallpapers,wallpapers|1085|1071|2(2560x1080)|https://act-upload.mihoyo.com/nap-obc-indep/2025/05/13/73751405/167852333fcee3dcb15437541523e1a4_1401619355572780230.jpg,EP短片壁纸合集,「扳机」角色PV&角色展示壁纸,1085,1071,2(2560x1080),2(2560x1080).jpg,壁纸合集\EP短片壁纸合集\「扳机」角色PV&角色展示壁纸\2(2560x1080).jpg,https://act-upload.mihoyo.com/nap-obc-indep/2025/05/13/73751405/167852333fcee3dcb15437541523e1a4_1401619355572780230.jpg,,,
wallpapers,wallpapers|1085|1071|2(3840x2160)|https://act-upload.mihoyo.com/nap-obc-indep/2025/05/13/73751405/6ce09272e8955e7bf63f23b0a171d854_5997362786736428008.jpg,EP短片壁纸合集,「扳机」角色PV&角色展示壁纸,1085,1071,2(3840x2160),2(3840x2160).jpg,壁纸合集\EP短片壁纸合集\「扳机」角色PV&角色展示壁纸\2(3840x2160).jpg,https://act-upload.mihoyo.com/nap-obc-indep/2025/05/13/73751405/6ce09272e8955e7bf63f23b0a171d854_5997362786736428008.jpg,,,
wallpapers,wallpapers|1085|1071|3(2560x1080)|https://act-upload.mihoyo.com/nap-obc-indep/2025/05/13/73751405/4adef812e9e2f18d7cc75f08dab2c45c_2909918594993630657.jpg,EP短片壁纸合集,「扳机」角色PV&角色展示壁纸,1085,1071,3(2560x1080),3(2560x1080).jpg,壁纸合集\EP短片壁纸合集\「扳机」角色PV&角色展示壁纸\3(2560x1080).jpg,https://act-upload.mihoyo.com/nap-obc-indep/2025/05/13/73751405/4adef812e9e2f18d7cc75f08dab2c45c_2909918594993630657.jpg,,,
wallpapers,wallpapers|1085|1071|3(3840x2160)|https://act-upload.mihoyo.com/nap-obc-indep/2025/05/13/73751405/edbe9c731d7b052ef21cb1802ac1d490_2426855108027477823.jpg,EP短片壁纸合集,「扳机」角色PV&角色展示壁纸,1085,1071,3(3840x2160),3(3840x2160).jpg,壁纸合集\EP短片壁纸合集\「扳机」角色PV&角色展示壁纸\3(3840x2160).jpg,https://act-upload.mihoyo.com/nap-obc-indep/2025/05/13/73751405/edbe9c731d7b052ef21cb1802ac1d490_2426855108027477823.jpg,,,
wallpapers,wallpapers|1085|1071|4(2560x1080)|https://act-upload.mihoyo.com/nap-obc-indep/2025/05/13/73751405/5a6196d9c2af7bfeb6d45783960c6e46_4183579904802498642.jpg,EP短片壁纸合集,「扳机」角色PV&角色展示壁纸,1085,1071,4(2560x1080),4(2560x1080).jpg,壁纸合集\EP短片壁纸合集\「扳机」角色PV&角色展示壁纸\4(2560x1080).jpg,https://act-upload.mihoyo.com/nap-obc-indep/2025/05/13/73751405/5a6196d9c2af7bfeb6d45783960c6e46_4183579904802498642.jpg,,,
wallpapers,wallpapers|1085|1071|4(3840x2160)|https://act-upload.mihoyo.com/nap-obc-indep/2025/05/13/73751405/6564185c39fb9075fa3a4d79f373c182_5920469940063445714.jpg,EP短片壁纸合集,「扳机」角色PV&角色展示壁纸,1085,1071,4(3840x2160),4(3840x2160).jpg,壁纸合集\EP短片壁纸合集\「扳机」角色PV&角色展示壁纸\4(3840x2160).jpg,https://act-upload.mihoyo.com/nap-obc-indep/2025/05/13/73751405/6564185c39fb9075fa3a4d79f373c182_5920469940063445714.jpg,,,
wallpapers,wallpapers|1085|1071|5(2560x1080)|https://act-upload.mihoyo.com/nap-obc-indep/2025/05/13/73751405/89b145a7a11972003c762c63ceff3f76_5449400166989835925.jpg,EP短片壁纸合集,「扳机」角色PV&角色展示壁纸,1085,1071,5(2560x1080),5(2560x1080).jpg,壁纸合集\EP短片壁纸合集\「扳机」角色PV&角色展示壁纸\5(2560x1080).jpg,https://act-upload.mihoyo.com/nap-obc-indep/2025/05/13/73751405/89b145a7a11972003c762c63ceff3f76_5449400166989835925.jpg,,,
wallpapers,wallpapers|1085|1071|5(3840x2160)|https://act-upload.mihoyo.com/nap-obc-indep/2025/05/13/73751405/4297fcbfc387ec080a43b4ebb79fd9ea_6694457948844210558.jpg,EP短片壁纸合集,「扳机」角色PV&角色展示壁纸,1085,1071,5(3840x2160),5(3840x2160).jpg,壁纸合集\EP短片壁纸合集\「扳机」角色PV&角色展示壁纸\5(3840x2160).jpg,https://act-upload.mihoyo.com/nap-obc-indep/2025/05/13/73751405/4297fcbfc387ec080a43b4ebb79fd9ea_6694457948844210558.jpg,,,
wallpapers,wallpapers|1085|1071|6(2560x1080)|https://act-upload.mihoyo.com/nap-obc-indep/2025/05/13/73751405/eb241c8acc72f75407211e712cf18643_8569645513652692435.jpg,EP短片壁纸合集,「扳机」角色PV&角色展示壁纸,1085,1071,6(2560x1080),6(2560x1080).jpg,壁纸合集\EP短片壁纸合集\「扳机」角色PV&角色展示壁纸\6(2560x1080).jpg,https://act-upload.mihoyo.com/nap-obc-indep/2025/05/13/73751405/eb241c8acc72f75407211e712cf18643_8569645513652692435.jpg,,,
wallpapers,wallpapers|1085|1071|6(3840x2160)|https://act-upload.mihoyo.com/nap-obc-indep/2025/05/13/73751405/29d621fca8bb947fba7542df52750b2d_3916629047068638222.jpg,EP短片壁纸合集,「扳机」角色PV&角色展示壁纸,1085,1071,6(3840x2160),6(3840x2160).jpg,壁纸合集\EP短片壁纸合集\「扳机」角色PV&角色展示壁纸\6(3840x2160).jpg,https://act-upload.mihoyo.com/nap-obc-indep/2025/05/13/73751405/29d621fca8bb947fba7542df52750b2d_3916629047068638222.jpg,,,
wallpapers,wallpapers|1085|1071|7(2560x1080)|https://act-upload.mihoyo.com/nap-obc-indep/2025/05/13/73751405/4d249042afd33a1229b43b9835059686_9018525556974735823.jpg,EP短片壁纸合集,「扳机」角色PV&角色展示壁纸,1085,1071,7(2560x1080),7(2560x1080).jpg,壁纸合集\EP短片壁纸合集\「扳机」角色PV&角色展示壁纸\7(2560x1080).jpg,https://act-upload.mihoyo.com/nap-obc-indep/2025/05/13/73751405/4d249042afd33a1229b43b9835059686_9018525556974735823.jpg,,,
wallpapers,wallpapers|1085|1071|7(3840x2160)|https://act-upload.mihoyo.com/nap-obc-indep/2025/05/13/73751405/2a8f836c46bada3e658f2e050ec629ce_8978268616427702999.jpg,EP短片壁纸合集,「扳机」角色PV&角色展示壁纸,1085,1071,7(3840x2160),7(3840x2160).jpg,壁纸合集\EP短片壁纸合集\「扳机」角色PV&角色展示壁纸\7(3840x2160).jpg,https://act-upload.mihoyo.com/nap-obc-indep/2025/05/13/73751405/2a8f836c46bada3e658f2e050ec629ce_8978268616427702999.jpg,,,
wallpapers,wallpapers|1085|1071|8(2560x1080)|https://act-upload.mihoyo.com/nap-obc-indep/2025/05/13/73751405/bcfd128c8405ea291839822fa2fa5079_755913579083504999.jpg,EP短片壁纸合集,「扳机」角色PV&角色展示壁纸,1085,1071,8(2560x1080),8(2560x1080).jpg,壁纸合集\EP短片壁纸合集\「扳机」角色PV&角色展示壁纸\8(2560x1080).jpg,https://act-upload.mihoyo.com/nap-obc-indep/2025/05/13/73751405/bcfd128c8405ea291839822fa2fa5079_755913579083504999.jpg,,,
wallpapers,wallpapers|1085|1071|8(3840x2160)|https://act-upload.mihoyo.com/nap-obc-indep/2025/05/13/73751405/1dc5751548f24461dc7daccfe5c11d3f_171505373582271863.jpg,EP短片壁纸合集,「扳机」角色PV&角色展示壁纸,1085,1071,8(3840x2160),8(3840x2160).jpg,壁纸合集\EP短片壁纸合集\「扳机」角色PV&角色展示壁纸\8(3840x2160).jpg,https://act-upload.mihoyo.com/nap-obc-indep/2025/05/13/73751405/1dc5751548f24461dc7daccfe5c11d3f_171505373582271863.jpg,,,
wallpapers,wallpapers|1085|1071|9(2560x1080)|https://act-upload.mihoyo.com/nap-obc-indep/2025/05/13/73751405/244d919c551313f8ff8eb392a9bc53e0_1035701299093767352.jpg,EP短片壁纸合集,「扳机」角色PV&角色展示壁纸,1085,1071,9(2560x1080),9(2560x1080).jpg,壁纸合集\EP短片壁纸合集\「扳机」角色PV&角色展示壁纸\9(2560x1080).jpg,https://act-upload.mihoyo.com/nap-obc-indep/2025/05/13/73751405/244d919c551313f8ff8eb392a9bc53e0_1035701299093767352.jpg,,,
wallpapers,wallpapers|1085|1071|9(3840x2160)|https://act-upload.mihoyo.com/nap-obc-indep/2025/05/13/73751405/311d49958538eb7eae99355e662e9184_1074886577045191141.jpg,EP短片壁纸合集,「扳机」角色PV&角色展示壁纸,1085,1071,9(3840x2160),9(3840x2160).jpg,壁纸合集\EP短片壁纸合集\「扳机」角色PV&角色展示壁纸\9(3840x2160).jpg,https://act-upload.mihoyo.com/nap-obc-indep/2025/05/13/73751405/311d49958538eb7eae99355e662e9184_1074886577045191141.jpg,,,
wallpapers,wallpapers|1085|806|1|https://act-upload.mihoyo.com/nap-obc-indep/2025/01/03/73751405/57f4a0d636b1c5493c59d7d3a9c8f385_4111020710854585667.png,EP短片壁纸合集,浅羽悠真EP丨绘本,1085,806,1,1.png,壁纸合集\EP短片壁纸合集\浅羽悠真EP丨绘本\1.png,https://act-upload.mihoyo.com/nap-obc-indep/2025/01/03/73751405/57f4a0d636b1c5493c59d7d3a9c8f385_4111020710854585667.png,,,
wallpapers,wallpapers|1085|806|2|https://act-upload.mihoyo.com/nap-obc-indep/2025/01/03/73751405/ef95f964270ed71d90c6e59c684673c2_3283056530290853704.png,EP短片壁纸合集,浅羽悠真EP丨绘本,1085,806,2,2.png,壁纸合集\EP短片壁纸合集\浅羽悠真EP丨绘本\2.png,https://act-upload.mihoyo.com/nap-obc-indep/2025/01/03/73751405/ef95f964270ed71d90c6e59c684673c2_3283056530290853704.png,,,
wallpapers,wallpapers|1085|806|3|https://act-upload.mihoyo.com/nap-obc-indep/2025/01/03/73751405/c21e92086e9c0a58d3f8a87669371f36_1175673705395124672.png,EP短片壁纸合集,浅羽悠真EP丨绘本,1085,806,3,3.png,壁纸合集\EP短片壁纸合集\浅羽悠真EP丨绘本\3.png,https://act-upload.mihoyo.com/nap-obc-indep/2025/01/03/73751405/c21e92086e9c0a58d3f8a87669371f36_1175673705395124672.png,,,
wallpapers,wallpapers|1085|806|4|https://act-upload.mihoyo.com/nap-obc-indep/2025/01/03/73751405/4d45334e5d0a6921e5700d2e0dddc738_8979820476444256603.png,EP短片壁纸合集,浅羽悠真EP丨绘本,1085,806,4,4.png,壁纸合集\EP短片壁纸合集\浅羽悠真EP丨绘本\4.png,https://act-upload.mihoyo.com/nap-obc-indep/2025/01/03/73751405/4d45334e5d0a6921e5700d2e0dddc738_8979820476444256603.png,,,
wallpapers,wallpapers|1085|806|5|https://act-upload.mihoyo.com/nap-obc-indep/2025/01/03/73751405/5be972be8fe7586160a8c720aa7b0340_6081509768981898638.png,EP短片壁纸合集,浅羽悠真EP丨绘本,1085,806,5,5.png,壁纸合集\EP短片壁纸合集\浅羽悠真EP丨绘本\5.png,https://act-upload.mihoyo.com/nap-obc-indep/2025/01/03/73751405/5be972be8fe7586160a8c720aa7b0340_6081509768981898638.png,,,
wallpapers,wallpapers|1085|806|6|https://act-upload.mihoyo.com/nap-obc-indep/2025/01/03/73751405/8088c8fe6b77f8c82a6388caf2b55937_4924553478841360019.png,EP短片壁纸合集,浅羽悠真EP丨绘本,1085,806,6,6.png,壁纸合集\EP短片壁纸合集\浅羽悠真EP丨绘本\6.png,https://act-upload.mihoyo.com/nap-obc-indep/2025/01/03/73751405/8088c8fe6b77f8c82a6388caf2b55937_4924553478841360019.png,,,
wallpapers,wallpapers|1085|806|7|https://act-upload.mihoyo.com/nap-obc-indep/2025/01/03/73751405/099962a0d642d84411178b0ea64bb1c0_7862316338217215312.png,EP短片壁纸合集,浅羽悠真EP丨绘本,1085,806,7,7.png,壁纸合集\EP短片壁纸合集\浅羽悠真EP丨绘本\7.png,https://act-upload.mihoyo.com/nap-obc-indep/2025/01/03/73751405/099962a0d642d84411178b0ea64bb1c0_7862316338217215312.png,,,
wallpapers,wallpapers|1085|806|8|https://act-upload.mihoyo.com/nap-obc-indep/2025/01/03/73751405/3b25476ce49cae94dd6c90e3e082ef7e_5024966261278680273.png,EP短片壁纸合集,浅羽悠真EP丨绘本,1085,806,8,8.png,壁纸合集\EP短片壁纸合集\浅羽悠真EP丨绘本\8.png,https://act-upload.mihoyo.com/nap-obc-indep/2025/01/03/73751405/3b25476ce49cae94dd6c90e3e082ef7e_5024966261278680273.png,,,
wallpapers,wallpapers|1085|806|9|https://act-upload.mihoyo.com/nap-obc-indep/2025/01/03/73751405/2b601ad879d380a4ba98b8b647d462d9_4582510377597901886.png,EP短片壁纸合集,浅羽悠真EP丨绘本,1085,806,9,9.png,壁纸合集\EP短片壁纸合集\浅羽悠真EP丨绘本\9.png,https://act-upload.mihoyo.com/nap-obc-indep/2025/01/03/73751405/2b601ad879d380a4ba98b8b647d462d9_4582510377597901886.png,,,
wallpapers,wallpapers|1085|1317|1(2560x1080)|https://act-upload.mihoyo.com/nap-obc-indep/2025/09/10/73751405/0eb53a3302c5f6feeaa75be0816e6a44_4405781932585444433.jpg,EP短片壁纸合集,「席德」主题壁纸,1085,1317,1(2560x1080),1(2560x1080).jpg,壁纸合集\EP短片壁纸合集\「席德」主题壁纸\1(2560x1080).jpg,https://act-upload.mihoyo.com/nap-obc-indep/2025/09/10/73751405/0eb53a3302c5f6feeaa75be0816e6a44_4405781932585444433.jpg,,,
wallpapers,wallpapers|1085|1317|1(3840x2160)|https://act-upload.mihoyo.com/nap-obc-indep/2025/09/10/73751405/95f760aed9b360b7edee07b8bdb65357_9213032113856428582.jpg,EP短片壁纸合集,「席德」主题壁纸,1085,1317,1(3840x2160),1(3840x2160).jpg,壁纸合集\EP短片壁纸合集\「席德」主题壁纸\1(3840x2160).jpg,https://act-upload.mihoyo.com/nap-obc-indep/2025/09/10/73751405/95f760aed9b360b7edee07b8bdb65357_9213032113856428582.jpg,,,
wallpapers,wallpapers|1085|1317|2(2560x1080)|https://act-upload.mihoyo.com/nap-obc-indep/2025/09/10/73751405/3b9e069de29540e8d29b9a1dc6de9060_6309617456867758765.jpg,EP短片壁纸合集,「席德」主题壁纸,1085,1317,2(2560x1080),2(2560x1080).jpg,壁纸合集\EP短片壁纸合集\「席德」主题壁纸\2(2560x1080).jpg,https://act-upload.mihoyo.com/nap-obc-indep/2025/09/10/73751405/3b9e069de29540e8d29b9a1dc6de9060_6309617456867758765.jpg,,,
wallpapers,wallpapers|1085|1317|2(3840x2160)|https://act-upload.mihoyo.com/nap-obc-indep/2025/09/10/73751405/d3846e667ec7b89336245dc317c0cb81_8565117759887305246.jpg,EP短片壁纸合集,「席德」主题壁纸,1085,1317,2(3840x2160),2(3840x2160).jpg,壁纸合集\EP短片壁纸合集\「席德」主题壁纸\2(3840x2160).jpg,https://act-upload.mihoyo.com/nap-obc-indep/2025/09/10/73751405/d3846e667ec7b89336245dc317c0cb81_8565117759887305246.jpg,,,
wallpapers,wallpapers|1085|1317|3(2560x1080)|https://act-upload.mihoyo.com/nap-obc-indep/2025/09/10/73751405/0d49f3d5ab6d9114af968e5c3719b487_3563334675349801833.jpg,EP短片壁纸合集,「席德」主题壁纸,1085,1317,3(2560x1080),3(2560x1080).jpg,壁纸合集\EP短片壁纸合集\「席德」主题壁纸\3(2560x1080).jpg,https://act-upload.mihoyo.com/nap-obc-indep/2025/09/10/73751405/0d49f3d5ab6d9114af968e5c3719b487_3563334675349801833.jpg,,,
wallpapers,wallpapers|1085|1317|3(3840x2160)|https://act-upload.mihoyo.com/nap-obc-indep/2025/09/10/73751405/f22f83e40d783c1a56bf5e8d7a915fb0_539085381711675715.jpg,EP短片壁纸合集,「席德」主题壁纸,1085,1317,3(3840x2160),3(3840x2160).jpg,壁纸合集\EP短片壁纸合集\「席德」主题壁纸\3(3840x2160).jpg,https://act-upload.mihoyo.com/nap-obc-indep/2025/09/10/73751405/f22f83e40d783c1a56bf5e8d7a915fb0_539085381711675715.jpg,,,
wallpapers,wallpapers|1085|1317|4(2560x1080)|https://act-upload.mihoyo.com/nap-obc-indep/2025/09/10/73751405/ff43c706345b35bfcbce4d96fad7b150_7844713630507230848.jpg,EP短片壁纸合集,「席德」主题壁纸,1085,1317,4(2560x1080),4(2560x1080).jpg,壁纸合集\EP短片壁纸合集\「席德」主题壁纸\4(2560x1080).jpg,https://act-upload.mihoyo.com/nap-obc-indep/2025/09/10/73751405/ff43c706345b35bfcbce4d96fad7b150_7844713630507230848.jpg,,,
wallpapers,wallpapers|1085|1317|4(3840x2160)|https://act-upload.mihoyo.com/nap-obc-indep/2025/09/10/73751405/9143249bca4e8f421786bd643db66c8b_7478335206798339757.jpg,EP短片壁纸合集,「席德」主题壁纸,1085,1317,4(3840x2160),4(3840x2160).jpg,壁纸合集\EP短片壁纸合集\「席德」主题壁纸\4(3840x2160).jpg,https://act-upload.mihoyo.com/nap-obc-indep/2025/09/10/73751405/9143249bca4e8f421786bd643db66c8b_7478335206798339757.jpg,,,
wallpapers,wallpapers|1085|1317|5(2560x1080)|https://act-upload.mihoyo.com/nap-obc-indep/2025/09/10/73751405/254075433d1251cca1d769ffd3f03ff2_780921429170342803.jpg,EP短片壁纸合集,「席德」主题壁纸,1085,1317,5(2560x1080),5(2560x1080).jpg,壁纸合集\EP短片壁纸合集\「席德」主题壁纸\5(2560x1080).jpg,https://act-upload.mihoyo.com/nap-obc-indep/2025/09/10/73751405/254075433d1251cca1d769ffd3f03ff2_780921429170342803.jpg,,,
wallpapers,wallpapers|1085|1317|5(3840x2160)|https://act-upload.mihoyo.com/nap-obc-indep/2025/09/10/73751405/947285b62d01df2258f06fcb89a2270b_1993945946511959979.jpg,EP短片壁纸合集,「席德」主题壁纸,1085,1317,5(3840x2160),5(3840x2160).jpg,壁纸合集\EP短片壁纸合集\「席德」主题壁纸\5(3840x2160).jpg,https://act-upload.mihoyo.com/nap-obc-indep/2025/09/10/73751405/947285b62d01df2258f06fcb89a2270b_1993945946511959979.jpg,,,
wallpapers,wallpapers|1085|1317|6(2560x1080)|https://act-upload.mihoyo.com/nap-obc-indep/2025/09/10/73751405/5a2e3b694f8d3928244024ba44b74c06_4319986385205698261.jpg,EP短片壁纸合集,「席德」主题壁纸,1085,1317,6(2560x1080),6(2560x1080).jpg,壁纸合集\EP短片壁纸合集\「席德」主题壁纸\6(2560x1080).jpg,https://act-upload.mihoyo.com/nap-obc-indep/2025/09/10/73751405/5a2e3b694f8d3928244024ba44b74c06_4319986385205698261.jpg,,,
wallpapers,wallpapers|1085|1317|6(3840x2160)|https://act-upload.mihoyo.com/nap-obc-indep/2025/09/10/73751405/48f8eb5d07fbcffba147a235abf3f442_659139094093565840.jpg,EP短片壁纸合集,「席德」主题壁纸,1085,1317,6(3840x2160),6(3840x2160).jpg,壁纸合集\EP短片壁纸合集\「席德」主题壁纸\6(3840x2160).jpg,https://act-upload.mihoyo.com/nap-obc-indep/2025/09/10/73751405/48f8eb5d07fbcffba147a235abf3f442_659139094093565840.jpg,,,
wallpapers,wallpapers|1085|1317|7(2560x1080)|https://act-upload.mihoyo.com/nap-obc-indep/2025/09/10/73751405/f8255ce98d5a6375212942b6ed502ee2_5674173491106698585.jpg,EP短片壁纸合集,「席德」主题壁纸,1085,1317,7(2560x1080),7(2560x1080).jpg,壁纸合集\EP短片壁纸合集\「席德」主题壁纸\7(2560x1080).jpg,https://act-upload.mihoyo.com/nap-obc-indep/2025/09/10/73751405/f8255ce98d5a6375212942b6ed502ee2_5674173491106698585.jpg,,,
wallpapers,wallpapers|1085|1317|7(3840x2160)|https://act-upload.mihoyo.com/nap-obc-indep/2025/09/10/73751405/c3cd0e9a4a752bf630e0b84cbaad08f7_958073311039080735.jpg,EP短片壁纸合集,「席德」主题壁纸,1085,1317,7(3840x2160),7(3840x2160).jpg,壁纸合集\EP短片壁纸合集\「席德」主题壁纸\7(3840x2160).jpg,https://act-upload.mihoyo.com/nap-obc-indep/2025/09/10/73751405/c3cd0e9a4a752bf630e0b84cbaad08f7_958073311039080735.jpg,,,
wallpapers,wallpapers|1085|1317|8(2560x1080)|https://act-upload.mihoyo.com/nap-obc-indep/2025/09/10/73751405/1e145814825c35a3e529fc11e42695eb_1866391573761699548.jpg,EP短片壁纸合集,「席德」主题壁纸,1085,1317,8(2560x1080),8(2560x1080).jpg,壁纸合集\EP短片壁纸合集\「席德」主题壁纸\8(2560x1080).jpg,https://act-upload.mihoyo.com/nap-obc-indep/2025/09/10/73751405/1e145814825c35a3e529fc11e42695eb_1866391573761699548.jpg,,,
wallpapers,wallpapers|1085|1317|8(3840x2160)|https://act-upload.mihoyo.com/nap-obc-indep/2025/09/10/73751405/f466c3d872d4bc0d046af4f57dec0ad0_499047443564697585.jpg,EP短片壁纸合集,「席德」主题壁纸,1085,1317,8(3840x2160),8(3840x2160).jpg,壁纸合集\EP短片壁纸合集\「席德」主题壁纸\8(3840x2160).jpg,https://act-upload.mihoyo.com/nap-obc-indep/2025/09/10/73751405/f466c3d872d4bc0d046af4f57dec0ad0_499047443564697585.jpg,,,
wallpapers,wallpapers|1085|1317|9(2560x1080)|https://act-upload.mihoyo.com/nap-obc-indep/2025/09/10/73751405/263b628bdf4881dd1d407381d99fda47_1474175145175472094.jpg,EP短片壁纸合集,「席德」主题壁纸,1085,1317,9(2560x1080),9(2560x1080).jpg,壁纸合集\EP短片壁纸合集\「席德」主题壁纸\9(2560x1080).jpg,https://act-upload.mihoyo.com/nap-obc-indep/2025/09/10/73751405/263b628bdf4881dd1d407381d99fda47_1474175145175472094.jpg,,,
wallpapers,wallpapers|1085|1317|9(3840x2160)|https://act-upload.mihoyo.com/nap-obc-indep/2025/09/10/73751405/51f0e28719f03ee7ed55b57e358ba39b_6341930390944833336.jpg,EP短片壁纸合集,「席德」主题壁纸,1085,1317,9(3840x2160),9(3840x2160).jpg,壁纸合集\EP短片壁纸合集\「席德」主题壁纸\9(3840x2160).jpg,https://act-upload.mihoyo.com/nap-obc-indep/2025/09/10/73751405/51f0e28719f03ee7ed55b57e358ba39b_6341930390944833336.jpg,,,
wallpapers,wallpapers|1085|1317|10(2560x1080)|https://act-upload.mihoyo.com/nap-obc-indep/2025/09/10/73751405/4cbcedb99ac08bb82b26dcb5edd0195c_5875791060776022973.jpg,EP短片壁纸合集,「席德」主题壁纸,1085,1317,10(2560x1080),10(2560x1080).jpg,壁纸合集\EP短片壁纸合集\「席德」主题壁纸\10(2560x1080).jpg,https://act-upload.mihoyo.com/nap-obc-indep/2025/09/10/73751405/4cbcedb99ac08bb82b26dcb5edd0195c_5875791060776022973.jpg,,,
wallpapers,wallpapers|1085|1317|10(3840x2160)|https://act-upload.mihoyo.com/nap-obc-indep/2025/09/10/73751405/4a977bbf6247afb65fb12a233273297c_651092189805874456.jpg,EP短片壁纸合集,「席德」主题壁纸,1085,1317,10(3840x2160),10(3840x2160).jpg,壁纸合集\EP短片壁纸合集\「席德」主题壁纸\10(3840x2160).jpg,https://act-upload.mihoyo.com/nap-obc-indep/2025/09/10/73751405/4a977bbf6247afb65fb12a233273297c_651092189805874456.jpg,,,
wallpapers,wallpapers|1085|1317|11(2560x1080)|https://act-upload.mihoyo.com/nap-obc-indep/2025/09/10/73751405/e0866368de17d382764a519f3e7ec9de_8529473739099922162.jpg,EP短片壁纸合集,「席德」主题壁纸,1085,1317,11(2560x1080),11(2560x1080).jpg,壁纸合集\EP短片壁纸合集\「席德」主题壁纸\11(2560x1080).jpg,https://act-upload.mihoyo.com/nap-obc-indep/2025/09/10/73751405/e0866368de17d382764a519f3e7ec9de_8529473739099922162.jpg,,,
wallpapers,wallpapers|1085|1317|11(3840x2160)|https://act-upload.mihoyo.com/nap-obc-indep/2025/09/10/73751405/b52ff7ed2eb8d6b3cefec34898d00b53_6954618294618775808.jpg,EP短片壁纸合集,「席德」主题壁纸,1085,1317,11(3840x2160),11(3840x2160).jpg,壁纸合集\EP短片壁纸合集\「席德」主题壁纸\11(3840x2160).jpg,https://act-upload.mihoyo.com/nap-obc-indep/2025/09/10/73751405/b52ff7ed2eb8d6b3cefec34898d00b53_6954618294618775808.jpg,,,
wallpapers,wallpapers|1085|1317|12(2560x1080)|https://act-upload.mihoyo.com/nap-obc-indep/2025/09/10/73751405/b4ecb03524bec8559c2be39648c846ce_1659179932091271687.jpg,EP短片壁纸合集,「席德」主题壁纸,1085,1317,12(2560x1080),12(2560x1080).jpg,壁纸合集\EP短片壁纸合集\「席德」主题壁纸\12(2560x1080).jpg,https://act-upload.mihoyo.com/nap-obc-indep/2025/09/10/73751405/b4ecb03524bec8559c2be39648c846ce_1659179932091271687.jpg,,,
wallpapers,wallpapers|1085|1317|12(3840x2160)|https://act-upload.mihoyo.com/nap-obc-indep/2025/09/10/73751405/5def3e7e094f9c711e62820b4da8de86_7138795711282214695.jpg,EP短片壁纸合集,「席德」主题壁纸,1085,1317,12(3840x2160),12(3840x2160).jpg,壁纸合集\EP短片壁纸合集\「席德」主题壁纸\12(3840x2160).jpg,https://act-upload.mihoyo.com/nap-obc-indep/2025/09/10/73751405/5def3e7e094f9c711e62820b4da8de86_7138795711282214695.jpg,,,
wallpapers,wallpapers|1085|1317|13(2560x1080)|https://act-upload.mihoyo.com/nap-obc-indep/2025/09/10/73751405/9ab0ad16fbe2d14c3eb940be54ed0887_4666927239975328079.jpg,EP短片壁纸合集,「席德」主题壁纸,1085,1317,13(2560x1080),13(2560x1080).jpg,壁纸合集\EP短片壁纸合集\「席德」主题壁纸\13(2560x1080).jpg,https://act-upload.mihoyo.com/nap-obc-indep/2025/09/10/73751405/9ab0ad16fbe2d14c3eb940be54ed0887_4666927239975328079.jpg,,,
wallpapers,wallpapers|1085|1317|13(3840x2160)|https://act-upload.mihoyo.com/nap-obc-indep/2025/09/10/73751405/959f9d2333e04fbcdc25ff3a13162ee2_4646199108330484778.jpg,EP短片壁纸合集,「席德」主题壁纸,1085,1317,13(3840x2160),13(3840x2160).jpg,壁纸合集\EP短片壁纸合集\「席德」主题壁纸\13(3840x2160).jpg,https://act-upload.mihoyo.com/nap-obc-indep/2025/09/10/73751405/959f9d2333e04fbcdc25ff3a13162ee2_4646199108330484778.jpg,,,
wallpapers,wallpapers|1085|1317|14(2560x1080)|https://act-upload.mihoyo.com/nap-obc-indep/2025/09/10/73751405/81deac5cb6dcf0f54e6d2a9535c91fc7_2351906516263223690.jpg,EP短片壁纸合集,「席德」主题壁纸,1085,1317,14(2560x1080),14(2560x1080).jpg,壁纸合集\EP短片壁纸合集\「席德」主题壁纸\14(2560x1080).jpg,https://act-upload.mihoyo.com/nap-obc-indep/2025/09/10/73751405/81deac5cb6dcf0f54e6d2a9535c91fc7_2351906516263223690.jpg,,,
wallpapers,wallpapers|1085|1317|14(3840x2160)|https://act-upload.mihoyo.com/nap-obc-indep/2025/09/10/73751405/8b429e4e5b79646d34ca7b5b69495c52_649595098937587169.jpg,EP短片壁纸合集,「席德」主题壁纸,1085,1317,14(3840x2160),14(3840x2160).jpg,壁纸合集\EP短片壁纸合集\「席德」主题壁纸\14(3840x2160).jpg,https://act-upload.mihoyo.com/nap-obc-indep/2025/09/10/73751405/8b429e4e5b79646d34ca7b5b69495c52_649595098937587169.jpg,,,
wallpapers,wallpapers|1085|1317|15(2560x1080)|https://act-upload.mihoyo.com/nap-obc-indep/2025/09/10/73751405/391b8a4a1fd8706cf6e2c69034d8aedc_8817483555551878003.jpg,EP短片壁纸合集,「席德」主题壁纸,1085,1317,15(2560x1080),15(2560x1080).jpg,壁纸合集\EP短片壁纸合集\「席德」主题壁纸\15(2560x1080).jpg,https://act-upload.mihoyo.com/nap-obc-indep/2025/09/10/73751405/391b8a4a1fd8706cf6e2c69034d8aedc_8817483555551878003.jpg,,,
wallpapers,wallpapers|1085|1317|15(3840x2160)|https://act-upload.mihoyo.com/nap-obc-indep/2025/09/10/73751405/377965943aa7cbaf31984505ce0c08e5_8456667493603364647.jpg,EP短片壁纸合集,「席德」主题壁纸,1085,1317,15(3840x2160),15(3840x2160).jpg,壁纸合集\EP短片壁纸合集\「席德」主题壁纸\15(3840x2160).jpg,https://act-upload.mihoyo.com/nap-obc-indep/2025/09/10/73751405/377965943aa7cbaf31984505ce0c08e5_8456667493603364647.jpg,,,
wallpapers,wallpapers|1085|1317|16(2560x1080)|https://act-upload.mihoyo.com/nap-obc-indep/2025/09/10/73751405/499b2b4ac1f74affa5f6fd606a2e29a4_2887567584542050674.jpg,EP短片壁纸合集,「席德」主题壁纸,1085,1317,16(2560x1080),16(2560x1080).jpg,壁纸合集\EP短片壁纸合集\「席德」主题壁纸\16(2560x1080).jpg,https://act-upload.mihoyo.com/nap-obc-indep/2025/09/10/73751405/499b2b4ac1f74affa5f6fd606a2e29a4_2887567584542050674.jpg,,,
wallpapers,wallpapers|1085|1317|16(3840x2160)|https://act-upload.mihoyo.com/nap-obc-indep/2025/09/10/73751405/a7e0fc3e2246eda44d5d2d2fe3099361_2833573281147236035.jpg,EP短片壁纸合集,「席德」主题壁纸,1085,1317,16(3840x2160),16(3840x2160).jpg,壁纸合集\EP短片壁纸合集\「席德」主题壁纸\16(3840x2160).jpg,https://act-upload.mihoyo.com/nap-obc-indep/2025/09/10/73751405/a7e0fc3e2246eda44d5d2d2fe3099361_2833573281147236035.jpg,,,
wallpapers,wallpapers|1085|1317|17(2560x1080)|https://act-upload.mihoyo.com/nap-obc-indep/2025/09/10/73751405/2e14c8a94a4cd85e49b736c664fb0b2d_4879971155693928217.jpg,EP短片壁纸合集,「席德」主题壁纸,1085,1317,17(2560x1080),17(2560x1080).jpg,壁纸合集\EP短片壁纸合集\「席德」主题壁纸\17(2560x1080).jpg,https://act-upload.mihoyo.com/nap-obc-indep/2025/09/10/73751405/2e14c8a94a4cd85e49b736c664fb0b2d_4879971155693928217.jpg,,,
wallpapers,wallpapers|1085|1317|17(3840x2160)|https://act-upload.mihoyo.com/nap-obc-indep/2025/09/10/73751405/055022aab8594e37c349811b24e0d953_7169235416147635033.jpg,EP短片壁纸合集,「席德」主题壁纸,1085,1317,17(3840x2160),17(3840x2160).jpg,壁纸合集\EP短片壁纸合集\「席德」主题壁纸\17(3840x2160).jpg,https://act-upload.mihoyo.com/nap-obc-indep/2025/09/10/73751405/055022aab8594e37c349811b24e0d953_7169235416147635033.jpg,,,
wallpapers,wallpapers|1085|1317|18(2560x1080)|https://act-upload.mihoyo.com/nap-obc-indep/2025/09/10/73751405/60c95832ac405445b74a9f0e2c6c8fdf_8734870967483494328.jpg,EP短片壁纸合集,「席德」主题壁纸,1085,1317,18(2560x1080),18(2560x1080).jpg,壁纸合集\EP短片壁纸合集\「席德」主题壁纸\18(2560x1080).jpg,https://act-upload.mihoyo.com/nap-obc-indep/2025/09/10/73751405/60c95832ac405445b74a9f0e2c6c8fdf_8734870967483494328.jpg,,,
wallpapers,wallpapers|1085|1317|18(3840x2160)|https://act-upload.mihoyo.com/nap-obc-indep/2025/09/10/73751405/3e8e7e6c58569d84e22d626ae13a9e14_776945557200912455.jpg,EP短片壁纸合集,「席德」主题壁纸,1085,1317,18(3840x2160),18(3840x2160).jpg,壁纸合集\EP短片壁纸合集\「席德」主题壁纸\18(3840x2160).jpg,https://act-upload.mihoyo.com/nap-obc-indep/2025/09/10/73751405/3e8e7e6c58569d84e22d626ae13a9e14_776945557200912455.jpg,,,
wallpapers,wallpapers|1085|1317|19(2560x1080)|https://act-upload.mihoyo.com/nap-obc-indep/2025/09/10/73751405/824f183ff8423bc4a62a5218ab99c6ee_6151303537237924392.jpg,EP短片壁纸合集,「席德」主题壁纸,1085,1317,19(2560x1080),19(2560x1080).jpg,壁纸合集\EP短片壁纸合集\「席德」主题壁纸\19(2560x1080).jpg,https://act-upload.mihoyo.com/nap-obc-indep/2025/09/10/73751405/824f183ff8423bc4a62a5218ab99c6ee_6151303537237924392.jpg,,,
wallpapers,wallpapers|1085|1317|19(3840x2160)|https://act-upload.mihoyo.com/nap-obc-indep/2025/09/10/73751405/5337c57e9937f0a0f77223d08d59d5bc_4473029881247737653.jpg,EP短片壁纸合集,「席德」主题壁纸,1085,1317,19(3840x2160),19(3840x2160).jpg,壁纸合集\EP短片壁纸合集\「席德」主题壁纸\19(3840x2160).jpg,https://act-upload.mihoyo.com/nap-obc-indep/2025/09/10/73751405/5337c57e9937f0a0f77223d08d59d5bc_4473029881247737653.jpg,,,
wallpapers,wallpapers|1085|1317|20(2560x1080)|https://act-upload.mihoyo.com/nap-obc-indep/2025/09/10/73751405/038eea34458fe72a93a6f49f34540033_5587984974578287204.jpg,EP短片壁纸合集,「席德」主题壁纸,1085,1317,20(2560x1080),20(2560x1080).jpg,壁纸合集\EP短片壁纸合集\「席德」主题壁纸\20(2560x1080).jpg,https://act-upload.mihoyo.com/nap-obc-indep/2025/09/10/73751405/038eea34458fe72a93a6f49f34540033_5587984974578287204.jpg,,,
wallpapers,wallpapers|1085|1317|20(3840x2160)|https://act-upload.mihoyo.com/nap-obc-indep/2025/09/10/73751405/ce5934d12b7c0d50eab4e36eb2e5cf53_1928682227683899582.jpg,EP短片壁纸合集,「席德」主题壁纸,1085,1317,20(3840x2160),20(3840x2160).jpg,壁纸合集\EP短片壁纸合集\「席德」主题壁纸\20(3840x2160).jpg,https://act-upload.mihoyo.com/nap-obc-indep/2025/09/10/73751405/ce5934d12b7c0d50eab4e36eb2e5cf53_1928682227683899582.jpg,,,
wallpapers,wallpapers|1085|1317|21(2560x1080)|https://act-upload.mihoyo.com/nap-obc-indep/2025/09/10/73751405/24174aff7b525a7f7f57eec29c042c06_6516891912323000283.jpg,EP短片壁纸合集,「席德」主题壁纸,1085,1317,21(2560x1080),21(2560x1080).jpg,壁纸合集\EP短片壁纸合集\「席德」主题壁纸\21(2560x1080).jpg,https://act-upload.mihoyo.com/nap-obc-indep/2025/09/10/73751405/24174aff7b525a7f7f57eec29c042c06_6516891912323000283.jpg,,,
wallpapers,wallpapers|1085|1317|21(3840x2160)|https://act-upload.mihoyo.com/nap-obc-indep/2025/09/10/73751405/aea06c65feef24eaa061d4ad33764faf_620759659061136814.jpg,EP短片壁纸合集,「席德」主题壁纸,1085,1317,21(3840x2160),21(3840x2160).jpg,壁纸合集\EP短片壁纸合集\「席德」主题壁纸\21(3840x2160).jpg,https://act-upload.mihoyo.com/nap-obc-indep/2025/09/10/73751405/aea06c65feef24eaa061d4ad33764faf_620759659061136814.jpg,,,
wallpapers,wallpapers|1085|1317|22(2560x1080)|https://act-upload.mihoyo.com/nap-obc-indep/2025/09/10/73751405/873a1238709409c60cf4dcfaa0dfd4a7_8387726913782863237.jpg,EP短片壁纸合集,「席德」主题壁纸,1085,1317,22(2560x1080),22(2560x1080).jpg,壁纸合集\EP短片壁纸合集\「席德」主题壁纸\22(2560x1080).jpg,https://act-upload.mihoyo.com/nap-obc-indep/2025/09/10/73751405/873a1238709409c60cf4dcfaa0dfd4a7_8387726913782863237.jpg,,,
wallpapers,wallpapers|1085|1317|22(3840x2160)|https://act-upload.mihoyo.com/nap-obc-indep/2025/09/10/73751405/2851695807b03773358bd6d9a7736b64_4162739302487556436.jpg,EP短片壁纸合集,「席德」主题壁纸,1085,1317,22(3840x2160),22(3840x2160).jpg,壁纸合集\EP短片壁纸合集\「席德」主题壁纸\22(3840x2160).jpg,https://act-upload.mihoyo.com/nap-obc-indep/2025/09/10/73751405/2851695807b03773358bd6d9a7736b64_4162739302487556436.jpg,,,
wallpapers,wallpapers|1085|1317|23(2560x1080)|https://act-upload.mihoyo.com/nap-obc-indep/2025/09/10/73751405/7338a37ae223f84426721381f62c9f25_5976642043100531665.jpg,EP短片壁纸合集,「席德」主题壁纸,1085,1317,23(2560x1080),23(2560x1080).jpg,壁纸合集\EP短片壁纸合集\「席德」主题壁纸\23(2560x1080).jpg,https://act-upload.mihoyo.com/nap-obc-indep/2025/09/10/73751405/7338a37ae223f84426721381f62c9f25_5976642043100531665.jpg,,,
wallpapers,wallpapers|1085|1317|23(3840x2160)|https://act-upload.mihoyo.com/nap-obc-indep/2025/09/10/73751405/204cf3f054d82acab3cbe244ce83d86e_1513026489563884932.jpg,EP短片壁纸合集,「席德」主题壁纸,1085,1317,23(3840x2160),23(3840x2160).jpg,壁纸合集\EP短片壁纸合集\「席德」主题壁纸\23(3840x2160).jpg,https://act-upload.mihoyo.com/nap-obc-indep/2025/09/10/73751405/204cf3f054d82acab3cbe244ce83d86e_1513026489563884932.jpg,,,
wallpapers,wallpapers|1085|1317|24(2560x1080)|https://act-upload.mihoyo.com/nap-obc-indep/2025/09/10/73751405/dee493fa45f107a420b2f766e33e5480_7058677610761284467.jpg,EP短片壁纸合集,「席德」主题壁纸,1085,1317,24(2560x1080),24(2560x1080).jpg,壁纸合集\EP短片壁纸合集\「席德」主题壁纸\24(2560x1080).jpg,https://act-upload.mihoyo.com/nap-obc-indep/2025/09/10/73751405/dee493fa45f107a420b2f766e33e5480_7058677610761284467.jpg,,,
wallpapers,wallpapers|1085|1317|24(3840x2160)|https://act-upload.mihoyo.com/nap-obc-indep/2025/09/10/73751405/53fb056b7be7d1fbcff8ed3eaecd77be_5645379752102146480.jpg,EP短片壁纸合集,「席德」主题壁纸,1085,1317,24(3840x2160),24(3840x2160).jpg,壁纸合集\EP短片壁纸合集\「席德」主题壁纸\24(3840x2160).jpg,https://act-upload.mihoyo.com/nap-obc-indep/2025/09/10/73751405/53fb056b7be7d1fbcff8ed3eaecd77be_5645379752102146480.jpg,,,
wallpapers,wallpapers|1085|1317|25(2560x1080)|https://act-upload.mihoyo.com/nap-obc-indep/2025/09/10/73751405/18f0ac6cb9a6340c145743400c831510_8578739398323761063.jpg,EP短片壁纸合集,「席德」主题壁纸,1085,1317,25(2560x1080),25(2560x1080).jpg,壁纸合集\EP短片壁纸合集\「席德」主题壁纸\25(2560x1080).jpg,https://act-upload.mihoyo.com/nap-obc-indep/2025/09/10/73751405/18f0ac6cb9a6340c145743400c831510_8578739398323761063.jpg,,,
wallpapers,wallpapers|1085|1317|25(3840x2160)|https://act-upload.mihoyo.com/nap-obc-indep/2025/09/10/73751405/ee8fe3613724e133a45cd5e7eafc9dd1_1939720819998466727.jpg,EP短片壁纸合集,「席德」主题壁纸,1085,1317,25(3840x2160),25(3840x2160).jpg,壁纸合集\EP短片壁纸合集\「席德」主题壁纸\25(3840x2160).jpg,https://act-upload.mihoyo.com/nap-obc-indep/2025/09/10/73751405/ee8fe3613724e133a45cd5e7eafc9dd1_1939720819998466727.jpg,,,
wallpapers,wallpapers|1085|1317|26(2560x1080)|https://act-upload.mihoyo.com/nap-obc-indep/2025/09/10/73751405/760ee0e805688590a3d97ac104e24afd_3214183305883209171.jpg,EP短片壁纸合集,「席德」主题壁纸,1085,1317,26(2560x1080),26(2560x1080).jpg,壁纸合集\EP短片壁纸合集\「席德」主题壁纸\26(2560x1080).jpg,https://act-upload.mihoyo.com/nap-obc-indep/2025/09/10/73751405/760ee0e805688590a3d97ac104e24afd_3214183305883209171.jpg,,,
wallpapers,wallpapers|1085|1317|26(3840x2160)|https://act-upload.mihoyo.com/nap-obc-indep/2025/09/10/73751405/027cd159311c734deb011e0e020b6a8c_7488781930695115863.jpg,EP短片壁纸合集,「席德」主题壁纸,1085,1317,26(3840x2160),26(3840x2160).jpg,壁纸合集\EP短片壁纸合集\「席德」主题壁纸\26(3840x2160).jpg,https://act-upload.mihoyo.com/nap-obc-indep/2025/09/10/73751405/027cd159311c734deb011e0e020b6a8c_7488781930695115863.jpg,,,
wallpapers,wallpapers|1085|1317|27(2560x1080)|https://act-upload.mihoyo.com/nap-obc-indep/2025/09/10/73751405/3cb03170d64da5ce5a1a7500bc98dbd2_5481113191319100509.jpg,EP短片壁纸合集,「席德」主题壁纸,1085,1317,27(2560x1080),27(2560x1080).jpg,壁纸合集\EP短片壁纸合集\「席德」主题壁纸\27(2560x1080).jpg,https://act-upload.mihoyo.com/nap-obc-indep/2025/09/10/73751405/3cb03170d64da5ce5a1a7500bc98dbd2_5481113191319100509.jpg,,,
wallpapers,wallpapers|1085|1317|27(3840x2160)|https://act-upload.mihoyo.com/nap-obc-indep/2025/09/10/73751405/c25f8a99d76668f4262656a6e4a3360d_4724599086579720466.jpg,EP短片壁纸合集,「席德」主题壁纸,1085,1317,27(3840x2160),27(3840x2160).jpg,壁纸合集\EP短片壁纸合集\「席德」主题壁纸\27(3840x2160).jpg,https://act-upload.mihoyo.com/nap-obc-indep/2025/09/10/73751405/c25f8a99d76668f4262656a6e4a3360d_4724599086579720466.jpg,,,
wallpapers,wallpapers|1085|1317|28(2560x1080)|https://act-upload.mihoyo.com/nap-obc-indep/2025/09/10/73751405/57dc63cd85bac99d2ac9046f195dd445_5627176953801415326.jpg,EP短片壁纸合集,「席德」主题壁纸,1085,1317,28(2560x1080),28(2560x1080).jpg,壁纸合集\EP短片壁纸合集\「席德」主题壁纸\28(2560x1080).jpg,https://act-upload.mihoyo.com/nap-obc-indep/2025/09/10/73751405/57dc63cd85bac99d2ac9046f195dd445_5627176953801415326.jpg,,,
wallpapers,wallpapers|1085|1317|28(3840x2160)|https://act-upload.mihoyo.com/nap-obc-indep/2025/09/10/73751405/6743450d3c9ae1a0a550837f16fd341e_8720172842076109667.jpg,EP短片壁纸合集,「席德」主题壁纸,1085,1317,28(3840x2160),28(3840x2160).jpg,壁纸合集\EP短片壁纸合集\「席德」主题壁纸\28(3840x2160).jpg,https://act-upload.mihoyo.com/nap-obc-indep/2025/09/10/73751405/6743450d3c9ae1a0a550837f16fd341e_8720172842076109667.jpg,,,
wallpapers,wallpapers|1085|1317|29(2560x1080)|https://act-upload.mihoyo.com/nap-obc-indep/2025/09/10/73751405/50ec96bda6b61a7962081d674adc168b_334024045099767812.jpg,EP短片壁纸合集,「席德」主题壁纸,1085,1317,29(2560x1080),29(2560x1080).jpg,壁纸合集\EP短片壁纸合集\「席德」主题壁纸\29(2560x1080).jpg,https://act-upload.mihoyo.com/nap-obc-indep/2025/09/10/73751405/50ec96bda6b61a7962081d674adc168b_334024045099767812.jpg,,,
wallpapers,wallpapers|1085|1317|29(3840x2160)|https://act-upload.mihoyo.com/nap-obc-indep/2025/09/10/73751405/3e150dc9df1390031c0b25f4af77b1d3_6476372727509714999.jpg,EP短片壁纸合集,「席德」主题壁纸,1085,1317,29(3840x2160),29(3840x2160).jpg,壁纸合集\EP短片壁纸合集\「席德」主题壁纸\29(3840x2160).jpg,https://act-upload.mihoyo.com/nap-obc-indep/2025/09/10/73751405/3e150dc9df1390031c0b25f4af77b1d3_6476372727509714999.jpg,,,
wallpapers,wallpapers|1085|1317|30(2560x1080)|https://act-upload.mihoyo.com/nap-obc-indep/2025/09/10/73751405/11bc69f422e1f77089b01da69eff0e01_402588044305086640.jpg,EP短片壁纸合集,「席德」主题壁纸,1085,1317,30(2560x1080),30(2560x1080).jpg,壁纸合集\EP短片壁纸合集\「席德」主题壁纸\30(2560x1080).jpg,https://act-upload.mihoyo.com/nap-obc-indep/2025/09/10/73751405/11bc69f422e1f77089b01da69eff0e01_402588044305086640.jpg,,,
wallpapers,wallpapers|1085|1317|30(3840x2160)|https://act-upload.mihoyo.com/nap-obc-indep/2025/09/10/73751405/9636aa2cd62a16e354126183c67a3b5d_8648616479394314855.jpg,EP短片壁纸合集,「席德」主题壁纸,1085,1317,30(3840x2160),30(3840x2160).jpg,壁纸合集\EP短片壁纸合集\「席德」主题壁纸\30(3840x2160).jpg,https://act-upload.mihoyo.com/nap-obc-indep/2025/09/10/73751405/9636aa2cd62a16e354126183c67a3b5d_8648616479394314855.jpg,,,
wallpapers,wallpapers|1085|1317|31(2560x1080)|https://act-upload.mihoyo.com/nap-obc-indep/2025/09/10/73751405/32cb47bfad6867d4f90e784e70851d5a_8665234741132488851.jpg,EP短片壁纸合集,「席德」主题壁纸,1085,1317,31(2560x1080),31(2560x1080).jpg,壁纸合集\EP短片壁纸合集\「席德」主题壁纸\31(2560x1080).jpg,https://act-upload.mihoyo.com/nap-obc-indep/2025/09/10/73751405/32cb47bfad6867d4f90e784e70851d5a_8665234741132488851.jpg,,,
wallpapers,wallpapers|1085|1317|31(3840x2160)|https://act-upload.mihoyo.com/nap-obc-indep/2025/09/10/73751405/51c31dd64e412938e23b3829faa96942_8612237926094865075.jpg,EP短片壁纸合集,「席德」主题壁纸,1085,1317,31(3840x2160),31(3840x2160).jpg,壁纸合集\EP短片壁纸合集\「席德」主题壁纸\31(3840x2160).jpg,https://act-upload.mihoyo.com/nap-obc-indep/2025/09/10/73751405/51c31dd64e412938e23b3829faa96942_8612237926094865075.jpg,,,
wallpapers,wallpapers|1085|1317|32(2560x1080)|https://act-upload.mihoyo.com/nap-obc-indep/2025/09/10/73751405/ef22258eb7e84685f6c181dd60de80cb_1513117846619494467.jpg,EP短片壁纸合集,「席德」主题壁纸,1085,1317,32(2560x1080),32(2560x1080).jpg,壁纸合集\EP短片壁纸合集\「席德」主题壁纸\32(2560x1080).jpg,https://act-upload.mihoyo.com/nap-obc-indep/2025/09/10/73751405/ef22258eb7e84685f6c181dd60de80cb_1513117846619494467.jpg,,,
wallpapers,wallpapers|1085|1317|32(3840x2160)|https://act-upload.mihoyo.com/nap-obc-indep/2025/09/10/73751405/cfe7fe4f400063a2a7c159cb87514ac6_7368858817284176061.jpg,EP短片壁纸合集,「席德」主题壁纸,1085,1317,32(3840x2160),32(3840x2160).jpg,壁纸合集\EP短片壁纸合集\「席德」主题壁纸\32(3840x2160).jpg,https://act-upload.mihoyo.com/nap-obc-indep/2025/09/10/73751405/cfe7fe4f400063a2a7c159cb87514ac6_7368858817284176061.jpg,,,
wallpapers,wallpapers|1085|1317|33(2560x1080)|https://act-upload.mihoyo.com/nap-obc-indep/2025/09/10/73751405/f605ac99a314473cc88c19b0fd31f60f_71684861296912434.jpg,EP短片壁纸合集,「席德」主题壁纸,1085,1317,33(2560x1080),33(2560x1080).jpg,壁纸合集\EP短片壁纸合集\「席德」主题壁纸\33(2560x1080).jpg,https://act-upload.mihoyo.com/nap-obc-indep/2025/09/10/73751405/f605ac99a314473cc88c19b0fd31f60f_71684861296912434.jpg,,,
wallpapers,wallpapers|1085|1317|33(3840x2160)|https://act-upload.mihoyo.com/nap-obc-indep/2025/09/10/73751405/56f0a0917aaff80e3cad7fb71d5dbb2a_2868402545544169464.jpg,EP短片壁纸合集,「席德」主题壁纸,1085,1317,33(3840x2160),33(3840x2160).jpg,壁纸合集\EP短片壁纸合集\「席德」主题壁纸\33(3840x2160).jpg,https://act-upload.mihoyo.com/nap-obc-indep/2025/09/10/73751405/56f0a0917aaff80e3cad7fb71d5dbb2a_2868402545544169464.jpg,,,
wallpapers,wallpapers|1085|1317|34(2560x1080)|https://act-upload.mihoyo.com/nap-obc-indep/2025/09/10/73751405/93d29e3e5c667f2e010808c233814dce_7986810454151291375.jpg,EP短片壁纸合集,「席德」主题壁纸,1085,1317,34(2560x1080),34(2560x1080).jpg,壁纸合集\EP短片壁纸合集\「席德」主题壁纸\34(2560x1080).jpg,https://act-upload.mihoyo.com/nap-obc-indep/2025/09/10/73751405/93d29e3e5c667f2e010808c233814dce_7986810454151291375.jpg,,,
wallpapers,wallpapers|1085|1317|34(3840x2160)|https://act-upload.mihoyo.com/nap-obc-indep/2025/09/10/73751405/a94065f6b6197a5b7c491938fca4dfc7_1745335718641635079.jpg,EP短片壁纸合集,「席德」主题壁纸,1085,1317,34(3840x2160),34(3840x2160).jpg,壁纸合集\EP短片壁纸合集\「席德」主题壁纸\34(3840x2160).jpg,https://act-upload.mihoyo.com/nap-obc-indep/2025/09/10/73751405/a94065f6b6197a5b7c491938fca4dfc7_1745335718641635079.jpg,,,
wallpapers,wallpapers|1085|1317|35(2560x1080)|https://act-upload.mihoyo.com/nap-obc-indep/2025/09/10/73751405/de5721332bb2186bc1ecc86caafe1ec7_5793894189767030812.jpg,EP短片壁纸合集,「席德」主题壁纸,1085,1317,35(2560x1080),35(2560x1080).jpg,壁纸合集\EP短片壁纸合集\「席德」主题壁纸\35(2560x1080).jpg,https://act-upload.mihoyo.com/nap-obc-indep/2025/09/10/73751405/de5721332bb2186bc1ecc86caafe1ec7_5793894189767030812.jpg,,,
wallpapers,wallpapers|1085|1317|35(3840x2160)|https://act-upload.mihoyo.com/nap-obc-indep/2025/09/10/73751405/d2e4fe44beae1007b644401e3f490473_6239428282973442706.jpg,EP短片壁纸合集,「席德」主题壁纸,1085,1317,35(3840x2160),35(3840x2160).jpg,壁纸合集\EP短片壁纸合集\「席德」主题壁纸\35(3840x2160).jpg,https://act-upload.mihoyo.com/nap-obc-indep/2025/09/10/73751405/d2e4fe44beae1007b644401e3f490473_6239428282973442706.jpg,,,
wallpapers,wallpapers|1085|1317|36(2560x1080)|https://act-upload.mihoyo.com/nap-obc-indep/2025/09/10/73751405/ab5e329dee666a4c7723cace1219c507_9086181978818289901.jpg,EP短片壁纸合集,「席德」主题壁纸,1085,1317,36(2560x1080),36(2560x1080).jpg,壁纸合集\EP短片壁纸合集\「席德」主题壁纸\36(2560x1080).jpg,https://act-upload.mihoyo.com/nap-obc-indep/2025/09/10/73751405/ab5e329dee666a4c7723cace1219c507_9086181978818289901.jpg,,,
wallpapers,wallpapers|1085|1317|36(3840x2160)|https://act-upload.mihoyo.com/nap-obc-indep/2025/09/10/73751405/f61054bc3f4f7740766e725700846132_6741056283185418012.jpg,EP短片壁纸合集,「席德」主题壁纸,1085,1317,36(3840x2160),36(3840x2160).jpg,壁纸合集\EP短片壁纸合集\「席德」主题壁纸\36(3840x2160).jpg,https://act-upload.mihoyo.com/nap-obc-indep/2025/09/10/73751405/f61054bc3f4f7740766e725700846132_6741056283185418012.jpg,,,
wallpapers,wallpapers|1085|1159|1(1920x1080)|https://act-upload.mihoyo.com/nap-obc-indep/2025/06/20/73751405/e8918b20562accc317d8cd59258b9421_4334073690506330338.png,EP短片壁纸合集,仪玄主题壁纸,1085,1159,1(1920x1080),1(1920x1080).png,壁纸合集\EP短片壁纸合集\仪玄主题壁纸\1(1920x1080).png,https://act-upload.mihoyo.com/nap-obc-indep/2025/06/20/73751405/e8918b20562accc317d8cd59258b9421_4334073690506330338.png,,,
wallpapers,wallpapers|1085|1159|1(2560x1080)|https://act-upload.mihoyo.com/nap-obc-indep/2025/06/20/73751405/e5f30a342ad054580c08452e21e5f30c_637014036832671750.png,EP短片壁纸合集,仪玄主题壁纸,1085,1159,1(2560x1080),1(2560x1080).png,壁纸合集\EP短片壁纸合集\仪玄主题壁纸\1(2560x1080).png,https://act-upload.mihoyo.com/nap-obc-indep/2025/06/20/73751405/e5f30a342ad054580c08452e21e5f30c_637014036832671750.png,,,
wallpapers,wallpapers|1085|1159|2(1920x1080)|https://act-upload.mihoyo.com/nap-obc-indep/2025/06/20/73751405/365f126a26d79bf11937ea9c5ccee441_2121600381678147001.png,EP短片壁纸合集,仪玄主题壁纸,1085,1159,2(1920x1080),2(1920x1080).png,壁纸合集\EP短片壁纸合集\仪玄主题壁纸\2(1920x1080).png,https://act-upload.mihoyo.com/nap-obc-indep/2025/06/20/73751405/365f126a26d79bf11937ea9c5ccee441_2121600381678147001.png,,,
wallpapers,wallpapers|1085|1159|2(2560x1080)|https://act-upload.mihoyo.com/nap-obc-indep/2025/06/20/73751405/cd352df75f7179c4ea662bcbadb05524_8600263423235573557.png,EP短片壁纸合集,仪玄主题壁纸,1085,1159,2(2560x1080),2(2560x1080).png,壁纸合集\EP短片壁纸合集\仪玄主题壁纸\2(2560x1080).png,https://act-upload.mihoyo.com/nap-obc-indep/2025/06/20/73751405/cd352df75f7179c4ea662bcbadb05524_8600263423235573557.png,,,
wallpapers,wallpapers|1085|1159|3(1920x1080)|https://act-upload.mihoyo.com/nap-obc-indep/2025/06/20/73751405/aec07b27706a682d21d73989fd3f252f_1594567900990397060.png,EP短片壁纸合集,仪玄主题壁纸,1085,1159,3(1920x1080),3(1920x1080).png,壁纸合集\EP短片壁纸合集\仪玄主题壁纸\3(1920x1080).png,https://act-upload.mihoyo.com/nap-obc-indep/2025/06/20/73751405/aec07b27706a682d21d73989fd3f252f_1594567900990397060.png,,,
wallpapers,wallpapers|1085|1159|3(2560x1080)|https://act-upload.mihoyo.com/nap-obc-indep/2025/06/20/73751405/c536a8a5bd2d1b53602bd19012b787fd_3178715714400852902.png,EP短片壁纸合集,仪玄主题壁纸,1085,1159,3(2560x1080),3(2560x1080).png,壁纸合集\EP短片壁纸合集\仪玄主题壁纸\3(2560x1080).png,https://act-upload.mihoyo.com/nap-obc-indep/2025/06/20/73751405/c536a8a5bd2d1b53602bd19012b787fd_3178715714400852902.png,,,
wallpapers,wallpapers|1085|1159|4(1920x1080)|https://act-upload.mihoyo.com/nap-obc-indep/2025/06/20/73751405/91777bed7008041be23d9b2ea5b8671a_99478887520925258.png,EP短片壁纸合集,仪玄主题壁纸,1085,1159,4(1920x1080),4(1920x1080).png,壁纸合集\EP短片壁纸合集\仪玄主题壁纸\4(1920x1080).png,https://act-upload.mihoyo.com/nap-obc-indep/2025/06/20/73751405/91777bed7008041be23d9b2ea5b8671a_99478887520925258.png,,,
wallpapers,wallpapers|1085|1159|4(2560x1080)|https://act-upload.mihoyo.com/nap-obc-indep/2025/06/20/73751405/036357e9d5b04b9813c9c79ab5eaeeff_9082926917302403203.png,EP短片壁纸合集,仪玄主题壁纸,1085,1159,4(2560x1080),4(2560x1080).png,壁纸合集\EP短片壁纸合集\仪玄主题壁纸\4(2560x1080).png,https://act-upload.mihoyo.com/nap-obc-indep/2025/06/20/73751405/036357e9d5b04b9813c9c79ab5eaeeff_9082926917302403203.png,,,
wallpapers,wallpapers|1085|1159|5(1920x1080)|https://act-upload.mihoyo.com/nap-obc-indep/2025/06/20/73751405/4fee707cdec935506e6c936a4acd8f02_2753204681400523159.png,EP短片壁纸合集,仪玄主题壁纸,1085,1159,5(1920x1080),5(1920x1080).png,壁纸合集\EP短片壁纸合集\仪玄主题壁纸\5(1920x1080).png,https://act-upload.mihoyo.com/nap-obc-indep/2025/06/20/73751405/4fee707cdec935506e6c936a4acd8f02_2753204681400523159.png,,,
wallpapers,wallpapers|1085|1159|5(2560x1080)|https://act-upload.mihoyo.com/nap-obc-indep/2025/06/20/73751405/8880b9c632900aaeede95de7b6df9eb0_4677118498223769035.png,EP短片壁纸合集,仪玄主题壁纸,1085,1159,5(2560x1080),5(2560x1080).png,壁纸合集\EP短片壁纸合集\仪玄主题壁纸\5(2560x1080).png,https://act-upload.mihoyo.com/nap-obc-indep/2025/06/20/73751405/8880b9c632900aaeede95de7b6df9eb0_4677118498223769035.png,,,
wallpapers,wallpapers|1085|1159|6(2560x1080)|https://act-upload.mihoyo.com/nap-obc-indep/2025/06/20/73751405/116435c809b8d79819e7a1c8af7de55d_5506907768677730806.png,EP短片壁纸合集,仪玄主题壁纸,1085,1159,6(2560x1080),6(2560x1080).png,壁纸合集\EP短片壁纸合集\仪玄主题壁纸\6(2560x1080).png,https://act-upload.mihoyo.com/nap-obc-indep/2025/06/20/73751405/116435c809b8d79819e7a1c8af7de55d_5506907768677730806.png,,,
wallpapers,wallpapers|1085|1159|6(3840x2160)|https://act-upload.mihoyo.com/nap-obc-indep/2025/06/20/73751405/4951ec7ee5c06136c4cfa9609f65bfa1_92848355918894068.png,EP短片壁纸合集,仪玄主题壁纸,1085,1159,6(3840x2160),6(3840x2160).png,壁纸合集\EP短片壁纸合集\仪玄主题壁纸\6(3840x2160).png,https://act-upload.mihoyo.com/nap-obc-indep/2025/06/20/73751405/4951ec7ee5c06136c4cfa9609f65bfa1_92848355918894068.png,,,
wallpapers,wallpapers|1085|1159|7(2560x1080)|https://act-upload.mihoyo.com/nap-obc-indep/2025/06/20/73751405/ac4111f8fbd8d18ccdb700266e47b64e_4545501521766105491.png,EP短片壁纸合集,仪玄主题壁纸,1085,1159,7(2560x1080),7(2560x1080).png,壁纸合集\EP短片壁纸合集\仪玄主题壁纸\7(2560x1080).png,https://act-upload.mihoyo.com/nap-obc-indep/2025/06/20/73751405/ac4111f8fbd8d18ccdb700266e47b64e_4545501521766105491.png,,,
wallpapers,wallpapers|1085|1159|7(3840x2160)|https://act-upload.mihoyo.com/nap-obc-indep/2025/06/20/73751405/a70238207b63d001e6dc36cd34778a8e_1584742958144211317.png,EP短片壁纸合集,仪玄主题壁纸,1085,1159,7(3840x2160),7(3840x2160).png,壁纸合集\EP短片壁纸合集\仪玄主题壁纸\7(3840x2160).png,https://act-upload.mihoyo.com/nap-obc-indep/2025/06/20/73751405/a70238207b63d001e6dc36cd34778a8e_1584742958144211317.png,,,
wallpapers,wallpapers|1085|1159|8(2560x1080)|https://act-upload.mihoyo.com/nap-obc-indep/2025/06/20/73751405/025f171c00fd8fe4d39bb7a6344782e4_4734423830154436712.png,EP短片壁纸合集,仪玄主题壁纸,1085,1159,8(2560x1080),8(2560x1080).png,壁纸合集\EP短片壁纸合集\仪玄主题壁纸\8(2560x1080).png,https://act-upload.mihoyo.com/nap-obc-indep/2025/06/20/73751405/025f171c00fd8fe4d39bb7a6344782e4_4734423830154436712.png,,,
wallpapers,wallpapers|1085|1159|8(3840x2160)|https://act-upload.mihoyo.com/nap-obc-indep/2025/06/20/73751405/fdc30a51b5022f835ef04ca483211c9e_2647418491409019469.png,EP短片壁纸合集,仪玄主题壁纸,1085,1159,8(3840x2160),8(3840x2160).png,壁纸合集\EP短片壁纸合集\仪玄主题壁纸\8(3840x2160).png,https://act-upload.mihoyo.com/nap-obc-indep/2025/06/20/73751405/fdc30a51b5022f835ef04ca483211c9e_2647418491409019469.png,,,
wallpapers,wallpapers|1085|1159|9(2560x1080)|https://act-upload.mihoyo.com/nap-obc-indep/2025/06/20/73751405/a50e5ff265c932aa77a474a16a2d2650_6803151409101350039.png,EP短片壁纸合集,仪玄主题壁纸,1085,1159,9(2560x1080),9(2560x1080).png,壁纸合集\EP短片壁纸合集\仪玄主题壁纸\9(2560x1080).png,https://act-upload.mihoyo.com/nap-obc-indep/2025/06/20/73751405/a50e5ff265c932aa77a474a16a2d2650_6803151409101350039.png,,,
wallpapers,wallpapers|1085|1159|9(3840x2160)|https://act-upload.mihoyo.com/nap-obc-indep/2025/06/20/73751405/f903310d0ad333aadc3d94b05e0c0edc_2669332199127221430.png,EP短片壁纸合集,仪玄主题壁纸,1085,1159,9(3840x2160),9(3840x2160).png,壁纸合集\EP短片壁纸合集\仪玄主题壁纸\9(3840x2160).png,https://act-upload.mihoyo.com/nap-obc-indep/2025/06/20/73751405/f903310d0ad333aadc3d94b05e0c0edc_2669332199127221430.png,,,
wallpapers,wallpapers|1085|1159|10(2560x1080)|https://act-upload.mihoyo.com/nap-obc-indep/2025/06/20/73751405/e78861183d96874e9836e949d042eb95_6148424406707945160.png,EP短片壁纸合集,仪玄主题壁纸,1085,1159,10(2560x1080),10(2560x1080).png,壁纸合集\EP短片壁纸合集\仪玄主题壁纸\10(2560x1080).png,https://act-upload.mihoyo.com/nap-obc-indep/2025/06/20/73751405/e78861183d96874e9836e949d042eb95_6148424406707945160.png,,,
wallpapers,wallpapers|1085|1159|10(3840x2160)|https://act-upload.mihoyo.com/nap-obc-indep/2025/06/20/73751405/a3165b6f5cef9df5f198f8c3845bdef8_8026185326183128641.png,EP短片壁纸合集,仪玄主题壁纸,1085,1159,10(3840x2160),10(3840x2160).png,壁纸合集\EP短片壁纸合集\仪玄主题壁纸\10(3840x2160).png,https://act-upload.mihoyo.com/nap-obc-indep/2025/06/20/73751405/a3165b6f5cef9df5f198f8c3845bdef8_8026185326183128641.png,,,
wallpapers,wallpapers|1085|1159|11(2560x1080)|https://act-upload.mihoyo.com/nap-obc-indep/2025/06/20/73751405/4852aaf977598e4cdba1484af831444d_9170842894717737374.png,EP短片壁纸合集,仪玄主题壁纸,1085,1159,11(2560x1080),11(2560x1080).png,壁纸合集\EP短片壁纸合集\仪玄主题壁纸\11(2560x1080).png,https://act-upload.mihoyo.com/nap-obc-indep/2025/06/20/73751405/4852aaf977598e4cdba1484af831444d_9170842894717737374.png,,,
wallpapers,wallpapers|1085|1159|11(3840x2160)|https://act-upload.mihoyo.com/nap-obc-indep/2025/06/20/73751405/fcf6484b1b8275fb320c72465de04502_421831907131398456.png,EP短片壁纸合集,仪玄主题壁纸,1085,1159,11(3840x2160),11(3840x2160).png,壁纸合集\EP短片壁纸合集\仪玄主题壁纸\11(3840x2160).png,https://act-upload.mihoyo.com/nap-obc-indep/2025/06/20/73751405/fcf6484b1b8275fb320c72465de04502_421831907131398456.png,,,
wallpapers,wallpapers|1085|1159|12(2560x1080)|https://act-upload.mihoyo.com/nap-obc-indep/2025/06/20/73751405/c247d09e658aa88dd58b126d8bd47fd6_3061019949401539391.png,EP短片壁纸合集,仪玄主题壁纸,1085,1159,12(2560x1080),12(2560x1080).png,壁纸合集\EP短片壁纸合集\仪玄主题壁纸\12(2560x1080).png,https://act-upload.mihoyo.com/nap-obc-indep/2025/06/20/73751405/c247d09e658aa88dd58b126d8bd47fd6_3061019949401539391.png,,,
wallpapers,wallpapers|1085|1159|12(3840x2160)|https://act-upload.mihoyo.com/nap-obc-indep/2025/06/20/73751405/f9da92a475490d4874792c00be0a133b_6293184260359231567.png,EP短片壁纸合集,仪玄主题壁纸,1085,1159,12(3840x2160),12(3840x2160).png,壁纸合集\EP短片壁纸合集\仪玄主题壁纸\12(3840x2160).png,https://act-upload.mihoyo.com/nap-obc-indep/2025/06/20/73751405/f9da92a475490d4874792c00be0a133b_6293184260359231567.png,,,
wallpapers,wallpapers|1085|1159|13(2560x1080)|https://act-upload.mihoyo.com/nap-obc-indep/2025/06/20/73751405/29255fb7babc112e6ff8022703c19883_2659777339836117131.png,EP短片壁纸合集,仪玄主题壁纸,1085,1159,13(2560x1080),13(2560x1080).png,壁纸合集\EP短片壁纸合集\仪玄主题壁纸\13(2560x1080).png,https://act-upload.mihoyo.com/nap-obc-indep/2025/06/20/73751405/29255fb7babc112e6ff8022703c19883_2659777339836117131.png,,,
wallpapers,wallpapers|1085|1159|13(3840x2160)|https://act-upload.mihoyo.com/nap-obc-indep/2025/06/20/73751405/324824aa295a29589d1425fbbe4cd59e_2714554271651695798.png,EP短片壁纸合集,仪玄主题壁纸,1085,1159,13(3840x2160),13(3840x2160).png,壁纸合集\EP短片壁纸合集\仪玄主题壁纸\13(3840x2160).png,https://act-upload.mihoyo.com/nap-obc-indep/2025/06/20/73751405/324824aa295a29589d1425fbbe4cd59e_2714554271651695798.png,,,
wallpapers,wallpapers|1085|1159|14(2560x1080)|https://act-upload.mihoyo.com/nap-obc-indep/2025/06/20/73751405/be01ae20cd94f318d728a1f314bc4986_1775011921773608903.png,EP短片壁纸合集,仪玄主题壁纸,1085,1159,14(2560x1080),14(2560x1080).png,壁纸合集\EP短片壁纸合集\仪玄主题壁纸\14(2560x1080).png,https://act-upload.mihoyo.com/nap-obc-indep/2025/06/20/73751405/be01ae20cd94f318d728a1f314bc4986_1775011921773608903.png,,,
wallpapers,wallpapers|1085|1159|14(3840x2160)|https://act-upload.mihoyo.com/nap-obc-indep/2025/06/20/73751405/fe4adfb91166bdb1a4844a1e99f508a0_6446090414251789183.png,EP短片壁纸合集,仪玄主题壁纸,1085,1159,14(3840x2160),14(3840x2160).png,壁纸合集\EP短片壁纸合集\仪玄主题壁纸\14(3840x2160).png,https://act-upload.mihoyo.com/nap-obc-indep/2025/06/20/73751405/fe4adfb91166bdb1a4844a1e99f508a0_6446090414251789183.png,,,
wallpapers,wallpapers|1085|1159|15(2560x1080)|https://act-upload.mihoyo.com/nap-obc-indep/2025/06/20/73751405/d4cb878789d47d58f1bbc33926a3dd67_1325698600549311286.png,EP短片壁纸合集,仪玄主题壁纸,1085,1159,15(2560x1080),15(2560x1080).png,壁纸合集\EP短片壁纸合集\仪玄主题壁纸\15(2560x1080).png,https://act-upload.mihoyo.com/nap-obc-indep/2025/06/20/73751405/d4cb878789d47d58f1bbc33926a3dd67_1325698600549311286.png,,,
wallpapers,wallpapers|1085|1159|15(3840x2160)|https://act-upload.mihoyo.com/nap-obc-indep/2025/06/20/73751405/5dec235f577d59a959b245cf2ab8ac24_2579398904864026346.png,EP短片壁纸合集,仪玄主题壁纸,1085,1159,15(3840x2160),15(3840x2160).png,壁纸合集\EP短片壁纸合集\仪玄主题壁纸\15(3840x2160).png,https://act-upload.mihoyo.com/nap-obc-indep/2025/06/20/73751405/5dec235f577d59a959b245cf2ab8ac24_2579398904864026346.png,,,
wallpapers,wallpapers|1085|1159|16(2560x1080)|https://act-upload.mihoyo.com/nap-obc-indep/2025/06/20/73751405/2552a5ba666a66ea73605a15c5e6b18d_6470487887713475377.png,EP短片壁纸合集,仪玄主题壁纸,1085,1159,16(2560x1080),16(2560x1080).png,壁纸合集\EP短片壁纸合集\仪玄主题壁纸\16(2560x1080).png,https://act-upload.mihoyo.com/nap-obc-indep/2025/06/20/73751405/2552a5ba666a66ea73605a15c5e6b18d_6470487887713475377.png,,,
wallpapers,wallpapers|1085|1159|16(3840x2160)|https://act-upload.mihoyo.com/nap-obc-indep/2025/06/20/73751405/7ba27a7f228aebb0777702a0e2dd3086_1598233320961724964.png,EP短片壁纸合集,仪玄主题壁纸,1085,1159,16(3840x2160),16(3840x2160).png,壁纸合集\EP短片壁纸合集\仪玄主题壁纸\16(3840x2160).png,https://act-upload.mihoyo.com/nap-obc-indep/2025/06/20/73751405/7ba27a7f228aebb0777702a0e2dd3086_1598233320961724964.png,,,
wallpapers,wallpapers|1085|1159|17(2560x1080)|https://act-upload.mihoyo.com/nap-obc-indep/2025/06/20/73751405/3be9120ea265ee5d97d14349e76e6cee_4800264071733922534.png,EP短片壁纸合集,仪玄主题壁纸,1085,1159,17(2560x1080),17(2560x1080).png,壁纸合集\EP短片壁纸合集\仪玄主题壁纸\17(2560x1080).png,https://act-upload.mihoyo.com/nap-obc-indep/2025/06/20/73751405/3be9120ea265ee5d97d14349e76e6cee_4800264071733922534.png,,,
wallpapers,wallpapers|1085|1159|17(3840x2160)|https://act-upload.mihoyo.com/nap-obc-indep/2025/06/20/73751405/37d8e5d21909c2217701bf53fb51f83e_5554280127777141862.png,EP短片壁纸合集,仪玄主题壁纸,1085,1159,17(3840x2160),17(3840x2160).png,壁纸合集\EP短片壁纸合集\仪玄主题壁纸\17(3840x2160).png,https://act-upload.mihoyo.com/nap-obc-indep/2025/06/20/73751405/37d8e5d21909c2217701bf53fb51f83e_5554280127777141862.png,,,
wallpapers,wallpapers|1085|957|1|https://act-upload.mihoyo.com/nap-obc-indep/2025/02/28/73751405/c334f432b23eeb458954350cc8fe6b95_7507435977725929816.png,EP短片壁纸合集,伊芙琳角色展示&EP壁纸,1085,957,1,1.png,壁纸合集\EP短片壁纸合集\伊芙琳角色展示&EP壁纸\1.png,https://act-upload.mihoyo.com/nap-obc-indep/2025/02/28/73751405/c334f432b23eeb458954350cc8fe6b95_7507435977725929816.png,,,
wallpapers,wallpapers|1085|957|2|https://act-upload.mihoyo.com/nap-obc-indep/2025/02/28/73751405/eed7daa343076c5ac651b4b0f56aec99_1930753113303038666.png,EP短片壁纸合集,伊芙琳角色展示&EP壁纸,1085,957,2,2.png,壁纸合集\EP短片壁纸合集\伊芙琳角色展示&EP壁纸\2.png,https://act-upload.mihoyo.com/nap-obc-indep/2025/02/28/73751405/eed7daa343076c5ac651b4b0f56aec99_1930753113303038666.png,,,
wallpapers,wallpapers|1085|957|3|https://act-upload.mihoyo.com/nap-obc-indep/2025/02/28/73751405/3ac6e9a207c0829ed81dd2347b5f4229_4632667396578266626.png,EP短片壁纸合集,伊芙琳角色展示&EP壁纸,1085,957,3,3.png,壁纸合集\EP短片壁纸合集\伊芙琳角色展示&EP壁纸\3.png,https://act-upload.mihoyo.com/nap-obc-indep/2025/02/28/73751405/3ac6e9a207c0829ed81dd2347b5f4229_4632667396578266626.png,,,
wallpapers,wallpapers|1085|957|4|https://act-upload.mihoyo.com/nap-obc-indep/2025/02/28/73751405/b7ba03de1aa168b906c2f63288076155_7636405682470158862.png,EP短片壁纸合集,伊芙琳角色展示&EP壁纸,1085,957,4,4.png,壁纸合集\EP短片壁纸合集\伊芙琳角色展示&EP壁纸\4.png,https://act-upload.mihoyo.com/nap-obc-indep/2025/02/28/73751405/b7ba03de1aa168b906c2f63288076155_7636405682470158862.png,,,
wallpapers,wallpapers|1085|957|5|https://act-upload.mihoyo.com/nap-obc-indep/2025/02/28/73751405/2bd8b7e6ba01e9f7a9e2324e2c75eaed_8099910983545149806.png,EP短片壁纸合集,伊芙琳角色展示&EP壁纸,1085,957,5,5.png,壁纸合集\EP短片壁纸合集\伊芙琳角色展示&EP壁纸\5.png,https://act-upload.mihoyo.com/nap-obc-indep/2025/02/28/73751405/2bd8b7e6ba01e9f7a9e2324e2c75eaed_8099910983545149806.png,,,
wallpapers,wallpapers|1085|957|6|https://act-upload.mihoyo.com/nap-obc-indep/2025/02/28/73751405/3c0535acf649cfc5bf12752dc15f56bc_6802794669646730992.png,EP短片壁纸合集,伊芙琳角色展示&EP壁纸,1085,957,6,6.png,壁纸合集\EP短片壁纸合集\伊芙琳角色展示&EP壁纸\6.png,https://act-upload.mihoyo.com/nap-obc-indep/2025/02/28/73751405/3c0535acf649cfc5bf12752dc15f56bc_6802794669646730992.png,,,
wallpapers,wallpapers|1085|957|7|https://act-upload.mihoyo.com/nap-obc-indep/2025/02/28/73751405/1e582357ed7522d2afec6392f9504b80_6326811993527912672.png,EP短片壁纸合集,伊芙琳角色展示&EP壁纸,1085,957,7,7.png,壁纸合集\EP短片壁纸合集\伊芙琳角色展示&EP壁纸\7.png,https://act-upload.mihoyo.com/nap-obc-indep/2025/02/28/73751405/1e582357ed7522d2afec6392f9504b80_6326811993527912672.png,,,
wallpapers,wallpapers|1085|957|8|https://act-upload.mihoyo.com/nap-obc-indep/2025/02/28/73751405/7fa13257abe043e97ec4d8d98c5113cc_5635127331531177111.png,EP短片壁纸合集,伊芙琳角色展示&EP壁纸,1085,957,8,8.png,壁纸合集\EP短片壁纸合集\伊芙琳角色展示&EP壁纸\8.png,https://act-upload.mihoyo.com/nap-obc-indep/2025/02/28/73751405/7fa13257abe043e97ec4d8d98c5113cc_5635127331531177111.png,,,
wallpapers,wallpapers|1085|957|9|https://act-upload.mihoyo.com/nap-obc-indep/2025/02/28/73751405/5dc6a0c83c4082d69232772eb1fcc48e_6933655998610916037.png,EP短片壁纸合集,伊芙琳角色展示&EP壁纸,1085,957,9,9.png,壁纸合集\EP短片壁纸合集\伊芙琳角色展示&EP壁纸\9.png,https://act-upload.mihoyo.com/nap-obc-indep/2025/02/28/73751405/5dc6a0c83c4082d69232772eb1fcc48e_6933655998610916037.png,,,
wallpapers,wallpapers|1085|957|10|https://act-upload.mihoyo.com/nap-obc-indep/2025/02/28/73751405/54eff649b50458920d8e3ec0139efa54_6130331900558955105.png,EP短片壁纸合集,伊芙琳角色展示&EP壁纸,1085,957,10,10.png,壁纸合集\EP短片壁纸合集\伊芙琳角色展示&EP壁纸\10.png,https://act-upload.mihoyo.com/nap-obc-indep/2025/02/28/73751405/54eff649b50458920d8e3ec0139efa54_6130331900558955105.png,,,
wallpapers,wallpapers|1085|957|11|https://act-upload.mihoyo.com/nap-obc-indep/2025/02/28/73751405/454f690938d74a4eccd0a8815e08fbf9_452163553699149252.png,EP短片壁纸合集,伊芙琳角色展示&EP壁纸,1085,957,11,11.png,壁纸合集\EP短片壁纸合集\伊芙琳角色展示&EP壁纸\11.png,https://act-upload.mihoyo.com/nap-obc-indep/2025/02/28/73751405/454f690938d74a4eccd0a8815e08fbf9_452163553699149252.png,,,
wallpapers,wallpapers|1085|957|12|https://act-upload.mihoyo.com/nap-obc-indep/2025/02/28/73751405/839175e01c08488f51dac73d5e667955_6061336424767946184.png,EP短片壁纸合集,伊芙琳角色展示&EP壁纸,1085,957,12,12.png,壁纸合集\EP短片壁纸合集\伊芙琳角色展示&EP壁纸\12.png,https://act-upload.mihoyo.com/nap-obc-indep/2025/02/28/73751405/839175e01c08488f51dac73d5e667955_6061336424767946184.png,,,
wallpapers,wallpapers|1085|957|13|https://act-upload.mihoyo.com/nap-obc-indep/2025/02/28/73751405/2c2d81f86d4d0afa8c8bb2c0a40c0674_6843764407548826435.png,EP短片壁纸合集,伊芙琳角色展示&EP壁纸,1085,957,13,13.png,壁纸合集\EP短片壁纸合集\伊芙琳角色展示&EP壁纸\13.png,https://act-upload.mihoyo.com/nap-obc-indep/2025/02/28/73751405/2c2d81f86d4d0afa8c8bb2c0a40c0674_6843764407548826435.png,,,
wallpapers,wallpapers|1085|957|14|https://act-upload.mihoyo.com/nap-obc-indep/2025/02/28/73751405/25628f5e6984454d1f54d50705a8f62a_2534276073032087857.png,EP短片壁纸合集,伊芙琳角色展示&EP壁纸,1085,957,14,14.png,壁纸合集\EP短片壁纸合集\伊芙琳角色展示&EP壁纸\14.png,https://act-upload.mihoyo.com/nap-obc-indep/2025/02/28/73751405/25628f5e6984454d1f54d50705a8f62a_2534276073032087857.png,,,
wallpapers,wallpapers|1085|957|15|https://act-upload.mihoyo.com/nap-obc-indep/2025/02/28/73751405/8960b24da02f06ca5361bc03fc8f8655_7949352101770453830.png,EP短片壁纸合集,伊芙琳角色展示&EP壁纸,1085,957,15,15.png,壁纸合集\EP短片壁纸合集\伊芙琳角色展示&EP壁纸\15.png,https://act-upload.mihoyo.com/nap-obc-indep/2025/02/28/73751405/8960b24da02f06ca5361bc03fc8f8655_7949352101770453830.png,,,
wallpapers,wallpapers|1085|957|16|https://act-upload.mihoyo.com/nap-obc-indep/2025/02/28/73751405/695fa2bafe833c3f3d4e5e8ab13cb202_1174537399138662028.png,EP短片壁纸合集,伊芙琳角色展示&EP壁纸,1085,957,16,16.png,壁纸合集\EP短片壁纸合集\伊芙琳角色展示&EP壁纸\16.png,https://act-upload.mihoyo.com/nap-obc-indep/2025/02/28/73751405/695fa2bafe833c3f3d4e5e8ab13cb202_1174537399138662028.png,,,
wallpapers,wallpapers|1085|957|17|https://act-upload.mihoyo.com/nap-obc-indep/2025/02/28/73751405/0ad6fcf369f86f1d26dcb953ecbc91bc_8969401193864127832.png,EP短片壁纸合集,伊芙琳角色展示&EP壁纸,1085,957,17,17.png,壁纸合集\EP短片壁纸合集\伊芙琳角色展示&EP壁纸\17.png,https://act-upload.mihoyo.com/nap-obc-indep/2025/02/28/73751405/0ad6fcf369f86f1d26dcb953ecbc91bc_8969401193864127832.png,,,
wallpapers,wallpapers|1085|957|18|https://act-upload.mihoyo.com/nap-obc-indep/2025/02/28/73751405/6ff9237146af4002c74bf570d83b4042_2390003231126320069.png,EP短片壁纸合集,伊芙琳角色展示&EP壁纸,1085,957,18,18.png,壁纸合集\EP短片壁纸合集\伊芙琳角色展示&EP壁纸\18.png,https://act-upload.mihoyo.com/nap-obc-indep/2025/02/28/73751405/6ff9237146af4002c74bf570d83b4042_2390003231126320069.png,,,
wallpapers,wallpapers|1085|957|19|https://act-upload.mihoyo.com/nap-obc-indep/2025/02/28/73751405/1e4db5d9c6fd3ebddc89b69773344e2e_7718816994289439051.png,EP短片壁纸合集,伊芙琳角色展示&EP壁纸,1085,957,19,19.png,壁纸合集\EP短片壁纸合集\伊芙琳角色展示&EP壁纸\19.png,https://act-upload.mihoyo.com/nap-obc-indep/2025/02/28/73751405/1e4db5d9c6fd3ebddc89b69773344e2e_7718816994289439051.png,,,
wallpapers,wallpapers|1085|808|1|https://act-upload.mihoyo.com/nap-obc-indep/2025/01/03/73751405/23b5b4a4c3e4ff711cbc2fab1228f736_1887151726038785141.png,EP短片壁纸合集,星见雅丨成为英雄的旅程,1085,808,1,1.png,壁纸合集\EP短片壁纸合集\星见雅丨成为英雄的旅程\1.png,https://act-upload.mihoyo.com/nap-obc-indep/2025/01/03/73751405/23b5b4a4c3e4ff711cbc2fab1228f736_1887151726038785141.png,,,
wallpapers,wallpapers|1085|808|2|https://act-upload.mihoyo.com/nap-obc-indep/2025/01/03/73751405/e222a296a4d521097dbd0991bd9b504a_2387358358312124678.png,EP短片壁纸合集,星见雅丨成为英雄的旅程,1085,808,2,2.png,壁纸合集\EP短片壁纸合集\星见雅丨成为英雄的旅程\2.png,https://act-upload.mihoyo.com/nap-obc-indep/2025/01/03/73751405/e222a296a4d521097dbd0991bd9b504a_2387358358312124678.png,,,
wallpapers,wallpapers|1085|808|3|https://act-upload.mihoyo.com/nap-obc-indep/2025/01/03/73751405/cca353a2938cf95b463fba74e5d8f19e_6544123697785132166.png,EP短片壁纸合集,星见雅丨成为英雄的旅程,1085,808,3,3.png,壁纸合集\EP短片壁纸合集\星见雅丨成为英雄的旅程\3.png,https://act-upload.mihoyo.com/nap-obc-indep/2025/01/03/73751405/cca353a2938cf95b463fba74e5d8f19e_6544123697785132166.png,,,
wallpapers,wallpapers|1085|808|4|https://act-upload.mihoyo.com/nap-obc-indep/2025/01/03/73751405/9b2eb90b320b1e3d634a6cc693b3d116_1565712682434926246.png,EP短片壁纸合集,星见雅丨成为英雄的旅程,1085,808,4,4.png,壁纸合集\EP短片壁纸合集\星见雅丨成为英雄的旅程\4.png,https://act-upload.mihoyo.com/nap-obc-indep/2025/01/03/73751405/9b2eb90b320b1e3d634a6cc693b3d116_1565712682434926246.png,,,
wallpapers,wallpapers|1085|808|5|https://act-upload.mihoyo.com/nap-obc-indep/2025/01/03/73751405/67b5f87d34f6971ff0597a56fe79a80e_4448094884512103303.png,EP短片壁纸合集,星见雅丨成为英雄的旅程,1085,808,5,5.png,壁纸合集\EP短片壁纸合集\星见雅丨成为英雄的旅程\5.png,https://act-upload.mihoyo.com/nap-obc-indep/2025/01/03/73751405/67b5f87d34f6971ff0597a56fe79a80e_4448094884512103303.png,,,
wallpapers,wallpapers|1085|808|6|https://act-upload.mihoyo.com/nap-obc-indep/2025/01/03/73751405/08a0fb8189c3b642e9fff942f3242457_1445799109479088395.png,EP短片壁纸合集,星见雅丨成为英雄的旅程,1085,808,6,6.png,壁纸合集\EP短片壁纸合集\星见雅丨成为英雄的旅程\6.png,https://act-upload.mihoyo.com/nap-obc-indep/2025/01/03/73751405/08a0fb8189c3b642e9fff942f3242457_1445799109479088395.png,,,
wallpapers,wallpapers|1085|808|7|https://act-upload.mihoyo.com/nap-obc-indep/2025/01/03/73751405/69c774149202275cdeeebb442ec9b8f1_5310538052508168909.png,EP短片壁纸合集,星见雅丨成为英雄的旅程,1085,808,7,7.png,壁纸合集\EP短片壁纸合集\星见雅丨成为英雄的旅程\7.png,https://act-upload.mihoyo.com/nap-obc-indep/2025/01/03/73751405/69c774149202275cdeeebb442ec9b8f1_5310538052508168909.png,,,
wallpapers,wallpapers|1085|812|1|https://act-upload.mihoyo.com/nap-obc-indep/2025/01/03/73751405/665abff219de47fff6e8493dabbd9e9f_1626683546083693226.png,EP短片壁纸合集,简PV丨逮捕,1085,812,1,1.png,壁纸合集\EP短片壁纸合集\简PV丨逮捕\1.png,https://act-upload.mihoyo.com/nap-obc-indep/2025/01/03/73751405/665abff219de47fff6e8493dabbd9e9f_1626683546083693226.png,,,
wallpapers,wallpapers|1085|812|2|https://act-upload.mihoyo.com/nap-obc-indep/2025/01/03/73751405/1d5b59f52a01457975a5a7ce1212d79d_7489864058516477228.png,EP短片壁纸合集,简PV丨逮捕,1085,812,2,2.png,壁纸合集\EP短片壁纸合集\简PV丨逮捕\2.png,https://act-upload.mihoyo.com/nap-obc-indep/2025/01/03/73751405/1d5b59f52a01457975a5a7ce1212d79d_7489864058516477228.png,,,
wallpapers,wallpapers|1085|812|3|https://act-upload.mihoyo.com/nap-obc-indep/2025/01/03/73751405/6ae687f8ae82d0ad7ee92acf2cfd3175_6230622489365010474.png,EP短片壁纸合集,简PV丨逮捕,1085,812,3,3.png,壁纸合集\EP短片壁纸合集\简PV丨逮捕\3.png,https://act-upload.mihoyo.com/nap-obc-indep/2025/01/03/73751405/6ae687f8ae82d0ad7ee92acf2cfd3175_6230622489365010474.png,,,
wallpapers,wallpapers|1085|1177|1(3840×2160)|https://act-upload.mihoyo.com/nap-obc-indep/2025/07/04/73751405/3922eb292ddef9777c322797c12183d7_4567059835256912031.jpg,EP短片壁纸合集,橘福福主题壁纸,1085,1177,1(3840×2160),1(3840×2160).jpg,壁纸合集\EP短片壁纸合集\橘福福主题壁纸\1(3840×2160).jpg,https://act-upload.mihoyo.com/nap-obc-indep/2025/07/04/73751405/3922eb292ddef9777c322797c12183d7_4567059835256912031.jpg,,,
wallpapers,wallpapers|1085|1177|1(2560×1080)|https://act-upload.mihoyo.com/nap-obc-indep/2025/07/04/73751405/6df9e3acdd5b2e294d0c67f50b42cea1_9124302553950787264.jpg,EP短片壁纸合集,橘福福主题壁纸,1085,1177,1(2560×1080),1(2560×1080).jpg,壁纸合集\EP短片壁纸合集\橘福福主题壁纸\1(2560×1080).jpg,https://act-upload.mihoyo.com/nap-obc-indep/2025/07/04/73751405/6df9e3acdd5b2e294d0c67f50b42cea1_9124302553950787264.jpg,,,
wallpapers,wallpapers|1085|1177|2(3840×2160)|https://act-upload.mihoyo.com/nap-obc-indep/2025/07/04/73751405/aef7e8b9d79f50a68dd30d02527d27e7_5695199043013135282.jpg,EP短片壁纸合集,橘福福主题壁纸,1085,1177,2(3840×2160),2(3840×2160).jpg,壁纸合集\EP短片壁纸合集\橘福福主题壁纸\2(3840×2160).jpg,https://act-upload.mihoyo.com/nap-obc-indep/2025/07/04/73751405/aef7e8b9d79f50a68dd30d02527d27e7_5695199043013135282.jpg,,,
wallpapers,wallpapers|1085|1177|2(2560×1080)|https://act-upload.mihoyo.com/nap-obc-indep/2025/07/04/73751405/e3f945645b55070ca954ed0e56dfdb6b_4640227987251534430.jpg,EP短片壁纸合集,橘福福主题壁纸,1085,1177,2(2560×1080),2(2560×1080).jpg,壁纸合集\EP短片壁纸合集\橘福福主题壁纸\2(2560×1080).jpg,https://act-upload.mihoyo.com/nap-obc-indep/2025/07/04/73751405/e3f945645b55070ca954ed0e56dfdb6b_4640227987251534430.jpg,,,
wallpapers,wallpapers|1085|1177|3(3840×2160)|https://act-upload.mihoyo.com/nap-obc-indep/2025/07/04/73751405/9cc19f8c773bcb8f418b828b7fede06f_855616967371120500.jpg,EP短片壁纸合集,橘福福主题壁纸,1085,1177,3(3840×2160),3(3840×2160).jpg,壁纸合集\EP短片壁纸合集\橘福福主题壁纸\3(3840×2160).jpg,https://act-upload.mihoyo.com/nap-obc-indep/2025/07/04/73751405/9cc19f8c773bcb8f418b828b7fede06f_855616967371120500.jpg,,,
wallpapers,wallpapers|1085|1177|3(2560×1080)|https://act-upload.mihoyo.com/nap-obc-indep/2025/07/04/73751405/b76aad570bef48a1407c261946133188_1067998014616562212.jpg,EP短片壁纸合集,橘福福主题壁纸,1085,1177,3(2560×1080),3(2560×1080).jpg,壁纸合集\EP短片壁纸合集\橘福福主题壁纸\3(2560×1080).jpg,https://act-upload.mihoyo.com/nap-obc-indep/2025/07/04/73751405/b76aad570bef48a1407c261946133188_1067998014616562212.jpg,,,
wallpapers,wallpapers|1085|1177|4(3840×2160)|https://act-upload.mihoyo.com/nap-obc-indep/2025/07/04/73751405/3f856780985e0ff4fdb7c2ab52fbcb03_8579972357600250329.jpg,EP短片壁纸合集,橘福福主题壁纸,1085,1177,4(3840×2160),4(3840×2160).jpg,壁纸合集\EP短片壁纸合集\橘福福主题壁纸\4(3840×2160).jpg,https://act-upload.mihoyo.com/nap-obc-indep/2025/07/04/73751405/3f856780985e0ff4fdb7c2ab52fbcb03_8579972357600250329.jpg,,,
wallpapers,wallpapers|1085|1177|4(2560×1080)|https://act-upload.mihoyo.com/nap-obc-indep/2025/07/04/73751405/e2b1fad8f9442f4526af33bb0fde2772_2062820434368149636.jpg,EP短片壁纸合集,橘福福主题壁纸,1085,1177,4(2560×1080),4(2560×1080).jpg,壁纸合集\EP短片壁纸合集\橘福福主题壁纸\4(2560×1080).jpg,https://act-upload.mihoyo.com/nap-obc-indep/2025/07/04/73751405/e2b1fad8f9442f4526af33bb0fde2772_2062820434368149636.jpg,,,
wallpapers,wallpapers|1085|1177|5(3840×2160)|https://act-upload.mihoyo.com/nap-obc-indep/2025/07/04/73751405/96189c04b85965fa7c166fe4207a18a2_3619421185252227657.jpg,EP短片壁纸合集,橘福福主题壁纸,1085,1177,5(3840×2160),5(3840×2160).jpg,壁纸合集\EP短片壁纸合集\橘福福主题壁纸\5(3840×2160).jpg,https://act-upload.mihoyo.com/nap-obc-indep/2025/07/04/73751405/96189c04b85965fa7c166fe4207a18a2_3619421185252227657.jpg,,,
wallpapers,wallpapers|1085|1177|5(2560×1080)|https://act-upload.mihoyo.com/nap-obc-indep/2025/07/04/73751405/d548123c7c5281e96922cc3adca534d1_808269964398747492.jpg,EP短片壁纸合集,橘福福主题壁纸,1085,1177,5(2560×1080),5(2560×1080).jpg,壁纸合集\EP短片壁纸合集\橘福福主题壁纸\5(2560×1080).jpg,https://act-upload.mihoyo.com/nap-obc-indep/2025/07/04/73751405/d548123c7c5281e96922cc3adca534d1_808269964398747492.jpg,,,
wallpapers,wallpapers|1085|1177|6(3840×2160)|https://act-upload.mihoyo.com/nap-obc-indep/2025/07/04/73751405/f84a8940030bb9a8219c33bbddf35374_3953416825682045983.jpg,EP短片壁纸合集,橘福福主题壁纸,1085,1177,6(3840×2160),6(3840×2160).jpg,壁纸合集\EP短片壁纸合集\橘福福主题壁纸\6(3840×2160).jpg,https://act-upload.mihoyo.com/nap-obc-indep/2025/07/04/73751405/f84a8940030bb9a8219c33bbddf35374_3953416825682045983.jpg,,,
wallpapers,wallpapers|1085|1177|6(2560×1080)|https://act-upload.mihoyo.com/nap-obc-indep/2025/07/04/73751405/e2f254afeda7d878e86bafc8025708fc_22772774572563252.jpg,EP短片壁纸合集,橘福福主题壁纸,1085,1177,6(2560×1080),6(2560×1080).jpg,壁纸合集\EP短片壁纸合集\橘福福主题壁纸\6(2560×1080).jpg,https://act-upload.mihoyo.com/nap-obc-indep/2025/07/04/73751405/e2f254afeda7d878e86bafc8025708fc_22772774572563252.jpg,,,
wallpapers,wallpapers|1085|1177|7(3840×2160)|https://act-upload.mihoyo.com/nap-obc-indep/2025/07/04/73751405/f849ab8003faaf225f32f0ab414bc186_3997343283294126008.jpg,EP短片壁纸合集,橘福福主题壁纸,1085,1177,7(3840×2160),7(3840×2160).jpg,壁纸合集\EP短片壁纸合集\橘福福主题壁纸\7(3840×2160).jpg,https://act-upload.mihoyo.com/nap-obc-indep/2025/07/04/73751405/f849ab8003faaf225f32f0ab414bc186_3997343283294126008.jpg,,,
wallpapers,wallpapers|1085|1177|7(2560×1080)|https://act-upload.mihoyo.com/nap-obc-indep/2025/07/04/73751405/14ffec6c287b611b0cf87c646592a8a7_5446648751145862468.jpg,EP短片壁纸合集,橘福福主题壁纸,1085,1177,7(2560×1080),7(2560×1080).jpg,壁纸合集\EP短片壁纸合集\橘福福主题壁纸\7(2560×1080).jpg,https://act-upload.mihoyo.com/nap-obc-indep/2025/07/04/73751405/14ffec6c287b611b0cf87c646592a8a7_5446648751145862468.jpg,,,
wallpapers,wallpapers|1085|1177|8(3840×2160)|https://act-upload.mihoyo.com/nap-obc-indep/2025/07/04/73751405/00a1882fa4b864e366d6a588921a3e02_4788098988882065650.jpg,EP短片壁纸合集,橘福福主题壁纸,1085,1177,8(3840×2160),8(3840×2160).jpg,壁纸合集\EP短片壁纸合集\橘福福主题壁纸\8(3840×2160).jpg,https://act-upload.mihoyo.com/nap-obc-indep/2025/07/04/73751405/00a1882fa4b864e366d6a588921a3e02_4788098988882065650.jpg,,,
wallpapers,wallpapers|1085|1177|8(2560×1080)|https://act-upload.mihoyo.com/nap-obc-indep/2025/07/04/73751405/888c4ac10d3c3912947cc44e56e79175_6420979718184653167.jpg,EP短片壁纸合集,橘福福主题壁纸,1085,1177,8(2560×1080),8(2560×1080).jpg,壁纸合集\EP短片壁纸合集\橘福福主题壁纸\8(2560×1080).jpg,https://act-upload.mihoyo.com/nap-obc-indep/2025/07/04/73751405/888c4ac10d3c3912947cc44e56e79175_6420979718184653167.jpg,,,
wallpapers,wallpapers|1085|1177|9(3840×2160)|https://act-upload.mihoyo.com/nap-obc-indep/2025/07/04/73751405/8e55cacd8f12fd1e862e83b609e14441_1578015946695233893.jpg,EP短片壁纸合集,橘福福主题壁纸,1085,1177,9(3840×2160),9(3840×2160).jpg,壁纸合集\EP短片壁纸合集\橘福福主题壁纸\9(3840×2160).jpg,https://act-upload.mihoyo.com/nap-obc-indep/2025/07/04/73751405/8e55cacd8f12fd1e862e83b609e14441_1578015946695233893.jpg,,,
wallpapers,wallpapers|1085|1177|9(2560×1080)|https://act-upload.mihoyo.com/nap-obc-indep/2025/07/04/73751405/151ea050d1d94bb8016a2e2d28b0699d_500736394162615345.jpg,EP短片壁纸合集,橘福福主题壁纸,1085,1177,9(2560×1080),9(2560×1080).jpg,壁纸合集\EP短片壁纸合集\橘福福主题壁纸\9(2560×1080).jpg,https://act-upload.mihoyo.com/nap-obc-indep/2025/07/04/73751405/151ea050d1d94bb8016a2e2d28b0699d_500736394162615345.jpg,,,
wallpapers,wallpapers|1085|1177|10(3840×2160)|https://act-upload.mihoyo.com/nap-obc-indep/2025/07/04/73751405/3f06e0c4229e67b3056f16bfbf79265c_8618392777487755410.jpg,EP短片壁纸合集,橘福福主题壁纸,1085,1177,10(3840×2160),10(3840×2160).jpg,壁纸合集\EP短片壁纸合集\橘福福主题壁纸\10(3840×2160).jpg,https://act-upload.mihoyo.com/nap-obc-indep/2025/07/04/73751405/3f06e0c4229e67b3056f16bfbf79265c_8618392777487755410.jpg,,,
wallpapers,wallpapers|1085|1177|10(2560×1080)|https://act-upload.mihoyo.com/nap-obc-indep/2025/07/04/73751405/dadc756a4e1364fdfeb50adbb99869ef_4848729108683216218.jpg,EP短片壁纸合集,橘福福主题壁纸,1085,1177,10(2560×1080),10(2560×1080).jpg,壁纸合集\EP短片壁纸合集\橘福福主题壁纸\10(2560×1080).jpg,https://act-upload.mihoyo.com/nap-obc-indep/2025/07/04/73751405/dadc756a4e1364fdfeb50adbb99869ef_4848729108683216218.jpg,,,
wallpapers,wallpapers|1085|1177|11|https://act-upload.mihoyo.com/nap-obc-indep/2025/07/04/73751405/c00712fb0f656878a53644902ebdee47_7901655361383764400.png,EP短片壁纸合集,橘福福主题壁纸,1085,1177,11,11.png,壁纸合集\EP短片壁纸合集\橘福福主题壁纸\11.png,https://act-upload.mihoyo.com/nap-obc-indep/2025/07/04/73751405/c00712fb0f656878a53644902ebdee47_7901655361383764400.png,,,
wallpapers,wallpapers|1085|1177|12|https://act-upload.mihoyo.com/nap-obc-indep/2025/07/04/73751405/65ebdf8d2206d3430074d60c4ffcf1d9_1467011226854992671.png,EP短片壁纸合集,橘福福主题壁纸,1085,1177,12,12.png,壁纸合集\EP短片壁纸合集\橘福福主题壁纸\12.png,https://act-upload.mihoyo.com/nap-obc-indep/2025/07/04/73751405/65ebdf8d2206d3430074d60c4ffcf1d9_1467011226854992671.png,,,
wallpapers,wallpapers|1085|1177|13|https://act-upload.mihoyo.com/nap-obc-indep/2025/07/04/73751405/8a6ae911fbff75a19544e3ecbdbfb05b_782552332237814313.png,EP短片壁纸合集,橘福福主题壁纸,1085,1177,13,13.png,壁纸合集\EP短片壁纸合集\橘福福主题壁纸\13.png,https://act-upload.mihoyo.com/nap-obc-indep/2025/07/04/73751405/8a6ae911fbff75a19544e3ecbdbfb05b_782552332237814313.png,,,
wallpapers,wallpapers|1085|1177|14|https://act-upload.mihoyo.com/nap-obc-indep/2025/07/04/73751405/c90b2f746f3893a069fb7fe150c6b86e_7317190809351398465.png,EP短片壁纸合集,橘福福主题壁纸,1085,1177,14,14.png,壁纸合集\EP短片壁纸合集\橘福福主题壁纸\14.png,https://act-upload.mihoyo.com/nap-obc-indep/2025/07/04/73751405/c90b2f746f3893a069fb7fe150c6b86e_7317190809351398465.png,,,
wallpapers,wallpapers|1085|1177|15|https://act-upload.mihoyo.com/nap-obc-indep/2025/07/04/73751405/c6355f6fc5bd97a7e90cf45dc92c2616_8051235663309779040.png,EP短片壁纸合集,橘福福主题壁纸,1085,1177,15,15.png,壁纸合集\EP短片壁纸合集\橘福福主题壁纸\15.png,https://act-upload.mihoyo.com/nap-obc-indep/2025/07/04/73751405/c6355f6fc5bd97a7e90cf45dc92c2616_8051235663309779040.png,,,
wallpapers,wallpapers|1085|1177|16|https://act-upload.mihoyo.com/nap-obc-indep/2025/07/04/73751405/3d6096e5ae2858af67e17af817e35d14_7802941367422801374.png,EP短片壁纸合集,橘福福主题壁纸,1085,1177,16,16.png,壁纸合集\EP短片壁纸合集\橘福福主题壁纸\16.png,https://act-upload.mihoyo.com/nap-obc-indep/2025/07/04/73751405/3d6096e5ae2858af67e17af817e35d14_7802941367422801374.png,,,
wallpapers,wallpapers|1085|1177|17|https://act-upload.mihoyo.com/nap-obc-indep/2025/07/04/73751405/988ffce6764866dd6baeb663c51ef805_8366554470592433830.png,EP短片壁纸合集,橘福福主题壁纸,1085,1177,17,17.png,壁纸合集\EP短片壁纸合集\橘福福主题壁纸\17.png,https://act-upload.mihoyo.com/nap-obc-indep/2025/07/04/73751405/988ffce6764866dd6baeb663c51ef805_8366554470592433830.png,,,
wallpapers,wallpapers|1085|1177|18|https://act-upload.mihoyo.com/nap-obc-indep/2025/07/04/73751405/b51b3bb0419ee420bca2035384788142_6290754654225032234.png,EP短片壁纸合集,橘福福主题壁纸,1085,1177,18,18.png,壁纸合集\EP短片壁纸合集\橘福福主题壁纸\18.png,https://act-upload.mihoyo.com/nap-obc-indep/2025/07/04/73751405/b51b3bb0419ee420bca2035384788142_6290754654225032234.png,,,
wallpapers,wallpapers|1085|1177|19|https://act-upload.mihoyo.com/nap-obc-indep/2025/07/04/73751405/06f7a50becf06c6d92f4527a11f842a6_5770023907558204369.png,EP短片壁纸合集,橘福福主题壁纸,1085,1177,19,19.png,壁纸合集\EP短片壁纸合集\橘福福主题壁纸\19.png,https://act-upload.mihoyo.com/nap-obc-indep/2025/07/04/73751405/06f7a50becf06c6d92f4527a11f842a6_5770023907558204369.png,,,
wallpapers,wallpapers|1085|1177|20|https://act-upload.mihoyo.com/nap-obc-indep/2025/07/04/73751405/65dea66616e5a18a7595a221805524c1_7943624129616711797.png,EP短片壁纸合集,橘福福主题壁纸,1085,1177,20,20.png,壁纸合集\EP短片壁纸合集\橘福福主题壁纸\20.png,https://act-upload.mihoyo.com/nap-obc-indep/2025/07/04/73751405/65dea66616e5a18a7595a221805524c1_7943624129616711797.png,,,
wallpapers,wallpapers|1085|1177|21|https://act-upload.mihoyo.com/nap-obc-indep/2025/07/04/73751405/35fbbd968467d75762da75a2cb42eac1_2185662286033048246.png,EP短片壁纸合集,橘福福主题壁纸,1085,1177,21,21.png,壁纸合集\EP短片壁纸合集\橘福福主题壁纸\21.png,https://act-upload.mihoyo.com/nap-obc-indep/2025/07/04/73751405/35fbbd968467d75762da75a2cb42eac1_2185662286033048246.png,,,
wallpapers,wallpapers|1085|1177|22|https://act-upload.mihoyo.com/nap-obc-indep/2025/07/04/73751405/380f938533ea1b133dad9774caecdd16_1089594505418317069.png,EP短片壁纸合集,橘福福主题壁纸,1085,1177,22,22.png,壁纸合集\EP短片壁纸合集\橘福福主题壁纸\22.png,https://act-upload.mihoyo.com/nap-obc-indep/2025/07/04/73751405/380f938533ea1b133dad9774caecdd16_1089594505418317069.png,,,
wallpapers,wallpapers|1085|1177|23|https://act-upload.mihoyo.com/nap-obc-indep/2025/07/04/73751405/9ecc9ad403de3b74470487e4bdea163f_8962857568127350508.png,EP短片壁纸合集,橘福福主题壁纸,1085,1177,23,23.png,壁纸合集\EP短片壁纸合集\橘福福主题壁纸\23.png,https://act-upload.mihoyo.com/nap-obc-indep/2025/07/04/73751405/9ecc9ad403de3b74470487e4bdea163f_8962857568127350508.png,,,
wallpapers,wallpapers|1085|1177|24|https://act-upload.mihoyo.com/nap-obc-indep/2025/07/04/73751405/962a8ee296cfc7e6ba3a9a1705bff6af_1684495665592495199.png,EP短片壁纸合集,橘福福主题壁纸,1085,1177,24,24.png,壁纸合集\EP短片壁纸合集\橘福福主题壁纸\24.png,https://act-upload.mihoyo.com/nap-obc-indep/2025/07/04/73751405/962a8ee296cfc7e6ba3a9a1705bff6af_1684495665592495199.png,,,
wallpapers,wallpapers|1085|1177|25|https://act-upload.mihoyo.com/nap-obc-indep/2025/07/04/73751405/2f88823c83bdbd79052a3163333f444b_3989701261471866632.png,EP短片壁纸合集,橘福福主题壁纸,1085,1177,25,25.png,壁纸合集\EP短片壁纸合集\橘福福主题壁纸\25.png,https://act-upload.mihoyo.com/nap-obc-indep/2025/07/04/73751405/2f88823c83bdbd79052a3163333f444b_3989701261471866632.png,,,
wallpapers,wallpapers|1085|1177|26|https://act-upload.mihoyo.com/nap-obc-indep/2025/07/04/73751405/7bc9ba3868fd062009ab91cbf4464e51_8518586288101041017.png,EP短片壁纸合集,橘福福主题壁纸,1085,1177,26,26.png,壁纸合集\EP短片壁纸合集\橘福福主题壁纸\26.png,https://act-upload.mihoyo.com/nap-obc-indep/2025/07/04/73751405/7bc9ba3868fd062009ab91cbf4464e51_8518586288101041017.png,,,
wallpapers,wallpapers|1085|809|1|https://act-upload.mihoyo.com/nap-obc-indep/2025/01/03/73751405/b416bcafa4d94480c3ecf8b9db14cde6_2852130597252432203.png,EP短片壁纸合集,莱特EP丨Fearless,1085,809,1,1.png,壁纸合集\EP短片壁纸合集\莱特EP丨Fearless\1.png,https://act-upload.mihoyo.com/nap-obc-indep/2025/01/03/73751405/b416bcafa4d94480c3ecf8b9db14cde6_2852130597252432203.png,,,
wallpapers,wallpapers|1085|809|2|https://act-upload.mihoyo.com/nap-obc-indep/2025/01/03/73751405/e8ecc13443fc05277b6b847b5ef26980_7562464424429797191.png,EP短片壁纸合集,莱特EP丨Fearless,1085,809,2,2.png,壁纸合集\EP短片壁纸合集\莱特EP丨Fearless\2.png,https://act-upload.mihoyo.com/nap-obc-indep/2025/01/03/73751405/e8ecc13443fc05277b6b847b5ef26980_7562464424429797191.png,,,
wallpapers,wallpapers|1085|809|3|https://act-upload.mihoyo.com/nap-obc-indep/2025/01/03/73751405/cc0182d5ee5bd4ae01fbce6f05ad4a86_5823299262138758832.png,EP短片壁纸合集,莱特EP丨Fearless,1085,809,3,3.png,壁纸合集\EP短片壁纸合集\莱特EP丨Fearless\3.png,https://act-upload.mihoyo.com/nap-obc-indep/2025/01/03/73751405/cc0182d5ee5bd4ae01fbce6f05ad4a86_5823299262138758832.png,,,
wallpapers,wallpapers|1085|809|4|https://act-upload.mihoyo.com/nap-obc-indep/2025/01/07/76099754/e963862a0dbcab4faaaeb2f9de28f9eb_1887970918805850158.png,EP短片壁纸合集,莱特EP丨Fearless,1085,809,4,4.png,壁纸合集\EP短片壁纸合集\莱特EP丨Fearless\4.png,https://act-upload.mihoyo.com/nap-obc-indep/2025/01/07/76099754/e963862a0dbcab4faaaeb2f9de28f9eb_1887970918805850158.png,,,
wallpapers,wallpapers|1085|809|5|https://act-upload.mihoyo.com/nap-obc-indep/2025/01/03/73751405/da54d612e22a98100a93053bac240b04_5915293908448023185.png,EP短片壁纸合集,莱特EP丨Fearless,1085,809,5,5.png,壁纸合集\EP短片壁纸合集\莱特EP丨Fearless\5.png,https://act-upload.mihoyo.com/nap-obc-indep/2025/01/03/73751405/da54d612e22a98100a93053bac240b04_5915293908448023185.png,,,
wallpapers,wallpapers|1085|809|6|https://act-upload.mihoyo.com/nap-obc-indep/2025/01/03/73751405/18d37003c9277c5e06ccaabe53d935cb_191166226867302647.png,EP短片壁纸合集,莱特EP丨Fearless,1085,809,6,6.png,壁纸合集\EP短片壁纸合集\莱特EP丨Fearless\6.png,https://act-upload.mihoyo.com/nap-obc-indep/2025/01/03/73751405/18d37003c9277c5e06ccaabe53d935cb_191166226867302647.png,,,
wallpapers,wallpapers|1085|809|7|https://act-upload.mihoyo.com/nap-obc-indep/2025/01/03/73751405/819f6a65be9834b2a82e08036ddd3691_965172692699292101.png,EP短片壁纸合集,莱特EP丨Fearless,1085,809,7,7.png,壁纸合集\EP短片壁纸合集\莱特EP丨Fearless\7.png,https://act-upload.mihoyo.com/nap-obc-indep/2025/01/03/73751405/819f6a65be9834b2a82e08036ddd3691_965172692699292101.png,,,
wallpapers,wallpapers|1085|809|8|https://act-upload.mihoyo.com/nap-obc-indep/2025/01/03/73751405/35fc5c95ad5ea87e807e7d7cc425c595_4681502396504377580.png,EP短片壁纸合集,莱特EP丨Fearless,1085,809,8,8.png,壁纸合集\EP短片壁纸合集\莱特EP丨Fearless\8.png,https://act-upload.mihoyo.com/nap-obc-indep/2025/01/03/73751405/35fc5c95ad5ea87e807e7d7cc425c595_4681502396504377580.png,,,
wallpapers,wallpapers|1085|809|9|https://act-upload.mihoyo.com/nap-obc-indep/2025/01/03/73751405/9375ea23833dcdcf99267c7719c1132c_8285381891167787632.png,EP短片壁纸合集,莱特EP丨Fearless,1085,809,9,9.png,壁纸合集\EP短片壁纸合集\莱特EP丨Fearless\9.png,https://act-upload.mihoyo.com/nap-obc-indep/2025/01/03/73751405/9375ea23833dcdcf99267c7719c1132c_8285381891167787632.png,,,
wallpapers,wallpapers|1085|809|10|https://act-upload.mihoyo.com/nap-obc-indep/2025/01/03/73751405/fbf8f95e32c4406c68672a5660fa87a7_9072973090821589523.png,EP短片壁纸合集,莱特EP丨Fearless,1085,809,10,10.png,壁纸合集\EP短片壁纸合集\莱特EP丨Fearless\10.png,https://act-upload.mihoyo.com/nap-obc-indep/2025/01/03/73751405/fbf8f95e32c4406c68672a5660fa87a7_9072973090821589523.png,,,
wallpapers,wallpapers|1085|809|11|https://act-upload.mihoyo.com/nap-obc-indep/2025/01/03/73751405/e3d8ae58d4e6ddeec51c6f5250a90547_839589249974638841.png,EP短片壁纸合集,莱特EP丨Fearless,1085,809,11,11.png,壁纸合集\EP短片壁纸合集\莱特EP丨Fearless\11.png,https://act-upload.mihoyo.com/nap-obc-indep/2025/01/03/73751405/e3d8ae58d4e6ddeec51c6f5250a90547_839589249974638841.png,,,
wallpapers,wallpapers|1085|809|12|https://act-upload.mihoyo.com/nap-obc-indep/2025/01/03/73751405/c572e77170509810bea9283290bc7332_6378896176646085874.png,EP短片壁纸合集,莱特EP丨Fearless,1085,809,12,12.png,壁纸合集\EP短片壁纸合集\莱特EP丨Fearless\12.png,https://act-upload.mihoyo.com/nap-obc-indep/2025/01/03/73751405/c572e77170509810bea9283290bc7332_6378896176646085874.png,,,
wallpapers,wallpapers|1085|811|1|https://act-upload.mihoyo.com/nap-obc-indep/2025/01/03/73751405/060a7618204693319bc831c26a091008_4107533906168976648.png,EP短片壁纸合集,凯撒EP&PV,1085,811,1,1.png,壁纸合集\EP短片壁纸合集\凯撒EP&PV\1.png,https://act-upload.mihoyo.com/nap-obc-indep/2025/01/03/73751405/060a7618204693319bc831c26a091008_4107533906168976648.png,,,
wallpapers,wallpapers|1085|811|2|https://act-upload.mihoyo.com/nap-obc-indep/2025/01/03/73751405/ee48282d8181c5b2952a8238bd4fb139_8021537471369432345.png,EP短片壁纸合集,凯撒EP&PV,1085,811,2,2.png,壁纸合集\EP短片壁纸合集\凯撒EP&PV\2.png,https://act-upload.mihoyo.com/nap-obc-indep/2025/01/03/73751405/ee48282d8181c5b2952a8238bd4fb139_8021537471369432345.png,,,
wallpapers,wallpapers|1085|811|3|https://act-upload.mihoyo.com/nap-obc-indep/2025/01/03/73751405/94c4c99855c68fe17b25b1c040809d92_643536601699349443.png,EP短片壁纸合集,凯撒EP&PV,1085,811,3,3.png,壁纸合集\EP短片壁纸合集\凯撒EP&PV\3.png,https://act-upload.mihoyo.com/nap-obc-indep/2025/01/03/73751405/94c4c99855c68fe17b25b1c040809d92_643536601699349443.png,,,
wallpapers,wallpapers|1085|811|4|https://act-upload.mihoyo.com/nap-obc-indep/2025/01/03/73751405/65eca728ee731f48ffe72128c1a40614_6359565063738800611.png,EP短片壁纸合集,凯撒EP&PV,1085,811,4,4.png,壁纸合集\EP短片壁纸合集\凯撒EP&PV\4.png,https://act-upload.mihoyo.com/nap-obc-indep/2025/01/03/73751405/65eca728ee731f48ffe72128c1a40614_6359565063738800611.png,,,
wallpapers,wallpapers|1085|811|5|https://act-upload.mihoyo.com/nap-obc-indep/2025/01/03/73751405/68e2f8ff1431efe5122b32239723c4db_2571006853411584520.png,EP短片壁纸合集,凯撒EP&PV,1085,811,5,5.png,壁纸合集\EP短片壁纸合集\凯撒EP&PV\5.png,https://act-upload.mihoyo.com/nap-obc-indep/2025/01/03/73751405/68e2f8ff1431efe5122b32239723c4db_2571006853411584520.png,,,
wallpapers,wallpapers|1085|811|6|https://act-upload.mihoyo.com/nap-obc-indep/2025/01/03/73751405/ad8fc1a65e21ebcfec9d53c2c22a2b75_7430568606632292963.png,EP短片壁纸合集,凯撒EP&PV,1085,811,6,6.png,壁纸合集\EP短片壁纸合集\凯撒EP&PV\6.png,https://act-upload.mihoyo.com/nap-obc-indep/2025/01/03/73751405/ad8fc1a65e21ebcfec9d53c2c22a2b75_7430568606632292963.png,,,
wallpapers,wallpapers|1085|811|7|https://act-upload.mihoyo.com/nap-obc-indep/2025/01/03/73751405/77666235be6cdb807881fadf0b783952_5814196481532856610.png,EP短片壁纸合集,凯撒EP&PV,1085,811,7,7.png,壁纸合集\EP短片壁纸合集\凯撒EP&PV\7.png,https://act-upload.mihoyo.com/nap-obc-indep/2025/01/03/73751405/77666235be6cdb807881fadf0b783952_5814196481532856610.png,,,
wallpapers,wallpapers|1085|811|8|https://act-upload.mihoyo.com/nap-obc-indep/2025/01/03/73751405/60349173d09f2766b04a965a4c265be5_8522061414094279972.png,EP短片壁纸合集,凯撒EP&PV,1085,811,8,8.png,壁纸合集\EP短片壁纸合集\凯撒EP&PV\8.png,https://act-upload.mihoyo.com/nap-obc-indep/2025/01/03/73751405/60349173d09f2766b04a965a4c265be5_8522061414094279972.png,,,
wallpapers,wallpapers|1085|811|9|https://act-upload.mihoyo.com/nap-obc-indep/2025/01/03/73751405/5373a86a81bb033095cf9531da71a911_5241198628004182226.png,EP短片壁纸合集,凯撒EP&PV,1085,811,9,9.png,壁纸合集\EP短片壁纸合集\凯撒EP&PV\9.png,https://act-upload.mihoyo.com/nap-obc-indep/2025/01/03/73751405/5373a86a81bb033095cf9531da71a911_5241198628004182226.png,,,
wallpapers,wallpapers|1085|811|10|https://act-upload.mihoyo.com/nap-obc-indep/2025/01/03/73751405/93f6966f4d7b7536c9f4b6bb23b26747_692466365262375656.png,EP短片壁纸合集,凯撒EP&PV,1085,811,10,10.png,壁纸合集\EP短片壁纸合集\凯撒EP&PV\10.png,https://act-upload.mihoyo.com/nap-obc-indep/2025/01/03/73751405/93f6966f4d7b7536c9f4b6bb23b26747_692466365262375656.png,,,
wallpapers,wallpapers|1085|811|11|https://act-upload.mihoyo.com/nap-obc-indep/2025/01/03/73751405/318f7ade59365d70f4d09b28f5399ec6_85438321184703889.png,EP短片壁纸合集,凯撒EP&PV,1085,811,11,11.png,壁纸合集\EP短片壁纸合集\凯撒EP&PV\11.png,https://act-upload.mihoyo.com/nap-obc-indep/2025/01/03/73751405/318f7ade59365d70f4d09b28f5399ec6_85438321184703889.png,,,
wallpapers,wallpapers|1085|811|12|https://act-upload.mihoyo.com/nap-obc-indep/2025/01/03/73751405/bb208561af9797cb4db1e5f7bf342eab_8649435012290621243.png,EP短片壁纸合集,凯撒EP&PV,1085,811,12,12.png,壁纸合集\EP短片壁纸合集\凯撒EP&PV\12.png,https://act-upload.mihoyo.com/nap-obc-indep/2025/01/03/73751405/bb208561af9797cb4db1e5f7bf342eab_8649435012290621243.png,,,
wallpapers,wallpapers|1085|811|13|https://act-upload.mihoyo.com/nap-obc-indep/2025/01/03/73751405/f167f9093895c0e9306f9967828badcc_6007770488570620830.png,EP短片壁纸合集,凯撒EP&PV,1085,811,13,13.png,壁纸合集\EP短片壁纸合集\凯撒EP&PV\13.png,https://act-upload.mihoyo.com/nap-obc-indep/2025/01/03/73751405/f167f9093895c0e9306f9967828badcc_6007770488570620830.png,,,
wallpapers,wallpapers|1085|813|1|https://act-upload.mihoyo.com/nap-obc-indep/2025/01/03/73751405/5a6fb019acede5a40cc59437a366aada_8345300315776893817.png,EP短片壁纸合集,青衣MV丨红透晚烟青,1085,813,1,1.png,壁纸合集\EP短片壁纸合集\青衣MV丨红透晚烟青\1.png,https://act-upload.mihoyo.com/nap-obc-indep/2025/01/03/73751405/5a6fb019acede5a40cc59437a366aada_8345300315776893817.png,,,
wallpapers,wallpapers|1085|813|2|https://act-upload.mihoyo.com/nap-obc-indep/2025/01/03/73751405/98a262dbac0e9db10bd3c06a98ec4692_3043288098674192421.png,EP短片壁纸合集,青衣MV丨红透晚烟青,1085,813,2,2.png,壁纸合集\EP短片壁纸合集\青衣MV丨红透晚烟青\2.png,https://act-upload.mihoyo.com/nap-obc-indep/2025/01/03/73751405/98a262dbac0e9db10bd3c06a98ec4692_3043288098674192421.png,,,
wallpapers,wallpapers|1085|813|3|https://act-upload.mihoyo.com/nap-obc-indep/2025/01/03/73751405/f81c58c679dbac4503573fd4e910ffb0_8822243063033080021.png,EP短片壁纸合集,青衣MV丨红透晚烟青,1085,813,3,3.png,壁纸合集\EP短片壁纸合集\青衣MV丨红透晚烟青\3.png,https://act-upload.mihoyo.com/nap-obc-indep/2025/01/03/73751405/f81c58c679dbac4503573fd4e910ffb0_8822243063033080021.png,,,
wallpapers,wallpapers|1085|813|4|https://act-upload.mihoyo.com/nap-obc-indep/2025/01/03/73751405/83f8a326029e81f0a45e33c1cf1dc47d_1907319303789865925.png,EP短片壁纸合集,青衣MV丨红透晚烟青,1085,813,4,4.png,壁纸合集\EP短片壁纸合集\青衣MV丨红透晚烟青\4.png,https://act-upload.mihoyo.com/nap-obc-indep/2025/01/03/73751405/83f8a326029e81f0a45e33c1cf1dc47d_1907319303789865925.png,,,
wallpapers,wallpapers|1085|813|5|https://act-upload.mihoyo.com/nap-obc-indep/2025/01/03/73751405/559e45f78f347dc8aa83ff3128f1f7fd_706491508277537321.png,EP短片壁纸合集,青衣MV丨红透晚烟青,1085,813,5,5.png,壁纸合集\EP短片壁纸合集\青衣MV丨红透晚烟青\5.png,https://act-upload.mihoyo.com/nap-obc-indep/2025/01/03/73751405/559e45f78f347dc8aa83ff3128f1f7fd_706491508277537321.png,,,
wallpapers,wallpapers|1085|813|6|https://act-upload.mihoyo.com/nap-obc-indep/2025/01/03/73751405/5b1e24e935cdca5a4bfcb94001755801_1623549924865937839.png,EP短片壁纸合集,青衣MV丨红透晚烟青,1085,813,6,6.png,壁纸合集\EP短片壁纸合集\青衣MV丨红透晚烟青\6.png,https://act-upload.mihoyo.com/nap-obc-indep/2025/01/03/73751405/5b1e24e935cdca5a4bfcb94001755801_1623549924865937839.png,,,
wallpapers,wallpapers|1085|813|7|https://act-upload.mihoyo.com/nap-obc-indep/2025/01/03/73751405/5eb5b1a07ff0588e8b8d678df4f95f95_8958329253509657555.jpg,EP短片壁纸合集,青衣MV丨红透晚烟青,1085,813,7,7.jpg,壁纸合集\EP短片壁纸合集\青衣MV丨红透晚烟青\7.jpg,https://act-upload.mihoyo.com/nap-obc-indep/2025/01/03/73751405/5eb5b1a07ff0588e8b8d678df4f95f95_8958329253509657555.jpg,,,
wallpapers,wallpapers|1085|813|8|https://act-upload.mihoyo.com/nap-obc-indep/2025/01/03/73751405/4d2cf2a3d14f942d8d990a62d8387370_8297453295616837584.jpg,EP短片壁纸合集,青衣MV丨红透晚烟青,1085,813,8,8.jpg,壁纸合集\EP短片壁纸合集\青衣MV丨红透晚烟青\8.jpg,https://act-upload.mihoyo.com/nap-obc-indep/2025/01/03/73751405/4d2cf2a3d14f942d8d990a62d8387370_8297453295616837584.jpg,,,
wallpapers,wallpapers|1085|813|9|https://act-upload.mihoyo.com/nap-obc-indep/2025/01/03/73751405/1ce2e3f4c27c262e12f62ddf1c2fd263_8714175763532408766.jpg,EP短片壁纸合集,青衣MV丨红透晚烟青,1085,813,9,9.jpg,壁纸合集\EP短片壁纸合集\青衣MV丨红透晚烟青\9.jpg,https://act-upload.mihoyo.com/nap-obc-indep/2025/01/03/73751405/1ce2e3f4c27c262e12f62ddf1c2fd263_8714175763532408766.jpg,,,
wallpapers,wallpapers|1085|1095|1(2360x1080)|https://act-upload.mihoyo.com/nap-obc-indep/2025/06/05/73751405/34771ac2c7e0cf3649d6d3b0734b49f3_998435142805285186.png,EP短片壁纸合集,雨果EP壁纸,1085,1095,1(2360x1080),1(2360x1080).png,壁纸合集\EP短片壁纸合集\雨果EP壁纸\1(2360x1080).png,https://act-upload.mihoyo.com/nap-obc-indep/2025/06/05/73751405/34771ac2c7e0cf3649d6d3b0734b49f3_998435142805285186.png,,,
wallpapers,wallpapers|1085|1095|1(3840x2160)|https://act-upload.mihoyo.com/nap-obc-indep/2025/06/05/73751405/551f4972a416dfe7d04acee2d0a407f1_3212247114040889477.png,EP短片壁纸合集,雨果EP壁纸,1085,1095,1(3840x2160),1(3840x2160).png,壁纸合集\EP短片壁纸合集\雨果EP壁纸\1(3840x2160).png,https://act-upload.mihoyo.com/nap-obc-indep/2025/06/05/73751405/551f4972a416dfe7d04acee2d0a407f1_3212247114040889477.png,,,
wallpapers,wallpapers|1085|1095|2(2360x1080)|https://act-upload.mihoyo.com/nap-obc-indep/2025/06/05/73751405/a2af414c603885604a99a55b99c3cee6_8477174116652822243.png,EP短片壁纸合集,雨果EP壁纸,1085,1095,2(2360x1080),2(2360x1080).png,壁纸合集\EP短片壁纸合集\雨果EP壁纸\2(2360x1080).png,https://act-upload.mihoyo.com/nap-obc-indep/2025/06/05/73751405/a2af414c603885604a99a55b99c3cee6_8477174116652822243.png,,,
wallpapers,wallpapers|1085|1095|2(3840x2160)|https://act-upload.mihoyo.com/nap-obc-indep/2025/06/05/73751405/cf2be249224004100cebbf5c5ed0a7de_6129634581619817027.png,EP短片壁纸合集,雨果EP壁纸,1085,1095,2(3840x2160),2(3840x2160).png,壁纸合集\EP短片壁纸合集\雨果EP壁纸\2(3840x2160).png,https://act-upload.mihoyo.com/nap-obc-indep/2025/06/05/73751405/cf2be249224004100cebbf5c5ed0a7de_6129634581619817027.png,,,
wallpapers,wallpapers|1085|1095|3(2360x1080)|https://act-upload.mihoyo.com/nap-obc-indep/2025/06/05/73751405/6de8af88f5298b59a41ae77227c5e14e_5794550002100586647.png,EP短片壁纸合集,雨果EP壁纸,1085,1095,3(2360x1080),3(2360x1080).png,壁纸合集\EP短片壁纸合集\雨果EP壁纸\3(2360x1080).png,https://act-upload.mihoyo.com/nap-obc-indep/2025/06/05/73751405/6de8af88f5298b59a41ae77227c5e14e_5794550002100586647.png,,,
wallpapers,wallpapers|1085|1095|3(3840x2160)|https://act-upload.mihoyo.com/nap-obc-indep/2025/06/05/73751405/b6a58e145e2358d3b1a22f8d9af60704_4452009362625733811.png,EP短片壁纸合集,雨果EP壁纸,1085,1095,3(3840x2160),3(3840x2160).png,壁纸合集\EP短片壁纸合集\雨果EP壁纸\3(3840x2160).png,https://act-upload.mihoyo.com/nap-obc-indep/2025/06/05/73751405/b6a58e145e2358d3b1a22f8d9af60704_4452009362625733811.png,,,
wallpapers,wallpapers|1085|1095|4(2360x1080)|https://act-upload.mihoyo.com/nap-obc-indep/2025/06/05/73751405/2a70c85d621c6eb57fdf745de7f47c51_5921060661792400362.png,EP短片壁纸合集,雨果EP壁纸,1085,1095,4(2360x1080),4(2360x1080).png,壁纸合集\EP短片壁纸合集\雨果EP壁纸\4(2360x1080).png,https://act-upload.mihoyo.com/nap-obc-indep/2025/06/05/73751405/2a70c85d621c6eb57fdf745de7f47c51_5921060661792400362.png,,,
wallpapers,wallpapers|1085|1095|4(3840x2160)|https://act-upload.mihoyo.com/nap-obc-indep/2025/06/05/73751405/44d28bcb5ec41df9e98c2828b547a34a_5821968340039179581.png,EP短片壁纸合集,雨果EP壁纸,1085,1095,4(3840x2160),4(3840x2160).png,壁纸合集\EP短片壁纸合集\雨果EP壁纸\4(3840x2160).png,https://act-upload.mihoyo.com/nap-obc-indep/2025/06/05/73751405/44d28bcb5ec41df9e98c2828b547a34a_5821968340039179581.png,,,
wallpapers,wallpapers|1085|1095|5(2360x1080)|https://act-upload.mihoyo.com/nap-obc-indep/2025/06/05/73751405/e4ca599788356bdf9e5eb962b11202b4_3983419454610969323.png,EP短片壁纸合集,雨果EP壁纸,1085,1095,5(2360x1080),5(2360x1080).png,壁纸合集\EP短片壁纸合集\雨果EP壁纸\5(2360x1080).png,https://act-upload.mihoyo.com/nap-obc-indep/2025/06/05/73751405/e4ca599788356bdf9e5eb962b11202b4_3983419454610969323.png,,,
wallpapers,wallpapers|1085|1095|5(3840x2160)|https://act-upload.mihoyo.com/nap-obc-indep/2025/06/05/73751405/b50168108661be4f46cce25560bcc1f2_4492781455405067512.png,EP短片壁纸合集,雨果EP壁纸,1085,1095,5(3840x2160),5(3840x2160).png,壁纸合集\EP短片壁纸合集\雨果EP壁纸\5(3840x2160).png,https://act-upload.mihoyo.com/nap-obc-indep/2025/06/05/73751405/b50168108661be4f46cce25560bcc1f2_4492781455405067512.png,,,
wallpapers,wallpapers|1085|1095|6(2360x1080)|https://act-upload.mihoyo.com/nap-obc-indep/2025/06/05/73751405/5382b8b8b22f2fd96559648715e72194_3564863529234234767.png,EP短片壁纸合集,雨果EP壁纸,1085,1095,6(2360x1080),6(2360x1080).png,壁纸合集\EP短片壁纸合集\雨果EP壁纸\6(2360x1080).png,https://act-upload.mihoyo.com/nap-obc-indep/2025/06/05/73751405/5382b8b8b22f2fd96559648715e72194_3564863529234234767.png,,,
wallpapers,wallpapers|1085|1095|6(3840x2160)|https://act-upload.mihoyo.com/nap-obc-indep/2025/06/05/73751405/f844eaba6cd5a378c3c30b4b1e4e7cd7_7589145566385361726.png,EP短片壁纸合集,雨果EP壁纸,1085,1095,6(3840x2160),6(3840x2160).png,壁纸合集\EP短片壁纸合集\雨果EP壁纸\6(3840x2160).png,https://act-upload.mihoyo.com/nap-obc-indep/2025/06/05/73751405/f844eaba6cd5a378c3c30b4b1e4e7cd7_7589145566385361726.png,,,
wallpapers,wallpapers|1085|1095|7(2360x1080)|https://act-upload.mihoyo.com/nap-obc-indep/2025/06/05/73751405/7f261b080e12ecdde8c1c6aa99e41073_828667338056404228.png,EP短片壁纸合集,雨果EP壁纸,1085,1095,7(2360x1080),7(2360x1080).png,壁纸合集\EP短片壁纸合集\雨果EP壁纸\7(2360x1080).png,https://act-upload.mihoyo.com/nap-obc-indep/2025/06/05/73751405/7f261b080e12ecdde8c1c6aa99e41073_828667338056404228.png,,,
wallpapers,wallpapers|1085|1095|7(3840x2160)|https://act-upload.mihoyo.com/nap-obc-indep/2025/06/05/73751405/d49a6e841dd745d9f569df741e52b73a_7865957532582578239.png,EP短片壁纸合集,雨果EP壁纸,1085,1095,7(3840x2160),7(3840x2160).png,壁纸合集\EP短片壁纸合集\雨果EP壁纸\7(3840x2160).png,https://act-upload.mihoyo.com/nap-obc-indep/2025/06/05/73751405/d49a6e841dd745d9f569df741e52b73a_7865957532582578239.png,,,
wallpapers,wallpapers|1085|1095|8(2360x1080)|https://act-upload.mihoyo.com/nap-obc-indep/2025/06/05/73751405/c757ebd1a0767b9274207e75b1bbdee8_5831061323321321039.png,EP短片壁纸合集,雨果EP壁纸,1085,1095,8(2360x1080),8(2360x1080).png,壁纸合集\EP短片壁纸合集\雨果EP壁纸\8(2360x1080).png,https://act-upload.mihoyo.com/nap-obc-indep/2025/06/05/73751405/c757ebd1a0767b9274207e75b1bbdee8_5831061323321321039.png,,,
wallpapers,wallpapers|1085|1095|8(3840x2160)|https://act-upload.mihoyo.com/nap-obc-indep/2025/06/05/73751405/4869695a0b4a6dbf75a6f7a1e3e5612e_2041075422930003209.png,EP短片壁纸合集,雨果EP壁纸,1085,1095,8(3840x2160),8(3840x2160).png,壁纸合集\EP短片壁纸合集\雨果EP壁纸\8(3840x2160).png,https://act-upload.mihoyo.com/nap-obc-indep/2025/06/05/73751405/4869695a0b4a6dbf75a6f7a1e3e5612e_2041075422930003209.png,,,
wallpapers,wallpapers|1085|1095|9(2360x1080)|https://act-upload.mihoyo.com/nap-obc-indep/2025/06/05/73751405/3125141bc1832fe96cde420cf2bccd6f_6737312063644864939.png,EP短片壁纸合集,雨果EP壁纸,1085,1095,9(2360x1080),9(2360x1080).png,壁纸合集\EP短片壁纸合集\雨果EP壁纸\9(2360x1080).png,https://act-upload.mihoyo.com/nap-obc-indep/2025/06/05/73751405/3125141bc1832fe96cde420cf2bccd6f_6737312063644864939.png,,,
wallpapers,wallpapers|1085|1095|9(3840x2160)|https://act-upload.mihoyo.com/nap-obc-indep/2025/06/05/73751405/f364a54793d0e4181d89a8c440ed7003_3328170918357325830.png,EP短片壁纸合集,雨果EP壁纸,1085,1095,9(3840x2160),9(3840x2160).png,壁纸合集\EP短片壁纸合集\雨果EP壁纸\9(3840x2160).png,https://act-upload.mihoyo.com/nap-obc-indep/2025/06/05/73751405/f364a54793d0e4181d89a8c440ed7003_3328170918357325830.png,,,
wallpapers,wallpapers|1084|814|老朋友，新委托！|https://act-upload.mihoyo.com/nap-obc-indep/2026/04/20/73751405/e39c51c0a110e11db8db4fc51697f4ec_4772911379721097124.jpg,影像档案壁纸合集,影像档案,1084,814,老朋友，新委托！,老朋友，新委托！.jpg,壁纸合集\影像档案壁纸合集\影像档案\老朋友，新委托！.jpg,https://act-upload.mihoyo.com/nap-obc-indep/2026/04/20/73751405/e39c51c0a110e11db8db4fc51697f4ec_4772911379721097124.jpg,,,
wallpapers,wallpapers|1084|814|出击！差评大作战|https://act-upload.mihoyo.com/nap-obc-indep/2026/04/20/73751405/ba1c2167f751ee39ea4dfdd1c5d95e8e_6371595169862632025.jpg,影像档案壁纸合集,影像档案,1084,814,出击！差评大作战,出击！差评大作战.jpg,壁纸合集\影像档案壁纸合集\影像档案\出击！差评大作战.jpg,https://act-upload.mihoyo.com/nap-obc-indep/2026/04/20/73751405/ba1c2167f751ee39ea4dfdd1c5d95e8e_6371595169862632025.jpg,,,
wallpapers,wallpapers|1084|814|灾潮特遣分队|https://act-upload.mihoyo.com/nap-obc-indep/2026/04/20/73751405/76986ca995abf499238fbd485a01eab0_6034032803218883820.jpg,影像档案壁纸合集,影像档案,1084,814,灾潮特遣分队,灾潮特遣分队.jpg,壁纸合集\影像档案壁纸合集\影像档案\灾潮特遣分队.jpg,https://act-upload.mihoyo.com/nap-obc-indep/2026/04/20/73751405/76986ca995abf499238fbd485a01eab0_6034032803218883820.jpg,,,
wallpapers,wallpapers|1084|814|滚烫寻鲜记|https://act-upload.mihoyo.com/nap-obc-indep/2026/04/20/73751405/5c3512472ef806a3e8ef214ac8d5eeed_7674089889800860841.jpg,影像档案壁纸合集,影像档案,1084,814,滚烫寻鲜记,滚烫寻鲜记.jpg,壁纸合集\影像档案壁纸合集\影像档案\滚烫寻鲜记.jpg,https://act-upload.mihoyo.com/nap-obc-indep/2026/04/20/73751405/5c3512472ef806a3e8ef214ac8d5eeed_7674089889800860841.jpg,,,
wallpapers,wallpapers|1084|814|新·艾利都日落时 上|https://act-upload.mihoyo.com/nap-obc-indep/2026/04/20/73751405/df26a6140e397e315b7b34cfd0c047e4_870085849656259616.jpg,影像档案壁纸合集,影像档案,1084,814,新·艾利都日落时 上,新·艾利都日落时 上.jpg,壁纸合集\影像档案壁纸合集\影像档案\新·艾利都日落时 上.jpg,https://act-upload.mihoyo.com/nap-obc-indep/2026/04/20/73751405/df26a6140e397e315b7b34cfd0c047e4_870085849656259616.jpg,,,
wallpapers,wallpapers|1084|814|「福」至沓来|https://act-upload.mihoyo.com/nap-obc-indep/2026/03/13/73751405/13865fa31fb4360643f46701d3a5fe21_6742219213541180533.jpg,影像档案壁纸合集,影像档案,1084,814,「福」至沓来,「福」至沓来.jpg,壁纸合集\影像档案壁纸合集\影像档案\「福」至沓来.jpg,https://act-upload.mihoyo.com/nap-obc-indep/2026/03/13/73751405/13865fa31fb4360643f46701d3a5fe21_6742219213541180533.jpg,,,
wallpapers,wallpapers|1084|814|临界推演：千面终局|https://act-upload.mihoyo.com/nap-obc-indep/2026/03/13/73751405/c16c1938a169414858562a89d35b0024_946519114352607969.jpg,影像档案壁纸合集,影像档案,1084,814,临界推演：千面终局,临界推演：千面终局.jpg,壁纸合集\影像档案壁纸合集\影像档案\临界推演：千面终局.jpg,https://act-upload.mihoyo.com/nap-obc-indep/2026/03/13/73751405/c16c1938a169414858562a89d35b0024_946519114352607969.jpg,,,
wallpapers,wallpapers|1084|814|引力映叙时光|https://act-upload.mihoyo.com/nap-obc-indep/2026/03/13/73751405/35ca55eab84c968abad1e082abf7c22d_7242853262150145042.jpg,影像档案壁纸合集,影像档案,1084,814,引力映叙时光,引力映叙时光.jpg,壁纸合集\影像档案壁纸合集\影像档案\引力映叙时光.jpg,https://act-upload.mihoyo.com/nap-obc-indep/2026/03/13/73751405/35ca55eab84c968abad1e082abf7c22d_7242853262150145042.jpg,,,
wallpapers,wallpapers|1084|814|妄想协鸣于此刻|https://act-upload.mihoyo.com/nap-obc-indep/2026/03/13/73751405/ab0d422ac9057b69239bdc0eecbfcee9_78748982159431249.jpg,影像档案壁纸合集,影像档案,1084,814,妄想协鸣于此刻,妄想协鸣于此刻.jpg,壁纸合集\影像档案壁纸合集\影像档案\妄想协鸣于此刻.jpg,https://act-upload.mihoyo.com/nap-obc-indep/2026/03/13/73751405/ab0d422ac9057b69239bdc0eecbfcee9_78748982159431249.jpg,,,
wallpapers,wallpapers|1084|814|「妄想」特典|https://act-upload.mihoyo.com/nap-obc-indep/2026/03/13/73751405/857daa1d7393a32304efa2a77de0a68d_3740859871904248549.jpg,影像档案壁纸合集,影像档案,1084,814,「妄想」特典,「妄想」特典.jpg,壁纸合集\影像档案壁纸合集\影像档案\「妄想」特典.jpg,https://act-upload.mihoyo.com/nap-obc-indep/2026/03/13/73751405/857daa1d7393a32304efa2a77de0a68d_3740859871904248549.jpg,,,
wallpapers,wallpapers|1084|814|旧梦的安可曲|https://act-upload.mihoyo.com/nap-obc-indep/2026/03/13/73751405/01cab1c8210e25c5c01b807fedf02e9e_177995639296893782.jpg,影像档案壁纸合集,影像档案,1084,814,旧梦的安可曲,旧梦的安可曲.jpg,壁纸合集\影像档案壁纸合集\影像档案\旧梦的安可曲.jpg,https://act-upload.mihoyo.com/nap-obc-indep/2026/03/13/73751405/01cab1c8210e25c5c01b807fedf02e9e_177995639296893782.jpg,,,
wallpapers,wallpapers|1084|814|虚狩加冕之时|https://act-upload.mihoyo.com/nap-obc-indep/2026/01/09/73751405/bbcf75db914068678a3493cdd9456dc7_6759817806512391520.jpg,影像档案壁纸合集,影像档案,1084,814,虚狩加冕之时,虚狩加冕之时.jpg,壁纸合集\影像档案壁纸合集\影像档案\虚狩加冕之时.jpg,https://act-upload.mihoyo.com/nap-obc-indep/2026/01/09/73751405/bbcf75db914068678a3493cdd9456dc7_6759817806512391520.jpg,,,
wallpapers,wallpapers|1084|814|连携调查：神之迷宫|https://act-upload.mihoyo.com/nap-obc-indep/2026/01/09/73751405/a0cb918e9a03721670819c95167e560e_5342124555151423938.jpg,影像档案壁纸合集,影像档案,1084,814,连携调查：神之迷宫,连携调查：神之迷宫.jpg,壁纸合集\影像档案壁纸合集\影像档案\连携调查：神之迷宫.jpg,https://act-upload.mihoyo.com/nap-obc-indep/2026/01/09/73751405/a0cb918e9a03721670819c95167e560e_5342124555151423938.jpg,,,
wallpapers,wallpapers|1084|814|集结委托回归丽都2.5|https://act-upload.mihoyo.com/nap-obc-indep/2026/01/09/73751405/55edb54ae11efe239d2a8680640b8dbe_1962021005964036689.jpg,影像档案壁纸合集,影像档案,1084,814,集结委托回归丽都2.5,集结委托回归丽都2.5.jpg,壁纸合集\影像档案壁纸合集\影像档案\集结委托回归丽都2.5.jpg,https://act-upload.mihoyo.com/nap-obc-indep/2026/01/09/73751405/55edb54ae11efe239d2a8680640b8dbe_1962021005964036689.jpg,,,
wallpapers,wallpapers|1084|814|心愿代投站|https://act-upload.mihoyo.com/nap-obc-indep/2026/01/09/73751405/980eed21f308ce257e78091192924a7d_3323037831940067672.jpg,影像档案壁纸合集,影像档案,1084,814,心愿代投站,心愿代投站.jpg,壁纸合集\影像档案壁纸合集\影像档案\心愿代投站.jpg,https://act-upload.mihoyo.com/nap-obc-indep/2026/01/09/73751405/980eed21f308ce257e78091192924a7d_3323037831940067672.jpg,,,
wallpapers,wallpapers|1084|814|天使与缪斯妄想|https://act-upload.mihoyo.com/nap-obc-indep/2026/01/09/73751405/fe30552a42cd11f2f32426ff26ec0696_6035057954606401672.jpg,影像档案壁纸合集,影像档案,1084,814,天使与缪斯妄想,天使与缪斯妄想.jpg,壁纸合集\影像档案壁纸合集\影像档案\天使与缪斯妄想.jpg,https://act-upload.mihoyo.com/nap-obc-indep/2026/01/09/73751405/fe30552a42cd11f2f32426ff26ec0696_6035057954606401672.jpg,,,
wallpapers,wallpapers|1084|814|潜影暗流交锋|https://act-upload.mihoyo.com/nap-obc-indep/2026/01/09/73751405/be89464527bafce2855e881a58043299_4819639598307129139.jpg,影像档案壁纸合集,影像档案,1084,814,潜影暗流交锋,潜影暗流交锋.jpg,壁纸合集\影像档案壁纸合集\影像档案\潜影暗流交锋.jpg,https://act-upload.mihoyo.com/nap-obc-indep/2026/01/09/73751405/be89464527bafce2855e881a58043299_4819639598307129139.jpg,,,
wallpapers,wallpapers|1084|814|空明寻剑录|https://act-upload.mihoyo.com/nap-obc-indep/2026/01/09/73751405/dd850652ffe752a537058ed5e23c6b8d_194361984816138873.jpg,影像档案壁纸合集,影像档案,1084,814,空明寻剑录,空明寻剑录.jpg,壁纸合集\影像档案壁纸合集\影像档案\空明寻剑录.jpg,https://act-upload.mihoyo.com/nap-obc-indep/2026/01/09/73751405/dd850652ffe752a537058ed5e23c6b8d_194361984816138873.jpg,,,
wallpapers,wallpapers|1084|814|微光引灯时|https://act-upload.mihoyo.com/nap-obc-indep/2026/01/09/73751405/3cc799102cd8f5662d6da0d40378c103_8644162858928082568.jpg,影像档案壁纸合集,影像档案,1084,814,微光引灯时,微光引灯时.jpg,壁纸合集\影像档案壁纸合集\影像档案\微光引灯时.jpg,https://act-upload.mihoyo.com/nap-obc-indep/2026/01/09/73751405/3cc799102cd8f5662d6da0d40378c103_8644162858928082568.jpg,,,
wallpapers,wallpapers|1084|814|流光札记|https://act-upload.mihoyo.com/nap-obc-indep/2026/01/05/73751405/b129b95111881c7c68950399d7710577_7607241114979913653.jpg,影像档案壁纸合集,影像档案,1084,814,流光札记,流光札记.jpg,壁纸合集\影像档案壁纸合集\影像档案\流光札记.jpg,https://act-upload.mihoyo.com/nap-obc-indep/2026/01/05/73751405/b129b95111881c7c68950399d7710577_7607241114979913653.jpg,,,
wallpapers,wallpapers|1084|814|兔子小姐百分百|https://act-upload.mihoyo.com/nap-obc-indep/2026/01/05/73751405/9aa02c3bba8dd26e4ef27e431c422497_2005928270316130883.jpg,影像档案壁纸合集,影像档案,1084,814,兔子小姐百分百,兔子小姐百分百.jpg,壁纸合集\影像档案壁纸合集\影像档案\兔子小姐百分百.jpg,https://act-upload.mihoyo.com/nap-obc-indep/2026/01/05/73751405/9aa02c3bba8dd26e4ef27e431c422497_2005928270316130883.jpg,,,
wallpapers,wallpapers|1084|814|将临未抵的深渊2|https://act-upload.mihoyo.com/nap-obc-indep/2026/01/05/73751405/81ebeacee834aff09e69055e678ed5a2_883908986439910290.jpg,影像档案壁纸合集,影像档案,1084,814,将临未抵的深渊2,将临未抵的深渊2.jpg,壁纸合集\影像档案壁纸合集\影像档案\将临未抵的深渊2.jpg,https://act-upload.mihoyo.com/nap-obc-indep/2026/01/05/73751405/81ebeacee834aff09e69055e678ed5a2_883908986439910290.jpg,,,
wallpapers,wallpapers|1084|814|将临未抵的深渊1|https://act-upload.mihoyo.com/nap-obc-indep/2025/11/20/73751405/3e530c0ac1feed826a2a77302bbba36f_1411725532386137109.png,影像档案壁纸合集,影像档案,1084,814,将临未抵的深渊1,将临未抵的深渊1.png,壁纸合集\影像档案壁纸合集\影像档案\将临未抵的深渊1.png,https://act-upload.mihoyo.com/nap-obc-indep/2025/11/20/73751405/3e530c0ac1feed826a2a77302bbba36f_1411725532386137109.png,,,
wallpapers,wallpapers|1084|814|解忧轶事录|https://act-upload.mihoyo.com/nap-obc-indep/2025/11/12/73751405/b0a96ffe746f96035306c535e616538c_2421156445982438221.jpg,影像档案壁纸合集,影像档案,1084,814,解忧轶事录,解忧轶事录.jpg,壁纸合集\影像档案壁纸合集\影像档案\解忧轶事录.jpg,https://act-upload.mihoyo.com/nap-obc-indep/2025/11/12/73751405/b0a96ffe746f96035306c535e616538c_2421156445982438221.jpg,,,
wallpapers,wallpapers|1084|814|残梦未尽之时Ⅱ|https://act-upload.mihoyo.com/nap-obc-indep/2025/11/12/73751405/2b9e17a7fbe2bc10cdd36ddbefb7bdaf_6282313519999292514.jpg,影像档案壁纸合集,影像档案,1084,814,残梦未尽之时Ⅱ,残梦未尽之时Ⅱ.jpg,壁纸合集\影像档案壁纸合集\影像档案\残梦未尽之时Ⅱ.jpg,https://act-upload.mihoyo.com/nap-obc-indep/2025/11/12/73751405/2b9e17a7fbe2bc10cdd36ddbefb7bdaf_6282313519999292514.jpg,,,
wallpapers,wallpapers|1084|814|残梦未尽之时Ⅰ|https://act-upload.mihoyo.com/nap-obc-indep/2025/11/12/73751405/233c4d2defd510edf3cd71fa5af7c4a8_2707473942403418901.jpg,影像档案壁纸合集,影像档案,1084,814,残梦未尽之时Ⅰ,残梦未尽之时Ⅰ.jpg,壁纸合集\影像档案壁纸合集\影像档案\残梦未尽之时Ⅰ.jpg,https://act-upload.mihoyo.com/nap-obc-indep/2025/11/12/73751405/233c4d2defd510edf3cd71fa5af7c4a8_2707473942403418901.jpg,,,
wallpapers,wallpapers|1084|814|失梦者奇谭|https://act-upload.mihoyo.com/nap-obc-indep/2025/11/12/73751405/9ffe1bd6f5f7a4296231d7a35066fa8e_7189852143185986773.jpg,影像档案壁纸合集,影像档案,1084,814,失梦者奇谭,失梦者奇谭.jpg,壁纸合集\影像档案壁纸合集\影像档案\失梦者奇谭.jpg,https://act-upload.mihoyo.com/nap-obc-indep/2025/11/12/73751405/9ffe1bd6f5f7a4296231d7a35066fa8e_7189852143185986773.jpg,,,
wallpapers,wallpapers|1084|814|可曾记得梦|https://act-upload.mihoyo.com/nap-obc-indep/2025/10/15/73751405/6958490f86e9dce9c8a7e72f3f66d194_7377088118482215093.png,影像档案壁纸合集,影像档案,1084,814,可曾记得梦,可曾记得梦.png,壁纸合集\影像档案壁纸合集\影像档案\可曾记得梦.png,https://act-upload.mihoyo.com/nap-obc-indep/2025/10/15/73751405/6958490f86e9dce9c8a7e72f3f66d194_7377088118482215093.png,,,
wallpapers,wallpapers|1084|814|不要温和地走入那良夜|https://act-upload.mihoyo.com/nap-obc-indep/2025/09/28/73751405/e82d3168fde354c21776e127fb60f799_1931501264886487016.jpg,影像档案壁纸合集,影像档案,1084,814,不要温和地走入那良夜,不要温和地走入那良夜.jpg,壁纸合集\影像档案壁纸合集\影像档案\不要温和地走入那良夜.jpg,https://act-upload.mihoyo.com/nap-obc-indep/2025/09/28/73751405/e82d3168fde354c21776e127fb60f799_1931501264886487016.jpg,,,
wallpapers,wallpapers|1084|814|奇花异旅|https://act-upload.mihoyo.com/nap-obc-indep/2025/09/08/73751405/b10c1e289a6283a4e36c2a15c860a625_128235214657349152.png,影像档案壁纸合集,影像档案,1084,814,奇花异旅,奇花异旅.png,壁纸合集\影像档案壁纸合集\影像档案\奇花异旅.png,https://act-upload.mihoyo.com/nap-obc-indep/2025/09/08/73751405/b10c1e289a6283a4e36c2a15c860a625_128235214657349152.png,,,
wallpapers,wallpapers|1084|814|迟吟的浪涌|https://act-upload.mihoyo.com/nap-obc-indep/2025/07/18/73751405/128dfa5c8b1b87c114220c71850895ec_8062900359712158275.jpg,影像档案壁纸合集,影像档案,1084,814,迟吟的浪涌,迟吟的浪涌.jpg,壁纸合集\影像档案壁纸合集\影像档案\迟吟的浪涌.jpg,https://act-upload.mihoyo.com/nap-obc-indep/2025/07/18/73751405/128dfa5c8b1b87c114220c71850895ec_8062900359712158275.jpg,,,
wallpapers,wallpapers|1084|814|仲夏游梦绮谭|https://act-upload.mihoyo.com/nap-obc-indep/2025/07/18/73751405/d4437ddbea692fd84804e612ea903e60_3431417073152765908.jpg,影像档案壁纸合集,影像档案,1084,814,仲夏游梦绮谭,仲夏游梦绮谭.jpg,壁纸合集\影像档案壁纸合集\影像档案\仲夏游梦绮谭.jpg,https://act-upload.mihoyo.com/nap-obc-indep/2025/07/18/73751405/d4437ddbea692fd84804e612ea903e60_3431417073152765908.jpg,,,
wallpapers,wallpapers|1084|814|虎啸有风生|https://act-upload.mihoyo.com/nap-obc-indep/2025/07/04/73751405/37746f9d8de093b229189b251f97e341_3477645101573184721.jpg,影像档案壁纸合集,影像档案,1084,814,虎啸有风生,虎啸有风生.jpg,壁纸合集\影像档案壁纸合集\影像档案\虎啸有风生.jpg,https://act-upload.mihoyo.com/nap-obc-indep/2025/07/04/73751405/37746f9d8de093b229189b251f97e341_3477645101573184721.jpg,,,
wallpapers,wallpapers|1084|814|云霞同归处|https://act-upload.mihoyo.com/nap-obc-indep/2025/07/04/73751405/dac3e819caf76e9b3ebdaca338f3ada0_7028718373786210757.jpg,影像档案壁纸合集,影像档案,1084,814,云霞同归处,云霞同归处.jpg,壁纸合集\影像档案壁纸合集\影像档案\云霞同归处.jpg,https://act-upload.mihoyo.com/nap-obc-indep/2025/07/04/73751405/dac3e819caf76e9b3ebdaca338f3ada0_7028718373786210757.jpg,,,
wallpapers,wallpapers|1084|814|将眼泪与过往一同埋葬（下）|https://act-upload.mihoyo.com/nap-obc-indep/2025/06/05/73751405/130c86259a95ee4fc1b208b83fd64c10_5398083172991044404.png,影像档案壁纸合集,影像档案,1084,814,将眼泪与过往一同埋葬（下）,将眼泪与过往一同埋葬（下）.png,壁纸合集\影像档案壁纸合集\影像档案\将眼泪与过往一同埋葬（下）.png,https://act-upload.mihoyo.com/nap-obc-indep/2025/06/05/73751405/130c86259a95ee4fc1b208b83fd64c10_5398083172991044404.png,,,
wallpapers,wallpapers|1084|814|将眼泪与过往一同埋葬（上）|https://act-upload.mihoyo.com/nap-obc-indep/2025/06/05/73751405/198f601131f29b9592c35154dd4b36dd_6725792267001003485.png,影像档案壁纸合集,影像档案,1084,814,将眼泪与过往一同埋葬（上）,将眼泪与过往一同埋葬（上）.png,壁纸合集\影像档案壁纸合集\影像档案\将眼泪与过往一同埋葬（上）.png,https://act-upload.mihoyo.com/nap-obc-indep/2025/06/05/73751405/198f601131f29b9592c35154dd4b36dd_6725792267001003485.png,,,
wallpapers,wallpapers|1084|814|目不可及|https://act-upload.mihoyo.com/nap-obc-indep/2025/05/12/73751405/121f0bb4ee5fe70d49a26e8332c08835_2785425891391714500.jpg,影像档案壁纸合集,影像档案,1084,814,目不可及,目不可及.jpg,壁纸合集\影像档案壁纸合集\影像档案\目不可及.jpg,https://act-upload.mihoyo.com/nap-obc-indep/2025/05/12/73751405/121f0bb4ee5fe70d49a26e8332c08835_2785425891391714500.jpg,,,
wallpapers,wallpapers|1084|814|白银的复苏|https://act-upload.mihoyo.com/nap-obc-indep/2025/05/12/73751405/b70449eb0d7d5455e6e26ed76930d77e_484093579442165085.jpg,影像档案壁纸合集,影像档案,1084,814,白银的复苏,白银的复苏.jpg,壁纸合集\影像档案壁纸合集\影像档案\白银的复苏.jpg,https://act-upload.mihoyo.com/nap-obc-indep/2025/05/12/73751405/b70449eb0d7d5455e6e26ed76930d77e_484093579442165085.jpg,,,
wallpapers,wallpapers|1084|814|我是艾莲，在忙，有事留言|https://act-upload.mihoyo.com/nap-obc-indep/2025/03/09/73751405/2c720691edadc770e7489a77ed11c48f_301183886354492176.png,影像档案壁纸合集,影像档案,1084,814,我是艾莲，在忙，有事留言,我是艾莲，在忙，有事留言.png,壁纸合集\影像档案壁纸合集\影像档案\我是艾莲，在忙，有事留言.png,https://act-upload.mihoyo.com/nap-obc-indep/2025/03/09/73751405/2c720691edadc770e7489a77ed11c48f_301183886354492176.png,,,
wallpapers,wallpapers|1084|814|闪耀的此刻|https://act-upload.mihoyo.com/nap-obc-indep/2025/03/09/73751405/25488d0905085e5c5de301ede67484b9_7495756271859728553.png,影像档案壁纸合集,影像档案,1084,814,闪耀的此刻,闪耀的此刻.png,壁纸合集\影像档案壁纸合集\影像档案\闪耀的此刻.png,https://act-upload.mihoyo.com/nap-obc-indep/2025/03/09/73751405/25488d0905085e5c5de301ede67484b9_7495756271859728553.png,,,
wallpapers,wallpapers|1084|814|轻羽逐风|https://act-upload.mihoyo.com/nap-obc-indep/2025/01/26/73751405/92f0507bcb319a95112b008fe39774e7_6248837513685387949.png,影像档案壁纸合集,影像档案,1084,814,轻羽逐风,轻羽逐风.png,壁纸合集\影像档案壁纸合集\影像档案\轻羽逐风.png,https://act-upload.mihoyo.com/nap-obc-indep/2025/01/26/73751405/92f0507bcb319a95112b008fe39774e7_6248837513685387949.png,,,
wallpapers,wallpapers|1084|814|星流霆击|https://act-upload.mihoyo.com/nap-obc-indep/2025/01/26/73751405/5c0360e4c997af787ef62f1b43b67984_7591084268280819582.png,影像档案壁纸合集,影像档案,1084,814,星流霆击,星流霆击.png,壁纸合集\影像档案壁纸合集\影像档案\星流霆击.png,https://act-upload.mihoyo.com/nap-obc-indep/2025/01/26/73751405/5c0360e4c997af787ef62f1b43b67984_7591084268280819582.png,,,
wallpapers,wallpapers|1084|814|无人喝彩之冠|https://act-upload.mihoyo.com/nap-obc-indep/2025/01/03/73751405/593e22416ae3607f8938d7ff1ed673a3_8193767712774013822.png,影像档案壁纸合集,影像档案,1084,814,无人喝彩之冠,无人喝彩之冠.png,壁纸合集\影像档案壁纸合集\影像档案\无人喝彩之冠.png,https://act-upload.mihoyo.com/nap-obc-indep/2025/01/03/73751405/593e22416ae3607f8938d7ff1ed673a3_8193767712774013822.png,,,
wallpapers,wallpapers|1084|814|虚拟杀机|https://act-upload.mihoyo.com/nap-obc-indep/2025/01/03/73751405/8b5fd3c156cb63dfde82e81084d63220_1420430717021823248.png,影像档案壁纸合集,影像档案,1084,814,虚拟杀机,虚拟杀机.png,壁纸合集\影像档案壁纸合集\影像档案\虚拟杀机.png,https://act-upload.mihoyo.com/nap-obc-indep/2025/01/03/73751405/8b5fd3c156cb63dfde82e81084d63220_1420430717021823248.png,,,
wallpapers,wallpapers|1084|814|幸运当头|https://act-upload.mihoyo.com/nap-obc-indep/2025/01/03/73751405/39a75a4ecfb8876cd7c0b8ed84e5ec5d_186156884427269185.png,影像档案壁纸合集,影像档案,1084,814,幸运当头,幸运当头.png,壁纸合集\影像档案壁纸合集\影像档案\幸运当头.png,https://act-upload.mihoyo.com/nap-obc-indep/2025/01/03/73751405/39a75a4ecfb8876cd7c0b8ed84e5ec5d_186156884427269185.png,,,
wallpapers,wallpapers|1084|814|火狱骑行|https://act-upload.mihoyo.com/nap-obc-indep/2025/01/03/73751405/8f043776934b1cf37265404ccbd9e3ea_3533899153843088006.png,影像档案壁纸合集,影像档案,1084,814,火狱骑行,火狱骑行.png,壁纸合集\影像档案壁纸合集\影像档案\火狱骑行.png,https://act-upload.mihoyo.com/nap-obc-indep/2025/01/03/73751405/8f043776934b1cf37265404ccbd9e3ea_3533899153843088006.png,,,
wallpapers,wallpapers|1084|814|卧底蓝调|https://act-upload.mihoyo.com/nap-obc-indep/2025/01/03/73751405/3375c3beb8c6f2d9514581b6d3a39ff9_6775909772664839685.png,影像档案壁纸合集,影像档案,1084,814,卧底蓝调,卧底蓝调.png,壁纸合集\影像档案壁纸合集\影像档案\卧底蓝调.png,https://act-upload.mihoyo.com/nap-obc-indep/2025/01/03/73751405/3375c3beb8c6f2d9514581b6d3a39ff9_6775909772664839685.png,,,
wallpapers,wallpapers|1084|814|失踪邦口|https://act-upload.mihoyo.com/nap-obc-indep/2025/01/03/73751405/ade52f7d10d890507fea8eccfd166ef8_5697292888563153293.png,影像档案壁纸合集,影像档案,1084,814,失踪邦口,失踪邦口.png,壁纸合集\影像档案壁纸合集\影像档案\失踪邦口.png,https://act-upload.mihoyo.com/nap-obc-indep/2025/01/03/73751405/ade52f7d10d890507fea8eccfd166ef8_5697292888563153293.png,,,
wallpapers,wallpapers|1084|1137|英雄不死于往昔|https://act-upload.mihoyo.com/nap-obc-indep/2026/04/10/73751405/0995d69641f3111010d2042faa4950aa_6891205373792803779.png,影像档案壁纸合集,版本前瞻&活动,1084,1137,英雄不死于往昔,英雄不死于往昔.png,壁纸合集\影像档案壁纸合集\版本前瞻&活动\英雄不死于往昔.png,https://act-upload.mihoyo.com/nap-obc-indep/2026/04/10/73751405/0995d69641f3111010d2042faa4950aa_6891205373792803779.png,,,
wallpapers,wallpapers|1084|1137|旧梦的安可曲|https://act-upload.mihoyo.com/nap-obc-indep/2026/03/08/73751405/8fbd6c286777ec4875a04bb12dbf3435_3775686229299337209.png,影像档案壁纸合集,版本前瞻&活动,1084,1137,旧梦的安可曲,旧梦的安可曲.png,壁纸合集\影像档案壁纸合集\版本前瞻&活动\旧梦的安可曲.png,https://act-upload.mihoyo.com/nap-obc-indep/2026/03/08/73751405/8fbd6c286777ec4875a04bb12dbf3435_3775686229299337209.png,,,
wallpapers,wallpapers|1084|1137|特别访客：照|https://act-upload.mihoyo.com/nap-obc-indep/2026/01/09/73751405/711e022824e5e5f9718c708c374a7f24_703571159196962579.jpg,影像档案壁纸合集,版本前瞻&活动,1084,1137,特别访客：照,特别访客：照.jpg,壁纸合集\影像档案壁纸合集\版本前瞻&活动\特别访客：照.jpg,https://act-upload.mihoyo.com/nap-obc-indep/2026/01/09/73751405/711e022824e5e5f9718c708c374a7f24_703571159196962579.jpg,,,
wallpapers,wallpapers|1084|1137|微光引灯时|https://act-upload.mihoyo.com/nap-obc-indep/2026/01/08/73751405/81f1dacbcb4b7ca9661736bf9346d241_8412677052970361013.png,影像档案壁纸合集,版本前瞻&活动,1084,1137,微光引灯时,微光引灯时.png,壁纸合集\影像档案壁纸合集\版本前瞻&活动\微光引灯时.png,https://act-upload.mihoyo.com/nap-obc-indep/2026/01/08/73751405/81f1dacbcb4b7ca9661736bf9346d241_8412677052970361013.png,,,
wallpapers,wallpapers|1084|1137|将临未抵的深渊|https://act-upload.mihoyo.com/nap-obc-indep/2025/12/05/73751405/622d8ef64ecddae56088021c804a994e_3958313221378489805.png,影像档案壁纸合集,版本前瞻&活动,1084,1137,将临未抵的深渊,将临未抵的深渊.png,壁纸合集\影像档案壁纸合集\版本前瞻&活动\将临未抵的深渊.png,https://act-upload.mihoyo.com/nap-obc-indep/2025/12/05/73751405/622d8ef64ecddae56088021c804a994e_3958313221378489805.png,,,
wallpapers,wallpapers|1084|1137|可曾记得梦|https://act-upload.mihoyo.com/nap-obc-indep/2025/10/20/73751405/e6c4e6f0b7018e1da724c7c74f2ef7b9_1331297612143665762.png,影像档案壁纸合集,版本前瞻&活动,1084,1137,可曾记得梦,可曾记得梦.png,壁纸合集\影像档案壁纸合集\版本前瞻&活动\可曾记得梦.png,https://act-upload.mihoyo.com/nap-obc-indep/2025/10/20/73751405/e6c4e6f0b7018e1da724c7c74f2ef7b9_1331297612143665762.png,,,
wallpapers,wallpapers|1084|1137|不要温和地走入那良夜|https://act-upload.mihoyo.com/nap-obc-indep/2025/09/08/73751405/f877187c6b78f5a46aacd7095ed68aca_2688808439164743661.png,影像档案壁纸合集,版本前瞻&活动,1084,1137,不要温和地走入那良夜,不要温和地走入那良夜.png,壁纸合集\影像档案壁纸合集\版本前瞻&活动\不要温和地走入那良夜.png,https://act-upload.mihoyo.com/nap-obc-indep/2025/09/08/73751405/f877187c6b78f5a46aacd7095ed68aca_2688808439164743661.png,,,
wallpapers,wallpapers|1084|1137|迟吟的浪涌|https://act-upload.mihoyo.com/nap-obc-indep/2025/07/18/73751405/c302696983af067cf6ac58c8f3e71945_5462534525090437437.jpg,影像档案壁纸合集,版本前瞻&活动,1084,1137,迟吟的浪涌,迟吟的浪涌.jpg,壁纸合集\影像档案壁纸合集\版本前瞻&活动\迟吟的浪涌.jpg,https://act-upload.mihoyo.com/nap-obc-indep/2025/07/18/73751405/c302696983af067cf6ac58c8f3e71945_5462534525090437437.jpg,,,
wallpapers,wallpapers|1084|1137|云霞同归处|https://act-upload.mihoyo.com/nap-obc-indep/2025/06/16/73751405/824d57f701504810d0dbf72ce64969da_190307496410556107.png,影像档案壁纸合集,版本前瞻&活动,1084,1137,云霞同归处,云霞同归处.png,壁纸合集\影像档案壁纸合集\版本前瞻&活动\云霞同归处.png,https://act-upload.mihoyo.com/nap-obc-indep/2025/06/16/73751405/824d57f701504810d0dbf72ce64969da_190307496410556107.png,,,
wallpapers,wallpapers|1084|1137|一周年纪念|https://act-upload.mihoyo.com/nap-obc-indep/2025/06/16/73751405/1ebec52d0c34481806611c2a7479fbbd_5323812921165606547.png,影像档案壁纸合集,版本前瞻&活动,1084,1137,一周年纪念,一周年纪念.png,壁纸合集\影像档案壁纸合集\版本前瞻&活动\一周年纪念.png,https://act-upload.mihoyo.com/nap-obc-indep/2025/06/16/73751405/1ebec52d0c34481806611c2a7479fbbd_5323812921165606547.png,,,
wallpapers,wallpapers|1084|1137|XBOX上线|https://act-upload.mihoyo.com/nap-obc-indep/2025/06/16/73751405/99ae1d3935707a0261a22e53fe3278c0_475600417416053879.jpg,影像档案壁纸合集,版本前瞻&活动,1084,1137,XBOX上线,XBOX上线.jpg,壁纸合集\影像档案壁纸合集\版本前瞻&活动\XBOX上线.jpg,https://act-upload.mihoyo.com/nap-obc-indep/2025/06/16/73751405/99ae1d3935707a0261a22e53fe3278c0_475600417416053879.jpg,,,
wallpapers,wallpapers|1084|1137|将眼泪与过往一同埋葬|https://act-upload.mihoyo.com/nap-obc-indep/2025/06/16/73751405/961b727f677935c64978fe4d87dfcb7f_8002584148885611925.jpg,影像档案壁纸合集,版本前瞻&活动,1084,1137,将眼泪与过往一同埋葬,将眼泪与过往一同埋葬.jpg,壁纸合集\影像档案壁纸合集\版本前瞻&活动\将眼泪与过往一同埋葬.jpg,https://act-upload.mihoyo.com/nap-obc-indep/2025/06/16/73751405/961b727f677935c64978fe4d87dfcb7f_8002584148885611925.jpg,,,
wallpapers,wallpapers|1084|1137|在被遗忘的废墟之上|https://act-upload.mihoyo.com/nap-obc-indep/2025/06/16/73751405/09477cae86a161334747751e18e6b8c4_2513350832374306134.jpg,影像档案壁纸合集,版本前瞻&活动,1084,1137,在被遗忘的废墟之上,在被遗忘的废墟之上.jpg,壁纸合集\影像档案壁纸合集\版本前瞻&活动\在被遗忘的废墟之上.jpg,https://act-upload.mihoyo.com/nap-obc-indep/2025/06/16/73751405/09477cae86a161334747751e18e6b8c4_2513350832374306134.jpg,,,
wallpapers,wallpapers|1084|1137|闪耀的此刻|https://act-upload.mihoyo.com/nap-obc-indep/2025/06/16/73751405/40c083ac61ebdc63c4f88bd1d0465edc_3519825947814465932.jpg,影像档案壁纸合集,版本前瞻&活动,1084,1137,闪耀的此刻,闪耀的此刻.jpg,壁纸合集\影像档案壁纸合集\版本前瞻&活动\闪耀的此刻.jpg,https://act-upload.mihoyo.com/nap-obc-indep/2025/06/16/73751405/40c083ac61ebdc63c4f88bd1d0465edc_3519825947814465932.jpg,,,
wallpapers,wallpapers|1084|1137|特别访客:悠真|https://act-upload.mihoyo.com/nap-obc-indep/2025/06/16/73751405/5a69fe0765647722a4c8fcc56ac06beb_4153445419030238323.png,影像档案壁纸合集,版本前瞻&活动,1084,1137,特别访客:悠真,特别访客-悠真.png,壁纸合集\影像档案壁纸合集\版本前瞻&活动\特别访客-悠真.png,https://act-upload.mihoyo.com/nap-obc-indep/2025/06/16/73751405/5a69fe0765647722a4c8fcc56ac06beb_4153445419030238323.png,,,
wallpapers,wallpapers|1084|1137|星流霆击|https://act-upload.mihoyo.com/nap-obc-indep/2025/06/16/73751405/ff0c3ba6567dd68c06d588c7c55bd2fd_1790126937622296157.jpg,影像档案壁纸合集,版本前瞻&活动,1084,1137,星流霆击,星流霆击.jpg,壁纸合集\影像档案壁纸合集\版本前瞻&活动\星流霆击.jpg,https://act-upload.mihoyo.com/nap-obc-indep/2025/06/16/73751405/ff0c3ba6567dd68c06d588c7c55bd2fd_1790126937622296157.jpg,,,
wallpapers,wallpapers|1084|1137|虚拟杀机|https://act-upload.mihoyo.com/nap-obc-indep/2025/06/16/73751405/672a3bc0f8846c7ddbe6a69ea17fbaca_5082244878360715589.jpg,影像档案壁纸合集,版本前瞻&活动,1084,1137,虚拟杀机,虚拟杀机.jpg,壁纸合集\影像档案壁纸合集\版本前瞻&活动\虚拟杀机.jpg,https://act-upload.mihoyo.com/nap-obc-indep/2025/06/16/73751405/672a3bc0f8846c7ddbe6a69ea17fbaca_5082244878360715589.jpg,,,
wallpapers,wallpapers|1084|1691|1|https://act-upload.mihoyo.com/nap-obc-indep/2026/04/20/73751405/ff2e2e3380dfe1950c554fd2bd5c45c5_8210767706521954338.jpg,影像档案壁纸合集,2.7剧情壁纸,1084,1691,1,1.jpg,壁纸合集\影像档案壁纸合集\2.7剧情壁纸\1.jpg,https://act-upload.mihoyo.com/nap-obc-indep/2026/04/20/73751405/ff2e2e3380dfe1950c554fd2bd5c45c5_8210767706521954338.jpg,,,
wallpapers,wallpapers|1084|1663|1|https://act-upload.mihoyo.com/nap-obc-indep/2026/03/13/73751405/34a3675a12f49141cfd867a653e8118b_4104553650968525208.jpg,影像档案壁纸合集,2.6剧情壁纸,1084,1663,1,1.jpg,壁纸合集\影像档案壁纸合集\2.6剧情壁纸\1.jpg,https://act-upload.mihoyo.com/nap-obc-indep/2026/03/13/73751405/34a3675a12f49141cfd867a653e8118b_4104553650968525208.jpg,,,
wallpapers,wallpapers|1084|1663|2|https://act-upload.mihoyo.com/nap-obc-indep/2026/03/13/73751405/4091203bb1c1d1751a2822f6c998563e_3840901431082019195.jpg,影像档案壁纸合集,2.6剧情壁纸,1084,1663,2,2.jpg,壁纸合集\影像档案壁纸合集\2.6剧情壁纸\2.jpg,https://act-upload.mihoyo.com/nap-obc-indep/2026/03/13/73751405/4091203bb1c1d1751a2822f6c998563e_3840901431082019195.jpg,,,
wallpapers,wallpapers|1084|1663|3|https://act-upload.mihoyo.com/nap-obc-indep/2026/03/13/73751405/49e3e659ce6810a499e0eb0075f4cf85_5406188350117615504.jpg,影像档案壁纸合集,2.6剧情壁纸,1084,1663,3,3.jpg,壁纸合集\影像档案壁纸合集\2.6剧情壁纸\3.jpg,https://act-upload.mihoyo.com/nap-obc-indep/2026/03/13/73751405/49e3e659ce6810a499e0eb0075f4cf85_5406188350117615504.jpg,,,
wallpapers,wallpapers|1084|1663|4|https://act-upload.mihoyo.com/nap-obc-indep/2026/03/13/73751405/2c302443971ce06958d3d906f8b4c8a6_1355043730123008506.jpg,影像档案壁纸合集,2.6剧情壁纸,1084,1663,4,4.jpg,壁纸合集\影像档案壁纸合集\2.6剧情壁纸\4.jpg,https://act-upload.mihoyo.com/nap-obc-indep/2026/03/13/73751405/2c302443971ce06958d3d906f8b4c8a6_1355043730123008506.jpg,,,
wallpapers,wallpapers|1084|1663|5|https://act-upload.mihoyo.com/nap-obc-indep/2026/03/13/73751405/4885cb999fc3e5874edfc3fce2f3b4e5_6324608467405354206.jpg,影像档案壁纸合集,2.6剧情壁纸,1084,1663,5,5.jpg,壁纸合集\影像档案壁纸合集\2.6剧情壁纸\5.jpg,https://act-upload.mihoyo.com/nap-obc-indep/2026/03/13/73751405/4885cb999fc3e5874edfc3fce2f3b4e5_6324608467405354206.jpg,,,
wallpapers,wallpapers|1084|1663|6|https://act-upload.mihoyo.com/nap-obc-indep/2026/03/13/73751405/36e7eccf8b47eb6d0af762dbb64cbc7f_7657414750193317622.jpg,影像档案壁纸合集,2.6剧情壁纸,1084,1663,6,6.jpg,壁纸合集\影像档案壁纸合集\2.6剧情壁纸\6.jpg,https://act-upload.mihoyo.com/nap-obc-indep/2026/03/13/73751405/36e7eccf8b47eb6d0af762dbb64cbc7f_7657414750193317622.jpg,,,
wallpapers,wallpapers|1084|1663|7|https://act-upload.mihoyo.com/nap-obc-indep/2026/03/13/73751405/6af7260b9d4e99d6cf931aad9ba78061_5036384120297847650.jpg,影像档案壁纸合集,2.6剧情壁纸,1084,1663,7,7.jpg,壁纸合集\影像档案壁纸合集\2.6剧情壁纸\7.jpg,https://act-upload.mihoyo.com/nap-obc-indep/2026/03/13/73751405/6af7260b9d4e99d6cf931aad9ba78061_5036384120297847650.jpg,,,
wallpapers,wallpapers|1084|1663|8|https://act-upload.mihoyo.com/nap-obc-indep/2026/03/13/73751405/ef19565045ba1ca7eafa611fbf2cc6a1_6441677788351684395.jpg,影像档案壁纸合集,2.6剧情壁纸,1084,1663,8,8.jpg,壁纸合集\影像档案壁纸合集\2.6剧情壁纸\8.jpg,https://act-upload.mihoyo.com/nap-obc-indep/2026/03/13/73751405/ef19565045ba1ca7eafa611fbf2cc6a1_6441677788351684395.jpg,,,
wallpapers,wallpapers|1084|1663|9|https://act-upload.mihoyo.com/nap-obc-indep/2026/03/13/73751405/cf662b84f63fd583efc19a371d3ee942_850601623523549687.jpg,影像档案壁纸合集,2.6剧情壁纸,1084,1663,9,9.jpg,壁纸合集\影像档案壁纸合集\2.6剧情壁纸\9.jpg,https://act-upload.mihoyo.com/nap-obc-indep/2026/03/13/73751405/cf662b84f63fd583efc19a371d3ee942_850601623523549687.jpg,,,
wallpapers,wallpapers|1084|1663|10|https://act-upload.mihoyo.com/nap-obc-indep/2026/03/13/73751405/42a0868e9c284bd57cd5c81b1ffa71d0_4202672920097993668.jpg,影像档案壁纸合集,2.6剧情壁纸,1084,1663,10,10.jpg,壁纸合集\影像档案壁纸合集\2.6剧情壁纸\10.jpg,https://act-upload.mihoyo.com/nap-obc-indep/2026/03/13/73751405/42a0868e9c284bd57cd5c81b1ffa71d0_4202672920097993668.jpg,,,
wallpapers,wallpapers|1084|1663|11|https://act-upload.mihoyo.com/nap-obc-indep/2026/03/13/73751405/f3879753fd63961131335f5e3dbfc585_3660634115930139498.jpg,影像档案壁纸合集,2.6剧情壁纸,1084,1663,11,11.jpg,壁纸合集\影像档案壁纸合集\2.6剧情壁纸\11.jpg,https://act-upload.mihoyo.com/nap-obc-indep/2026/03/13/73751405/f3879753fd63961131335f5e3dbfc585_3660634115930139498.jpg,,,
wallpapers,wallpapers|1084|1663|12|https://act-upload.mihoyo.com/nap-obc-indep/2026/03/13/73751405/260082434af08e03407ed7b71a25f593_8505920064913183152.jpg,影像档案壁纸合集,2.6剧情壁纸,1084,1663,12,12.jpg,壁纸合集\影像档案壁纸合集\2.6剧情壁纸\12.jpg,https://act-upload.mihoyo.com/nap-obc-indep/2026/03/13/73751405/260082434af08e03407ed7b71a25f593_8505920064913183152.jpg,,,
wallpapers,wallpapers|1084|1663|13|https://act-upload.mihoyo.com/nap-obc-indep/2026/03/13/73751405/91c83393344a27c8212cc1215cbfd09f_5486635537280414168.jpg,影像档案壁纸合集,2.6剧情壁纸,1084,1663,13,13.jpg,壁纸合集\影像档案壁纸合集\2.6剧情壁纸\13.jpg,https://act-upload.mihoyo.com/nap-obc-indep/2026/03/13/73751405/91c83393344a27c8212cc1215cbfd09f_5486635537280414168.jpg,,,
wallpapers,wallpapers|1084|1663|14|https://act-upload.mihoyo.com/nap-obc-indep/2026/04/21/76099754/ce8bb5e5a34af5ab543ec485f5d53263_6083534529740862647.png,影像档案壁纸合集,2.6剧情壁纸,1084,1663,14,14.png,壁纸合集\影像档案壁纸合集\2.6剧情壁纸\14.png,https://act-upload.mihoyo.com/nap-obc-indep/2026/04/21/76099754/ce8bb5e5a34af5ab543ec485f5d53263_6083534529740862647.png,,,
wallpapers,wallpapers|1084|1593|1|https://act-upload.mihoyo.com/nap-obc-indep/2026/01/09/73751405/9cba9c1858d68b06206a81241b93b7b4_1733797411729214634.jpg,影像档案壁纸合集,2.5剧情壁纸,1084,1593,1,1.jpg,壁纸合集\影像档案壁纸合集\2.5剧情壁纸\1.jpg,https://act-upload.mihoyo.com/nap-obc-indep/2026/01/09/73751405/9cba9c1858d68b06206a81241b93b7b4_1733797411729214634.jpg,,,
wallpapers,wallpapers|1084|1593|2|https://act-upload.mihoyo.com/nap-obc-indep/2026/01/09/73751405/e639c335bb45b46e4e20a92091bf29e7_5494562922769047933.jpg,影像档案壁纸合集,2.5剧情壁纸,1084,1593,2,2.jpg,壁纸合集\影像档案壁纸合集\2.5剧情壁纸\2.jpg,https://act-upload.mihoyo.com/nap-obc-indep/2026/01/09/73751405/e639c335bb45b46e4e20a92091bf29e7_5494562922769047933.jpg,,,
wallpapers,wallpapers|1084|1593|3|https://act-upload.mihoyo.com/nap-obc-indep/2026/01/09/73751405/413a3868feaaf531e100fa33d78917b4_958869385808758786.jpg,影像档案壁纸合集,2.5剧情壁纸,1084,1593,3,3.jpg,壁纸合集\影像档案壁纸合集\2.5剧情壁纸\3.jpg,https://act-upload.mihoyo.com/nap-obc-indep/2026/01/09/73751405/413a3868feaaf531e100fa33d78917b4_958869385808758786.jpg,,,
wallpapers,wallpapers|1084|1593|4|https://act-upload.mihoyo.com/nap-obc-indep/2026/01/09/73751405/735e68b0ef25909bf2e300995d3ff463_6605101420853093141.jpg,影像档案壁纸合集,2.5剧情壁纸,1084,1593,4,4.jpg,壁纸合集\影像档案壁纸合集\2.5剧情壁纸\4.jpg,https://act-upload.mihoyo.com/nap-obc-indep/2026/01/09/73751405/735e68b0ef25909bf2e300995d3ff463_6605101420853093141.jpg,,,
wallpapers,wallpapers|1084|1593|5|https://act-upload.mihoyo.com/nap-obc-indep/2026/01/09/73751405/b446a98d2c3ea7067740d415bcc974d4_2375516206694312012.jpg,影像档案壁纸合集,2.5剧情壁纸,1084,1593,5,5.jpg,壁纸合集\影像档案壁纸合集\2.5剧情壁纸\5.jpg,https://act-upload.mihoyo.com/nap-obc-indep/2026/01/09/73751405/b446a98d2c3ea7067740d415bcc974d4_2375516206694312012.jpg,,,
wallpapers,wallpapers|1084|1593|6|https://act-upload.mihoyo.com/nap-obc-indep/2026/01/09/73751405/97b4eae8b1cb1b70d054defbe1b63122_7510173301158228649.jpg,影像档案壁纸合集,2.5剧情壁纸,1084,1593,6,6.jpg,壁纸合集\影像档案壁纸合集\2.5剧情壁纸\6.jpg,https://act-upload.mihoyo.com/nap-obc-indep/2026/01/09/73751405/97b4eae8b1cb1b70d054defbe1b63122_7510173301158228649.jpg,,,
wallpapers,wallpapers|1084|1593|7|https://act-upload.mihoyo.com/nap-obc-indep/2026/01/09/73751405/7cd3ca8933514196dd73f59f14390b1a_1367191445723036784.jpg,影像档案壁纸合集,2.5剧情壁纸,1084,1593,7,7.jpg,壁纸合集\影像档案壁纸合集\2.5剧情壁纸\7.jpg,https://act-upload.mihoyo.com/nap-obc-indep/2026/01/09/73751405/7cd3ca8933514196dd73f59f14390b1a_1367191445723036784.jpg,,,
wallpapers,wallpapers|1084|1593|8|https://act-upload.mihoyo.com/nap-obc-indep/2026/01/09/73751405/eee1edf5c9d22e94452a052bafccce3f_3456908936145547979.jpg,影像档案壁纸合集,2.5剧情壁纸,1084,1593,8,8.jpg,壁纸合集\影像档案壁纸合集\2.5剧情壁纸\8.jpg,https://act-upload.mihoyo.com/nap-obc-indep/2026/01/09/73751405/eee1edf5c9d22e94452a052bafccce3f_3456908936145547979.jpg,,,
wallpapers,wallpapers|1084|1593|9|https://act-upload.mihoyo.com/nap-obc-indep/2026/01/09/73751405/0ef9361115ab3f370215874fe636cb1c_1021049845884338256.jpg,影像档案壁纸合集,2.5剧情壁纸,1084,1593,9,9.jpg,壁纸合集\影像档案壁纸合集\2.5剧情壁纸\9.jpg,https://act-upload.mihoyo.com/nap-obc-indep/2026/01/09/73751405/0ef9361115ab3f370215874fe636cb1c_1021049845884338256.jpg,,,
wallpapers,wallpapers|1084|1593|10|https://act-upload.mihoyo.com/nap-obc-indep/2026/01/09/73751405/a980016516724fe2569b9c7bc165a4a3_366199336499285470.jpg,影像档案壁纸合集,2.5剧情壁纸,1084,1593,10,10.jpg,壁纸合集\影像档案壁纸合集\2.5剧情壁纸\10.jpg,https://act-upload.mihoyo.com/nap-obc-indep/2026/01/09/73751405/a980016516724fe2569b9c7bc165a4a3_366199336499285470.jpg,,,
wallpapers,wallpapers|1084|1593|11|https://act-upload.mihoyo.com/nap-obc-indep/2026/01/09/73751405/c4af93f23cb5b13a6fa63efae108e122_6922346854823544751.jpg,影像档案壁纸合集,2.5剧情壁纸,1084,1593,11,11.jpg,壁纸合集\影像档案壁纸合集\2.5剧情壁纸\11.jpg,https://act-upload.mihoyo.com/nap-obc-indep/2026/01/09/73751405/c4af93f23cb5b13a6fa63efae108e122_6922346854823544751.jpg,,,
wallpapers,wallpapers|1084|1593|12|https://act-upload.mihoyo.com/nap-obc-indep/2026/01/09/73751405/7cb8328918bca188066e299e2bfe290e_3736966224635493717.jpg,影像档案壁纸合集,2.5剧情壁纸,1084,1593,12,12.jpg,壁纸合集\影像档案壁纸合集\2.5剧情壁纸\12.jpg,https://act-upload.mihoyo.com/nap-obc-indep/2026/01/09/73751405/7cb8328918bca188066e299e2bfe290e_3736966224635493717.jpg,,,
wallpapers,wallpapers|1084|1593|13|https://act-upload.mihoyo.com/nap-obc-indep/2026/01/09/73751405/8f8cc05af5a839ee95f7118deb21de03_1113965174748336941.jpg,影像档案壁纸合集,2.5剧情壁纸,1084,1593,13,13.jpg,壁纸合集\影像档案壁纸合集\2.5剧情壁纸\13.jpg,https://act-upload.mihoyo.com/nap-obc-indep/2026/01/09/73751405/8f8cc05af5a839ee95f7118deb21de03_1113965174748336941.jpg,,,
wallpapers,wallpapers|1084|1593|14|https://act-upload.mihoyo.com/nap-obc-indep/2026/01/09/73751405/044ba8834d6bbf5066199328ef2a9ef6_7836724293504921236.jpg,影像档案壁纸合集,2.5剧情壁纸,1084,1593,14,14.jpg,壁纸合集\影像档案壁纸合集\2.5剧情壁纸\14.jpg,https://act-upload.mihoyo.com/nap-obc-indep/2026/01/09/73751405/044ba8834d6bbf5066199328ef2a9ef6_7836724293504921236.jpg,,,
wallpapers,wallpapers|1084|1593|15|https://act-upload.mihoyo.com/nap-obc-indep/2026/01/09/73751405/0b5a514c60a8bb70c4aa3a03ba36697f_4129824485488905904.jpg,影像档案壁纸合集,2.5剧情壁纸,1084,1593,15,15.jpg,壁纸合集\影像档案壁纸合集\2.5剧情壁纸\15.jpg,https://act-upload.mihoyo.com/nap-obc-indep/2026/01/09/73751405/0b5a514c60a8bb70c4aa3a03ba36697f_4129824485488905904.jpg,,,
wallpapers,wallpapers|1084|1593|16|https://act-upload.mihoyo.com/nap-obc-indep/2026/01/09/73751405/0c00581b7f2687b3e4cc0ba0553319a8_496094385831066525.jpg,影像档案壁纸合集,2.5剧情壁纸,1084,1593,16,16.jpg,壁纸合集\影像档案壁纸合集\2.5剧情壁纸\16.jpg,https://act-upload.mihoyo.com/nap-obc-indep/2026/01/09/73751405/0c00581b7f2687b3e4cc0ba0553319a8_496094385831066525.jpg,,,
wallpapers,wallpapers|1084|1593|17|https://act-upload.mihoyo.com/nap-obc-indep/2026/01/09/73751405/a68342ca89481ccfb05f2c56a3873b98_7807707841364404588.jpg,影像档案壁纸合集,2.5剧情壁纸,1084,1593,17,17.jpg,壁纸合集\影像档案壁纸合集\2.5剧情壁纸\17.jpg,https://act-upload.mihoyo.com/nap-obc-indep/2026/01/09/73751405/a68342ca89481ccfb05f2c56a3873b98_7807707841364404588.jpg,,,
wallpapers,wallpapers|1084|1593|18|https://act-upload.mihoyo.com/nap-obc-indep/2026/01/09/73751405/00c7a73fc77529485d6e21096070aef0_8538934604112026092.jpg,影像档案壁纸合集,2.5剧情壁纸,1084,1593,18,18.jpg,壁纸合集\影像档案壁纸合集\2.5剧情壁纸\18.jpg,https://act-upload.mihoyo.com/nap-obc-indep/2026/01/09/73751405/00c7a73fc77529485d6e21096070aef0_8538934604112026092.jpg,,,
wallpapers,wallpapers|1084|1576|1|https://act-upload.mihoyo.com/nap-obc-indep/2026/01/05/73751405/f4236b5570936258b2b8c0c990348e10_7393481848852965392.jpg,影像档案壁纸合集,2.4剧情壁纸,1084,1576,1,1.jpg,壁纸合集\影像档案壁纸合集\2.4剧情壁纸\1.jpg,https://act-upload.mihoyo.com/nap-obc-indep/2026/01/05/73751405/f4236b5570936258b2b8c0c990348e10_7393481848852965392.jpg,,,
wallpapers,wallpapers|1084|1576|2|https://act-upload.mihoyo.com/nap-obc-indep/2026/01/05/73751405/f96469dc2960537160ce40ae85c1e26c_8831953252519541152.jpg,影像档案壁纸合集,2.4剧情壁纸,1084,1576,2,2.jpg,壁纸合集\影像档案壁纸合集\2.4剧情壁纸\2.jpg,https://act-upload.mihoyo.com/nap-obc-indep/2026/01/05/73751405/f96469dc2960537160ce40ae85c1e26c_8831953252519541152.jpg,,,
wallpapers,wallpapers|1084|1576|3|https://act-upload.mihoyo.com/nap-obc-indep/2026/01/05/73751405/cdfa250a0bc94fc5e6bac08f8320cf10_3084088951158387769.jpg,影像档案壁纸合集,2.4剧情壁纸,1084,1576,3,3.jpg,壁纸合集\影像档案壁纸合集\2.4剧情壁纸\3.jpg,https://act-upload.mihoyo.com/nap-obc-indep/2026/01/05/73751405/cdfa250a0bc94fc5e6bac08f8320cf10_3084088951158387769.jpg,,,
wallpapers,wallpapers|1084|1576|4|https://act-upload.mihoyo.com/nap-obc-indep/2026/01/05/73751405/2df1f26d2d49a67ebf48c41d24d585c4_2400249970677148211.jpg,影像档案壁纸合集,2.4剧情壁纸,1084,1576,4,4.jpg,壁纸合集\影像档案壁纸合集\2.4剧情壁纸\4.jpg,https://act-upload.mihoyo.com/nap-obc-indep/2026/01/05/73751405/2df1f26d2d49a67ebf48c41d24d585c4_2400249970677148211.jpg,,,
wallpapers,wallpapers|1084|1576|5|https://act-upload.mihoyo.com/nap-obc-indep/2026/01/05/73751405/e8e62e8a3eda1942745fe20fe906893a_5320816406291600183.jpg,影像档案壁纸合集,2.4剧情壁纸,1084,1576,5,5.jpg,壁纸合集\影像档案壁纸合集\2.4剧情壁纸\5.jpg,https://act-upload.mihoyo.com/nap-obc-indep/2026/01/05/73751405/e8e62e8a3eda1942745fe20fe906893a_5320816406291600183.jpg,,,
wallpapers,wallpapers|1084|1576|6|https://act-upload.mihoyo.com/nap-obc-indep/2026/01/05/73751405/c095d55d558d4d157ce4adc86cfe900a_3095961410017675851.jpg,影像档案壁纸合集,2.4剧情壁纸,1084,1576,6,6.jpg,壁纸合集\影像档案壁纸合集\2.4剧情壁纸\6.jpg,https://act-upload.mihoyo.com/nap-obc-indep/2026/01/05/73751405/c095d55d558d4d157ce4adc86cfe900a_3095961410017675851.jpg,,,
wallpapers,wallpapers|1084|1576|7|https://act-upload.mihoyo.com/nap-obc-indep/2026/01/05/73751405/e4d26740fa2721210b2cc41be65dec9e_8691009300362712429.jpg,影像档案壁纸合集,2.4剧情壁纸,1084,1576,7,7.jpg,壁纸合集\影像档案壁纸合集\2.4剧情壁纸\7.jpg,https://act-upload.mihoyo.com/nap-obc-indep/2026/01/05/73751405/e4d26740fa2721210b2cc41be65dec9e_8691009300362712429.jpg,,,
wallpapers,wallpapers|1084|1576|8|https://act-upload.mihoyo.com/nap-obc-indep/2026/01/05/73751405/88f05d8a5d5a490f2c75615e96b4e4de_5242472623103458175.jpg,影像档案壁纸合集,2.4剧情壁纸,1084,1576,8,8.jpg,壁纸合集\影像档案壁纸合集\2.4剧情壁纸\8.jpg,https://act-upload.mihoyo.com/nap-obc-indep/2026/01/05/73751405/88f05d8a5d5a490f2c75615e96b4e4de_5242472623103458175.jpg,,,
wallpapers,wallpapers|1084|1576|9|https://act-upload.mihoyo.com/nap-obc-indep/2026/01/05/73751405/c7097b6ff79e17041052ac0fec5c6671_2873909848571280769.jpg,影像档案壁纸合集,2.4剧情壁纸,1084,1576,9,9.jpg,壁纸合集\影像档案壁纸合集\2.4剧情壁纸\9.jpg,https://act-upload.mihoyo.com/nap-obc-indep/2026/01/05/73751405/c7097b6ff79e17041052ac0fec5c6671_2873909848571280769.jpg,,,
wallpapers,wallpapers|1084|1576|10|https://act-upload.mihoyo.com/nap-obc-indep/2026/01/05/73751405/33d32f76f87f9fc51a4c26f3d0e1958a_6197760638332969958.jpg,影像档案壁纸合集,2.4剧情壁纸,1084,1576,10,10.jpg,壁纸合集\影像档案壁纸合集\2.4剧情壁纸\10.jpg,https://act-upload.mihoyo.com/nap-obc-indep/2026/01/05/73751405/33d32f76f87f9fc51a4c26f3d0e1958a_6197760638332969958.jpg,,,
wallpapers,wallpapers|1084|1576|11|https://act-upload.mihoyo.com/nap-obc-indep/2026/01/05/73751405/3982b3dfd49e37d0fef871c220ad2b1a_5105183838352718287.jpg,影像档案壁纸合集,2.4剧情壁纸,1084,1576,11,11.jpg,壁纸合集\影像档案壁纸合集\2.4剧情壁纸\11.jpg,https://act-upload.mihoyo.com/nap-obc-indep/2026/01/05/73751405/3982b3dfd49e37d0fef871c220ad2b1a_5105183838352718287.jpg,,,
wallpapers,wallpapers|1084|1576|12|https://act-upload.mihoyo.com/nap-obc-indep/2026/01/05/73751405/0a28e18efb2b443c9203b169c14f161d_8322654250663804976.jpg,影像档案壁纸合集,2.4剧情壁纸,1084,1576,12,12.jpg,壁纸合集\影像档案壁纸合集\2.4剧情壁纸\12.jpg,https://act-upload.mihoyo.com/nap-obc-indep/2026/01/05/73751405/0a28e18efb2b443c9203b169c14f161d_8322654250663804976.jpg,,,
wallpapers,wallpapers|1084|1576|13|https://act-upload.mihoyo.com/nap-obc-indep/2026/01/05/73751405/b1c0d3a49752492798726924f2a1abb1_6048897588096662133.jpg,影像档案壁纸合集,2.4剧情壁纸,1084,1576,13,13.jpg,壁纸合集\影像档案壁纸合集\2.4剧情壁纸\13.jpg,https://act-upload.mihoyo.com/nap-obc-indep/2026/01/05/73751405/b1c0d3a49752492798726924f2a1abb1_6048897588096662133.jpg,,,
wallpapers,wallpapers|1084|1576|14|https://act-upload.mihoyo.com/nap-obc-indep/2026/01/05/73751405/4767f980378caac5db6924d7f920e498_6071705454131606451.jpg,影像档案壁纸合集,2.4剧情壁纸,1084,1576,14,14.jpg,壁纸合集\影像档案壁纸合集\2.4剧情壁纸\14.jpg,https://act-upload.mihoyo.com/nap-obc-indep/2026/01/05/73751405/4767f980378caac5db6924d7f920e498_6071705454131606451.jpg,,,
wallpapers,wallpapers|1084|1576|15|https://act-upload.mihoyo.com/nap-obc-indep/2026/01/05/73751405/53941640c094a4eb8ee1fd14ba7ba85a_6669179671889464247.jpg,影像档案壁纸合集,2.4剧情壁纸,1084,1576,15,15.jpg,壁纸合集\影像档案壁纸合集\2.4剧情壁纸\15.jpg,https://act-upload.mihoyo.com/nap-obc-indep/2026/01/05/73751405/53941640c094a4eb8ee1fd14ba7ba85a_6669179671889464247.jpg,,,
wallpapers,wallpapers|1084|1576|16|https://act-upload.mihoyo.com/nap-obc-indep/2026/01/05/73751405/f73ac23e749f3b99a8ec779423531285_4536963326090705842.jpg,影像档案壁纸合集,2.4剧情壁纸,1084,1576,16,16.jpg,壁纸合集\影像档案壁纸合集\2.4剧情壁纸\16.jpg,https://act-upload.mihoyo.com/nap-obc-indep/2026/01/05/73751405/f73ac23e749f3b99a8ec779423531285_4536963326090705842.jpg,,,
wallpapers,wallpapers|1084|1501|1|https://act-upload.mihoyo.com/nap-obc-indep/2025/12/05/73751405/bc5fc5f6dbb570f71335a0c3750e45e9_2834271523990940374.jpg,影像档案壁纸合集,2.3剧情壁纸,1084,1501,1,1.jpg,壁纸合集\影像档案壁纸合集\2.3剧情壁纸\1.jpg,https://act-upload.mihoyo.com/nap-obc-indep/2025/12/05/73751405/bc5fc5f6dbb570f71335a0c3750e45e9_2834271523990940374.jpg,,,
wallpapers,wallpapers|1084|1501|2|https://act-upload.mihoyo.com/nap-obc-indep/2025/12/05/73751405/0740fdb33bba3ed1ecbcf1859bcb3d91_7735157783930710115.jpg,影像档案壁纸合集,2.3剧情壁纸,1084,1501,2,2.jpg,壁纸合集\影像档案壁纸合集\2.3剧情壁纸\2.jpg,https://act-upload.mihoyo.com/nap-obc-indep/2025/12/05/73751405/0740fdb33bba3ed1ecbcf1859bcb3d91_7735157783930710115.jpg,,,
wallpapers,wallpapers|1084|1501|3|https://act-upload.mihoyo.com/nap-obc-indep/2025/12/05/73751405/8bc0164bf51c7a3f989e233fdc02720a_8409574143586445388.jpg,影像档案壁纸合集,2.3剧情壁纸,1084,1501,3,3.jpg,壁纸合集\影像档案壁纸合集\2.3剧情壁纸\3.jpg,https://act-upload.mihoyo.com/nap-obc-indep/2025/12/05/73751405/8bc0164bf51c7a3f989e233fdc02720a_8409574143586445388.jpg,,,
wallpapers,wallpapers|1084|1501|4|https://act-upload.mihoyo.com/nap-obc-indep/2025/12/05/73751405/f1afff7e882b69f607a38aa7631029ba_8316713593230589246.jpg,影像档案壁纸合集,2.3剧情壁纸,1084,1501,4,4.jpg,壁纸合集\影像档案壁纸合集\2.3剧情壁纸\4.jpg,https://act-upload.mihoyo.com/nap-obc-indep/2025/12/05/73751405/f1afff7e882b69f607a38aa7631029ba_8316713593230589246.jpg,,,
wallpapers,wallpapers|1084|1501|5|https://act-upload.mihoyo.com/nap-obc-indep/2025/12/05/73751405/001cda4fe8cc1684328f4d0de4f417a1_4305106186825500046.jpg,影像档案壁纸合集,2.3剧情壁纸,1084,1501,5,5.jpg,壁纸合集\影像档案壁纸合集\2.3剧情壁纸\5.jpg,https://act-upload.mihoyo.com/nap-obc-indep/2025/12/05/73751405/001cda4fe8cc1684328f4d0de4f417a1_4305106186825500046.jpg,,,
wallpapers,wallpapers|1084|1501|6|https://act-upload.mihoyo.com/nap-obc-indep/2025/12/05/73751405/79fcaf6d54df014f6736b8d543a04807_442225630423569502.jpg,影像档案壁纸合集,2.3剧情壁纸,1084,1501,6,6.jpg,壁纸合集\影像档案壁纸合集\2.3剧情壁纸\6.jpg,https://act-upload.mihoyo.com/nap-obc-indep/2025/12/05/73751405/79fcaf6d54df014f6736b8d543a04807_442225630423569502.jpg,,,
wallpapers,wallpapers|1084|1501|7|https://act-upload.mihoyo.com/nap-obc-indep/2025/12/05/73751405/7a33d85ee6acae818f4cb7c6e6155dc6_1887826394928523054.jpg,影像档案壁纸合集,2.3剧情壁纸,1084,1501,7,7.jpg,壁纸合集\影像档案壁纸合集\2.3剧情壁纸\7.jpg,https://act-upload.mihoyo.com/nap-obc-indep/2025/12/05/73751405/7a33d85ee6acae818f4cb7c6e6155dc6_1887826394928523054.jpg,,,
wallpapers,wallpapers|1084|1501|8|https://act-upload.mihoyo.com/nap-obc-indep/2025/12/05/73751405/123a35c8f418d9f1bf87ca5b8b6096a3_5772977619189407291.jpg,影像档案壁纸合集,2.3剧情壁纸,1084,1501,8,8.jpg,壁纸合集\影像档案壁纸合集\2.3剧情壁纸\8.jpg,https://act-upload.mihoyo.com/nap-obc-indep/2025/12/05/73751405/123a35c8f418d9f1bf87ca5b8b6096a3_5772977619189407291.jpg,,,
wallpapers,wallpapers|1084|1501|9|https://act-upload.mihoyo.com/nap-obc-indep/2025/12/05/73751405/b7ae246402c711f7037d49ffc60b166e_6009176813594637448.jpg,影像档案壁纸合集,2.3剧情壁纸,1084,1501,9,9.jpg,壁纸合集\影像档案壁纸合集\2.3剧情壁纸\9.jpg,https://act-upload.mihoyo.com/nap-obc-indep/2025/12/05/73751405/b7ae246402c711f7037d49ffc60b166e_6009176813594637448.jpg,,,
wallpapers,wallpapers|1084|1501|10|https://act-upload.mihoyo.com/nap-obc-indep/2025/12/05/73751405/80c252443aa23009fd851ebc693b6c9e_5102667593586840546.jpg,影像档案壁纸合集,2.3剧情壁纸,1084,1501,10,10.jpg,壁纸合集\影像档案壁纸合集\2.3剧情壁纸\10.jpg,https://act-upload.mihoyo.com/nap-obc-indep/2025/12/05/73751405/80c252443aa23009fd851ebc693b6c9e_5102667593586840546.jpg,,,
wallpapers,wallpapers|718|326|咏蛾|https://act-upload.mihoyo.com/nap-obc-indep/2025/02/13/73751405/b2b04705e66df8b03b5fc2d3b1d656d1_4994984409719420498.png,过塑手账壁纸合集,,718,326,咏蛾,咏蛾.png,壁纸合集\过塑手账壁纸合集\咏蛾.png,https://act-upload.mihoyo.com/nap-obc-indep/2025/02/13/73751405/b2b04705e66df8b03b5fc2d3b1d656d1_4994984409719420498.png,,,
wallpapers,wallpapers|718|326|午后休止符|https://act-upload.mihoyo.com/nap-obc-indep/2025/01/23/73751405/0cbc862954349c4fc1b25fda6c979990_6893393239248295553.jpg,过塑手账壁纸合集,,718,326,午后休止符,午后休止符.jpg,壁纸合集\过塑手账壁纸合集\午后休止符.jpg,https://act-upload.mihoyo.com/nap-obc-indep/2025/01/23/73751405/0cbc862954349c4fc1b25fda6c979990_6893393239248295553.jpg,,,
wallpapers,wallpapers|718|326|真能吃苦|https://act-upload.mihoyo.com/nap-obc-indep/2024/12/26/73751405/d38cb5b543e0cae3d18356a14bba348b_5606591189271673045.jpg,过塑手账壁纸合集,,718,326,真能吃苦,真能吃苦.jpg,壁纸合集\过塑手账壁纸合集\真能吃苦.jpg,https://act-upload.mihoyo.com/nap-obc-indep/2024/12/26/73751405/d38cb5b543e0cae3d18356a14bba348b_5606591189271673045.jpg,,,
wallpapers,wallpapers|718|326|想很多的一刀|https://act-upload.mihoyo.com/nap-obc-indep/2024/12/25/73751405/d5670a6ec46c2ddd5688f0bd04465325_5350662992646993204.jpg,过塑手账壁纸合集,,718,326,想很多的一刀,想很多的一刀.jpg,壁纸合集\过塑手账壁纸合集\想很多的一刀.jpg,https://act-upload.mihoyo.com/nap-obc-indep/2024/12/25/73751405/d5670a6ec46c2ddd5688f0bd04465325_5350662992646993204.jpg,,,
wallpapers,wallpapers|718|326|冠军的滤镜|https://act-upload.mihoyo.com/nap-obc-indep/2024/11/30/73751405/735dc485098874f1379776762df51be0_1093603798841726751.jpg,过塑手账壁纸合集,,718,326,冠军的滤镜,冠军的滤镜.jpg,壁纸合集\过塑手账壁纸合集\冠军的滤镜.jpg,https://act-upload.mihoyo.com/nap-obc-indep/2024/11/30/73751405/735dc485098874f1379776762df51be0_1093603798841726751.jpg,,,
wallpapers,wallpapers|718|326|好吃到跺韵脚|https://act-upload.mihoyo.com/nap-obc-indep/2024/11/09/73751405/a497969b1d1207a4200751674994c6f8_8493302412968598441.jpg,过塑手账壁纸合集,,718,326,好吃到跺韵脚,好吃到跺韵脚.jpg,壁纸合集\过塑手账壁纸合集\好吃到跺韵脚.jpg,https://act-upload.mihoyo.com/nap-obc-indep/2024/11/09/73751405/a497969b1d1207a4200751674994c6f8_8493302412968598441.jpg,,,
wallpapers,wallpapers|718|326|时·自律者|https://act-upload.mihoyo.com/nap-obc-indep/2024/11/08/73751405/029abbc934b20f802680837dee12b1c0_4234979088225563125.jpg,过塑手账壁纸合集,,718,326,时·自律者,时·自律者.jpg,壁纸合集\过塑手账壁纸合集\时·自律者.jpg,https://act-upload.mihoyo.com/nap-obc-indep/2024/11/08/73751405/029abbc934b20f802680837dee12b1c0_4234979088225563125.jpg,,,
wallpapers,wallpapers|718|326|釜底抽薪|https://act-upload.mihoyo.com/nap-obc-indep/2024/10/18/73751405/224115273734569881ee0266f5ed23ae_8258248074108046775.jpg,过塑手账壁纸合集,,718,326,釜底抽薪,釜底抽薪.jpg,壁纸合集\过塑手账壁纸合集\釜底抽薪.jpg,https://act-upload.mihoyo.com/nap-obc-indep/2024/10/18/73751405/224115273734569881ee0266f5ed23ae_8258248074108046775.jpg,,,
wallpapers,wallpapers|718|326|慵懒不是摆烂|https://act-upload.mihoyo.com/nap-obc-indep/2024/10/05/73751405/cbc12fd08c39da8d32971260f0a1338b_4230014956587214584.jpg,过塑手账壁纸合集,,718,326,慵懒不是摆烂,慵懒不是摆烂.jpg,壁纸合集\过塑手账壁纸合集\慵懒不是摆烂.jpg,https://act-upload.mihoyo.com/nap-obc-indep/2024/10/05/73751405/cbc12fd08c39da8d32971260f0a1338b_4230014956587214584.jpg,,,
wallpapers,wallpapers|718|326|草木砖皆兵|https://act-upload.mihoyo.com/nap-obc-indep/2024/10/04/73751405/dd3c1b833ea1e859f213aeed4c3e5259_9122099801055966129.jpg,过塑手账壁纸合集,,718,326,草木砖皆兵,草木砖皆兵.jpg,壁纸合集\过塑手账壁纸合集\草木砖皆兵.jpg,https://act-upload.mihoyo.com/nap-obc-indep/2024/10/04/73751405/dd3c1b833ea1e859f213aeed4c3e5259_9122099801055966129.jpg,,,
wallpapers,wallpapers|718|326|干杯！哪怕是超大悲！|https://act-upload.mihoyo.com/nap-obc-indep/2024/10/04/73751405/7d6b0c1247afd9c975cf78d71226eb47_3205697294543221057.jpg,过塑手账壁纸合集,,718,326,干杯！哪怕是超大悲！,干杯！哪怕是超大悲！.jpg,壁纸合集\过塑手账壁纸合集\干杯！哪怕是超大悲！.jpg,https://act-upload.mihoyo.com/nap-obc-indep/2024/10/04/73751405/7d6b0c1247afd9c975cf78d71226eb47_3205697294543221057.jpg,,,
wallpapers,wallpapers|718|326|成长的烦恼|https://act-upload.mihoyo.com/nap-obc-indep/2024/09/09/158441880/35cc325fe7c4864998ecae425148b7ce_5433362226523494196.jpg,过塑手账壁纸合集,,718,326,成长的烦恼,成长的烦恼.jpg,壁纸合集\过塑手账壁纸合集\成长的烦恼.jpg,https://act-upload.mihoyo.com/nap-obc-indep/2024/09/09/158441880/35cc325fe7c4864998ecae425148b7ce_5433362226523494196.jpg,,,
wallpapers,wallpapers|718|326|演鼠的故事|https://act-upload.mihoyo.com/nap-obc-indep/2024/09/06/158441880/d77822817da6ba728ba9680162dd627c_1451356357873718598.jpg,过塑手账壁纸合集,,718,326,演鼠的故事,演鼠的故事.jpg,壁纸合集\过塑手账壁纸合集\演鼠的故事.jpg,https://act-upload.mihoyo.com/nap-obc-indep/2024/09/06/158441880/d77822817da6ba728ba9680162dd627c_1451356357873718598.jpg,,,
wallpapers,wallpapers|718|326|鸾铃响处|https://act-upload.mihoyo.com/nap-obc-indep/2024/09/06/158441880/019677565ea787df5111fac0949c0ad4_2166219206438670761.jpg,过塑手账壁纸合集,,718,326,鸾铃响处,鸾铃响处.jpg,壁纸合集\过塑手账壁纸合集\鸾铃响处.jpg,https://act-upload.mihoyo.com/nap-obc-indep/2024/09/06/158441880/019677565ea787df5111fac0949c0ad4_2166219206438670761.jpg,,,
wallpapers,wallpapers|718|326|计划就是用来完成的|https://act-upload.mihoyo.com/nap-obc-indep/2024/08/18/158441880/f1539b0f2e3ac3092057b2ebece36d17_3044655020738231590.jpg,过塑手账壁纸合集,,718,326,计划就是用来完成的,计划就是用来完成的.jpg,壁纸合集\过塑手账壁纸合集\计划就是用来完成的.jpg,https://act-upload.mihoyo.com/nap-obc-indep/2024/08/18/158441880/f1539b0f2e3ac3092057b2ebece36d17_3044655020738231590.jpg,,,
wallpapers,wallpapers|718|326|鲨时间|https://act-upload.mihoyo.com/nap-obc-indep/2024/08/18/158441880/920ae669045bb032f56a4750d19c7440_2597150419778159734.jpg,过塑手账壁纸合集,,718,326,鲨时间,鲨时间.jpg,壁纸合集\过塑手账壁纸合集\鲨时间.jpg,https://act-upload.mihoyo.com/nap-obc-indep/2024/08/18/158441880/920ae669045bb032f56a4750d19c7440_2597150419778159734.jpg,,,
wallpapers,wallpapers|718|326|生活智慧王|https://act-upload.mihoyo.com/nap-obc-indep/2024/08/18/158441880/e6a817290b2011933c9550d897b5d3e5_8543570040299234215.jpg,过塑手账壁纸合集,,718,326,生活智慧王,生活智慧王.jpg,壁纸合集\过塑手账壁纸合集\生活智慧王.jpg,https://act-upload.mihoyo.com/nap-obc-indep/2024/08/18/158441880/e6a817290b2011933c9550d897b5d3e5_8543570040299234215.jpg,,,
wallpapers,wallpapers|718|326|腥级晚宴|https://act-upload.mihoyo.com/nap-obc-indep/2024/08/18/158441880/b4817e90e9a256b17c97b9a59066017c_4736469424854027533.jpg,过塑手账壁纸合集,,718,326,腥级晚宴,腥级晚宴.jpg,壁纸合集\过塑手账壁纸合集\腥级晚宴.jpg,https://act-upload.mihoyo.com/nap-obc-indep/2024/08/18/158441880/b4817e90e9a256b17c97b9a59066017c_4736469424854027533.jpg,,,
wallpapers,wallpapers|718|326|仍有优雅的空间|https://act-upload.mihoyo.com/nap-obc-indep/2024/08/18/158441880/2bb0ec8cf9bc55236cad1d39b396bc5b_3838822263297437747.jpg,过塑手账壁纸合集,,718,326,仍有优雅的空间,仍有优雅的空间.jpg,壁纸合集\过塑手账壁纸合集\仍有优雅的空间.jpg,https://act-upload.mihoyo.com/nap-obc-indep/2024/08/18/158441880/2bb0ec8cf9bc55236cad1d39b396bc5b_3838822263297437747.jpg,,,
wallpapers,wallpapers|718|326|兄弟爆一下|https://act-upload.mihoyo.com/nap-obc-indep/2024/08/18/158441880/663f6e3bce5d0cb9481e8765fa96d67a_7928287280836233742.jpg,过塑手账壁纸合集,,718,326,兄弟爆一下,兄弟爆一下.jpg,壁纸合集\过塑手账壁纸合集\兄弟爆一下.jpg,https://act-upload.mihoyo.com/nap-obc-indep/2024/08/18/158441880/663f6e3bce5d0cb9481e8765fa96d67a_7928287280836233742.jpg,,,
wallpapers,wallpapers|718|326|借贷必相等|https://act-upload.mihoyo.com/nap-obc-indep/2024/08/18/158441880/0f4f117e54ce5914ce4e9c82c893875b_7318485434597448746.jpg,过塑手账壁纸合集,,718,326,借贷必相等,借贷必相等.jpg,壁纸合集\过塑手账壁纸合集\借贷必相等.jpg,https://act-upload.mihoyo.com/nap-obc-indep/2024/08/18/158441880/0f4f117e54ce5914ce4e9c82c893875b_7318485434597448746.jpg,,,
wallpapers,wallpapers|718|326|心跳与轴承共轭|https://act-upload.mihoyo.com/nap-obc-indep/2024/08/18/158441880/260dc04fae2c3803aec9e3a59662310b_6178079205508183053.jpg,过塑手账壁纸合集,,718,326,心跳与轴承共轭,心跳与轴承共轭.jpg,壁纸合集\过塑手账壁纸合集\心跳与轴承共轭.jpg,https://act-upload.mihoyo.com/nap-obc-indep/2024/08/18/158441880/260dc04fae2c3803aec9e3a59662310b_6178079205508183053.jpg,,,
wallpapers,wallpapers|718|326|烈火熊心|https://act-upload.mihoyo.com/nap-obc-indep/2024/08/18/158441880/7a542b22129d184bb68fc4cf8517c2fa_8583919433218737914.jpg,过塑手账壁纸合集,,718,326,烈火熊心,烈火熊心.jpg,壁纸合集\过塑手账壁纸合集\烈火熊心.jpg,https://act-upload.mihoyo.com/nap-obc-indep/2024/08/18/158441880/7a542b22129d184bb68fc4cf8517c2fa_8583919433218737914.jpg,,,
wallpapers,wallpapers|718|326|喵喵不用等|https://act-upload.mihoyo.com/nap-obc-indep/2024/08/18/158441880/a3be6fe477f333139acb3506ee21f39c_4265253082222264035.jpg,过塑手账壁纸合集,,718,326,喵喵不用等,喵喵不用等.jpg,壁纸合集\过塑手账壁纸合集\喵喵不用等.jpg,https://act-upload.mihoyo.com/nap-obc-indep/2024/08/18/158441880/a3be6fe477f333139acb3506ee21f39c_4265253082222264035.jpg,,,
wallpapers,wallpapers|718|326|本月的第82次演习|https://act-upload.mihoyo.com/nap-obc-indep/2024/08/18/158441880/ac9c76f050f0036de3e7b9a701d1b2c8_7095968793756376197.jpg,过塑手账壁纸合集,,718,326,本月的第82次演习,本月的第82次演习.jpg,壁纸合集\过塑手账壁纸合集\本月的第82次演习.jpg,https://act-upload.mihoyo.com/nap-obc-indep/2024/08/18/158441880/ac9c76f050f0036de3e7b9a701d1b2c8_7095968793756376197.jpg,,,
wallpapers,wallpapers|718|326|拉面的美味秘诀是？|https://act-upload.mihoyo.com/nap-obc-indep/2024/08/18/158441880/fe202b2fad2c66ac958fed9714f9aece_1350628122636199576.jpg,过塑手账壁纸合集,,718,326,拉面的美味秘诀是？,拉面的美味秘诀是？.jpg,壁纸合集\过塑手账壁纸合集\拉面的美味秘诀是？.jpg,https://act-upload.mihoyo.com/nap-obc-indep/2024/08/18/158441880/fe202b2fad2c66ac958fed9714f9aece_1350628122636199576.jpg,,,
wallpapers,wallpapers|718|326|汉堡，电影，爱|https://act-upload.mihoyo.com/nap-obc-indep/2024/08/18/158441880/8adc514293130d8f27fdd084f640a9be_5776804276836882223.jpg,过塑手账壁纸合集,,718,326,汉堡，电影，爱,汉堡，电影，爱.jpg,壁纸合集\过塑手账壁纸合集\汉堡，电影，爱.jpg,https://act-upload.mihoyo.com/nap-obc-indep/2024/08/18/158441880/8adc514293130d8f27fdd084f640a9be_5776804276836882223.jpg,,,
wallpapers,wallpapers|717|326|浅羽悠真篇|https://act-upload.mihoyo.com/nap-obc-indep/2024/12/21/73751405/e920d41c5288609d24dac465eee4c802_5497904588617659957.png,丽都放大镜壁纸合集,,717,326,浅羽悠真篇,浅羽悠真篇.png,壁纸合集\丽都放大镜壁纸合集\浅羽悠真篇.png,https://act-upload.mihoyo.com/nap-obc-indep/2024/12/21/73751405/e920d41c5288609d24dac465eee4c802_5497904588617659957.png,,,
wallpapers,wallpapers|717|326|星见雅篇|https://act-upload.mihoyo.com/nap-obc-indep/2024/12/18/73751405/19b52bd328c80457747cd6212cfa3cea_1543088364998558135.png,丽都放大镜壁纸合集,,717,326,星见雅篇,星见雅篇.png,壁纸合集\丽都放大镜壁纸合集\星见雅篇.png,https://act-upload.mihoyo.com/nap-obc-indep/2024/12/18/73751405/19b52bd328c80457747cd6212cfa3cea_1543088364998558135.png,,,
wallpapers,wallpapers|717|326|莱特篇|https://act-upload.mihoyo.com/nap-obc-indep/2024/11/27/73751405/b574e1e2e90051e4dc130834f27dbad8_8570166339130614477.png,丽都放大镜壁纸合集,,717,326,莱特篇,莱特篇.png,壁纸合集\丽都放大镜壁纸合集\莱特篇.png,https://act-upload.mihoyo.com/nap-obc-indep/2024/11/27/73751405/b574e1e2e90051e4dc130834f27dbad8_8570166339130614477.png,,,
wallpapers,wallpapers|717|326|月城柳篇|https://act-upload.mihoyo.com/nap-obc-indep/2024/11/06/73751405/4a237bcd3bf6eff5bc5a3d0ac146c5bb_5824030449007268676.png,丽都放大镜壁纸合集,,717,326,月城柳篇,月城柳篇.png,壁纸合集\丽都放大镜壁纸合集\月城柳篇.png,https://act-upload.mihoyo.com/nap-obc-indep/2024/11/06/73751405/4a237bcd3bf6eff5bc5a3d0ac146c5bb_5824030449007268676.png,,,
wallpapers,wallpapers|717|326|柏妮思篇|https://act-upload.mihoyo.com/nap-obc-indep/2024/10/18/73751405/494ab919200e74bffb10fea1a8569052_6694466500455295037.png,丽都放大镜壁纸合集,,717,326,柏妮思篇,柏妮思篇.png,壁纸合集\丽都放大镜壁纸合集\柏妮思篇.png,https://act-upload.mihoyo.com/nap-obc-indep/2024/10/18/73751405/494ab919200e74bffb10fea1a8569052_6694466500455295037.png,,,
wallpapers,wallpapers|717|326|露西篇|https://act-upload.mihoyo.com/nap-obc-indep/2024/10/09/73751405/7df7708314c9b62046fe9f3627142006_2040185773005695539.png,丽都放大镜壁纸合集,,717,326,露西篇,露西篇.png,壁纸合集\丽都放大镜壁纸合集\露西篇.png,https://act-upload.mihoyo.com/nap-obc-indep/2024/10/09/73751405/7df7708314c9b62046fe9f3627142006_2040185773005695539.png,,,
wallpapers,wallpapers|717|326|派派篇|https://act-upload.mihoyo.com/nap-obc-indep/2024/10/03/73751405/174b0e59062759d34fc50aa02b844fca_3101849836411129775.png,丽都放大镜壁纸合集,,717,326,派派篇,派派篇.png,壁纸合集\丽都放大镜壁纸合集\派派篇.png,https://act-upload.mihoyo.com/nap-obc-indep/2024/10/03/73751405/174b0e59062759d34fc50aa02b844fca_3101849836411129775.png,,,
wallpapers,wallpapers|717|326|凯撒篇|https://act-upload.mihoyo.com/nap-obc-indep/2024/10/03/73751405/a62fc6c78116b54a6f2de2341418c1b7_5629111988196771788.png,丽都放大镜壁纸合集,,717,326,凯撒篇,凯撒篇.png,壁纸合集\丽都放大镜壁纸合集\凯撒篇.png,https://act-upload.mihoyo.com/nap-obc-indep/2024/10/03/73751405/a62fc6c78116b54a6f2de2341418c1b7_5629111988196771788.png,,,
wallpapers,wallpapers|717|326|赛斯篇|https://act-upload.mihoyo.com/nap-obc-indep/2024/09/09/158441880/0914d775a5b504dc2e65911aa99454bf_5748614723347693551.png,丽都放大镜壁纸合集,,717,326,赛斯篇,赛斯篇.png,壁纸合集\丽都放大镜壁纸合集\赛斯篇.png,https://act-upload.mihoyo.com/nap-obc-indep/2024/09/09/158441880/0914d775a5b504dc2e65911aa99454bf_5748614723347693551.png,,,
wallpapers,wallpapers|717|326|简篇|https://act-upload.mihoyo.com/nap-obc-indep/2024/09/06/158441880/6b8099042aed4dd2d91b1e1844f6bf51_8470525164375085172.png,丽都放大镜壁纸合集,,717,326,简篇,简篇.png,壁纸合集\丽都放大镜壁纸合集\简篇.png,https://act-upload.mihoyo.com/nap-obc-indep/2024/09/06/158441880/6b8099042aed4dd2d91b1e1844f6bf51_8470525164375085172.png,,,
wallpapers,wallpapers|717|326|青衣篇|https://act-upload.mihoyo.com/nap-obc-indep/2024/08/18/158441880/14d4c07ab63b8c226575a256054a9b90_6575861770459277355.png,丽都放大镜壁纸合集,,717,326,青衣篇,青衣篇.png,壁纸合集\丽都放大镜壁纸合集\青衣篇.png,https://act-upload.mihoyo.com/nap-obc-indep/2024/08/18/158441880/14d4c07ab63b8c226575a256054a9b90_6575861770459277355.png,,,
wallpapers,wallpapers|717|326|妮可篇|https://act-upload.mihoyo.com/nap-obc-indep/2024/08/18/158441880/426a0ea72f059f5bd4f962e7da33a00e_4324735597094349985.png,丽都放大镜壁纸合集,,717,326,妮可篇,妮可篇.png,壁纸合集\丽都放大镜壁纸合集\妮可篇.png,https://act-upload.mihoyo.com/nap-obc-indep/2024/08/18/158441880/426a0ea72f059f5bd4f962e7da33a00e_4324735597094349985.png,,,
wallpapers,wallpapers|717|326|安比篇|https://act-upload.mihoyo.com/nap-obc-indep/2024/08/18/158441880/d60d1c3125a331fbab9bccf007107855_3991212207729591334.jpg,丽都放大镜壁纸合集,,717,326,安比篇,安比篇.jpg,壁纸合集\丽都放大镜壁纸合集\安比篇.jpg,https://act-upload.mihoyo.com/nap-obc-indep/2024/08/18/158441880/d60d1c3125a331fbab9bccf007107855_3991212207729591334.jpg,,,
wallpapers,wallpapers|717|326|朱鸢篇|https://act-upload.mihoyo.com/nap-obc-indep/2024/08/18/158441880/bb3d2820c7c16ee699ade3b28bda0287_7749211485252630224.jpg,丽都放大镜壁纸合集,,717,326,朱鸢篇,朱鸢篇.jpg,壁纸合集\丽都放大镜壁纸合集\朱鸢篇.jpg,https://act-upload.mihoyo.com/nap-obc-indep/2024/08/18/158441880/bb3d2820c7c16ee699ade3b28bda0287_7749211485252630224.jpg,,,
wallpapers,wallpapers|717|326|艾莲篇|https://act-upload.mihoyo.com/nap-obc-indep/2024/08/18/158441880/87238b000869020a0c9fdbf8d2f3e0d2_7314611073417024804.png,丽都放大镜壁纸合集,,717,326,艾莲篇,艾莲篇.png,壁纸合集\丽都放大镜壁纸合集\艾莲篇.png,https://act-upload.mihoyo.com/nap-obc-indep/2024/08/18/158441880/87238b000869020a0c9fdbf8d2f3e0d2_7314611073417024804.png,,,
wallpapers,wallpapers|717|326|莱卡恩篇|https://act-upload.mihoyo.com/nap-obc-indep/2024/08/18/158441880/3f13ac8685da7ade19fe0eb1d2dc42e1_3849683832891537804.png,丽都放大镜壁纸合集,,717,326,莱卡恩篇,莱卡恩篇.png,壁纸合集\丽都放大镜壁纸合集\莱卡恩篇.png,https://act-upload.mihoyo.com/nap-obc-indep/2024/08/18/158441880/3f13ac8685da7ade19fe0eb1d2dc42e1_3849683832891537804.png,,,
wallpapers,wallpapers|717|326|丽娜篇|https://act-upload.mihoyo.com/nap-obc-indep/2024/08/18/158441880/fa293779571f5a852c1b911742fbf4bb_2596624901818731930.png,丽都放大镜壁纸合集,,717,326,丽娜篇,丽娜篇.png,壁纸合集\丽都放大镜壁纸合集\丽娜篇.png,https://act-upload.mihoyo.com/nap-obc-indep/2024/08/18/158441880/fa293779571f5a852c1b911742fbf4bb_2596624901818731930.png,,,
wallpapers,wallpapers|717|326|可琳篇|https://act-upload.mihoyo.com/nap-obc-indep/2024/08/18/158441880/28627b39a9a067f96b66ff53c4140786_861020151328876717.jpg,丽都放大镜壁纸合集,,717,326,可琳篇,可琳篇.jpg,壁纸合集\丽都放大镜壁纸合集\可琳篇.jpg,https://act-upload.mihoyo.com/nap-obc-indep/2024/08/18/158441880/28627b39a9a067f96b66ff53c4140786_861020151328876717.jpg,,,
wallpapers,wallpapers|717|326|猫又篇|https://act-upload.mihoyo.com/nap-obc-indep/2024/08/18/158441880/e91c989ca092feed5f7a2d50efda8a2a_8228473825866989203.jpg,丽都放大镜壁纸合集,,717,326,猫又篇,猫又篇.jpg,壁纸合集\丽都放大镜壁纸合集\猫又篇.jpg,https://act-upload.mihoyo.com/nap-obc-indep/2024/08/18/158441880/e91c989ca092feed5f7a2d50efda8a2a_8228473825866989203.jpg,,,
wallpapers,wallpapers|717|326|安东篇|https://act-upload.mihoyo.com/nap-obc-indep/2024/08/18/158441880/4e60fa0d6e4638bf19480e77cc7145b3_8156044336796886861.jpg,丽都放大镜壁纸合集,,717,326,安东篇,安东篇.jpg,壁纸合集\丽都放大镜壁纸合集\安东篇.jpg,https://act-upload.mihoyo.com/nap-obc-indep/2024/08/18/158441880/4e60fa0d6e4638bf19480e77cc7145b3_8156044336796886861.jpg,,,
wallpapers,wallpapers|717|326|本篇|https://act-upload.mihoyo.com/nap-obc-indep/2024/08/18/158441880/f386a18dab257ce8f8215561b21a5226_8754187379261041007.jpg,丽都放大镜壁纸合集,,717,326,本篇,本篇.jpg,壁纸合集\丽都放大镜壁纸合集\本篇.jpg,https://act-upload.mihoyo.com/nap-obc-indep/2024/08/18/158441880/f386a18dab257ce8f8215561b21a5226_8754187379261041007.jpg,,,
wallpapers,wallpapers|717|326|格莉丝篇|https://act-upload.mihoyo.com/nap-obc-indep/2024/08/18/158441880/6adbd7f1c30d89c74fdadcdce5872f28_8049149817102286184.jpg,丽都放大镜壁纸合集,,717,326,格莉丝篇,格莉丝篇.jpg,壁纸合集\丽都放大镜壁纸合集\格莉丝篇.jpg,https://act-upload.mihoyo.com/nap-obc-indep/2024/08/18/158441880/6adbd7f1c30d89c74fdadcdce5872f28_8049149817102286184.jpg,,,
wallpapers,wallpapers|717|326|珂蕾妲篇|https://act-upload.mihoyo.com/nap-obc-indep/2024/08/18/158441880/6c5ea1d00dd7f332ac24ef927d2a8541_5668060333306878036.jpg,丽都放大镜壁纸合集,,717,326,珂蕾妲篇,珂蕾妲篇.jpg,壁纸合集\丽都放大镜壁纸合集\珂蕾妲篇.jpg,https://act-upload.mihoyo.com/nap-obc-indep/2024/08/18/158441880/6c5ea1d00dd7f332ac24ef927d2a8541_5668060333306878036.jpg,,,
wallpapers,wallpapers|689|326|安比|https://act-upload.mihoyo.com/nap-obc-indep/2024/08/05/15559334/1755ad6671945e7b0235750394a5541c_8006042100942669289.png,阵营壁纸合集,狡兔屋,689,326,安比,安比.png,壁纸合集\阵营壁纸合集\狡兔屋\安比.png,https://act-upload.mihoyo.com/nap-obc-indep/2024/08/05/15559334/1755ad6671945e7b0235750394a5541c_8006042100942669289.png,,,
wallpapers,wallpapers|689|326|比利|https://act-upload.mihoyo.com/nap-obc-indep/2024/08/05/15559334/d6031776b6796157eb9287cd5acabc7a_172080227122606901.png,阵营壁纸合集,狡兔屋,689,326,比利,比利.png,壁纸合集\阵营壁纸合集\狡兔屋\比利.png,https://act-upload.mihoyo.com/nap-obc-indep/2024/08/05/15559334/d6031776b6796157eb9287cd5acabc7a_172080227122606901.png,,,
wallpapers,wallpapers|689|326|妮可|https://act-upload.mihoyo.com/nap-obc-indep/2024/08/05/15559334/59b3bf5d4910c8052733cf2ef9332f40_2123054020750194784.png,阵营壁纸合集,狡兔屋,689,326,妮可,妮可.png,壁纸合集\阵营壁纸合集\狡兔屋\妮可.png,https://act-upload.mihoyo.com/nap-obc-indep/2024/08/05/15559334/59b3bf5d4910c8052733cf2ef9332f40_2123054020750194784.png,,,
wallpapers,wallpapers|689|326|猫又|https://act-upload.mihoyo.com/nap-obc-indep/2024/08/05/15559334/fa66fb78cc0094dbdd6d02c7dec2cc4a_9033889975965064941.png,阵营壁纸合集,狡兔屋,689,326,猫又,猫又.png,壁纸合集\阵营壁纸合集\狡兔屋\猫又.png,https://act-upload.mihoyo.com/nap-obc-indep/2024/08/05/15559334/fa66fb78cc0094dbdd6d02c7dec2cc4a_9033889975965064941.png,,,
wallpapers,wallpapers|689|326|狡兔屋1|https://act-upload.mihoyo.com/nap-obc-indep/2024/08/05/15559334/5441e19addffdb4bb0480b6302f8a527_8279863501416194065.png,阵营壁纸合集,狡兔屋,689,326,狡兔屋1,狡兔屋1.png,壁纸合集\阵营壁纸合集\狡兔屋\狡兔屋1.png,https://act-upload.mihoyo.com/nap-obc-indep/2024/08/05/15559334/5441e19addffdb4bb0480b6302f8a527_8279863501416194065.png,,,
wallpapers,wallpapers|689|326|狡兔屋2|https://act-upload.mihoyo.com/nap-obc-indep/2024/08/05/15559334/48ca0cd1a3d4ac0a49aaad523dc94729_7698313953252619764.png,阵营壁纸合集,狡兔屋,689,326,狡兔屋2,狡兔屋2.png,壁纸合集\阵营壁纸合集\狡兔屋\狡兔屋2.png,https://act-upload.mihoyo.com/nap-obc-indep/2024/08/05/15559334/48ca0cd1a3d4ac0a49aaad523dc94729_7698313953252619764.png,,,
wallpapers,wallpapers|689|326|狡兔屋3|https://act-upload.mihoyo.com/nap-obc-indep/2024/08/05/15559334/3ece4fd4aaeb01b462b71e9ce21d1c09_2734110110512052381.png,阵营壁纸合集,狡兔屋,689,326,狡兔屋3,狡兔屋3.png,壁纸合集\阵营壁纸合集\狡兔屋\狡兔屋3.png,https://act-upload.mihoyo.com/nap-obc-indep/2024/08/05/15559334/3ece4fd4aaeb01b462b71e9ce21d1c09_2734110110512052381.png,,,
wallpapers,wallpapers|689|326|狡兔屋4|https://act-upload.mihoyo.com/nap-obc-indep/2024/08/06/15559334/363cf6973c98ab858229e356cba67c94_4740310187088592015.png,阵营壁纸合集,狡兔屋,689,326,狡兔屋4,狡兔屋4.png,壁纸合集\阵营壁纸合集\狡兔屋\狡兔屋4.png,https://act-upload.mihoyo.com/nap-obc-indep/2024/08/06/15559334/363cf6973c98ab858229e356cba67c94_4740310187088592015.png,,,
wallpapers,wallpapers|689|332|铃|https://act-upload.mihoyo.com/nap-obc-indep/2024/08/05/15559334/1555590a0da39a6c078e0e11fcb86e6b_1394462638575623173.png,阵营壁纸合集,法厄同,689,332,铃,铃.png,壁纸合集\阵营壁纸合集\法厄同\铃.png,https://act-upload.mihoyo.com/nap-obc-indep/2024/08/05/15559334/1555590a0da39a6c078e0e11fcb86e6b_1394462638575623173.png,,,
wallpapers,wallpapers|689|332|哲|https://act-upload.mihoyo.com/nap-obc-indep/2024/08/05/15559334/5c195f71118a7aacc2e6b48ce45ce407_3730478307705663249.png,阵营壁纸合集,法厄同,689,332,哲,哲.png,壁纸合集\阵营壁纸合集\法厄同\哲.png,https://act-upload.mihoyo.com/nap-obc-indep/2024/08/05/15559334/5c195f71118a7aacc2e6b48ce45ce407_3730478307705663249.png,,,
wallpapers,wallpapers|689|332|法厄同1|https://act-upload.mihoyo.com/nap-obc-indep/2024/08/05/15559334/392e287d3fe2e2e1e90ed124b716afe8_3322443504265435579.png,阵营壁纸合集,法厄同,689,332,法厄同1,法厄同1.png,壁纸合集\阵营壁纸合集\法厄同\法厄同1.png,https://act-upload.mihoyo.com/nap-obc-indep/2024/08/05/15559334/392e287d3fe2e2e1e90ed124b716afe8_3322443504265435579.png,,,
wallpapers,wallpapers|689|332|法厄同2|https://act-upload.mihoyo.com/nap-obc-indep/2024/08/05/15559334/b4eabb8a36ce86b96072f859ac148871_1598426648011877748.png,阵营壁纸合集,法厄同,689,332,法厄同2,法厄同2.png,壁纸合集\阵营壁纸合集\法厄同\法厄同2.png,https://act-upload.mihoyo.com/nap-obc-indep/2024/08/05/15559334/b4eabb8a36ce86b96072f859ac148871_1598426648011877748.png,,,
wallpapers,wallpapers|689|332|法厄同3|https://act-upload.mihoyo.com/nap-obc-indep/2024/08/05/15559334/1972700fc34e39295964107c9925b9a5_8027233744618929584.png,阵营壁纸合集,法厄同,689,332,法厄同3,法厄同3.png,壁纸合集\阵营壁纸合集\法厄同\法厄同3.png,https://act-upload.mihoyo.com/nap-obc-indep/2024/08/05/15559334/1972700fc34e39295964107c9925b9a5_8027233744618929584.png,,,
wallpapers,wallpapers|689|330|可琳|https://act-upload.mihoyo.com/nap-obc-indep/2024/08/05/15559334/68cf48666d6fb7728faae36a712e935a_3511664866388513525.png,阵营壁纸合集,维多利亚家政,689,330,可琳,可琳.png,壁纸合集\阵营壁纸合集\维多利亚家政\可琳.png,https://act-upload.mihoyo.com/nap-obc-indep/2024/08/05/15559334/68cf48666d6fb7728faae36a712e935a_3511664866388513525.png,,,
wallpapers,wallpapers|689|330|莱卡恩|https://act-upload.mihoyo.com/nap-obc-indep/2024/08/05/15559334/d9b1d969d327b2d08143ceb26fa6c3d7_3352317724863591995.png,阵营壁纸合集,维多利亚家政,689,330,莱卡恩,莱卡恩.png,壁纸合集\阵营壁纸合集\维多利亚家政\莱卡恩.png,https://act-upload.mihoyo.com/nap-obc-indep/2024/08/05/15559334/d9b1d969d327b2d08143ceb26fa6c3d7_3352317724863591995.png,,,
wallpapers,wallpapers|689|330|维多利亚家政1|https://act-upload.mihoyo.com/nap-obc-indep/2024/08/05/15559334/851cb4fb69eb7cea11658736bd0f520e_5337032848495726714.png,阵营壁纸合集,维多利亚家政,689,330,维多利亚家政1,维多利亚家政1.png,壁纸合集\阵营壁纸合集\维多利亚家政\维多利亚家政1.png,https://act-upload.mihoyo.com/nap-obc-indep/2024/08/05/15559334/851cb4fb69eb7cea11658736bd0f520e_5337032848495726714.png,,,
wallpapers,wallpapers|689|330|维多利亚家政2|https://act-upload.mihoyo.com/nap-obc-indep/2024/08/05/15559334/b21992d21d5026b79fcc88ef2eecdd23_7303889862213973501.png,阵营壁纸合集,维多利亚家政,689,330,维多利亚家政2,维多利亚家政2.png,壁纸合集\阵营壁纸合集\维多利亚家政\维多利亚家政2.png,https://act-upload.mihoyo.com/nap-obc-indep/2024/08/05/15559334/b21992d21d5026b79fcc88ef2eecdd23_7303889862213973501.png,,,
wallpapers,wallpapers|689|330|维多利亚家政3|https://act-upload.mihoyo.com/nap-obc-indep/2024/08/05/15559334/5d14ea140d7341fbc8080ce3a92ac1a3_6023164478120184142.png,阵营壁纸合集,维多利亚家政,689,330,维多利亚家政3,维多利亚家政3.png,壁纸合集\阵营壁纸合集\维多利亚家政\维多利亚家政3.png,https://act-upload.mihoyo.com/nap-obc-indep/2024/08/05/15559334/5d14ea140d7341fbc8080ce3a92ac1a3_6023164478120184142.png,,,
wallpapers,wallpapers|689|330|维多利亚家政4|https://act-upload.mihoyo.com/nap-obc-indep/2024/08/06/15559334/60bc1ddc66b6e91f2ae9254d9cd8f5a3_4572676139372567031.png,阵营壁纸合集,维多利亚家政,689,330,维多利亚家政4,维多利亚家政4.png,壁纸合集\阵营壁纸合集\维多利亚家政\维多利亚家政4.png,https://act-upload.mihoyo.com/nap-obc-indep/2024/08/06/15559334/60bc1ddc66b6e91f2ae9254d9cd8f5a3_4572676139372567031.png,,,
wallpapers,wallpapers|689|333|安东|https://act-upload.mihoyo.com/nap-obc-indep/2024/08/05/15559334/a6e028f34a3821de63c79e56fe9d8c4c_8833784150158275992.png,阵营壁纸合集,白祇重工,689,333,安东,安东.png,壁纸合集\阵营壁纸合集\白祇重工\安东.png,https://act-upload.mihoyo.com/nap-obc-indep/2024/08/05/15559334/a6e028f34a3821de63c79e56fe9d8c4c_8833784150158275992.png,,,
wallpapers,wallpapers|689|333|本|https://act-upload.mihoyo.com/nap-obc-indep/2024/08/05/15559334/c9d9b5cf4790aa0b0304f0eea8001fcf_360012681714387619.png,阵营壁纸合集,白祇重工,689,333,本,本.png,壁纸合集\阵营壁纸合集\白祇重工\本.png,https://act-upload.mihoyo.com/nap-obc-indep/2024/08/05/15559334/c9d9b5cf4790aa0b0304f0eea8001fcf_360012681714387619.png,,,
wallpapers,wallpapers|689|333|珂蕾妲|https://act-upload.mihoyo.com/nap-obc-indep/2024/08/05/15559334/b471fc15624ef32384aa7af12b31898d_638820172639072067.png,阵营壁纸合集,白祇重工,689,333,珂蕾妲,珂蕾妲.png,壁纸合集\阵营壁纸合集\白祇重工\珂蕾妲.png,https://act-upload.mihoyo.com/nap-obc-indep/2024/08/05/15559334/b471fc15624ef32384aa7af12b31898d_638820172639072067.png,,,
wallpapers,wallpapers|689|333|白祇重工1|https://act-upload.mihoyo.com/nap-obc-indep/2024/08/05/15559334/58d354949774ee474f55c646dab6de86_5722954165995083491.png,阵营壁纸合集,白祇重工,689,333,白祇重工1,白祇重工1.png,壁纸合集\阵营壁纸合集\白祇重工\白祇重工1.png,https://act-upload.mihoyo.com/nap-obc-indep/2024/08/05/15559334/58d354949774ee474f55c646dab6de86_5722954165995083491.png,,,
wallpapers,wallpapers|689|333|白祇重工2|https://act-upload.mihoyo.com/nap-obc-indep/2024/08/05/15559334/6b0c0de644d0e96a61735b237e488596_7433865415790549479.png,阵营壁纸合集,白祇重工,689,333,白祇重工2,白祇重工2.png,壁纸合集\阵营壁纸合集\白祇重工\白祇重工2.png,https://act-upload.mihoyo.com/nap-obc-indep/2024/08/05/15559334/6b0c0de644d0e96a61735b237e488596_7433865415790549479.png,,,
wallpapers,wallpapers|689|333|白祇重工3|https://act-upload.mihoyo.com/nap-obc-indep/2024/08/06/15559334/8ea00523d2286a393b83457142464719_5900719184349788384.png,阵营壁纸合集,白祇重工,689,333,白祇重工3,白祇重工3.png,壁纸合集\阵营壁纸合集\白祇重工\白祇重工3.png,https://act-upload.mihoyo.com/nap-obc-indep/2024/08/06/15559334/8ea00523d2286a393b83457142464719_5900719184349788384.png,,,
wallpapers,wallpapers|689|979|白银小队|https://act-upload.mihoyo.com/nap-obc-indep/2025/03/15/73751405/cd2f50c903d438f6296573171707b2da_530671120360930436.jpg,阵营壁纸合集,N.E.D.F防卫军,689,979,白银小队,白银小队.jpg,壁纸合集\阵营壁纸合集\N.E.D.F防卫军\白银小队.jpg,https://act-upload.mihoyo.com/nap-obc-indep/2025/03/15/73751405/cd2f50c903d438f6296573171707b2da_530671120360930436.jpg,,,
wallpapers,wallpapers|689|334|H.S.O.S.6 5|https://act-upload.mihoyo.com/nap-obc-indep/2024/12/24/73751405/e1db0491a8e3f0309999e6e91f343639_3001917797154676696.jpg,阵营壁纸合集,H.S.O.S.6,689,334,H.S.O.S.6 5,H.S.O.S.6 5.jpg,壁纸合集\阵营壁纸合集\H.S.O.S.6\H.S.O.S.6 5.jpg,https://act-upload.mihoyo.com/nap-obc-indep/2024/12/24/73751405/e1db0491a8e3f0309999e6e91f343639_3001917797154676696.jpg,,,
wallpapers,wallpapers|689|334|11:59AM丨上班:( 3|https://act-upload.mihoyo.com/nap-obc-indep/2024/12/24/73751405/e90de452e00e94325a5d133e07c932a6_1154796091741832781.jpg,阵营壁纸合集,H.S.O.S.6,689,334,11:59AM丨上班:( 3,11-59AM丨上班-( 3.jpg,壁纸合集\阵营壁纸合集\H.S.O.S.6\11-59AM丨上班-( 3.jpg,https://act-upload.mihoyo.com/nap-obc-indep/2024/12/24/73751405/e90de452e00e94325a5d133e07c932a6_1154796091741832781.jpg,,,
wallpapers,wallpapers|689|334|11:59AM丨上班:( 2|https://act-upload.mihoyo.com/nap-obc-indep/2024/12/24/73751405/4bf339c4f09f7b6cefe7d84a8c70f042_7370217387562169751.jpg,阵营壁纸合集,H.S.O.S.6,689,334,11:59AM丨上班:( 2,11-59AM丨上班-( 2.jpg,壁纸合集\阵营壁纸合集\H.S.O.S.6\11-59AM丨上班-( 2.jpg,https://act-upload.mihoyo.com/nap-obc-indep/2024/12/24/73751405/4bf339c4f09f7b6cefe7d84a8c70f042_7370217387562169751.jpg,,,
wallpapers,wallpapers|689|334|11:59AM丨上班:( 1|https://act-upload.mihoyo.com/nap-obc-indep/2024/12/23/73751405/b338ce6048b238cc27b3c7a03f955811_6937002057322302042.jpg,阵营壁纸合集,H.S.O.S.6,689,334,11:59AM丨上班:( 1,11-59AM丨上班-( 1.jpg,壁纸合集\阵营壁纸合集\H.S.O.S.6\11-59AM丨上班-( 1.jpg,https://act-upload.mihoyo.com/nap-obc-indep/2024/12/23/73751405/b338ce6048b238cc27b3c7a03f955811_6937002057322302042.jpg,,,
wallpapers,wallpapers|689|334|苍角|https://act-upload.mihoyo.com/nap-obc-indep/2024/08/05/15559334/4b54ab09625bf5c857a02dcd4c83cecf_1246104780807350220.png,阵营壁纸合集,H.S.O.S.6,689,334,苍角,苍角.png,壁纸合集\阵营壁纸合集\H.S.O.S.6\苍角.png,https://act-upload.mihoyo.com/nap-obc-indep/2024/08/05/15559334/4b54ab09625bf5c857a02dcd4c83cecf_1246104780807350220.png,,,
wallpapers,wallpapers|689|334|星见雅|https://act-upload.mihoyo.com/nap-obc-indep/2024/08/05/15559334/37055afa3d630776de9ca9d1db7fbb2e_5466786839748699716.png,阵营壁纸合集,H.S.O.S.6,689,334,星见雅,星见雅.png,壁纸合集\阵营壁纸合集\H.S.O.S.6\星见雅.png,https://act-upload.mihoyo.com/nap-obc-indep/2024/08/05/15559334/37055afa3d630776de9ca9d1db7fbb2e_5466786839748699716.png,,,
wallpapers,wallpapers|689|334|H.S.O.S.6 1|https://act-upload.mihoyo.com/nap-obc-indep/2024/08/05/15559334/c3599c549098faf3a6cd5c599f6eff0c_4053816823172328665.png,阵营壁纸合集,H.S.O.S.6,689,334,H.S.O.S.6 1,H.S.O.S.6 1.png,壁纸合集\阵营壁纸合集\H.S.O.S.6\H.S.O.S.6 1.png,https://act-upload.mihoyo.com/nap-obc-indep/2024/08/05/15559334/c3599c549098faf3a6cd5c599f6eff0c_4053816823172328665.png,,,
wallpapers,wallpapers|689|334|H.S.O.S.6 2|https://act-upload.mihoyo.com/nap-obc-indep/2024/08/05/15559334/dafb6a94f1f99bc7ef0f3e2bdf5418b7_2570092336426196637.png,阵营壁纸合集,H.S.O.S.6,689,334,H.S.O.S.6 2,H.S.O.S.6 2.png,壁纸合集\阵营壁纸合集\H.S.O.S.6\H.S.O.S.6 2.png,https://act-upload.mihoyo.com/nap-obc-indep/2024/08/05/15559334/dafb6a94f1f99bc7ef0f3e2bdf5418b7_2570092336426196637.png,,,
wallpapers,wallpapers|689|334|H.S.O.S.6 3|https://act-upload.mihoyo.com/nap-obc-indep/2024/08/05/15559334/f5ffd4103ccdcb95388642cc8003bd6e_1958789762138348459.png,阵营壁纸合集,H.S.O.S.6,689,334,H.S.O.S.6 3,H.S.O.S.6 3.png,壁纸合集\阵营壁纸合集\H.S.O.S.6\H.S.O.S.6 3.png,https://act-upload.mihoyo.com/nap-obc-indep/2024/08/05/15559334/f5ffd4103ccdcb95388642cc8003bd6e_1958789762138348459.png,,,
wallpapers,wallpapers|689|334|H.S.O.S.6 4|https://act-upload.mihoyo.com/nap-obc-indep/2024/08/06/15559334/5127f82b72ed001094a3656a892bd579_4011168673815476582.png,阵营壁纸合集,H.S.O.S.6,689,334,H.S.O.S.6 4,H.S.O.S.6 4.png,壁纸合集\阵营壁纸合集\H.S.O.S.6\H.S.O.S.6 4.png,https://act-upload.mihoyo.com/nap-obc-indep/2024/08/06/15559334/5127f82b72ed001094a3656a892bd579_4011168673815476582.png,,,
wallpapers,wallpapers|689|335|卡吕冬之子1|https://act-upload.mihoyo.com/nap-obc-indep/2024/08/06/15559334/676b9bd75123ca600ad21f2f54bde108_9142065519399093459.png,阵营壁纸合集,卡吕冬之子,689,335,卡吕冬之子1,卡吕冬之子1.png,壁纸合集\阵营壁纸合集\卡吕冬之子\卡吕冬之子1.png,https://act-upload.mihoyo.com/nap-obc-indep/2024/08/06/15559334/676b9bd75123ca600ad21f2f54bde108_9142065519399093459.png,,,
wallpapers,wallpapers|689|336|刑侦特勤组3|https://act-upload.mihoyo.com/nap-obc-indep/2024/12/26/73751405/75176e7f554f3983929fe128ad8322b6_6975657601632703441.jpg,阵营壁纸合集,刑侦特勤组,689,336,刑侦特勤组3,刑侦特勤组3.jpg,壁纸合集\阵营壁纸合集\刑侦特勤组\刑侦特勤组3.jpg,https://act-upload.mihoyo.com/nap-obc-indep/2024/12/26/73751405/75176e7f554f3983929fe128ad8322b6_6975657601632703441.jpg,,,
wallpapers,wallpapers|689|336|刑侦特勤组2|https://act-upload.mihoyo.com/nap-obc-indep/2024/08/30/76099754/e798dc4eea45707227730971aee8131d_2269920577748577398.png,阵营壁纸合集,刑侦特勤组,689,336,刑侦特勤组2,刑侦特勤组2.png,壁纸合集\阵营壁纸合集\刑侦特勤组\刑侦特勤组2.png,https://act-upload.mihoyo.com/nap-obc-indep/2024/08/30/76099754/e798dc4eea45707227730971aee8131d_2269920577748577398.png,,,
wallpapers,wallpapers|689|336|刑侦特勤组1|https://act-upload.mihoyo.com/nap-obc-indep/2024/08/05/15559334/c87d4541712a5de6e0d28649f9e045c1_7569398432250968745.png,阵营壁纸合集,刑侦特勤组,689,336,刑侦特勤组1,刑侦特勤组1.png,壁纸合集\阵营壁纸合集\刑侦特勤组\刑侦特勤组1.png,https://act-upload.mihoyo.com/nap-obc-indep/2024/08/05/15559334/c87d4541712a5de6e0d28649f9e045c1_7569398432250968745.png,,,
wallpapers,wallpapers|689|768|天琴座1|https://act-upload.mihoyo.com/nap-obc-indep/2024/12/25/73751405/2ab1e304eff3a5a7db6f6f95544eda88_2025588621587625553.jpg,阵营壁纸合集,天琴座,689,768,天琴座1,天琴座1.jpg,壁纸合集\阵营壁纸合集\天琴座\天琴座1.jpg,https://act-upload.mihoyo.com/nap-obc-indep/2024/12/25/73751405/2ab1e304eff3a5a7db6f6f95544eda88_2025588621587625553.jpg,,,
wallpapers,wallpapers|689|1606|爱芮|https://act-upload.mihoyo.com/nap-obc-indep/2026/01/30/73751405/ac7b0d1502269f8008143f86c480645a_8926268512280737873.png,阵营壁纸合集,妄想天使,689,1606,爱芮,爱芮.png,壁纸合集\阵营壁纸合集\妄想天使\爱芮.png,https://act-upload.mihoyo.com/nap-obc-indep/2026/01/30/73751405/ac7b0d1502269f8008143f86c480645a_8926268512280737873.png,,,
wallpapers,wallpapers|689|1606|千夏|https://act-upload.mihoyo.com/nap-obc-indep/2026/01/30/73751405/94fec4410430a58315140be50e5d5ba4_1610728708288976099.png,阵营壁纸合集,妄想天使,689,1606,千夏,千夏.png,壁纸合集\阵营壁纸合集\妄想天使\千夏.png,https://act-upload.mihoyo.com/nap-obc-indep/2026/01/30/73751405/94fec4410430a58315140be50e5d5ba4_1610728708288976099.png,,,
wallpapers,wallpapers|689|1606|南宫羽|https://act-upload.mihoyo.com/nap-obc-indep/2026/01/30/73751405/cadfefaee41b4b2044df7ab66aa7654a_661295199426083038.png,阵营壁纸合集,妄想天使,689,1606,南宫羽,南宫羽.png,壁纸合集\阵营壁纸合集\妄想天使\南宫羽.png,https://act-upload.mihoyo.com/nap-obc-indep/2026/01/30/73751405/cadfefaee41b4b2044df7ab66aa7654a_661295199426083038.png,,,
wallpapers,wallpapers|688|1560|白色情人节|https://act-upload.mihoyo.com/nap-obc-indep/2026/03/14/73751405/b795d3d2952aba2e1dbbf30d245e4a10_8559868455606401565.png,节日壁纸合集,2026年,688,1560,白色情人节,白色情人节.png,壁纸合集\节日壁纸合集\2026年\白色情人节.png,https://act-upload.mihoyo.com/nap-obc-indep/2026/03/14/73751405/b795d3d2952aba2e1dbbf30d245e4a10_8559868455606401565.png,,,
wallpapers,wallpapers|688|1560|元宵节|https://act-upload.mihoyo.com/nap-obc-indep/2026/03/03/79697369/2dcd7116e980bac6da2f90284f66165a_2254067776815004816.png,节日壁纸合集,2026年,688,1560,元宵节,元宵节.png,壁纸合集\节日壁纸合集\2026年\元宵节.png,https://act-upload.mihoyo.com/nap-obc-indep/2026/03/03/79697369/2dcd7116e980bac6da2f90284f66165a_2254067776815004816.png,,,
wallpapers,wallpapers|688|1560|除夕|https://act-upload.mihoyo.com/nap-obc-indep/2026/02/16/79697369/a126f75f4f60602d2c769e0730bea188_512719645521977362.png,节日壁纸合集,2026年,688,1560,除夕,除夕.png,壁纸合集\节日壁纸合集\2026年\除夕.png,https://act-upload.mihoyo.com/nap-obc-indep/2026/02/16/79697369/a126f75f4f60602d2c769e0730bea188_512719645521977362.png,,,
wallpapers,wallpapers|688|1560|情人节|https://act-upload.mihoyo.com/nap-obc-indep/2026/02/14/15559334/dd88d4e83dd8399c65f0ee4e934421a3_4839848051001647177.jpg,节日壁纸合集,2026年,688,1560,情人节,情人节.jpg,壁纸合集\节日壁纸合集\2026年\情人节.jpg,https://act-upload.mihoyo.com/nap-obc-indep/2026/02/14/15559334/dd88d4e83dd8399c65f0ee4e934421a3_4839848051001647177.jpg,,,
wallpapers,wallpapers|688|1560|元旦|https://act-upload.mihoyo.com/nap-obc-indep/2026/01/01/73751405/7a044b3348af5491d3e022000d6269cb_5368777798382844588.png,节日壁纸合集,2026年,688,1560,元旦,元旦.png,壁纸合集\节日壁纸合集\2026年\元旦.png,https://act-upload.mihoyo.com/nap-obc-indep/2026/01/01/73751405/7a044b3348af5491d3e022000d6269cb_5368777798382844588.png,,,
wallpapers,wallpapers|688|1559|万圣节|https://act-upload.mihoyo.com/nap-obc-indep/2026/01/01/73751405/819f36f0c8122fdb80e240d863ad9667_8679047424173324941.jpeg,节日壁纸合集,2025年,688,1559,万圣节,万圣节.jpeg,壁纸合集\节日壁纸合集\2025年\万圣节.jpeg,https://act-upload.mihoyo.com/nap-obc-indep/2026/01/01/73751405/819f36f0c8122fdb80e240d863ad9667_8679047424173324941.jpeg,,,
wallpapers,wallpapers|688|1559|中秋节|https://act-upload.mihoyo.com/nap-obc-indep/2026/01/01/73751405/4cad17449f83cef580ebad6b4a7e5385_7518371881367828416.png,节日壁纸合集,2025年,688,1559,中秋节,中秋节.png,壁纸合集\节日壁纸合集\2025年\中秋节.png,https://act-upload.mihoyo.com/nap-obc-indep/2026/01/01/73751405/4cad17449f83cef580ebad6b4a7e5385_7518371881367828416.png,,,
wallpapers,wallpapers|688|1559|端午|https://act-upload.mihoyo.com/nap-obc-indep/2026/01/01/73751405/841d33796618a25a9ec026229dbc2b87_5293301280299204030.jpg,节日壁纸合集,2025年,688,1559,端午,端午.jpg,壁纸合集\节日壁纸合集\2025年\端午.jpg,https://act-upload.mihoyo.com/nap-obc-indep/2026/01/01/73751405/841d33796618a25a9ec026229dbc2b87_5293301280299204030.jpg,,,
wallpapers,wallpapers|688|1559|劳动节|https://act-upload.mihoyo.com/nap-obc-indep/2026/01/01/73751405/e08ff3a4968d377ebbc93469576a498a_4710166903983832935.jpg,节日壁纸合集,2025年,688,1559,劳动节,劳动节.jpg,壁纸合集\节日壁纸合集\2025年\劳动节.jpg,https://act-upload.mihoyo.com/nap-obc-indep/2026/01/01/73751405/e08ff3a4968d377ebbc93469576a498a_4710166903983832935.jpg,,,
wallpapers,wallpapers|688|1559|情人节|https://act-upload.mihoyo.com/nap-obc-indep/2026/01/01/73751405/22a0344d8408ce8815801e9d487033d3_4580226899210374098.jpg,节日壁纸合集,2025年,688,1559,情人节,情人节.jpg,壁纸合集\节日壁纸合集\2025年\情人节.jpg,https://act-upload.mihoyo.com/nap-obc-indep/2026/01/01/73751405/22a0344d8408ce8815801e9d487033d3_4580226899210374098.jpg,,,
wallpapers,wallpapers|688|1559|元宵|https://act-upload.mihoyo.com/nap-obc-indep/2026/01/01/73751405/4e6353bf07b3fef5ea74f23e51ee1d2e_399707929365302445.png,节日壁纸合集,2025年,688,1559,元宵,元宵.png,壁纸合集\节日壁纸合集\2025年\元宵.png,https://act-upload.mihoyo.com/nap-obc-indep/2026/01/01/73751405/4e6353bf07b3fef5ea74f23e51ee1d2e_399707929365302445.png,,,
wallpapers,wallpapers|688|1559|除夕2|https://act-upload.mihoyo.com/nap-obc-indep/2026/01/01/73751405/1231f947bb298ce8c66d38363c4ae21e_5931284711526374990.png,节日壁纸合集,2025年,688,1559,除夕2,除夕2.png,壁纸合集\节日壁纸合集\2025年\除夕2.png,https://act-upload.mihoyo.com/nap-obc-indep/2026/01/01/73751405/1231f947bb298ce8c66d38363c4ae21e_5931284711526374990.png,,,
wallpapers,wallpapers|688|1559|除夕1|https://act-upload.mihoyo.com/nap-obc-indep/2026/01/01/73751405/127db3ddcd9198c544280cf344fefa2b_2760867041337435186.jpg,节日壁纸合集,2025年,688,1559,除夕1,除夕1.jpg,壁纸合集\节日壁纸合集\2025年\除夕1.jpg,https://act-upload.mihoyo.com/nap-obc-indep/2026/01/01/73751405/127db3ddcd9198c544280cf344fefa2b_2760867041337435186.jpg,,,
wallpapers,wallpapers|688|1559|元旦|https://act-upload.mihoyo.com/nap-obc-indep/2026/01/01/73751405/5c8548de69a8dcfc12804b41376b518e_3771702846681444305.jpg,节日壁纸合集,2025年,688,1559,元旦,元旦.jpg,壁纸合集\节日壁纸合集\2025年\元旦.jpg,https://act-upload.mihoyo.com/nap-obc-indep/2026/01/01/73751405/5c8548de69a8dcfc12804b41376b518e_3771702846681444305.jpg,,,
wallpapers,wallpapers|688|800|圣诞节|https://act-upload.mihoyo.com/nap-obc-indep/2025/01/01/73751405/51a67b23586c9f80a7f7d458fc7d444c_3742031641422046679.jpg,节日壁纸合集,2024年,688,800,圣诞节,圣诞节.jpg,壁纸合集\节日壁纸合集\2024年\圣诞节.jpg,https://act-upload.mihoyo.com/nap-obc-indep/2025/01/01/73751405/51a67b23586c9f80a7f7d458fc7d444c_3742031641422046679.jpg,,,
wallpapers,wallpapers|688|800|冬至|https://act-upload.mihoyo.com/nap-obc-indep/2025/01/01/73751405/eb92bd6fa191bd677448d3d8d161ba58_4701953775988720300.jpg,节日壁纸合集,2024年,688,800,冬至,冬至.jpg,壁纸合集\节日壁纸合集\2024年\冬至.jpg,https://act-upload.mihoyo.com/nap-obc-indep/2025/01/01/73751405/eb92bd6fa191bd677448d3d8d161ba58_4701953775988720300.jpg,,,
wallpapers,wallpapers|688|800|万圣节贺图1|https://act-upload.mihoyo.com/nap-obc-indep/2025/01/01/73751405/ef2e0823bd213f2006f0787d0c871f1f_5913290680613654452.jpg,节日壁纸合集,2024年,688,800,万圣节贺图1,万圣节贺图1.jpg,壁纸合集\节日壁纸合集\2024年\万圣节贺图1.jpg,https://act-upload.mihoyo.com/nap-obc-indep/2025/01/01/73751405/ef2e0823bd213f2006f0787d0c871f1f_5913290680613654452.jpg,,,
wallpapers,wallpapers|688|800|万圣节贺图2|https://act-upload.mihoyo.com/nap-obc-indep/2025/01/01/73751405/e5b9511880b2b77344c296cc432e6fba_8705149462508801412.jpg,节日壁纸合集,2024年,688,800,万圣节贺图2,万圣节贺图2.jpg,壁纸合集\节日壁纸合集\2024年\万圣节贺图2.jpg,https://act-upload.mihoyo.com/nap-obc-indep/2025/01/01/73751405/e5b9511880b2b77344c296cc432e6fba_8705149462508801412.jpg,,,
wallpapers,wallpapers|688|800|万圣节贺图3|https://act-upload.mihoyo.com/nap-obc-indep/2025/01/01/73751405/ba2047924a883682231a9f1d46c7f2d6_1133280119832260495.jpg,节日壁纸合集,2024年,688,800,万圣节贺图3,万圣节贺图3.jpg,壁纸合集\节日壁纸合集\2024年\万圣节贺图3.jpg,https://act-upload.mihoyo.com/nap-obc-indep/2025/01/01/73751405/ba2047924a883682231a9f1d46c7f2d6_1133280119832260495.jpg,,,
wallpapers,wallpapers|688|800|万圣节贺图4|https://act-upload.mihoyo.com/nap-obc-indep/2025/01/01/73751405/ae0fba5cbc6aa64a4691b540ef5f03a7_4020843227753726234.jpg,节日壁纸合集,2024年,688,800,万圣节贺图4,万圣节贺图4.jpg,壁纸合集\节日壁纸合集\2024年\万圣节贺图4.jpg,https://act-upload.mihoyo.com/nap-obc-indep/2025/01/01/73751405/ae0fba5cbc6aa64a4691b540ef5f03a7_4020843227753726234.jpg,,,
wallpapers,wallpapers|688|800|万圣节贺图5|https://act-upload.mihoyo.com/nap-obc-indep/2025/01/01/73751405/dfeec739732d1fc0a76814c5ca9243a5_2326745960416636824.jpg,节日壁纸合集,2024年,688,800,万圣节贺图5,万圣节贺图5.jpg,壁纸合集\节日壁纸合集\2024年\万圣节贺图5.jpg,https://act-upload.mihoyo.com/nap-obc-indep/2025/01/01/73751405/dfeec739732d1fc0a76814c5ca9243a5_2326745960416636824.jpg,,,
wallpapers,wallpapers|688|800|万圣节贺图6|https://act-upload.mihoyo.com/nap-obc-indep/2025/01/01/73751405/67859332015ebbd5a4e8e5fd27af2ff5_697736893276345144.jpg,节日壁纸合集,2024年,688,800,万圣节贺图6,万圣节贺图6.jpg,壁纸合集\节日壁纸合集\2024年\万圣节贺图6.jpg,https://act-upload.mihoyo.com/nap-obc-indep/2025/01/01/73751405/67859332015ebbd5a4e8e5fd27af2ff5_697736893276345144.jpg,,,
wallpapers,wallpapers|688|800|万圣节贺图7|https://act-upload.mihoyo.com/nap-obc-indep/2025/01/01/73751405/8ba6c4e7b8f248f178a3747da1bfed0f_8289711194394789280.jpg,节日壁纸合集,2024年,688,800,万圣节贺图7,万圣节贺图7.jpg,壁纸合集\节日壁纸合集\2024年\万圣节贺图7.jpg,https://act-upload.mihoyo.com/nap-obc-indep/2025/01/01/73751405/8ba6c4e7b8f248f178a3747da1bfed0f_8289711194394789280.jpg,,,
wallpapers,wallpapers|688|800|秋分|https://act-upload.mihoyo.com/nap-obc-indep/2025/01/01/73751405/17a7e181229a6ce1b83be6eb8496b047_4237918413671400611.jpg,节日壁纸合集,2024年,688,800,秋分,秋分.jpg,壁纸合集\节日壁纸合集\2024年\秋分.jpg,https://act-upload.mihoyo.com/nap-obc-indep/2025/01/01/73751405/17a7e181229a6ce1b83be6eb8496b047_4237918413671400611.jpg,,,
wallpapers,wallpapers|688|800|中秋|https://act-upload.mihoyo.com/nap-obc-indep/2025/01/01/73751405/835e8807a4ff2cf10a7b7d8003b788e0_719780653768642307.jpg,节日壁纸合集,2024年,688,800,中秋,中秋.jpg,壁纸合集\节日壁纸合集\2024年\中秋.jpg,https://act-upload.mihoyo.com/nap-obc-indep/2025/01/01/73751405/835e8807a4ff2cf10a7b7d8003b788e0_719780653768642307.jpg,,,
wallpapers,wallpapers|688|800|夏至|https://act-upload.mihoyo.com/nap-obc-indep/2025/01/01/73751405/42ee07ce3bb41c1c264af34739eef059_4572610618347979337.jpeg,节日壁纸合集,2024年,688,800,夏至,夏至.jpeg,壁纸合集\节日壁纸合集\2024年\夏至.jpeg,https://act-upload.mihoyo.com/nap-obc-indep/2025/01/01/73751405/42ee07ce3bb41c1c264af34739eef059_4572610618347979337.jpeg,,,
wallpapers,wallpapers|688|800|端午|https://act-upload.mihoyo.com/nap-obc-indep/2025/01/01/73751405/d8307316c9e15cdc6eb62ce6b64b8169_4322220181172086663.png,节日壁纸合集,2024年,688,800,端午,端午.png,壁纸合集\节日壁纸合集\2024年\端午.png,https://act-upload.mihoyo.com/nap-obc-indep/2025/01/01/73751405/d8307316c9e15cdc6eb62ce6b64b8169_4322220181172086663.png,,,
wallpapers,wallpapers|688|800|劳动节|https://act-upload.mihoyo.com/nap-obc-indep/2025/01/01/73751405/41748b9c0fd8a32be7faaec55d16f16f_1201108000210808604.jpeg,节日壁纸合集,2024年,688,800,劳动节,劳动节.jpeg,壁纸合集\节日壁纸合集\2024年\劳动节.jpeg,https://act-upload.mihoyo.com/nap-obc-indep/2025/01/01/73751405/41748b9c0fd8a32be7faaec55d16f16f_1201108000210808604.jpeg,,,
wallpapers,wallpapers|688|800|踏春|https://act-upload.mihoyo.com/nap-obc-indep/2025/01/01/73751405/bd15a0f4e3655c372eb04bdeb1627036_8133521166885083126.jpeg,节日壁纸合集,2024年,688,800,踏春,踏春.jpeg,壁纸合集\节日壁纸合集\2024年\踏春.jpeg,https://act-upload.mihoyo.com/nap-obc-indep/2025/01/01/73751405/bd15a0f4e3655c372eb04bdeb1627036_8133521166885083126.jpeg,,,
wallpapers,wallpapers|688|800|元宵|https://act-upload.mihoyo.com/nap-obc-indep/2025/01/01/73751405/0590326178070d03b6686140b9c70e32_6776219040282981988.png,节日壁纸合集,2024年,688,800,元宵,元宵.png,壁纸合集\节日壁纸合集\2024年\元宵.png,https://act-upload.mihoyo.com/nap-obc-indep/2025/01/01/73751405/0590326178070d03b6686140b9c70e32_6776219040282981988.png,,,
wallpapers,wallpapers|688|800|白色情人节|https://act-upload.mihoyo.com/nap-obc-indep/2025/01/01/73751405/68f4f87bd46d5e7f43d0d48c565cdbf6_4026537989267265230.png,节日壁纸合集,2024年,688,800,白色情人节,白色情人节.png,壁纸合集\节日壁纸合集\2024年\白色情人节.png,https://act-upload.mihoyo.com/nap-obc-indep/2025/01/01/73751405/68f4f87bd46d5e7f43d0d48c565cdbf6_4026537989267265230.png,,,
wallpapers,wallpapers|688|800|情人节|https://act-upload.mihoyo.com/nap-obc-indep/2025/01/01/73751405/1412697bd4c4548ac121dfd289dd1e25_3603750566214305992.png,节日壁纸合集,2024年,688,800,情人节,情人节.png,壁纸合集\节日壁纸合集\2024年\情人节.png,https://act-upload.mihoyo.com/nap-obc-indep/2025/01/01/73751405/1412697bd4c4548ac121dfd289dd1e25_3603750566214305992.png,,,
wallpapers,wallpapers|688|800|春节|https://act-upload.mihoyo.com/nap-obc-indep/2025/01/01/73751405/bec29098f2784ba7bc1bc5288a4bd5c6_2181164835475828123.png,节日壁纸合集,2024年,688,800,春节,春节.png,壁纸合集\节日壁纸合集\2024年\春节.png,https://act-upload.mihoyo.com/nap-obc-indep/2025/01/01/73751405/bec29098f2784ba7bc1bc5288a4bd5c6_2181164835475828123.png,,,
wallpapers,wallpapers|688|800|新年|https://act-upload.mihoyo.com/nap-obc-indep/2025/01/01/73751405/506628c297387e019a4607ed8efcaecf_3258747297544952179.png,节日壁纸合集,2024年,688,800,新年,新年.png,壁纸合集\节日壁纸合集\2024年\新年.png,https://act-upload.mihoyo.com/nap-obc-indep/2025/01/01/73751405/506628c297387e019a4607ed8efcaecf_3258747297544952179.png,,,
wallpapers,wallpapers|688|344|新年|https://act-upload.mihoyo.com/nap-obc-indep/2024/08/06/15559334/e073c00bbefe9f2a975826c30f488d9b_2406790588561790858.png,节日壁纸合集,2023年,688,344,新年,新年.png,壁纸合集\节日壁纸合集\2023年\新年.png,https://act-upload.mihoyo.com/nap-obc-indep/2024/08/06/15559334/e073c00bbefe9f2a975826c30f488d9b_2406790588561790858.png,,,
wallpapers,wallpapers|688|344|春节|https://act-upload.mihoyo.com/nap-obc-indep/2024/08/06/15559334/068908f6896b048199d19f0e4556f2ee_5560747651653948823.png,节日壁纸合集,2023年,688,344,春节,春节.png,壁纸合集\节日壁纸合集\2023年\春节.png,https://act-upload.mihoyo.com/nap-obc-indep/2024/08/06/15559334/068908f6896b048199d19f0e4556f2ee_5560747651653948823.png,,,
wallpapers,wallpapers|688|344|元宵|https://act-upload.mihoyo.com/nap-obc-indep/2024/08/06/15559334/c12e866216d0d1b641dceb50739f2ccc_4525090896228356574.png,节日壁纸合集,2023年,688,344,元宵,元宵.png,壁纸合集\节日壁纸合集\2023年\元宵.png,https://act-upload.mihoyo.com/nap-obc-indep/2024/08/06/15559334/c12e866216d0d1b641dceb50739f2ccc_4525090896228356574.png,,,
wallpapers,wallpapers|688|344|情人节1|https://act-upload.mihoyo.com/nap-obc-indep/2024/08/06/15559334/be4527c277284eb2966c1b23fa40b978_974694213378925985.png,节日壁纸合集,2023年,688,344,情人节1,情人节1.png,壁纸合集\节日壁纸合集\2023年\情人节1.png,https://act-upload.mihoyo.com/nap-obc-indep/2024/08/06/15559334/be4527c277284eb2966c1b23fa40b978_974694213378925985.png,,,
wallpapers,wallpapers|688|344|情人节2|https://act-upload.mihoyo.com/nap-obc-indep/2024/08/06/15559334/df6587887871541c7450598276798502_6534910790863573805.png,节日壁纸合集,2023年,688,344,情人节2,情人节2.png,壁纸合集\节日壁纸合集\2023年\情人节2.png,https://act-upload.mihoyo.com/nap-obc-indep/2024/08/06/15559334/df6587887871541c7450598276798502_6534910790863573805.png,,,
wallpapers,wallpapers|688|344|白色情人节1|https://act-upload.mihoyo.com/nap-obc-indep/2024/08/06/15559334/a15b3af9937f82610b66af5fec420260_9061445584204060913.png,节日壁纸合集,2023年,688,344,白色情人节1,白色情人节1.png,壁纸合集\节日壁纸合集\2023年\白色情人节1.png,https://act-upload.mihoyo.com/nap-obc-indep/2024/08/06/15559334/a15b3af9937f82610b66af5fec420260_9061445584204060913.png,,,
wallpapers,wallpapers|688|344|白色情人节2|https://act-upload.mihoyo.com/nap-obc-indep/2024/08/06/15559334/5bbf21f1366c846ab1cf42000d320453_7839824369431213452.png,节日壁纸合集,2023年,688,344,白色情人节2,白色情人节2.png,壁纸合集\节日壁纸合集\2023年\白色情人节2.png,https://act-upload.mihoyo.com/nap-obc-indep/2024/08/06/15559334/5bbf21f1366c846ab1cf42000d320453_7839824369431213452.png,,,
wallpapers,wallpapers|688|344|踏春|https://act-upload.mihoyo.com/nap-obc-indep/2024/08/06/15559334/fd4f612da3d919ecb39beee2652ed2a5_7898976827340947651.png,节日壁纸合集,2023年,688,344,踏春,踏春.png,壁纸合集\节日壁纸合集\2023年\踏春.png,https://act-upload.mihoyo.com/nap-obc-indep/2024/08/06/15559334/fd4f612da3d919ecb39beee2652ed2a5_7898976827340947651.png,,,
wallpapers,wallpapers|688|344|劳动节|https://act-upload.mihoyo.com/nap-obc-indep/2024/08/06/15559334/b09a63ec112bbe8ccbea54e669716485_7728381816146957864.png,节日壁纸合集,2023年,688,344,劳动节,劳动节.png,壁纸合集\节日壁纸合集\2023年\劳动节.png,https://act-upload.mihoyo.com/nap-obc-indep/2024/08/06/15559334/b09a63ec112bbe8ccbea54e669716485_7728381816146957864.png,,,
wallpapers,wallpapers|688|344|夏至|https://act-upload.mihoyo.com/nap-obc-indep/2024/08/06/15559334/d37df9e86188ffbcc964b23f412ceb59_336213521012999259.png,节日壁纸合集,2023年,688,344,夏至,夏至.png,壁纸合集\节日壁纸合集\2023年\夏至.png,https://act-upload.mihoyo.com/nap-obc-indep/2024/08/06/15559334/d37df9e86188ffbcc964b23f412ceb59_336213521012999259.png,,,
wallpapers,wallpapers|688|344|端午|https://act-upload.mihoyo.com/nap-obc-indep/2024/08/06/15559334/401bf119d131b64977fbea80db7b1ba0_5732608563264121024.png,节日壁纸合集,2023年,688,344,端午,端午.png,壁纸合集\节日壁纸合集\2023年\端午.png,https://act-upload.mihoyo.com/nap-obc-indep/2024/08/06/15559334/401bf119d131b64977fbea80db7b1ba0_5732608563264121024.png,,,
wallpapers,wallpapers|688|344|中秋|https://act-upload.mihoyo.com/nap-obc-indep/2024/08/06/15559334/d6e0a442753b63e47bb81ea9f610a4da_3293057859155170454.jpg,节日壁纸合集,2023年,688,344,中秋,中秋.jpg,壁纸合集\节日壁纸合集\2023年\中秋.jpg,https://act-upload.mihoyo.com/nap-obc-indep/2024/08/06/15559334/d6e0a442753b63e47bb81ea9f610a4da_3293057859155170454.jpg,,,
wallpapers,wallpapers|688|344|秋分|https://act-upload.mihoyo.com/nap-obc-indep/2024/08/06/15559334/ff8bbe42e50173420fc96cb9860d3f89_5941724754908263165.png,节日壁纸合集,2023年,688,344,秋分,秋分.png,壁纸合集\节日壁纸合集\2023年\秋分.png,https://act-upload.mihoyo.com/nap-obc-indep/2024/08/06/15559334/ff8bbe42e50173420fc96cb9860d3f89_5941724754908263165.png,,,
wallpapers,wallpapers|688|344|冬至|https://act-upload.mihoyo.com/nap-obc-indep/2024/08/06/15559334/9167121907f2a3cd5f923d14b6670315_4195107501459351275.png,节日壁纸合集,2023年,688,344,冬至,冬至.png,壁纸合集\节日壁纸合集\2023年\冬至.png,https://act-upload.mihoyo.com/nap-obc-indep/2024/08/06/15559334/9167121907f2a3cd5f923d14b6670315_4195107501459351275.png,,,
wallpapers,wallpapers|688|344|圣诞节|https://act-upload.mihoyo.com/nap-obc-indep/2024/08/06/15559334/630235ac64e44e5dc31b4d0376c1e6b8_2750415130582964993.png,节日壁纸合集,2023年,688,344,圣诞节,圣诞节.png,壁纸合集\节日壁纸合集\2023年\圣诞节.png,https://act-upload.mihoyo.com/nap-obc-indep/2024/08/06/15559334/630235ac64e44e5dc31b4d0376c1e6b8_2750415130582964993.png,,,
wallpapers,wallpapers|688|343|端午|https://act-upload.mihoyo.com/nap-obc-indep/2024/08/09/76099754/2161449d77be35466efc17de69322261_4972659609839676875.png,节日壁纸合集,2022年,688,343,端午,端午.png,壁纸合集\节日壁纸合集\2022年\端午.png,https://act-upload.mihoyo.com/nap-obc-indep/2024/08/09/76099754/2161449d77be35466efc17de69322261_4972659609839676875.png,,,
wallpapers,wallpapers|688|343|中秋|https://act-upload.mihoyo.com/nap-obc-indep/2024/08/09/76099754/df3111279287a260fc05c3a0b15367f6_6990590518810970334.png,节日壁纸合集,2022年,688,343,中秋,中秋.png,壁纸合集\节日壁纸合集\2022年\中秋.png,https://act-upload.mihoyo.com/nap-obc-indep/2024/08/09/76099754/df3111279287a260fc05c3a0b15367f6_6990590518810970334.png,,,
wallpapers,wallpapers|688|343|万圣节|https://act-upload.mihoyo.com/nap-obc-indep/2024/08/09/76099754/3b0597bc6aa7d304a4ee6d6fb4028f2f_8795592314777232274.jpg,节日壁纸合集,2022年,688,343,万圣节,万圣节.jpg,壁纸合集\节日壁纸合集\2022年\万圣节.jpg,https://act-upload.mihoyo.com/nap-obc-indep/2024/08/09/76099754/3b0597bc6aa7d304a4ee6d6fb4028f2f_8795592314777232274.jpg,,,
wallpapers,wallpapers|688|343|圣诞节|https://act-upload.mihoyo.com/nap-obc-indep/2024/08/09/76099754/3c438c6ed2a57266308899d4d03b7b50_3671927519629567500.jpg,节日壁纸合集,2022年,688,343,圣诞节,圣诞节.jpg,壁纸合集\节日壁纸合集\2022年\圣诞节.jpg,https://act-upload.mihoyo.com/nap-obc-indep/2024/08/09/76099754/3c438c6ed2a57266308899d4d03b7b50_3671927519629567500.jpg,,,
wallpapers,wallpapers|685|339|调律测试1|https://act-upload.mihoyo.com/nap-obc-indep/2024/08/06/15559334/4d483e74ea3513187169277337499918_4507641561343672744.png,活动壁纸合集,测试壁纸,685,339,调律测试1,调律测试1.png,壁纸合集\活动壁纸合集\测试壁纸\调律测试1.png,https://act-upload.mihoyo.com/nap-obc-indep/2024/08/06/15559334/4d483e74ea3513187169277337499918_4507641561343672744.png,,,
wallpapers,wallpapers|685|339|调律测试2|https://act-upload.mihoyo.com/nap-obc-indep/2024/08/07/160132993/a46e7044b2017147d1bd424f9bed585b_2562368609541598453.png,活动壁纸合集,测试壁纸,685,339,调律测试2,调律测试2.png,壁纸合集\活动壁纸合集\测试壁纸\调律测试2.png,https://act-upload.mihoyo.com/nap-obc-indep/2024/08/07/160132993/a46e7044b2017147d1bd424f9bed585b_2562368609541598453.png,,,
wallpapers,wallpapers|685|339|调律测试3|https://act-upload.mihoyo.com/nap-obc-indep/2024/08/06/76552937/d96f9a34b001a372971762ad88ff624f_2307411996615303147.jpg,活动壁纸合集,测试壁纸,685,339,调律测试3,调律测试3.jpg,壁纸合集\活动壁纸合集\测试壁纸\调律测试3.jpg,https://act-upload.mihoyo.com/nap-obc-indep/2024/08/06/76552937/d96f9a34b001a372971762ad88ff624f_2307411996615303147.jpg,,,
wallpapers,wallpapers|685|339|降噪测试1|https://act-upload.mihoyo.com/nap-obc-indep/2024/08/06/15559334/fc379052dcbbb66821597d06e51ae8e3_7241850659164011652.jpg,活动壁纸合集,测试壁纸,685,339,降噪测试1,降噪测试1.jpg,壁纸合集\活动壁纸合集\测试壁纸\降噪测试1.jpg,https://act-upload.mihoyo.com/nap-obc-indep/2024/08/06/15559334/fc379052dcbbb66821597d06e51ae8e3_7241850659164011652.jpg,,,
wallpapers,wallpapers|685|339|降噪测试2|https://act-upload.mihoyo.com/nap-obc-indep/2024/08/05/15559334/77cfa1ac2e8ca7a92028c9891febba48_1387313369711524704.jpeg,活动壁纸合集,测试壁纸,685,339,降噪测试2,降噪测试2.jpeg,壁纸合集\活动壁纸合集\测试壁纸\降噪测试2.jpeg,https://act-upload.mihoyo.com/nap-obc-indep/2024/08/05/15559334/77cfa1ac2e8ca7a92028c9891febba48_1387313369711524704.jpeg,,,
wallpapers,wallpapers|685|339|降噪测试3|https://act-upload.mihoyo.com/nap-obc-indep/2024/08/06/15559334/b4d55383016137324a620163d1191447_8034182787896548575.jpg,活动壁纸合集,测试壁纸,685,339,降噪测试3,降噪测试3.jpg,壁纸合集\活动壁纸合集\测试壁纸\降噪测试3.jpg,https://act-upload.mihoyo.com/nap-obc-indep/2024/08/06/15559334/b4d55383016137324a620163d1191447_8034182787896548575.jpg,,,
wallpapers,wallpapers|685|339|喧响测试|https://act-upload.mihoyo.com/nap-obc-indep/2024/08/06/15559334/7aadd265b3370296971d71c9ea79c854_2800466420307953785.jpg,活动壁纸合集,测试壁纸,685,339,喧响测试,喧响测试.jpg,壁纸合集\活动壁纸合集\测试壁纸\喧响测试.jpg,https://act-upload.mihoyo.com/nap-obc-indep/2024/08/06/15559334/7aadd265b3370296971d71c9ea79c854_2800466420307953785.jpg,,,
wallpapers,wallpapers|685|340|国际服推100万关注贺图|https://act-upload.mihoyo.com/nap-obc-indep/2025/12/24/160132993/8abb8ed9ce31cb08c4fa46db15aab725_8139612725358439092.png,活动壁纸合集,其他活动,685,340,国际服推100万关注贺图,国际服推100万关注贺图.png,壁纸合集\活动壁纸合集\其他活动\国际服推100万关注贺图.png,https://act-upload.mihoyo.com/nap-obc-indep/2025/12/24/160132993/8abb8ed9ce31cb08c4fa46db15aab725_8139612725358439092.png,,,
wallpapers,wallpapers|685|340|海外年度电影节-印尼|https://act-upload.mihoyo.com/nap-obc-indep/2025/06/04/160132993/493ea1aa16ab07f4245d4fe9f95d2439_6447520572264144456.jpg,活动壁纸合集,其他活动,685,340,海外年度电影节-印尼,海外年度电影节-印尼.jpg,壁纸合集\活动壁纸合集\其他活动\海外年度电影节-印尼.jpg,https://act-upload.mihoyo.com/nap-obc-indep/2025/06/04/160132993/493ea1aa16ab07f4245d4fe9f95d2439_6447520572264144456.jpg,,,
wallpapers,wallpapers|685|340|海外年度电影节-菲律宾|https://act-upload.mihoyo.com/nap-obc-indep/2025/06/04/160132993/103189528e390f7b97a92bf61fb0e8ee_4806511037871999806.jpg,活动壁纸合集,其他活动,685,340,海外年度电影节-菲律宾,海外年度电影节-菲律宾.jpg,壁纸合集\活动壁纸合集\其他活动\海外年度电影节-菲律宾.jpg,https://act-upload.mihoyo.com/nap-obc-indep/2025/06/04/160132993/103189528e390f7b97a92bf61fb0e8ee_4806511037871999806.jpg,,,
wallpapers,wallpapers|685|340|海外年度电影节-马来西亚|https://act-upload.mihoyo.com/nap-obc-indep/2025/06/04/160132993/8302c1fc29263629471c979dfae47504_7733068201627633142.jpg,活动壁纸合集,其他活动,685,340,海外年度电影节-马来西亚,海外年度电影节-马来西亚.jpg,壁纸合集\活动壁纸合集\其他活动\海外年度电影节-马来西亚.jpg,https://act-upload.mihoyo.com/nap-obc-indep/2025/06/04/160132993/8302c1fc29263629471c979dfae47504_7733068201627633142.jpg,,,
wallpapers,wallpapers|685|340|浅羽悠真anan封面4|https://act-upload.mihoyo.com/nap-obc-indep/2024/12/26/73751405/3b64f647ea078ca5c8bf9b201240b6a6_942488533825683457.jpg,活动壁纸合集,其他活动,685,340,浅羽悠真anan封面4,浅羽悠真anan封面4.jpg,壁纸合集\活动壁纸合集\其他活动\浅羽悠真anan封面4.jpg,https://act-upload.mihoyo.com/nap-obc-indep/2024/12/26/73751405/3b64f647ea078ca5c8bf9b201240b6a6_942488533825683457.jpg,,,
wallpapers,wallpapers|685|340|浅羽悠真anan封面3|https://act-upload.mihoyo.com/nap-obc-indep/2024/12/26/73751405/c91113c3cca3388b5e606cf810a13015_3017253033593808879.jpg,活动壁纸合集,其他活动,685,340,浅羽悠真anan封面3,浅羽悠真anan封面3.jpg,壁纸合集\活动壁纸合集\其他活动\浅羽悠真anan封面3.jpg,https://act-upload.mihoyo.com/nap-obc-indep/2024/12/26/73751405/c91113c3cca3388b5e606cf810a13015_3017253033593808879.jpg,,,
wallpapers,wallpapers|685|340|浅羽悠真anan封面2|https://act-upload.mihoyo.com/nap-obc-indep/2024/12/26/73751405/a413111412b93c6aff9a7b5a89d57f1a_6534096703267763455.jpg,活动壁纸合集,其他活动,685,340,浅羽悠真anan封面2,浅羽悠真anan封面2.jpg,壁纸合集\活动壁纸合集\其他活动\浅羽悠真anan封面2.jpg,https://act-upload.mihoyo.com/nap-obc-indep/2024/12/26/73751405/a413111412b93c6aff9a7b5a89d57f1a_6534096703267763455.jpg,,,
wallpapers,wallpapers|685|340|浅羽悠真anan封面1|https://act-upload.mihoyo.com/nap-obc-indep/2024/12/26/73751405/65e566c4575234d1dfada96f2cce5e0b_9159054880279187383.jpg,活动壁纸合集,其他活动,685,340,浅羽悠真anan封面1,浅羽悠真anan封面1.jpg,壁纸合集\活动壁纸合集\其他活动\浅羽悠真anan封面1.jpg,https://act-upload.mihoyo.com/nap-obc-indep/2024/12/26/73751405/65e566c4575234d1dfada96f2cce5e0b_9159054880279187383.jpg,,,
wallpapers,wallpapers|685|340|虚拟偶像|https://act-upload.mihoyo.com/nap-obc-indep/2024/08/05/15559334/f8a502e4836f0ff2b237abf0cd369e74_5094178454486948505.jpeg,活动壁纸合集,其他活动,685,340,虚拟偶像,虚拟偶像.jpeg,壁纸合集\活动壁纸合集\其他活动\虚拟偶像.jpeg,https://act-upload.mihoyo.com/nap-obc-indep/2024/08/05/15559334/f8a502e4836f0ff2b237abf0cd369e74_5094178454486948505.jpeg,,,
wallpapers,wallpapers|685|340|2000万预约贺图|https://act-upload.mihoyo.com/nap-obc-indep/2024/08/05/15559334/c76da033744dbcaa93e1c72a4c845222_6021281763881175277.png,活动壁纸合集,其他活动,685,340,2000万预约贺图,2000万预约贺图.png,壁纸合集\活动壁纸合集\其他活动\2000万预约贺图.png,https://act-upload.mihoyo.com/nap-obc-indep/2024/08/05/15559334/c76da033744dbcaa93e1c72a4c845222_6021281763881175277.png,,,
wallpapers,wallpapers|685|340|1000万预约贺图|https://act-upload.mihoyo.com/nap-obc-indep/2024/08/06/15559334/20ad006594ffa9ffc0a2470a72b3e361_5262897566411414560.png,活动壁纸合集,其他活动,685,340,1000万预约贺图,1000万预约贺图.png,壁纸合集\活动壁纸合集\其他活动\1000万预约贺图.png,https://act-upload.mihoyo.com/nap-obc-indep/2024/08/06/15559334/20ad006594ffa9ffc0a2470a72b3e361_5262897566411414560.png,,,
wallpapers,wallpapers|685|340|3000万预约贺图|https://act-upload.mihoyo.com/nap-obc-indep/2024/08/06/15559334/733b2291299d5403f7c12c71f3cb82a9_5787194204195073575.jpg,活动壁纸合集,其他活动,685,340,3000万预约贺图,3000万预约贺图.jpg,壁纸合集\活动壁纸合集\其他活动\3000万预约贺图.jpg,https://act-upload.mihoyo.com/nap-obc-indep/2024/08/06/15559334/733b2291299d5403f7c12c71f3cb82a9_5787194204195073575.jpg,,,
wallpapers,wallpapers|685|340|4000万预约贺图|https://act-upload.mihoyo.com/nap-obc-indep/2024/08/05/15559334/f4e16bdfc387e66840c237b25a3a2f1f_3107135351270954322.png,活动壁纸合集,其他活动,685,340,4000万预约贺图,4000万预约贺图.png,壁纸合集\活动壁纸合集\其他活动\4000万预约贺图.png,https://act-upload.mihoyo.com/nap-obc-indep/2024/08/05/15559334/f4e16bdfc387e66840c237b25a3a2f1f_3107135351270954322.png,,,
wallpapers,wallpapers|685|340|B站300万粉丝贺图|https://act-upload.mihoyo.com/nap-obc-indep/2024/08/06/15559334/8d14f5cd5df3399322822268ca0408d2_5165686697768530411.jpg,活动壁纸合集,其他活动,685,340,B站300万粉丝贺图,B站300万粉丝贺图.jpg,壁纸合集\活动壁纸合集\其他活动\B站300万粉丝贺图.jpg,https://act-upload.mihoyo.com/nap-obc-indep/2024/08/06/15559334/8d14f5cd5df3399322822268ca0408d2_5165686697768530411.jpg,,,
wallpapers,wallpapers|685|340|B站500万粉丝贺图|https://act-upload.mihoyo.com/nap-obc-indep/2024/08/06/15559334/e8ea76b1f7d3101fa65544e8ee5c4c88_7483306783449716420.jpg,活动壁纸合集,其他活动,685,340,B站500万粉丝贺图,B站500万粉丝贺图.jpg,壁纸合集\活动壁纸合集\其他活动\B站500万粉丝贺图.jpg,https://act-upload.mihoyo.com/nap-obc-indep/2024/08/06/15559334/e8ea76b1f7d3101fa65544e8ee5c4c88_7483306783449716420.jpg,,,
wallpapers,wallpapers|685|340|国际服推50万关注贺图|https://act-upload.mihoyo.com/nap-obc-indep/2024/08/06/15559334/984b6e1cbcb43cf44dc2b1f52dcf530f_4350644840843543999.jpg,活动壁纸合集,其他活动,685,340,国际服推50万关注贺图,国际服推50万关注贺图.jpg,壁纸合集\活动壁纸合集\其他活动\国际服推50万关注贺图.jpg,https://act-upload.mihoyo.com/nap-obc-indep/2024/08/06/15559334/984b6e1cbcb43cf44dc2b1f52dcf530f_4350644840843543999.jpg,,,
wallpapers,wallpapers|685|340|日推10万关注贺图|https://act-upload.mihoyo.com/nap-obc-indep/2024/08/06/15559334/4e984dfed4d24b16eaa39cc2c1ac1bcd_8813530101106664686.jpeg,活动壁纸合集,其他活动,685,340,日推10万关注贺图,日推10万关注贺图.jpeg,壁纸合集\活动壁纸合集\其他活动\日推10万关注贺图.jpeg,https://act-upload.mihoyo.com/nap-obc-indep/2024/08/06/15559334/4e984dfed4d24b16eaa39cc2c1ac1bcd_8813530101106664686.jpeg,,,
wallpapers,wallpapers|685|340|gamescom 2024特别参展视频|https://act-upload.mihoyo.com/nap-obc-indep/2024/09/06/158441880/010023fab33acf506d40bafe6c2d82bc_2437583496092767705.png,活动壁纸合集,其他活动,685,340,gamescom 2024特别参展视频,gamescom 2024特别参展视频.png,壁纸合集\活动壁纸合集\其他活动\gamescom 2024特别参展视频.png,https://act-upload.mihoyo.com/nap-obc-indep/2024/09/06/158441880/010023fab33acf506d40bafe6c2d82bc_2437583496092767705.png,,,
wallpapers,wallpapers|685|340|简角色PV丨逮捕|https://act-upload.mihoyo.com/nap-obc-indep/2024/09/06/158441880/7b1671629af107354e4945a62eda1419_1336961272310325410.jpg,活动壁纸合集,其他活动,685,340,简角色PV丨逮捕,简角色PV丨逮捕.jpg,壁纸合集\活动壁纸合集\其他活动\简角色PV丨逮捕.jpg,https://act-upload.mihoyo.com/nap-obc-indep/2024/09/06/158441880/7b1671629af107354e4945a62eda1419_1336961272310325410.jpg,,,
wallpapers,wallpapers|685|340|「天衣无缝的伪装」|https://act-upload.mihoyo.com/nap-obc-indep/2024/09/06/158441880/784e52f98d0bfacfebbc5d1a2b595c0a_5881125117965777384.png,活动壁纸合集,其他活动,685,340,「天衣无缝的伪装」,「天衣无缝的伪装」.png,壁纸合集\活动壁纸合集\其他活动\「天衣无缝的伪装」.png,https://act-upload.mihoyo.com/nap-obc-indep/2024/09/06/158441880/784e52f98d0bfacfebbc5d1a2b595c0a_5881125117965777384.png,,,
wallpapers,wallpapers|685|340|Reddit 200k粉丝贺图|https://act-upload.mihoyo.com/nap-obc-indep/2024/12/23/15559334/1e5e38fd9e0b7a03d7a100f58f509464_5355391104399204993.png,活动壁纸合集,其他活动,685,340,Reddit 200k粉丝贺图,Reddit 200k粉丝贺图.png,壁纸合集\活动壁纸合集\其他活动\Reddit 200k粉丝贺图.png,https://act-upload.mihoyo.com/nap-obc-indep/2024/12/23/15559334/1e5e38fd9e0b7a03d7a100f58f509464_5355391104399204993.png,,,
wallpapers,wallpapers|685|340|日推50万关注贺图|https://act-upload.mihoyo.com/nap-obc-indep/2024/12/30/160132993/8f1b211ef713910dacd3b6664bfae952_7252388362086178740.jpg,活动壁纸合集,其他活动,685,340,日推50万关注贺图,日推50万关注贺图.jpg,壁纸合集\活动壁纸合集\其他活动\日推50万关注贺图.jpg,https://act-upload.mihoyo.com/nap-obc-indep/2024/12/30/160132993/8f1b211ef713910dacd3b6664bfae952_7252388362086178740.jpg,,,
wallpapers,wallpapers|685|340|登陆港版PS5|https://act-upload.mihoyo.com/nap-obc-indep/2024/12/31/160132993/c43cb3b992748137938e0152aa95571c_947756184947575167.jpg,活动壁纸合集,其他活动,685,340,登陆港版PS5,登陆港版PS5.jpg,壁纸合集\活动壁纸合集\其他活动\登陆港版PS5.jpg,https://act-upload.mihoyo.com/nap-obc-indep/2024/12/31/160132993/c43cb3b992748137938e0152aa95571c_947756184947575167.jpg,,,
wallpapers,wallpapers|685|1611|1|https://act-upload.mihoyo.com/nap-obc-indep/2026/02/04/73751405/f514aac40750fa8fdd75fd43ca52a588_1914289405214421584.jpg,活动壁纸合集,「妄想天使训练中」壁纸（手机版）,685,1611,1,1.jpg,壁纸合集\活动壁纸合集\「妄想天使训练中」壁纸（手机版）\1.jpg,https://act-upload.mihoyo.com/nap-obc-indep/2026/02/04/73751405/f514aac40750fa8fdd75fd43ca52a588_1914289405214421584.jpg,,,
wallpapers,wallpapers|685|1611|2|https://act-upload.mihoyo.com/nap-obc-indep/2026/02/04/73751405/c0694eb1a430c061927365544f3d900e_4843370564062918684.jpg,活动壁纸合集,「妄想天使训练中」壁纸（手机版）,685,1611,2,2.jpg,壁纸合集\活动壁纸合集\「妄想天使训练中」壁纸（手机版）\2.jpg,https://act-upload.mihoyo.com/nap-obc-indep/2026/02/04/73751405/c0694eb1a430c061927365544f3d900e_4843370564062918684.jpg,,,
wallpapers,wallpapers|685|1611|3|https://act-upload.mihoyo.com/nap-obc-indep/2026/02/04/73751405/1aa93a9c5c4c4478e058116a2cdc7402_7786461464521849723.jpg,活动壁纸合集,「妄想天使训练中」壁纸（手机版）,685,1611,3,3.jpg,壁纸合集\活动壁纸合集\「妄想天使训练中」壁纸（手机版）\3.jpg,https://act-upload.mihoyo.com/nap-obc-indep/2026/02/04/73751405/1aa93a9c5c4c4478e058116a2cdc7402_7786461464521849723.jpg,,,
wallpapers,wallpapers|685|1611|4|https://act-upload.mihoyo.com/nap-obc-indep/2026/02/04/73751405/0e2da81082ff7be57839d891c4eeb7bc_3189326224772057266.jpg,活动壁纸合集,「妄想天使训练中」壁纸（手机版）,685,1611,4,4.jpg,壁纸合集\活动壁纸合集\「妄想天使训练中」壁纸（手机版）\4.jpg,https://act-upload.mihoyo.com/nap-obc-indep/2026/02/04/73751405/0e2da81082ff7be57839d891c4eeb7bc_3189326224772057266.jpg,,,
wallpapers,wallpapers|685|1610|1(2560x1080)|https://act-upload.mihoyo.com/nap-obc-indep/2026/02/04/73751405/75bc0cbeb77f8e355e66ef2854c762d6_7097192202629000502.jpg,活动壁纸合集,「妄想天使训练中」壁纸（PC版）,685,1610,1(2560x1080),1(2560x1080).jpg,壁纸合集\活动壁纸合集\「妄想天使训练中」壁纸（PC版）\1(2560x1080).jpg,https://act-upload.mihoyo.com/nap-obc-indep/2026/02/04/73751405/75bc0cbeb77f8e355e66ef2854c762d6_7097192202629000502.jpg,,,
wallpapers,wallpapers|685|1610|1(3840x2160)|https://act-upload.mihoyo.com/nap-obc-indep/2026/02/04/73751405/7b503cf6e35a94da4edbb9d7122794fa_8508338339568721902.jpg,活动壁纸合集,「妄想天使训练中」壁纸（PC版）,685,1610,1(3840x2160),1(3840x2160).jpg,壁纸合集\活动壁纸合集\「妄想天使训练中」壁纸（PC版）\1(3840x2160).jpg,https://act-upload.mihoyo.com/nap-obc-indep/2026/02/04/73751405/7b503cf6e35a94da4edbb9d7122794fa_8508338339568721902.jpg,,,
wallpapers,wallpapers|685|1610|2(2560x1080)|https://act-upload.mihoyo.com/nap-obc-indep/2026/02/04/73751405/f796bf8edc312fcf234076d2e0d81b55_6616252044317668623.jpg,活动壁纸合集,「妄想天使训练中」壁纸（PC版）,685,1610,2(2560x1080),2(2560x1080).jpg,壁纸合集\活动壁纸合集\「妄想天使训练中」壁纸（PC版）\2(2560x1080).jpg,https://act-upload.mihoyo.com/nap-obc-indep/2026/02/04/73751405/f796bf8edc312fcf234076d2e0d81b55_6616252044317668623.jpg,,,
wallpapers,wallpapers|685|1610|2(3840x2160)|https://act-upload.mihoyo.com/nap-obc-indep/2026/02/04/73751405/7430d8bb8f7ab348a515a850560c6446_6663862427133633794.jpg,活动壁纸合集,「妄想天使训练中」壁纸（PC版）,685,1610,2(3840x2160),2(3840x2160).jpg,壁纸合集\活动壁纸合集\「妄想天使训练中」壁纸（PC版）\2(3840x2160).jpg,https://act-upload.mihoyo.com/nap-obc-indep/2026/02/04/73751405/7430d8bb8f7ab348a515a850560c6446_6663862427133633794.jpg,,,
wallpapers,wallpapers|685|1610|3(2560x1080)|https://act-upload.mihoyo.com/nap-obc-indep/2026/02/04/73751405/126746fada48b26bc78350a95ebe24b1_1894277079836364920.jpg,活动壁纸合集,「妄想天使训练中」壁纸（PC版）,685,1610,3(2560x1080),3(2560x1080).jpg,壁纸合集\活动壁纸合集\「妄想天使训练中」壁纸（PC版）\3(2560x1080).jpg,https://act-upload.mihoyo.com/nap-obc-indep/2026/02/04/73751405/126746fada48b26bc78350a95ebe24b1_1894277079836364920.jpg,,,
wallpapers,wallpapers|685|1610|3(3840x2160)|https://act-upload.mihoyo.com/nap-obc-indep/2026/02/04/73751405/7f8b634f3d6bb8c23748620f60cbf9fb_8882438404496511429.jpg,活动壁纸合集,「妄想天使训练中」壁纸（PC版）,685,1610,3(3840x2160),3(3840x2160).jpg,壁纸合集\活动壁纸合集\「妄想天使训练中」壁纸（PC版）\3(3840x2160).jpg,https://act-upload.mihoyo.com/nap-obc-indep/2026/02/04/73751405/7f8b634f3d6bb8c23748620f60cbf9fb_8882438404496511429.jpg,,,
wallpapers,wallpapers|685|1610|4(2560x1080)|https://act-upload.mihoyo.com/nap-obc-indep/2026/02/04/73751405/7116ff02c69d1ed7d1143e24b522ae76_1190363970995936256.jpg,活动壁纸合集,「妄想天使训练中」壁纸（PC版）,685,1610,4(2560x1080),4(2560x1080).jpg,壁纸合集\活动壁纸合集\「妄想天使训练中」壁纸（PC版）\4(2560x1080).jpg,https://act-upload.mihoyo.com/nap-obc-indep/2026/02/04/73751405/7116ff02c69d1ed7d1143e24b522ae76_1190363970995936256.jpg,,,
wallpapers,wallpapers|685|1610|4(3840x2160)|https://act-upload.mihoyo.com/nap-obc-indep/2026/02/04/73751405/b2b01c7d4059d58aecfc08e277de0de4_5203129812582933771.jpg,活动壁纸合集,「妄想天使训练中」壁纸（PC版）,685,1610,4(3840x2160),4(3840x2160).jpg,壁纸合集\活动壁纸合集\「妄想天使训练中」壁纸（PC版）\4(3840x2160).jpg,https://act-upload.mihoyo.com/nap-obc-indep/2026/02/04/73751405/b2b01c7d4059d58aecfc08e277de0de4_5203129812582933771.jpg,,,
wallpapers,wallpapers|685|1610|5(2560x1080)|https://act-upload.mihoyo.com/nap-obc-indep/2026/02/04/73751405/28303ebc23ba46a1a40353add3c57ece_776398927101489165.jpg,活动壁纸合集,「妄想天使训练中」壁纸（PC版）,685,1610,5(2560x1080),5(2560x1080).jpg,壁纸合集\活动壁纸合集\「妄想天使训练中」壁纸（PC版）\5(2560x1080).jpg,https://act-upload.mihoyo.com/nap-obc-indep/2026/02/04/73751405/28303ebc23ba46a1a40353add3c57ece_776398927101489165.jpg,,,
wallpapers,wallpapers|685|1610|5(3840x2160)|https://act-upload.mihoyo.com/nap-obc-indep/2026/02/04/73751405/75737c3e39f44744617e8682c0e5fd5d_5815808980608666128.jpg,活动壁纸合集,「妄想天使训练中」壁纸（PC版）,685,1610,5(3840x2160),5(3840x2160).jpg,壁纸合集\活动壁纸合集\「妄想天使训练中」壁纸（PC版）\5(3840x2160).jpg,https://act-upload.mihoyo.com/nap-obc-indep/2026/02/04/73751405/75737c3e39f44744617e8682c0e5fd5d_5815808980608666128.jpg,,,
wallpapers,wallpapers|685|1610|6(2560x1080)|https://act-upload.mihoyo.com/nap-obc-indep/2026/02/04/73751405/e4a458b95403a15ba226d1678777a7d0_2547276887180454476.jpg,活动壁纸合集,「妄想天使训练中」壁纸（PC版）,685,1610,6(2560x1080),6(2560x1080).jpg,壁纸合集\活动壁纸合集\「妄想天使训练中」壁纸（PC版）\6(2560x1080).jpg,https://act-upload.mihoyo.com/nap-obc-indep/2026/02/04/73751405/e4a458b95403a15ba226d1678777a7d0_2547276887180454476.jpg,,,
wallpapers,wallpapers|685|1610|6(3840x2160)|https://act-upload.mihoyo.com/nap-obc-indep/2026/02/04/73751405/218e4fca4520dfcd0ef276450c980aaf_2836394738834967217.jpg,活动壁纸合集,「妄想天使训练中」壁纸（PC版）,685,1610,6(3840x2160),6(3840x2160).jpg,壁纸合集\活动壁纸合集\「妄想天使训练中」壁纸（PC版）\6(3840x2160).jpg,https://act-upload.mihoyo.com/nap-obc-indep/2026/02/04/73751405/218e4fca4520dfcd0ef276450c980aaf_2836394738834967217.jpg,,,
wallpapers,wallpapers|685|898|美梦如约-PC版|https://act-upload.mihoyo.com/nap-obc-indep/2025/01/30/73751405/6e20176c1550b4402ed9a706d3cdbfb0_3486701948274485261.jpg,活动壁纸合集,「美梦如约而至」壁纸,685,898,美梦如约-PC版,美梦如约-PC版.jpg,壁纸合集\活动壁纸合集\「美梦如约而至」壁纸\美梦如约-PC版.jpg,https://act-upload.mihoyo.com/nap-obc-indep/2025/01/30/73751405/6e20176c1550b4402ed9a706d3cdbfb0_3486701948274485261.jpg,,,
wallpapers,wallpapers|685|898|美梦如约-手机版|https://act-upload.mihoyo.com/nap-obc-indep/2025/01/30/73751405/80d55cef430d942c944a6a963d7e7e5b_2120251347435364907.jpg,活动壁纸合集,「美梦如约而至」壁纸,685,898,美梦如约-手机版,美梦如约-手机版.jpg,壁纸合集\活动壁纸合集\「美梦如约而至」壁纸\美梦如约-手机版.jpg,https://act-upload.mihoyo.com/nap-obc-indep/2025/01/30/73751405/80d55cef430d942c944a6a963d7e7e5b_2120251347435364907.jpg,,,
wallpapers,wallpapers|685|898|美梦延续的剪影-PC版|https://act-upload.mihoyo.com/nap-obc-indep/2025/01/30/73751405/4ead39735df1b4643eee3b6b50389940_8575206825569662090.jpg,活动壁纸合集,「美梦如约而至」壁纸,685,898,美梦延续的剪影-PC版,美梦延续的剪影-PC版.jpg,壁纸合集\活动壁纸合集\「美梦如约而至」壁纸\美梦延续的剪影-PC版.jpg,https://act-upload.mihoyo.com/nap-obc-indep/2025/01/30/73751405/4ead39735df1b4643eee3b6b50389940_8575206825569662090.jpg,,,
wallpapers,wallpapers|685|897|H.S.O.S.6|https://act-upload.mihoyo.com/nap-obc-indep/2025/01/30/73751405/d92b0c0dcf18edd52e9af997ca9714d5_745226128342851785.png,活动壁纸合集,「三明治香气的梦想」壁纸,685,897,H.S.O.S.6,H.S.O.S.6.png,壁纸合集\活动壁纸合集\「三明治香气的梦想」壁纸\H.S.O.S.6.png,https://act-upload.mihoyo.com/nap-obc-indep/2025/01/30/73751405/d92b0c0dcf18edd52e9af997ca9714d5_745226128342851785.png,,,
wallpapers,wallpapers|685|897|白祇重工|https://act-upload.mihoyo.com/nap-obc-indep/2025/01/30/73751405/c483bb7f30726079669fa4511bf3e49a_7815768005670306488.png,活动壁纸合集,「三明治香气的梦想」壁纸,685,897,白祇重工,白祇重工.png,壁纸合集\活动壁纸合集\「三明治香气的梦想」壁纸\白祇重工.png,https://act-upload.mihoyo.com/nap-obc-indep/2025/01/30/73751405/c483bb7f30726079669fa4511bf3e49a_7815768005670306488.png,,,
wallpapers,wallpapers|685|897|法厄同|https://act-upload.mihoyo.com/nap-obc-indep/2025/01/30/73751405/161b5dceea0c9f72a6b3914829bb483c_8030286686137966711.png,活动壁纸合集,「三明治香气的梦想」壁纸,685,897,法厄同,法厄同.png,壁纸合集\活动壁纸合集\「三明治香气的梦想」壁纸\法厄同.png,https://act-upload.mihoyo.com/nap-obc-indep/2025/01/30/73751405/161b5dceea0c9f72a6b3914829bb483c_8030286686137966711.png,,,
wallpapers,wallpapers|685|897|狡兔屋|https://act-upload.mihoyo.com/nap-obc-indep/2025/01/30/73751405/33a8f482aa29229c685fa95f3b8852e2_5153736133290339563.png,活动壁纸合集,「三明治香气的梦想」壁纸,685,897,狡兔屋,狡兔屋.png,壁纸合集\活动壁纸合集\「三明治香气的梦想」壁纸\狡兔屋.png,https://act-upload.mihoyo.com/nap-obc-indep/2025/01/30/73751405/33a8f482aa29229c685fa95f3b8852e2_5153736133290339563.png,,,
wallpapers,wallpapers|685|897|维多利亚家政|https://act-upload.mihoyo.com/nap-obc-indep/2025/01/30/73751405/11adbab9bc37e7dca23aadb5a8d169fb_7826310765504744555.png,活动壁纸合集,「三明治香气的梦想」壁纸,685,897,维多利亚家政,维多利亚家政.png,壁纸合集\活动壁纸合集\「三明治香气的梦想」壁纸\维多利亚家政.png,https://act-upload.mihoyo.com/nap-obc-indep/2025/01/30/73751405/11adbab9bc37e7dca23aadb5a8d169fb_7826310765504744555.png,,,
wallpapers,wallpapers|685|897|奥波勒斯小队|https://act-upload.mihoyo.com/nap-obc-indep/2026/02/04/4885809/97c9e8b8a11d18ea949142cf7d63f669_7114479149549079341.png,活动壁纸合集,「三明治香气的梦想」壁纸,685,897,奥波勒斯小队,奥波勒斯小队.png,壁纸合集\活动壁纸合集\「三明治香气的梦想」壁纸\奥波勒斯小队.png,https://act-upload.mihoyo.com/nap-obc-indep/2026/02/04/4885809/97c9e8b8a11d18ea949142cf7d63f669_7114479149549079341.png,,,
wallpapers,wallpapers|685|880|1|https://act-upload.mihoyo.com/nap-obc-indep/2025/01/18/73751405/bc642a028f94ef9bc2391c62b27017bb_8142708541524457423.jpg,活动壁纸合集,「若能化作天琴」壁纸,685,880,1,1.jpg,壁纸合集\活动壁纸合集\「若能化作天琴」壁纸\1.jpg,https://act-upload.mihoyo.com/nap-obc-indep/2025/01/18/73751405/bc642a028f94ef9bc2391c62b27017bb_8142708541524457423.jpg,,,
wallpapers,wallpapers|685|880|2|https://act-upload.mihoyo.com/nap-obc-indep/2025/01/22/73751405/fcb74be5f84b24c9aace533cb81ea955_7535266383198618063.jpg,活动壁纸合集,「若能化作天琴」壁纸,685,880,2,2.jpg,壁纸合集\活动壁纸合集\「若能化作天琴」壁纸\2.jpg,https://act-upload.mihoyo.com/nap-obc-indep/2025/01/22/73751405/fcb74be5f84b24c9aace533cb81ea955_7535266383198618063.jpg,,,
wallpapers,wallpapers|685|337|1|https://act-upload.mihoyo.com/nap-obc-indep/2024/08/05/15559334/86382c8ce8736de766dd7bb8da2bab96_775138198110889014.jpeg,活动壁纸合集,「箱庭之内」壁纸,685,337,1,1.jpeg,壁纸合集\活动壁纸合集\「箱庭之内」壁纸\1.jpeg,https://act-upload.mihoyo.com/nap-obc-indep/2024/08/05/15559334/86382c8ce8736de766dd7bb8da2bab96_775138198110889014.jpeg,,,
wallpapers,wallpapers|685|337|2|https://act-upload.mihoyo.com/nap-obc-indep/2024/08/05/15559334/eaf82c833ea0dba7f6eb30ddcc355abd_6782954568070308394.jpeg,活动壁纸合集,「箱庭之内」壁纸,685,337,2,2.jpeg,壁纸合集\活动壁纸合集\「箱庭之内」壁纸\2.jpeg,https://act-upload.mihoyo.com/nap-obc-indep/2024/08/05/15559334/eaf82c833ea0dba7f6eb30ddcc355abd_6782954568070308394.jpeg,,,
wallpapers,wallpapers|685|337|3|https://act-upload.mihoyo.com/nap-obc-indep/2024/08/05/15559334/141d899c0bc12d3eaa07abf65ea92312_1603679524018992990.jpeg,活动壁纸合集,「箱庭之内」壁纸,685,337,3,3.jpeg,壁纸合集\活动壁纸合集\「箱庭之内」壁纸\3.jpeg,https://act-upload.mihoyo.com/nap-obc-indep/2024/08/05/15559334/141d899c0bc12d3eaa07abf65ea92312_1603679524018992990.jpeg,,,
wallpapers,wallpapers|685|337|4|https://act-upload.mihoyo.com/nap-obc-indep/2024/08/05/15559334/5ac1c43bca8b95763d5e10378416e30d_8280000868159044472.jpeg,活动壁纸合集,「箱庭之内」壁纸,685,337,4,4.jpeg,壁纸合集\活动壁纸合集\「箱庭之内」壁纸\4.jpeg,https://act-upload.mihoyo.com/nap-obc-indep/2024/08/05/15559334/5ac1c43bca8b95763d5e10378416e30d_8280000868159044472.jpeg,,,
wallpapers,wallpapers|685|337|5|https://act-upload.mihoyo.com/nap-obc-indep/2024/08/05/15559334/82467615c241128cbc1d2cde94b55720_3955180718435670321.jpeg,活动壁纸合集,「箱庭之内」壁纸,685,337,5,5.jpeg,壁纸合集\活动壁纸合集\「箱庭之内」壁纸\5.jpeg,https://act-upload.mihoyo.com/nap-obc-indep/2024/08/05/15559334/82467615c241128cbc1d2cde94b55720_3955180718435670321.jpeg,,,
wallpapers,wallpapers|685|337|6|https://act-upload.mihoyo.com/nap-obc-indep/2024/08/05/15559334/9473d7bbe70899a32112641da44db9cb_117269668654230548.jpeg,活动壁纸合集,「箱庭之内」壁纸,685,337,6,6.jpeg,壁纸合集\活动壁纸合集\「箱庭之内」壁纸\6.jpeg,https://act-upload.mihoyo.com/nap-obc-indep/2024/08/05/15559334/9473d7bbe70899a32112641da44db9cb_117269668654230548.jpeg,,,
wallpapers,wallpapers|685|337|7|https://act-upload.mihoyo.com/nap-obc-indep/2024/08/05/15559334/d3ae6355e12d70e40a8f318c1d75b391_3436142745723681975.jpeg,活动壁纸合集,「箱庭之内」壁纸,685,337,7,7.jpeg,壁纸合集\活动壁纸合集\「箱庭之内」壁纸\7.jpeg,https://act-upload.mihoyo.com/nap-obc-indep/2024/08/05/15559334/d3ae6355e12d70e40a8f318c1d75b391_3436142745723681975.jpeg,,,
wallpapers,wallpapers|685|337|8|https://act-upload.mihoyo.com/nap-obc-indep/2024/08/05/15559334/32931684643b1806d2c5468e839ec04d_3333519882001177905.jpeg,活动壁纸合集,「箱庭之内」壁纸,685,337,8,8.jpeg,壁纸合集\活动壁纸合集\「箱庭之内」壁纸\8.jpeg,https://act-upload.mihoyo.com/nap-obc-indep/2024/08/05/15559334/32931684643b1806d2c5468e839ec04d_3333519882001177905.jpeg,,,
wallpapers,wallpapers|685|337|9|https://act-upload.mihoyo.com/nap-obc-indep/2024/08/05/15559334/c2401d1048eb7355e5500a162e2538ec_7609536384938777018.jpeg,活动壁纸合集,「箱庭之内」壁纸,685,337,9,9.jpeg,壁纸合集\活动壁纸合集\「箱庭之内」壁纸\9.jpeg,https://act-upload.mihoyo.com/nap-obc-indep/2024/08/05/15559334/c2401d1048eb7355e5500a162e2538ec_7609536384938777018.jpeg,,,
wallpapers,wallpapers|685|337|10|https://act-upload.mihoyo.com/nap-obc-indep/2024/08/05/15559334/9f9b1d387818dfa16fa69acdb860fa03_1184168330617500334.jpeg,活动壁纸合集,「箱庭之内」壁纸,685,337,10,10.jpeg,壁纸合集\活动壁纸合集\「箱庭之内」壁纸\10.jpeg,https://act-upload.mihoyo.com/nap-obc-indep/2024/08/05/15559334/9f9b1d387818dfa16fa69acdb860fa03_1184168330617500334.jpeg,,,
wallpapers,wallpapers|775|1561|「扳机」丨暗中观察|https://act-upload.mihoyo.com/nap-obc-indep/2026/04/21/428571341/91ecf1e125aee19f1df626ff9663719f_7592652063428894379.png,生日贺图壁纸合集,2026年生日贺图,775,1561,「扳机」丨暗中观察,「扳机」丨暗中观察.png,壁纸合集\生日贺图壁纸合集\2026年生日贺图\「扳机」丨暗中观察.png,https://act-upload.mihoyo.com/nap-obc-indep/2026/04/21/428571341/91ecf1e125aee19f1df626ff9663719f_7592652063428894379.png,,,
wallpapers,wallpapers|775|1561|格莉丝丨自己拆开|https://act-upload.mihoyo.com/nap-obc-indep/2026/04/14/71319299/426720512180b959986081d09b034399_2551017652670645062.png,生日贺图壁纸合集,2026年生日贺图,775,1561,格莉丝丨自己拆开,格莉丝丨自己拆开.png,壁纸合集\生日贺图壁纸合集\2026年生日贺图\格莉丝丨自己拆开.png,https://act-upload.mihoyo.com/nap-obc-indep/2026/04/14/71319299/426720512180b959986081d09b034399_2551017652670645062.png,,,
wallpapers,wallpapers|775|1561|薇薇安丨船一直划|https://act-upload.mihoyo.com/nap-obc-indep/2026/04/10/73751405/d082112dbb08ebf19c9af24116d4e61e_8865867396989289303.png,生日贺图壁纸合集,2026年生日贺图,775,1561,薇薇安丨船一直划,薇薇安丨船一直划.png,壁纸合集\生日贺图壁纸合集\2026年生日贺图\薇薇安丨船一直划.png,https://act-upload.mihoyo.com/nap-obc-indep/2026/04/10/73751405/d082112dbb08ebf19c9af24116d4e61e_8865867396989289303.png,,,
wallpapers,wallpapers|775|1561|赛斯丨只是恰好路过|https://act-upload.mihoyo.com/nap-obc-indep/2026/04/08/73751405/307c43eeb8bd60039a953b084d892723_8750886229207481004.png,生日贺图壁纸合集,2026年生日贺图,775,1561,赛斯丨只是恰好路过,赛斯丨只是恰好路过.png,壁纸合集\生日贺图壁纸合集\2026年生日贺图\赛斯丨只是恰好路过.png,https://act-upload.mihoyo.com/nap-obc-indep/2026/04/08/73751405/307c43eeb8bd60039a953b084d892723_8750886229207481004.png,,,
wallpapers,wallpapers|775|1561|「11号」丨上上下下！左右左右！攻击攻击！|https://act-upload.mihoyo.com/nap-obc-indep/2026/03/21/73751405/cffcfaf134d28440b43bcfb12e0fca02_4233986131844214752.png,生日贺图壁纸合集,2026年生日贺图,775,1561,「11号」丨上上下下！左右左右！攻击攻击！,「11号」丨上上下下！左右左右！攻击攻击！.png,壁纸合集\生日贺图壁纸合集\2026年生日贺图\「11号」丨上上下下！左右左右！攻击攻击！.png,https://act-upload.mihoyo.com/nap-obc-indep/2026/03/21/73751405/cffcfaf134d28440b43bcfb12e0fca02_4233986131844214752.png,,,
wallpapers,wallpapers|775|1561|伊德海莉丨惊喜加更|https://act-upload.mihoyo.com/nap-obc-indep/2026/03/19/73751405/1ff3d2848e5a66165930a3d05579576e_3638142753852941520.png,生日贺图壁纸合集,2026年生日贺图,775,1561,伊德海莉丨惊喜加更,伊德海莉丨惊喜加更.png,壁纸合集\生日贺图壁纸合集\2026年生日贺图\伊德海莉丨惊喜加更.png,https://act-upload.mihoyo.com/nap-obc-indep/2026/03/19/73751405/1ff3d2848e5a66165930a3d05579576e_3638142753852941520.png,,,
wallpapers,wallpapers|775|1561|卢西娅丨抱紧处理|https://act-upload.mihoyo.com/nap-obc-indep/2026/03/17/79697369/0a54b5a6dec474a7554b9aa87bb5fc5e_4646924354786916073.png,生日贺图壁纸合集,2026年生日贺图,775,1561,卢西娅丨抱紧处理,卢西娅丨抱紧处理.png,壁纸合集\生日贺图壁纸合集\2026年生日贺图\卢西娅丨抱紧处理.png,https://act-upload.mihoyo.com/nap-obc-indep/2026/03/17/79697369/0a54b5a6dec474a7554b9aa87bb5fc5e_4646924354786916073.png,,,
wallpapers,wallpapers|775|1561|凯撒丨荒岭之花|https://act-upload.mihoyo.com/nap-obc-indep/2026/03/16/79697369/96293389e0241978cf7a47b2c13653c2_8307130546910975683.png,生日贺图壁纸合集,2026年生日贺图,775,1561,凯撒丨荒岭之花,凯撒丨荒岭之花.png,壁纸合集\生日贺图壁纸合集\2026年生日贺图\凯撒丨荒岭之花.png,https://act-upload.mihoyo.com/nap-obc-indep/2026/03/16/79697369/96293389e0241978cf7a47b2c13653c2_8307130546910975683.png,,,
wallpapers,wallpapers|775|1561|安比丨零号 · 生日礼物|https://act-upload.mihoyo.com/nap-obc-indep/2026/02/20/79697369/d20a1e3f7591f7a7575dfeed81541333_633870400358553427.png,生日贺图壁纸合集,2026年生日贺图,775,1561,安比丨零号 · 生日礼物,安比丨零号 · 生日礼物.png,壁纸合集\生日贺图壁纸合集\2026年生日贺图\安比丨零号 · 生日礼物.png,https://act-upload.mihoyo.com/nap-obc-indep/2026/02/20/79697369/d20a1e3f7591f7a7575dfeed81541333_633870400358553427.png,,,
wallpapers,wallpapers|775|1561|简丨面具之下|https://act-upload.mihoyo.com/nap-obc-indep/2026/02/16/79697369/c9352cb400f75c7593f1e008ec58a848_2028555693756070113.png,生日贺图壁纸合集,2026年生日贺图,775,1561,简丨面具之下,简丨面具之下.png,壁纸合集\生日贺图壁纸合集\2026年生日贺图\简丨面具之下.png,https://act-upload.mihoyo.com/nap-obc-indep/2026/02/16/79697369/c9352cb400f75c7593f1e008ec58a848_2028555693756070113.png,,,
wallpapers,wallpapers|775|1561|嘉音丨唱最幸福的歌|https://act-upload.mihoyo.com/nap-obc-indep/2026/01/31/79697369/40d9ee39ca94bf6f1e3bc5125cf9adc3_3872034509994109223.png,生日贺图壁纸合集,2026年生日贺图,775,1561,嘉音丨唱最幸福的歌,嘉音丨唱最幸福的歌.png,壁纸合集\生日贺图壁纸合集\2026年生日贺图\嘉音丨唱最幸福的歌.png,https://act-upload.mihoyo.com/nap-obc-indep/2026/01/31/79697369/40d9ee39ca94bf6f1e3bc5125cf9adc3_3872034509994109223.png,,,
wallpapers,wallpapers|775|1561|苍角丨甜咸永动|https://act-upload.mihoyo.com/nap-obc-indep/2026/01/23/73751405/61514edc05be5ab586b317b84c7cc26c_2318939228156907429.png,生日贺图壁纸合集,2026年生日贺图,775,1561,苍角丨甜咸永动,苍角丨甜咸永动.png,壁纸合集\生日贺图壁纸合集\2026年生日贺图\苍角丨甜咸永动.png,https://act-upload.mihoyo.com/nap-obc-indep/2026/01/23/73751405/61514edc05be5ab586b317b84c7cc26c_2318939228156907429.png,,,
wallpapers,wallpapers|775|1561|叶瞬光丨火慢一分，香多一分|https://act-upload.mihoyo.com/nap-obc-indep/2026/01/20/73751405/0e1435539193209fb9c3af248e18bc40_6016903813074248289.png,生日贺图壁纸合集,2026年生日贺图,775,1561,叶瞬光丨火慢一分，香多一分,叶瞬光丨火慢一分，香多一分.png,壁纸合集\生日贺图壁纸合集\2026年生日贺图\叶瞬光丨火慢一分，香多一分.png,https://act-upload.mihoyo.com/nap-obc-indep/2026/01/20/73751405/0e1435539193209fb9c3af248e18bc40_6016903813074248289.png,,,
wallpapers,wallpapers|775|1561|橘福福丨对师姐好点|https://act-upload.mihoyo.com/nap-obc-indep/2026/01/06/73751405/09bca40628e96ef795c694e80209ef86_8151196460452031284.png,生日贺图壁纸合集,2026年生日贺图,775,1561,橘福福丨对师姐好点,橘福福丨对师姐好点.png,壁纸合集\生日贺图壁纸合集\2026年生日贺图\橘福福丨对师姐好点.png,https://act-upload.mihoyo.com/nap-obc-indep/2026/01/06/73751405/09bca40628e96ef795c694e80209ef86_8151196460452031284.png,,,
wallpapers,wallpapers|775|1561|狛野真斗丨骗局下的惊喜|https://act-upload.mihoyo.com/nap-obc-indep/2026/01/05/73751405/3c2d82d7759c39c488106c24d2820ffd_5843711371544941855.png,生日贺图壁纸合集,2026年生日贺图,775,1561,狛野真斗丨骗局下的惊喜,狛野真斗丨骗局下的惊喜.png,壁纸合集\生日贺图壁纸合集\2026年生日贺图\狛野真斗丨骗局下的惊喜.png,https://act-upload.mihoyo.com/nap-obc-indep/2026/01/05/73751405/3c2d82d7759c39c488106c24d2820ffd_5843711371544941855.png,,,
wallpapers,wallpapers|775|1561|艾莲丨圆鲨鲨庆生记|https://act-upload.mihoyo.com/nap-obc-indep/2026/01/04/73751405/1a048a39b5439d9fa446e60ee808e987_8409444140381048753.png,生日贺图壁纸合集,2026年生日贺图,775,1561,艾莲丨圆鲨鲨庆生记,艾莲丨圆鲨鲨庆生记.png,壁纸合集\生日贺图壁纸合集\2026年生日贺图\艾莲丨圆鲨鲨庆生记.png,https://act-upload.mihoyo.com/nap-obc-indep/2026/01/04/73751405/1a048a39b5439d9fa446e60ee808e987_8409444140381048753.png,,,
wallpapers,wallpapers|775|1561|青衣丨垂纶雅集|https://act-upload.mihoyo.com/nap-obc-indep/2026/01/01/79697369/9558a510d283e53937756408796f80df_7934335174027031387.png,生日贺图壁纸合集,2026年生日贺图,775,1561,青衣丨垂纶雅集,青衣丨垂纶雅集.png,壁纸合集\生日贺图壁纸合集\2026年生日贺图\青衣丨垂纶雅集.png,https://act-upload.mihoyo.com/nap-obc-indep/2026/01/01/79697369/9558a510d283e53937756408796f80df_7934335174027031387.png,,,
wallpapers,wallpapers|775|900|莱特丨芝心冠军|https://act-upload.mihoyo.com/nap-obc-indep/2025/12/27/73751405/40f232e2bcec85f34d71bfc2a6adb0ca_2514325019567581085.jpg,生日贺图壁纸合集,2025年生日贺图,775,900,莱特丨芝心冠军,莱特丨芝心冠军.jpg,壁纸合集\生日贺图壁纸合集\2025年生日贺图\莱特丨芝心冠军.jpg,https://act-upload.mihoyo.com/nap-obc-indep/2025/12/27/73751405/40f232e2bcec85f34d71bfc2a6adb0ca_2514325019567581085.jpg,,,
wallpapers,wallpapers|775|900|本丨沉淀一套打法|https://act-upload.mihoyo.com/nap-obc-indep/2025/12/24/73751405/29315ee7f382750bdc3bc2ffa8ebdb78_8588752402928327724.jpg,生日贺图壁纸合集,2025年生日贺图,775,900,本丨沉淀一套打法,本丨沉淀一套打法.jpg,壁纸合集\生日贺图壁纸合集\2025年生日贺图\本丨沉淀一套打法.jpg,https://act-upload.mihoyo.com/nap-obc-indep/2025/12/24/73751405/29315ee7f382750bdc3bc2ffa8ebdb78_8588752402928327724.jpg,,,
wallpapers,wallpapers|775|900|仪玄丨园蔬愈珍馐|https://act-upload.mihoyo.com/nap-obc-indep/2025/12/03/73751405/1bf7270ba7f0710df611c44539d0aa88_2326798165903459255.png,生日贺图壁纸合集,2025年生日贺图,775,900,仪玄丨园蔬愈珍馐,仪玄丨园蔬愈珍馐.png,壁纸合集\生日贺图壁纸合集\2025年生日贺图\仪玄丨园蔬愈珍馐.png,https://act-upload.mihoyo.com/nap-obc-indep/2025/12/03/73751405/1bf7270ba7f0710df611c44539d0aa88_2326798165903459255.png,,,
wallpapers,wallpapers|775|900|比利丨真正的限量款|https://act-upload.mihoyo.com/nap-obc-indep/2025/11/25/73751405/5540a3f9fcb2ca45228e0476831a94c7_4332103805577996213.png,生日贺图壁纸合集,2025年生日贺图,775,900,比利丨真正的限量款,比利丨真正的限量款.png,壁纸合集\生日贺图壁纸合集\2025年生日贺图\比利丨真正的限量款.png,https://act-upload.mihoyo.com/nap-obc-indep/2025/11/25/73751405/5540a3f9fcb2ca45228e0476831a94c7_4332103805577996213.png,,,
wallpapers,wallpapers|775|900|「席德」丨花开半时|https://act-upload.mihoyo.com/nap-obc-indep/2025/11/22/73751405/cf3725187a2a2dc697ad90494903ba01_5473774894474832254.png,生日贺图壁纸合集,2025年生日贺图,775,900,「席德」丨花开半时,「席德」丨花开半时.png,壁纸合集\生日贺图壁纸合集\2025年生日贺图\「席德」丨花开半时.png,https://act-upload.mihoyo.com/nap-obc-indep/2025/11/22/73751405/cf3725187a2a2dc697ad90494903ba01_5473774894474832254.png,,,
wallpapers,wallpapers|775|900|妮可丨月亮与六丁尼|https://act-upload.mihoyo.com/nap-obc-indep/2025/11/11/73751405/d76acf5c9be206276551f6a1fd2c3312_9150943457153209468.jpg,生日贺图壁纸合集,2025年生日贺图,775,900,妮可丨月亮与六丁尼,妮可丨月亮与六丁尼.jpg,壁纸合集\生日贺图壁纸合集\2025年生日贺图\妮可丨月亮与六丁尼.jpg,https://act-upload.mihoyo.com/nap-obc-indep/2025/11/11/73751405/d76acf5c9be206276551f6a1fd2c3312_9150943457153209468.jpg,,,
wallpapers,wallpapers|775|900|奥菲丝&「鬼火」丨蜡烛燃起来！|https://act-upload.mihoyo.com/nap-obc-indep/2025/11/03/73751405/08987a58faf9254bcf7b425f6e4457b9_6320642996644467322.png,生日贺图壁纸合集,2025年生日贺图,775,900,奥菲丝&「鬼火」丨蜡烛燃起来！,奥菲丝&「鬼火」丨蜡烛燃起来！.png,壁纸合集\生日贺图壁纸合集\2025年生日贺图\奥菲丝&「鬼火」丨蜡烛燃起来！.png,https://act-upload.mihoyo.com/nap-obc-indep/2025/11/03/73751405/08987a58faf9254bcf7b425f6e4457b9_6320642996644467322.png,,,
wallpapers,wallpapers|775|900|柚叶丨南瓜、蓝莓、鼻涕虫！|https://act-upload.mihoyo.com/nap-obc-indep/2025/11/02/73751405/83e531ecad5265daf4c6815d7e4692e7_2969134514740218054.png,生日贺图壁纸合集,2025年生日贺图,775,900,柚叶丨南瓜、蓝莓、鼻涕虫！,柚叶丨南瓜、蓝莓、鼻涕虫！.png,壁纸合集\生日贺图壁纸合集\2025年生日贺图\柚叶丨南瓜、蓝莓、鼻涕虫！.png,https://act-upload.mihoyo.com/nap-obc-indep/2025/11/02/73751405/83e531ecad5265daf4c6815d7e4692e7_2969134514740218054.png,,,
wallpapers,wallpapers|775|900|派派丨福如东海|https://act-upload.mihoyo.com/nap-obc-indep/2025/10/21/73751405/c8e3a2b289a5a91581882ae1cff95e47_3220634184901134044.png,生日贺图壁纸合集,2025年生日贺图,775,900,派派丨福如东海,派派丨福如东海.png,壁纸合集\生日贺图壁纸合集\2025年生日贺图\派派丨福如东海.png,https://act-upload.mihoyo.com/nap-obc-indep/2025/10/21/73751405/c8e3a2b289a5a91581882ae1cff95e47_3220634184901134044.png,,,
wallpapers,wallpapers|775|900|伊芙琳丨此刻的闪耀|https://act-upload.mihoyo.com/nap-obc-indep/2025/10/07/79697369/920ed230895972c33743a3cf14d986aa_8434584044899948335.png,生日贺图壁纸合集,2025年生日贺图,775,900,伊芙琳丨此刻的闪耀,伊芙琳丨此刻的闪耀.png,壁纸合集\生日贺图壁纸合集\2025年生日贺图\伊芙琳丨此刻的闪耀.png,https://act-upload.mihoyo.com/nap-obc-indep/2025/10/07/79697369/920ed230895972c33743a3cf14d986aa_8434584044899948335.png,,,
wallpapers,wallpapers|775|900|莱卡恩丨在黎明破晓前|https://act-upload.mihoyo.com/nap-obc-indep/2025/10/04/79697369/f492345fed6ccc270108d3771c90d0c7_392173012692287199.png,生日贺图壁纸合集,2025年生日贺图,775,900,莱卡恩丨在黎明破晓前,莱卡恩丨在黎明破晓前.png,壁纸合集\生日贺图壁纸合集\2025年生日贺图\莱卡恩丨在黎明破晓前.png,https://act-upload.mihoyo.com/nap-obc-indep/2025/10/04/79697369/f492345fed6ccc270108d3771c90d0c7_392173012692287199.png,,,
wallpapers,wallpapers|775|900|丽娜丨不可阻挡|https://act-upload.mihoyo.com/nap-obc-indep/2025/09/23/73751405/76bbde4ed4bb95ecfce5d22f6595b4d3_4956619136981990007.png,生日贺图壁纸合集,2025年生日贺图,775,900,丽娜丨不可阻挡,丽娜丨不可阻挡.png,壁纸合集\生日贺图壁纸合集\2025年生日贺图\丽娜丨不可阻挡.png,https://act-upload.mihoyo.com/nap-obc-indep/2025/09/23/73751405/76bbde4ed4bb95ecfce5d22f6595b4d3_4956619136981990007.png,,,
wallpapers,wallpapers|775|900|柳丨步履不停|https://act-upload.mihoyo.com/nap-obc-indep/2025/09/21/79697369/ff03780c5c7e453da8752f43e1ef454d_2584180211598021158.png,生日贺图壁纸合集,2025年生日贺图,775,900,柳丨步履不停,柳丨步履不停.png,壁纸合集\生日贺图壁纸合集\2025年生日贺图\柳丨步履不停.png,https://act-upload.mihoyo.com/nap-obc-indep/2025/09/21/79697369/ff03780c5c7e453da8752f43e1ef454d_2584180211598021158.png,,,
wallpapers,wallpapers|775|900|朱鸢丨平凡和珍贵相同|https://act-upload.mihoyo.com/nap-obc-indep/2025/09/01/73751405/5ccec8b01de2946510b1accd029015c3_8011210412445477762.png,生日贺图壁纸合集,2025年生日贺图,775,900,朱鸢丨平凡和珍贵相同,朱鸢丨平凡和珍贵相同.png,壁纸合集\生日贺图壁纸合集\2025年生日贺图\朱鸢丨平凡和珍贵相同.png,https://act-upload.mihoyo.com/nap-obc-indep/2025/09/01/73751405/5ccec8b01de2946510b1accd029015c3_8011210412445477762.png,,,
wallpapers,wallpapers|775|900|爱丽丝丨夏日待续|https://act-upload.mihoyo.com/nap-obc-indep/2025/08/30/79697369/f33a71c1f64eb355b7395597a12dbf12_6231415086839296275.png,生日贺图壁纸合集,2025年生日贺图,775,900,爱丽丝丨夏日待续,爱丽丝丨夏日待续.png,壁纸合集\生日贺图壁纸合集\2025年生日贺图\爱丽丝丨夏日待续.png,https://act-upload.mihoyo.com/nap-obc-indep/2025/08/30/79697369/f33a71c1f64eb355b7395597a12dbf12_6231415086839296275.png,,,
wallpapers,wallpapers|775|900|雨果丨这么大的钻石…|https://act-upload.mihoyo.com/nap-obc-indep/2025/08/20/73751405/2b9f7ee9a6dad55a595c87801e5d1ab4_8707017952696989408.jpg,生日贺图壁纸合集,2025年生日贺图,775,900,雨果丨这么大的钻石…,雨果丨这么大的钻石….jpg,壁纸合集\生日贺图壁纸合集\2025年生日贺图\雨果丨这么大的钻石….jpg,https://act-upload.mihoyo.com/nap-obc-indep/2025/08/20/73751405/2b9f7ee9a6dad55a595c87801e5d1ab4_8707017952696989408.jpg,,,
wallpapers,wallpapers|775|900|露西丨食材不基础，器皿也不基础|https://act-upload.mihoyo.com/nap-obc-indep/2025/08/14/79697369/e2d9c2f1e1ded51d04a4f781e841c655_7099905501561745946.png,生日贺图壁纸合集,2025年生日贺图,775,900,露西丨食材不基础，器皿也不基础,露西丨食材不基础，器皿也不基础.png,壁纸合集\生日贺图壁纸合集\2025年生日贺图\露西丨食材不基础，器皿也不基础.png,https://act-upload.mihoyo.com/nap-obc-indep/2025/08/14/79697369/e2d9c2f1e1ded51d04a4f781e841c655_7099905501561745946.png,,,
wallpapers,wallpapers|775|900|珂蕾妲丨大人的样子|https://act-upload.mihoyo.com/nap-obc-indep/2025/08/10/79697369/d787d0b45338ce82db5eedc77c976c81_8667116436346840872.png,生日贺图壁纸合集,2025年生日贺图,775,900,珂蕾妲丨大人的样子,珂蕾妲丨大人的样子.png,壁纸合集\生日贺图壁纸合集\2025年生日贺图\珂蕾妲丨大人的样子.png,https://act-upload.mihoyo.com/nap-obc-indep/2025/08/10/79697369/d787d0b45338ce82db5eedc77c976c81_8667116436346840872.png,,,
wallpapers,wallpapers|775|900|猫又丨绰绰有鱼|https://act-upload.mihoyo.com/nap-obc-indep/2025/07/30/73751405/49c65c00733e01bea35afd0247dce25f_4047442226666653618.png,生日贺图壁纸合集,2025年生日贺图,775,900,猫又丨绰绰有鱼,猫又丨绰绰有鱼.png,壁纸合集\生日贺图壁纸合集\2025年生日贺图\猫又丨绰绰有鱼.png,https://act-upload.mihoyo.com/nap-obc-indep/2025/07/30/73751405/49c65c00733e01bea35afd0247dce25f_4047442226666653618.png,,,
wallpapers,wallpapers|775|900|悠真丨开工没有回头见|https://act-upload.mihoyo.com/nap-obc-indep/2025/07/19/73751405/a1c3a5177cb4e5ac369c17406ef18e34_5226946028208045050.png,生日贺图壁纸合集,2025年生日贺图,775,900,悠真丨开工没有回头见,悠真丨开工没有回头见.png,壁纸合集\生日贺图壁纸合集\2025年生日贺图\悠真丨开工没有回头见.png,https://act-upload.mihoyo.com/nap-obc-indep/2025/07/19/73751405/a1c3a5177cb4e5ac369c17406ef18e34_5226946028208045050.png,,,
wallpapers,wallpapers|775|900|波可娜丨尾巴可不是用来…|https://act-upload.mihoyo.com/nap-obc-indep/2025/06/19/73751405/65839d6cf71fb15ac3689b1b4e5be2f9_6440204410665906554.png,生日贺图壁纸合集,2025年生日贺图,775,900,波可娜丨尾巴可不是用来…,波可娜丨尾巴可不是用来….png,壁纸合集\生日贺图壁纸合集\2025年生日贺图\波可娜丨尾巴可不是用来….png,https://act-upload.mihoyo.com/nap-obc-indep/2025/06/19/73751405/65839d6cf71fb15ac3689b1b4e5be2f9_6440204410665906554.png,,,
wallpapers,wallpapers|775|900|雅丨于初夏成霜|https://act-upload.mihoyo.com/nap-obc-indep/2025/06/19/73751405/41689b1bf5127470503503149ee72ac2_3464793867078429733.png,生日贺图壁纸合集,2025年生日贺图,775,900,雅丨于初夏成霜,雅丨于初夏成霜.png,壁纸合集\生日贺图壁纸合集\2025年生日贺图\雅丨于初夏成霜.png,https://act-upload.mihoyo.com/nap-obc-indep/2025/06/19/73751405/41689b1bf5127470503503149ee72ac2_3464793867078429733.png,,,
wallpapers,wallpapers|775|900|可琳丨蛋糕分你一半|https://act-upload.mihoyo.com/nap-obc-indep/2025/06/02/73751405/7a5cb405cf7b799eb820620925d97c0b_2792572234698997662.jpg,生日贺图壁纸合集,2025年生日贺图,775,900,可琳丨蛋糕分你一半,可琳丨蛋糕分你一半.jpg,壁纸合集\生日贺图壁纸合集\2025年生日贺图\可琳丨蛋糕分你一半.jpg,https://act-upload.mihoyo.com/nap-obc-indep/2025/06/02/73751405/7a5cb405cf7b799eb820620925d97c0b_2792572234698997662.jpg,,,
wallpapers,wallpapers|775|900|柏妮思丨原料是焦糖和风滚草|https://act-upload.mihoyo.com/nap-obc-indep/2025/05/23/73751405/9ec6646a9ff16f92ed300f37e529de8f_7829618709779377571.png,生日贺图壁纸合集,2025年生日贺图,775,900,柏妮思丨原料是焦糖和风滚草,柏妮思丨原料是焦糖和风滚草.png,壁纸合集\生日贺图壁纸合集\2025年生日贺图\柏妮思丨原料是焦糖和风滚草.png,https://act-upload.mihoyo.com/nap-obc-indep/2025/05/23/73751405/9ec6646a9ff16f92ed300f37e529de8f_7829618709779377571.png,,,
wallpapers,wallpapers|775|900|安东丨行业表彰！|https://act-upload.mihoyo.com/nap-obc-indep/2025/05/02/73751405/bf62fb0fc94fc8463dca04130c9bdf0f_3712636339581902755.png,生日贺图壁纸合集,2025年生日贺图,775,900,安东丨行业表彰！,安东丨行业表彰！.png,壁纸合集\生日贺图壁纸合集\2025年生日贺图\安东丨行业表彰！.png,https://act-upload.mihoyo.com/nap-obc-indep/2025/05/02/73751405/bf62fb0fc94fc8463dca04130c9bdf0f_3712636339581902755.png,,,
wallpapers,wallpapers|775|900|「扳机」丨今天的风是花粉夹心|https://act-upload.mihoyo.com/nap-obc-indep/2025/04/21/73751405/a8ea4d92c24660b2986c40da313dac7a_2346392503617885234.png,生日贺图壁纸合集,2025年生日贺图,775,900,「扳机」丨今天的风是花粉夹心,「扳机」丨今天的风是花粉夹心.png,壁纸合集\生日贺图壁纸合集\2025年生日贺图\「扳机」丨今天的风是花粉夹心.png,https://act-upload.mihoyo.com/nap-obc-indep/2025/04/21/73751405/a8ea4d92c24660b2986c40da313dac7a_2346392503617885234.png,,,
wallpapers,wallpapers|775|900|格莉丝丨最优先事项|https://act-upload.mihoyo.com/nap-obc-indep/2025/04/14/73751405/592e5008d68446915023c5d88703f48d_6640204055704251337.png,生日贺图壁纸合集,2025年生日贺图,775,900,格莉丝丨最优先事项,格莉丝丨最优先事项.png,壁纸合集\生日贺图壁纸合集\2025年生日贺图\格莉丝丨最优先事项.png,https://act-upload.mihoyo.com/nap-obc-indep/2025/04/14/73751405/592e5008d68446915023c5d88703f48d_6640204055704251337.png,,,
wallpapers,wallpapers|775|900|赛斯丨见字如面|https://act-upload.mihoyo.com/nap-obc-indep/2025/04/08/73751405/9b5794494791724cfb6f4de12f912800_6031106900057223647.png,生日贺图壁纸合集,2025年生日贺图,775,900,赛斯丨见字如面,赛斯丨见字如面.png,壁纸合集\生日贺图壁纸合集\2025年生日贺图\赛斯丨见字如面.png,https://act-upload.mihoyo.com/nap-obc-indep/2025/04/08/73751405/9b5794494791724cfb6f4de12f912800_6031106900057223647.png,,,
wallpapers,wallpapers|775|900|「11号」丨七窍焚风|https://act-upload.mihoyo.com/nap-obc-indep/2025/03/21/73751405/6b8dcd07ed71ecfd9ba39f1f7eff5022_2166054922784273053.png,生日贺图壁纸合集,2025年生日贺图,775,900,「11号」丨七窍焚风,「11号」丨七窍焚风.png,壁纸合集\生日贺图壁纸合集\2025年生日贺图\「11号」丨七窍焚风.png,https://act-upload.mihoyo.com/nap-obc-indep/2025/03/21/73751405/6b8dcd07ed71ecfd9ba39f1f7eff5022_2166054922784273053.png,,,
wallpapers,wallpapers|775|900|凯撒丨玫瑰色的内页|https://act-upload.mihoyo.com/nap-obc-indep/2025/03/16/73751405/4649a473329ff1ba59c4ae05d5db04f3_1171200095989067867.png,生日贺图壁纸合集,2025年生日贺图,775,900,凯撒丨玫瑰色的内页,凯撒丨玫瑰色的内页.png,壁纸合集\生日贺图壁纸合集\2025年生日贺图\凯撒丨玫瑰色的内页.png,https://act-upload.mihoyo.com/nap-obc-indep/2025/03/16/73751405/4649a473329ff1ba59c4ae05d5db04f3_1171200095989067867.png,,,
wallpapers,wallpapers|775|900|安比丨食髓知味|https://act-upload.mihoyo.com/nap-obc-indep/2025/02/20/73751405/b61b1901f05fee6e84399ab407958c09_1634413339561660375.png,生日贺图壁纸合集,2025年生日贺图,775,900,安比丨食髓知味,安比丨食髓知味.png,壁纸合集\生日贺图壁纸合集\2025年生日贺图\安比丨食髓知味.png,https://act-upload.mihoyo.com/nap-obc-indep/2025/02/20/73751405/b61b1901f05fee6e84399ab407958c09_1634413339561660375.png,,,
wallpapers,wallpapers|775|900|简丨在伪装和伪装之间|https://act-upload.mihoyo.com/nap-obc-indep/2025/02/16/73751405/eeeceb2630d6651b3a17108afc4356a1_6592064997989758906.png,生日贺图壁纸合集,2025年生日贺图,775,900,简丨在伪装和伪装之间,简丨在伪装和伪装之间.png,壁纸合集\生日贺图壁纸合集\2025年生日贺图\简丨在伪装和伪装之间.png,https://act-upload.mihoyo.com/nap-obc-indep/2025/02/16/73751405/eeeceb2630d6651b3a17108afc4356a1_6592064997989758906.png,,,
wallpapers,wallpapers|775|900|嘉音丨年年都有今日|https://act-upload.mihoyo.com/nap-obc-indep/2025/01/31/73751405/3410e099889941ad964c724ba304867c_7253487833795838778.png,生日贺图壁纸合集,2025年生日贺图,775,900,嘉音丨年年都有今日,嘉音丨年年都有今日.png,壁纸合集\生日贺图壁纸合集\2025年生日贺图\嘉音丨年年都有今日.png,https://act-upload.mihoyo.com/nap-obc-indep/2025/01/31/73751405/3410e099889941ad964c724ba304867c_7253487833795838778.png,,,
wallpapers,wallpapers|775|900|苍角丨食至八九|https://act-upload.mihoyo.com/nap-obc-indep/2025/01/31/73751405/996775924a4e2decde6e3281e7ed793a_1287109123532808532.jpg,生日贺图壁纸合集,2025年生日贺图,775,900,苍角丨食至八九,苍角丨食至八九.jpg,壁纸合集\生日贺图壁纸合集\2025年生日贺图\苍角丨食至八九.jpg,https://act-upload.mihoyo.com/nap-obc-indep/2025/01/31/73751405/996775924a4e2decde6e3281e7ed793a_1287109123532808532.jpg,,,
wallpapers,wallpapers|775|900|艾莲丨独家美味|https://act-upload.mihoyo.com/nap-obc-indep/2025/01/31/73751405/34957bb83d5bb2311b288db0068423b9_2736580132289876559.png,生日贺图壁纸合集,2025年生日贺图,775,900,艾莲丨独家美味,艾莲丨独家美味.png,壁纸合集\生日贺图壁纸合集\2025年生日贺图\艾莲丨独家美味.png,https://act-upload.mihoyo.com/nap-obc-indep/2025/01/31/73751405/34957bb83d5bb2311b288db0068423b9_2736580132289876559.png,,,
wallpapers,wallpapers|775|900|青衣丨柳暗花明|https://act-upload.mihoyo.com/nap-obc-indep/2025/01/31/73751405/50d8dd9996d4fe2318a8739506123f8a_732275059814938711.png,生日贺图壁纸合集,2025年生日贺图,775,900,青衣丨柳暗花明,青衣丨柳暗花明.png,壁纸合集\生日贺图壁纸合集\2025年生日贺图\青衣丨柳暗花明.png,https://act-upload.mihoyo.com/nap-obc-indep/2025/01/31/73751405/50d8dd9996d4fe2318a8739506123f8a_732275059814938711.png,,,
wallpapers,wallpapers|775|899|莱特丨月下独酌|https://act-upload.mihoyo.com/nap-obc-indep/2025/01/31/73751405/d4bbfa9735c868db9d010eb0f318dde5_1485131649207768766.jpg,生日贺图壁纸合集,2024年生日贺图,775,899,莱特丨月下独酌,莱特丨月下独酌.jpg,壁纸合集\生日贺图壁纸合集\2024年生日贺图\莱特丨月下独酌.jpg,https://act-upload.mihoyo.com/nap-obc-indep/2025/01/31/73751405/d4bbfa9735c868db9d010eb0f318dde5_1485131649207768766.jpg,,,
wallpapers,wallpapers|775|899|本丨定个小目标|https://act-upload.mihoyo.com/nap-obc-indep/2025/01/31/73751405/91418171a2d19b7a7476225213bc82ac_8801983326635353348.png,生日贺图壁纸合集,2024年生日贺图,775,899,本丨定个小目标,本丨定个小目标.png,壁纸合集\生日贺图壁纸合集\2024年生日贺图\本丨定个小目标.png,https://act-upload.mihoyo.com/nap-obc-indep/2025/01/31/73751405/91418171a2d19b7a7476225213bc82ac_8801983326635353348.png,,,
wallpapers,wallpapers|775|899|比利丨奇迹星徽|https://act-upload.mihoyo.com/nap-obc-indep/2025/01/31/73751405/aefa7a0b69465fbee3b403c3685fc21c_7119436847517583776.png,生日贺图壁纸合集,2024年生日贺图,775,899,比利丨奇迹星徽,比利丨奇迹星徽.png,壁纸合集\生日贺图壁纸合集\2024年生日贺图\比利丨奇迹星徽.png,https://act-upload.mihoyo.com/nap-obc-indep/2025/01/31/73751405/aefa7a0b69465fbee3b403c3685fc21c_7119436847517583776.png,,,
wallpapers,wallpapers|775|899|妮可丨势若脱兔|https://act-upload.mihoyo.com/nap-obc-indep/2025/01/31/73751405/fff89cff099849e1b2d10c5ef90f9b60_6575318834094186035.jpg,生日贺图壁纸合集,2024年生日贺图,775,899,妮可丨势若脱兔,妮可丨势若脱兔.jpg,壁纸合集\生日贺图壁纸合集\2024年生日贺图\妮可丨势若脱兔.jpg,https://act-upload.mihoyo.com/nap-obc-indep/2025/01/31/73751405/fff89cff099849e1b2d10c5ef90f9b60_6575318834094186035.jpg,,,
wallpapers,wallpapers|775|899|派派丨寿比南山？|https://act-upload.mihoyo.com/nap-obc-indep/2025/01/31/73751405/55016269b46707bb4f328ea2a6ecea6f_9032337857175113921.jpg,生日贺图壁纸合集,2024年生日贺图,775,899,派派丨寿比南山？,派派丨寿比南山？.jpg,壁纸合集\生日贺图壁纸合集\2024年生日贺图\派派丨寿比南山？.jpg,https://act-upload.mihoyo.com/nap-obc-indep/2025/01/31/73751405/55016269b46707bb4f328ea2a6ecea6f_9032337857175113921.jpg,,,
wallpapers,wallpapers|775|899|莱卡恩丨《莱卡恩先生半身像》|https://act-upload.mihoyo.com/nap-obc-indep/2025/01/31/73751405/ed8590d227bc22c77dfd60da423c5c4e_2591011383120183949.jpg,生日贺图壁纸合集,2024年生日贺图,775,899,莱卡恩丨《莱卡恩先生半身像》,莱卡恩丨《莱卡恩先生半身像》.jpg,壁纸合集\生日贺图壁纸合集\2024年生日贺图\莱卡恩丨《莱卡恩先生半身像》.jpg,https://act-upload.mihoyo.com/nap-obc-indep/2025/01/31/73751405/ed8590d227bc22c77dfd60da423c5c4e_2591011383120183949.jpg,,,
wallpapers,wallpapers|775|899|丽娜丨优雅进行曲|https://act-upload.mihoyo.com/nap-obc-indep/2025/01/31/73751405/1ff1623058d136f3e2a45abac47f4cd3_949755577648200053.png,生日贺图壁纸合集,2024年生日贺图,775,899,丽娜丨优雅进行曲,丽娜丨优雅进行曲.png,壁纸合集\生日贺图壁纸合集\2024年生日贺图\丽娜丨优雅进行曲.png,https://act-upload.mihoyo.com/nap-obc-indep/2025/01/31/73751405/1ff1623058d136f3e2a45abac47f4cd3_949755577648200053.png,,,
wallpapers,wallpapers|775|899|朱鸢丨好的计划允许惊喜发生|https://act-upload.mihoyo.com/nap-obc-indep/2025/01/31/73751405/ed8659bc588164222b726e9c2f2a6c6d_8165987897317740960.jpg,生日贺图壁纸合集,2024年生日贺图,775,899,朱鸢丨好的计划允许惊喜发生,朱鸢丨好的计划允许惊喜发生.jpg,壁纸合集\生日贺图壁纸合集\2024年生日贺图\朱鸢丨好的计划允许惊喜发生.jpg,https://act-upload.mihoyo.com/nap-obc-indep/2025/01/31/73751405/ed8659bc588164222b726e9c2f2a6c6d_8165987897317740960.jpg,,,
